payment_id,invoice_id,payment_date,payment_amount,status
PAY000001,INV00001,2026-04-25,650463.2,Paid
PAY000002,INV00002,2026-06-26,4494997.5,Paid
PAY000003,INV00003,2026-06-08,194335.0,Paid
PAY000004,INV00004,2026-07-27,254975.0,Paid
PAY000005,INV00005,2026-05-19,9731.62,Paid
PAY000006,INV00006,2026-08-20,18221.52,Paid
PAY000007,INV00007,2026-09-28,24518.82,Paid
PAY000008,INV00008,2026-08-15,8720.77,Paid
PAY000009,INV00009,2026-07-06,26760.51,Paid
PAY000010,INV00010,2026-06-07,34555.36,Paid
PAY000011,INV00011,2026-04-18,849.68,Paid
PAY000012,INV00012,2026-02-23,1318332.96,Paid
PAY000013,INV00013,2026-06-11,1169.0,Paid
PAY000014,INV00014,2026-09-16,37729.33,Paid
PAY000015,INV00015,2026-08-04,2170.19,Paid
PAY000016,INV00016,2026-02-11,245452.48,Paid
PAY000017,INV00017,2026-07-11,1580532.45,Paid
PAY000018,INV00018,2026-07-31,489953.7,Paid
PAY000019,INV00019,2026-10-19,2384.16,Paid
PAY000020,INV00020,2026-06-26,4507.29,Paid
PAY000021,INV00021,2026-06-04,2803213.0,Paid
PAY000022,INV00022,2026-08-22,39237.23,Paid
PAY000023,INV00023,2026-03-04,18489.8,Paid
PAY000024,INV00024,2026-04-25,1392785.62,Paid
PAY000025,INV00025,2026-09-20,328466.57,Paid
PAY000026,INV00026,2026-09-08,472928.66,Paid
PAY000027,INV00027,2026-08-21,957586.0,Paid
PAY000028,INV00028,2026-05-07,1138559.52,Paid
PAY000029,INV00029,2026-08-24,2052.61,Paid
PAY000030,INV00030,2026-08-10,44328.7,Paid
PAY000031,INV00031,2026-08-06,267587.6,Paid
PAY000032,INV00032,2026-04-19,1522.14,Paid
PAY000033,INV00033,2026-05-27,40827.14,Paid
PAY000034,INV00034,2026-04-15,1202849.2,Paid
PAY000035,INV00035,2026-07-26,63275.97,Paid
PAY000036,INV00036,2026-03-28,82606.72,Paid
PAY000037,INV00037,2026-06-28,10025.2,Paid
PAY000038,INV00038,2026-09-02,82541.2,Paid
PAY000039,INV00039,2026-10-11,59629.5,Paid
PAY000040,INV00040,2026-10-10,4190958.8,Paid
PAY000041,INV00041,2026-07-17,89702.48,Paid
PAY000042,INV00042,2026-03-13,516621.0,Paid
PAY000043,INV00043,2026-10-11,13740.74,Paid
PAY000044,INV00044,2026-05-15,401909.55,Paid
PAY000045,INV00045,2026-07-22,22208.0,Paid
PAY000046,INV00046,2026-08-21,94305.13,Paid
PAY000047,INV00047,2026-07-27,348480.72,Paid
PAY000048,INV00048,2026-08-27,1026.72,Paid
PAY000049,INV00049,2026-04-04,121514.5,Paid
PAY000050,INV00050,2026-09-04,148649.18,Paid
PAY000051,INV00051,2026-06-30,29515.59,Paid
PAY000052,INV00052,2026-03-24,92862.78,Paid
PAY000053,INV00053,2026-03-25,8324400.0,Paid
PAY000054,INV00054,2026-07-06,98555.1,Paid
PAY000055,INV00055,2026-06-22,254975.0,Paid
PAY000056,INV00056,2026-04-08,7428.03,Paid
PAY000057,INV00057,2026-04-04,1882315.0,Paid
PAY000058,INV00058,2026-07-07,5790.79,Paid
PAY000059,INV00059,2026-05-04,6681.2,Paid
PAY000060,INV00060,2026-06-16,4345847.52,Paid
PAY000061,INV00061,2026-08-29,3901811.6,Paid
PAY000062,INV00062,2026-06-27,13092.66,Paid
PAY000063,INV00063,2026-09-09,83469.12,Paid
PAY000064,INV00064,2026-09-22,205.16,Paid
PAY000065,INV00065,2026-04-16,13301.53,Paid
PAY000066,INV00066,2026-07-17,554227.12,Paid
PAY000067,INV00067,2026-04-30,793404.15,Paid
PAY000068,INV00068,2026-05-21,10230.08,Paid
PAY000069,INV00069,2026-04-14,887633.76,Paid
PAY000070,INV00070,2026-09-10,213886.8,Paid
PAY000071,INV00071,2026-05-25,458661.28,Paid
PAY000072,INV00072,2026-08-31,47622.68,Paid
PAY000073,INV00073,2026-05-20,1265866.35,Paid
PAY000074,INV00074,2026-06-16,45465.5,Paid
PAY000075,INV00075,2026-03-29,2667159.9,Paid
PAY000076,INV00076,2026-09-02,296103.3,Paid
PAY000077,INV00077,2026-04-10,5457.56,Paid
PAY000078,INV00078,2026-07-06,502588.8,Paid
PAY000079,INV00079,2026-04-15,497252.0,Paid
PAY000080,INV00080,2026-02-08,10048.73,Paid
PAY000081,INV00081,2026-07-03,36260.91,Paid
PAY000082,INV00082,2026-08-02,121361.74,Paid
PAY000083,INV00083,2026-05-06,9731.62,Paid
PAY000084,INV00084,2026-05-06,2373018.38,Paid
PAY000085,INV00085,2026-04-14,616239.12,Paid
PAY000086,INV00086,2026-02-25,556220.0,Paid
PAY000087,INV00087,2026-08-10,2685.0,Paid
PAY000088,INV00088,2026-05-12,96042.5,Paid
PAY000089,INV00089,2026-09-26,1787602.88,Paid
PAY000090,INV00090,2026-09-10,101216.15,Paid
PAY000091,INV00091,2026-08-08,1381.04,Paid
PAY000092,INV00092,2026-08-26,16028.52,Paid
PAY000093,INV00093,2026-07-12,14580.85,Paid
PAY000094,INV00094,2026-06-17,954217.6,Paid
PAY000095,INV00095,2026-06-15,576724.4,Paid
PAY000096,INV00096,2026-09-06,919192.86,Paid
PAY000097,INV00097,2026-03-04,1912982.4,Paid
PAY000098,INV00098,2026-04-27,14603.44,Paid
PAY000099,INV00099,2026-03-21,11319374.2,Paid
PAY000100,INV00100,2026-08-03,1239695.62,Paid
PAY000101,INV00101,2026-07-17,5782.55,Paid
PAY000102,INV00102,2026-03-16,31506.7,Paid
PAY000103,INV00103,2026-04-20,4012.94,Paid
PAY000104,INV00104,2026-07-20,20676.24,Paid
PAY000105,INV00105,2026-06-04,33106.96,Paid
PAY000106,INV00106,2026-07-03,136785.6,Paid
PAY000107,INV00107,2026-05-27,34596.25,Paid
PAY000108,INV00108,2026-04-01,302646.4,Paid
PAY000109,INV00109,2026-05-14,2339509.76,Paid
PAY000110,INV00110,2026-09-04,57195.19,Paid
PAY000111,INV00111,2026-07-10,379265.25,Paid
PAY000112,INV00112,2026-06-14,10399.55,Paid
PAY000113,INV00113,2026-10-23,1090974.9,Paid
PAY000114,INV00114,2026-08-23,518.19,Paid
PAY000115,INV00115,2026-08-19,6158.28,Paid
PAY000116,INV00116,2026-05-21,148838.83,Paid
PAY000117,INV00117,2026-06-07,14509.8,Paid
PAY000118,INV00118,2026-04-26,93000.52,Paid
PAY000119,INV00119,2026-05-03,113331.23,Paid
PAY000120,INV00120,2026-06-15,2957875.2,Paid
PAY000121,INV00121,2026-04-27,4741.03,Paid
PAY000122,INV00122,2026-06-28,362490.45,Paid
PAY000123,INV00123,2026-05-16,621211.36,Paid
PAY000124,INV00124,2026-03-25,125583.05,Paid
PAY000125,INV00125,2026-04-24,5397.38,Paid
PAY000126,INV00126,2026-03-21,892609.73,Paid
PAY000127,INV00127,2026-04-24,8548.5,Paid
PAY000128,INV00128,2026-04-28,995.8,Paid
PAY000129,INV00129,2026-05-09,401909.55,Paid
PAY000130,INV00130,2026-09-11,11486.2,Paid
PAY000131,INV00131,2026-04-26,11024.79,Paid
PAY000132,INV00132,2026-09-07,663297.15,Paid
PAY000133,INV00133,2026-07-24,130215.01,Paid
PAY000134,INV00134,2026-08-18,11784.89,Paid
PAY000135,INV00135,2026-08-05,48545.6,Paid
PAY000136,INV00136,2026-09-02,2052.61,Paid
PAY000137,INV00137,2026-08-22,3296370.0,Paid
PAY000138,INV00138,2026-08-08,46415.54,Paid
PAY000139,INV00139,2026-05-05,11861.25,Paid
PAY000140,INV00140,2026-03-06,61659.25,Paid
PAY000141,INV00141,2026-05-23,1003416.75,Paid
PAY000142,INV00142,2026-07-24,350969.76,Paid
PAY000143,INV00143,2026-08-08,15288.22,Paid
PAY000144,INV00144,2026-04-07,86805.28,Paid
PAY000145,INV00145,2026-06-30,62599.0,Paid
PAY000146,INV00146,2026-07-20,25993.95,Paid
PAY000147,INV00147,2026-03-14,55281.5,Paid
PAY000148,INV00148,2026-09-01,34821.03,Paid
PAY000149,INV00149,2026-07-24,400475.25,Paid
PAY000150,INV00150,2026-07-05,6591524.25,Paid
PAY000151,INV00151,2026-04-18,44207.6,Paid
PAY000152,INV00152,2026-04-29,6368.1,Paid
PAY000153,INV00153,2026-07-08,5483.7,Paid
PAY000154,INV00154,2026-03-07,397495.0,Paid
PAY000155,INV00155,2026-05-10,69242.57,Paid
PAY000156,INV00156,2026-04-13,3211.31,Paid
PAY000157,INV00157,2026-08-29,2571892.6,Paid
PAY000158,INV00158,2026-06-29,70704.59,Paid
PAY000159,INV00159,2026-06-24,509328.75,Paid
PAY000160,INV00160,2026-05-28,495611.2,Paid
PAY000161,INV00161,2026-03-12,98665.28,Paid
PAY000162,INV00162,2026-08-09,10463.48,Paid
PAY000163,INV00163,2026-08-07,305954.25,Paid
PAY000164,INV00164,2026-05-21,7056.58,Paid
PAY000165,INV00165,2026-06-17,1937.96,Paid
PAY000166,INV00166,2026-02-16,163982.28,Paid
PAY000167,INV00167,2026-06-24,659992.88,Paid
PAY000168,INV00168,2026-04-22,22955.48,Paid
PAY000169,INV00169,2026-07-01,211092.0,Paid
PAY000170,INV00170,2026-03-17,46113.9,Paid
PAY000171,INV00171,2026-06-08,193942.0,Paid
PAY000172,INV00172,2026-08-20,304006.5,Paid
PAY000173,INV00173,2026-03-20,4120698.75,Paid
PAY000174,INV00174,2026-08-29,57042.09,Paid
PAY000175,INV00175,2026-03-03,21342.25,Paid
PAY000176,INV00176,2026-04-16,2116164.8,Paid
PAY000177,INV00177,2026-08-01,9613.63,Paid
PAY000178,INV00178,2026-08-06,2656.16,Paid
PAY000179,INV00179,2026-08-14,186257.66,Paid
PAY000180,INV00180,2026-08-09,8906.93,Paid
PAY000181,INV00181,2026-07-06,502588.8,Paid
PAY000182,INV00182,2026-10-21,269008.95,Paid
PAY000183,INV00183,2026-11-08,343988.88,Paid
PAY000184,INV00184,2026-06-03,1434087.2,Paid
PAY000185,INV00185,2026-03-22,29250.64,Paid
PAY000186,INV00186,2026-05-12,1038764.62,Paid
PAY000187,INV00187,2026-06-28,91363.66,Paid
PAY000188,INV00188,2026-05-28,534898.72,Paid
PAY000189,INV00189,2026-05-31,32118.91,Paid
PAY000190,INV00190,2026-02-23,5913.78,Paid
PAY000191,INV00191,2026-05-08,8548.5,Paid
PAY000192,INV00192,2026-06-23,753.55,Paid
PAY000193,INV00193,2026-06-13,13587.63,Paid
PAY000194,INV00194,2026-05-06,29441.15,Paid
PAY000195,INV00195,2026-10-11,2591138.4,Paid
PAY000196,INV00196,2026-06-19,3585.95,Paid
PAY000197,INV00197,2026-07-25,604750.94,Paid
PAY000198,INV00198,2026-06-14,71744.4,Paid
PAY000199,INV00199,2026-07-21,818424.32,Paid
PAY000200,INV00200,2026-05-17,1192900.35,Paid
PAY000201,INV00201,2026-03-09,1341.08,Paid
PAY000202,INV00202,2026-05-12,2449180.0,Paid
PAY000203,INV00203,2026-04-25,12548865.0,Paid
PAY000204,INV00204,2026-04-06,46160.66,Paid
PAY000205,INV00205,2026-04-05,152779.4,Paid
PAY000206,INV00206,2026-05-09,187523.39,Paid
PAY000207,INV00207,2026-06-26,205352.45,Paid
PAY000208,INV00208,2026-07-29,1237.31,Paid
PAY000209,INV00209,2026-06-17,25635.74,Paid
PAY000210,INV00210,2026-06-10,106074.05,Paid
PAY000211,INV00211,2026-09-06,9613.63,Paid
PAY000212,INV00212,2026-06-07,4741.03,Paid
PAY000213,INV00213,2026-05-16,14190.4,Paid
PAY000214,INV00214,2026-09-07,175234.53,Paid
PAY000215,INV00215,2026-08-18,495611.2,Paid
PAY000216,INV00216,2026-04-17,128558.01,Paid
PAY000217,INV00217,2026-06-12,5397.38,Paid
PAY000218,INV00218,2026-06-16,20402.44,Paid
PAY000219,INV00219,2026-06-13,14519.51,Paid
PAY000220,INV00220,2026-09-10,394427.04,Paid
PAY000221,INV00221,2026-03-29,78367.34,Paid
PAY000222,INV00222,2026-06-18,9379.9,Paid
PAY000223,INV00223,2026-07-04,956754.75,Paid
PAY000224,INV00224,2026-07-28,408760.8,Paid
PAY000225,INV00225,2026-04-10,2390.08,Paid
PAY000226,INV00226,2026-07-31,5065.35,Paid
PAY000227,INV00227,2026-04-25,328788.0,Paid
PAY000228,INV00228,2026-04-04,1586188.8,Paid
PAY000229,INV00229,2026-06-12,17032.96,Paid
PAY000230,INV00230,2026-06-10,13470.8,Paid
PAY000231,INV00231,2026-06-30,35498.19,Paid
PAY000232,INV00232,2026-08-10,799181.6,Paid
PAY000233,INV00233,2026-06-09,9702.7,Paid
PAY000234,INV00234,2026-08-28,75253.71,Paid
PAY000235,INV00235,2026-10-04,664688.1,Paid
PAY000236,INV00236,2026-10-31,103462.8,Paid
PAY000237,INV00237,2026-05-26,4153028.25,Paid
PAY000238,INV00238,2026-06-08,182130.69,Paid
PAY000239,INV00239,2026-07-07,2398.75,Paid
PAY000240,INV00240,2026-06-07,1808100.0,Paid
PAY000241,INV00241,2026-07-15,4902.96,Paid
PAY000242,INV00242,2026-08-13,75737.55,Paid
PAY000243,INV00243,2026-09-13,2465485.05,Paid
PAY000244,INV00244,2026-03-10,2682.33,Paid
PAY000245,INV00245,2026-08-29,9541.46,Paid
PAY000246,INV00246,2026-09-28,9121.18,Paid
PAY000247,INV00247,2026-03-12,392503.12,Paid
PAY000248,INV00248,2026-05-18,7267.13,Paid
PAY000249,INV00249,2026-02-22,31811.92,Paid
PAY000250,INV00250,2026-03-02,150309.58,Paid
PAY000251,INV00251,2026-06-01,37451.79,Paid
PAY000252,INV00252,2026-05-04,40921.94,Paid
PAY000253,INV00253,2026-04-02,192693.2,Paid
PAY000254,INV00254,2026-07-11,38944.5,Paid
PAY000255,INV00255,2026-06-13,924488.25,Paid
PAY000256,INV00256,2026-05-11,1124948.87,Paid
PAY000257,INV00257,2026-04-07,19589.33,Paid
PAY000258,INV00258,2026-05-01,747050.85,Paid
PAY000259,INV00259,2026-05-20,263820.48,Paid
PAY000260,INV00260,2026-05-08,607572.8,Paid
PAY000261,INV00261,2026-06-22,80027.14,Paid
PAY000262,INV00262,2026-04-06,1882315.0,Paid
PAY000263,INV00263,2026-05-04,2116164.8,Paid
PAY000264,INV00264,2026-07-08,678101.2,Paid
PAY000265,INV00265,2026-05-26,119834.4,Paid
PAY000266,INV00266,2026-05-25,1717379.5,Paid
PAY000267,INV00267,2026-07-03,12464.2,Paid
PAY000268,INV00268,2026-08-25,566.54,Paid
PAY000269,INV00269,2026-09-16,9511.68,Paid
PAY000270,INV00270,2026-06-12,9665.67,Paid
PAY000271,INV00271,2026-03-06,804493.98,Paid
PAY000272,INV00272,2026-07-02,317286.48,Paid
PAY000273,INV00273,2026-06-01,3934490.0,Paid
PAY000274,INV00274,2026-08-09,151915.32,Paid
PAY000275,INV00275,2026-07-05,2347.51,Paid
PAY000276,INV00276,2026-02-12,71766.0,Paid
PAY000277,INV00277,2026-03-19,216613.43,Paid
PAY000278,INV00278,2026-03-21,453951.54,Paid
PAY000279,INV00279,2026-04-06,1912982.4,Paid
PAY000280,INV00280,2026-05-15,22370.75,Paid
PAY000281,INV00281,2026-04-20,163341.6,Paid
PAY000282,INV00282,2026-08-23,12683.35,Paid
PAY000283,INV00283,2026-09-27,1805.58,Paid
PAY000284,INV00284,2026-09-21,1398.31,Paid
PAY000285,INV00285,2026-08-03,386008.35,Paid
PAY000286,INV00286,2026-09-13,12498.26,Paid
PAY000287,INV00287,2026-03-18,6483625.05,Paid
PAY000288,INV00288,2026-05-19,386852.5,Paid
PAY000289,INV00289,2026-06-08,3597171.2,Paid
PAY000290,INV00290,2026-09-04,13095.64,Paid
PAY000291,INV00291,2026-06-30,3522.3,Paid
PAY000292,INV00292,2026-06-25,36890.0,Paid
PAY000293,INV00293,2026-04-02,3767761.2,Paid
PAY000294,INV00294,2026-08-23,149954.75,Paid
PAY000295,INV00295,2026-05-17,4726.63,Paid
PAY000296,INV00296,2026-03-26,6810.08,Paid
PAY000297,INV00297,2026-09-10,263103.23,Paid
PAY000298,INV00298,2026-06-08,507449.25,Paid
PAY000299,INV00299,2026-06-14,9541.46,Paid
PAY000300,INV00300,2026-03-31,84901.9,Paid
PAY000301,INV00301,2026-09-03,1500855.0,Paid
PAY000302,INV00302,2026-02-12,150309.58,Paid
PAY000303,INV00303,2026-10-13,18009.5,Paid
PAY000304,INV00304,2026-04-06,426782.4,Paid
PAY000305,INV00305,2026-03-04,14342.86,Paid
PAY000306,INV00306,2026-05-31,1353.66,Paid
PAY000307,INV00307,2026-05-10,14667.52,Paid
PAY000308,INV00308,2026-07-21,1824368.5,Paid
PAY000309,INV00309,2026-03-01,370.35,Paid
PAY000310,INV00310,2026-09-23,7812.8,Paid
PAY000311,INV00311,2026-04-19,55202.78,Paid
PAY000312,INV00312,2026-09-15,9511.68,Paid
PAY000313,INV00313,2026-08-29,1317949.5,Paid
PAY000314,INV00314,2026-02-15,2039236.5,Paid
PAY000315,INV00315,2026-04-17,497768.25,Paid
PAY000316,INV00316,2026-08-27,9523.19,Paid
PAY000317,INV00317,2026-02-10,2502.85,Paid
PAY000318,INV00318,2026-09-11,63937.12,Paid
PAY000319,INV00319,2026-07-10,2697.49,Paid
PAY000320,INV00320,2026-03-25,174348.0,Paid
PAY000321,INV00321,2026-04-23,392503.12,Paid
PAY000322,INV00322,2026-06-27,1434367.2,Paid
PAY000323,INV00323,2026-07-31,2949799.4,Paid
PAY000324,INV00324,2026-06-19,32118.91,Paid
PAY000325,INV00325,2026-04-22,616254.5,Paid
PAY000326,INV00326,2026-05-31,1738.46,Paid
PAY000327,INV00327,2026-03-10,110361.27,Paid
PAY000328,INV00328,2026-06-11,12665.92,Paid
PAY000329,INV00329,2026-03-11,16967.48,Paid
PAY000330,INV00330,2026-09-30,6389460.0,Paid
PAY000331,INV00331,2026-08-31,37403.52,Paid
PAY000332,INV00332,2026-03-07,6677.44,Paid
PAY000333,INV00333,2026-03-06,54420.66,Paid
PAY000334,INV00334,2026-04-23,155986.32,Paid
PAY000335,INV00335,2026-07-27,4226394.2,Paid
PAY000336,INV00336,2026-05-08,560.84,Paid
PAY000337,INV00337,2026-03-02,2883666.3,Paid
PAY000338,INV00338,2026-07-09,2831940.0,Paid
PAY000339,INV00339,2026-07-09,2426127.5,Paid
PAY000340,INV00340,2026-09-17,1743336.0,Paid
PAY000341,INV00341,2026-06-10,130909.0,Paid
PAY000342,INV00342,2026-03-20,1885.27,Paid
PAY000343,INV00343,2026-04-14,26474.03,Paid
PAY000344,INV00344,2026-03-21,102742.01,Paid
PAY000345,INV00345,2026-10-13,580500.9,Paid
PAY000346,INV00346,2026-02-20,7863.64,Paid
PAY000347,INV00347,2026-07-18,534898.72,Paid
PAY000348,INV00348,2026-05-05,453951.54,Paid
PAY000349,INV00349,2026-07-09,16528.9,Paid
PAY000350,INV00350,2026-09-10,28379.4,Paid
PAY000351,INV00351,2026-05-23,10191.55,Paid
PAY000352,INV00352,2026-03-14,2243.05,Paid
PAY000353,INV00353,2026-05-02,102692.35,Paid
PAY000354,INV00354,2026-04-01,465705.0,Paid
PAY000355,INV00355,2026-09-18,83426.0,Paid
PAY000356,INV00356,2026-07-20,503798.64,Paid
PAY000357,INV00357,2026-08-08,7599.44,Paid
PAY000358,INV00358,2026-08-23,18844.5,Paid
PAY000359,INV00359,2026-04-08,13785.02,Paid
PAY000360,INV00360,2026-05-11,17203.0,Paid
PAY000361,INV00361,2026-02-18,8031.08,Paid
PAY000362,INV00362,2026-06-17,392.84,Paid
PAY000363,INV00363,2026-09-07,219137.2,Paid
PAY000364,INV00364,2026-04-01,22000.16,Paid
PAY000365,INV00365,2026-04-04,85164.73,Paid
PAY000366,INV00366,2026-05-28,487861.92,Paid
PAY000367,INV00367,2026-03-04,91896.11,Paid
PAY000368,INV00368,2026-03-07,71414.95,Paid
PAY000369,INV00369,2026-08-14,20170.36,Paid
PAY000370,INV00370,2026-02-28,2132.52,Paid
PAY000371,INV00371,2026-07-01,5266.01,Paid
PAY000372,INV00372,2026-05-19,5374005.0,Paid
PAY000373,INV00373,2026-09-03,4632.38,Paid
PAY000374,INV00374,2026-04-14,119834.4,Paid
PAY000375,INV00375,2026-09-05,1431646.8,Paid
PAY000376,INV00376,2026-09-02,984442.0,Paid
PAY000377,INV00377,2026-08-07,55400.69,Paid
PAY000378,INV00378,2026-04-23,647186.4,Paid
PAY000379,INV00379,2026-09-16,83397.26,Paid
PAY000380,INV00380,2026-08-07,38343.31,Paid
PAY000381,INV00381,2026-02-28,10840754.4,Paid
PAY000382,INV00382,2026-09-13,222777.45,Paid
PAY000383,INV00383,2026-05-07,1507.48,Paid
PAY000384,INV00384,2026-05-10,59609.5,Paid
PAY000385,INV00385,2026-08-15,52620.0,Paid
PAY000386,INV00386,2026-06-21,22605.46,Paid
PAY000387,INV00387,2026-04-11,36071.84,Paid
PAY000388,INV00388,2026-02-22,226976.4,Paid
PAY000389,INV00389,2026-06-09,355491.92,Paid
PAY000390,INV00390,2026-06-24,91363.66,Paid
PAY000391,INV00391,2026-09-19,61036.56,Paid
PAY000392,INV00392,2026-04-09,850526.25,Paid
PAY000393,INV00393,2026-07-18,20450628.8,Paid
PAY000394,INV00394,2026-04-30,1755510.75,Paid
PAY000395,INV00395,2026-04-09,176927.0,Paid
PAY000396,INV00396,2026-03-22,11736.93,Paid
PAY000397,INV00397,2026-09-09,54077.39,Paid
PAY000398,INV00398,2026-09-27,15973270.6,Paid
PAY000399,INV00399,2026-05-10,1392785.62,Paid
PAY000400,INV00400,2026-07-21,58702.56,Paid
PAY000401,INV00401,2026-10-01,7680.73,Paid
PAY000402,INV00402,2026-04-14,747050.85,Paid
PAY000403,INV00403,2026-10-27,9007006.4,Paid
PAY000404,INV00404,2026-05-28,61282.8,Paid
PAY000405,INV00405,2026-08-09,34893.68,Paid
PAY000406,INV00406,2026-06-25,17741.9,Paid
PAY000407,INV00407,2026-06-03,2943.1,Paid
PAY000408,INV00408,2026-04-03,20484.68,Paid
PAY000409,INV00409,2026-07-07,2074690.75,Paid
PAY000410,INV00410,2026-04-01,21940.8,Paid
PAY000411,INV00411,2026-05-04,1745.36,Paid
PAY000412,INV00412,2026-03-22,6824792.5,Paid
PAY000413,INV00413,2026-09-28,3054.24,Paid
PAY000414,INV00414,2026-07-30,76325.6,Paid
PAY000415,INV00415,2026-08-04,86894.7,Paid
PAY000416,INV00416,2026-08-26,11784.89,Paid
PAY000417,INV00417,2026-09-11,1937.0,Paid
PAY000418,INV00418,2026-07-08,4633.0,Paid
PAY000419,INV00419,2026-07-06,1139225.0,Paid
PAY000420,INV00420,2026-04-11,1327608.5,Paid
PAY000421,INV00421,2026-08-03,63053.97,Paid
PAY000422,INV00422,2026-08-30,3888.55,Paid
PAY000423,INV00423,2026-08-10,128683.74,Paid
PAY000424,INV00424,2026-05-08,10881.13,Paid
PAY000425,INV00425,2026-06-17,367578.02,Paid
PAY000426,INV00426,2026-09-28,9995.55,Paid
PAY000427,INV00427,2026-07-16,18091.62,Paid
PAY000428,INV00428,2026-03-15,808.62,Paid
PAY000429,INV00429,2026-03-13,44154.23,Paid
PAY000430,INV00430,2026-04-03,4238841.6,Paid
PAY000431,INV00431,2026-08-09,5916209.6,Paid
PAY000432,INV00432,2026-07-14,10273.2,Paid
PAY000433,INV00433,2026-05-31,1717687.12,Paid
PAY000434,INV00434,2026-07-02,875741.44,Paid
PAY000435,INV00435,2026-06-09,81801.3,Paid
PAY000436,INV00436,2026-07-11,13665975.3,Paid
PAY000437,INV00437,2026-04-20,16636.31,Paid
PAY000438,INV00438,2026-09-07,14519.51,Paid
PAY000439,INV00439,2026-06-23,7284.78,Paid
PAY000440,INV00440,2026-01-31,41993.91,Paid
PAY000441,INV00441,2026-04-22,167272.08,Paid
PAY000442,INV00442,2026-03-29,4039081.0,Paid
PAY000443,INV00443,2026-08-08,883830.0,Paid
PAY000444,INV00444,2026-08-08,4563.08,Paid
PAY000445,INV00445,2026-03-11,6577211.2,Paid
PAY000446,INV00446,2026-07-28,368918.15,Paid
PAY000447,INV00447,2026-10-22,1235038.15,Paid
PAY000448,INV00448,2026-04-12,33468.6,Paid
PAY000449,INV00449,2026-08-27,1595049.0,Paid
PAY000450,INV00450,2026-03-22,12389.27,Paid
PAY000451,INV00451,2026-05-06,3166.9,Paid
PAY000452,INV00452,2026-03-17,218648.64,Paid
PAY000453,INV00453,2026-10-12,1235038.15,Paid
PAY000454,INV00454,2026-04-11,142652.79,Paid
PAY000455,INV00455,2026-05-27,1511373.5,Paid
PAY000456,INV00456,2026-06-06,5397.38,Paid
PAY000457,INV00457,2026-04-08,3183.73,Paid
PAY000458,INV00458,2026-06-14,7989738.75,Paid
PAY000459,INV00459,2026-04-16,9058.69,Paid
PAY000460,INV00460,2026-08-30,46415.54,Paid
PAY000461,INV00461,2026-03-21,2286093.6,Paid
PAY000462,INV00462,2026-08-10,15733.31,Paid
PAY000463,INV00463,2026-06-22,169789.02,Paid
PAY000464,INV00464,2026-07-26,4623517.5,Paid
PAY000465,INV00465,2026-10-08,11985.38,Paid
PAY000466,INV00466,2026-02-14,3640.83,Paid
PAY000467,INV00467,2026-06-07,26336.64,Paid
PAY000468,INV00468,2026-11-17,116823.0,Paid
PAY000469,INV00469,2026-03-19,77529.0,Paid
PAY000470,INV00470,2026-10-04,2897325.38,Paid
PAY000471,INV00471,2026-09-06,1896.28,Paid
PAY000472,INV00472,2026-06-06,9256.32,Paid
PAY000473,INV00473,2026-10-29,33895.26,Paid
PAY000474,INV00474,2026-06-10,67615.3,Paid
PAY000475,INV00475,2026-03-14,34037.92,Paid
PAY000476,INV00476,2026-04-03,760447.46,Paid
PAY000477,INV00477,2026-03-17,368004.56,Paid
PAY000478,INV00478,2026-07-05,117784.8,Paid
PAY000479,INV00479,2026-07-09,819807.5,Paid
PAY000480,INV00480,2026-01-18,3096.9,Paid
PAY000481,INV00481,2026-07-25,1229739.0,Paid
PAY000482,INV00482,2026-07-24,295551.9,Paid
PAY000483,INV00483,2026-03-13,81942.2,Paid
PAY000484,INV00484,2026-05-12,1299385.5,Paid
PAY000485,INV00485,2026-04-30,13335.0,Paid
PAY000486,INV00486,2026-05-28,1661.32,Paid
PAY000487,INV00487,2026-06-14,66964.46,Paid
PAY000488,INV00488,2026-10-10,250142.3,Paid
PAY000489,INV00489,2026-05-15,185040.0,Paid
PAY000490,INV00490,2026-04-16,238479.18,Paid
PAY000491,INV00491,2026-07-16,57711.7,Paid
PAY000492,INV00492,2026-09-19,3374.0,Paid
PAY000493,INV00493,2026-07-31,4365.5,Paid
PAY000494,INV00494,2026-01-31,356311.62,Paid
PAY000495,INV00495,2026-04-09,253548.96,Paid
PAY000496,INV00496,2026-08-25,3761.75,Paid
PAY000497,INV00497,2026-05-04,678.03,Paid
PAY000498,INV00498,2026-08-27,4415818.4,Paid
PAY000499,INV00499,2026-07-06,49937.13,Paid
PAY000500,INV00500,2026-07-27,4190958.8,Paid
PAY000501,INV00501,2026-07-03,13665975.3,Paid
PAY000502,INV00502,2026-05-31,2649430.56,Paid
PAY000503,INV00503,2026-03-19,189085.56,Paid
PAY000504,INV00504,2026-04-14,19518.91,Paid
PAY000505,INV00505,2026-04-29,19465964.4,Paid
PAY000506,INV00506,2026-05-27,37723.6,Paid
PAY000507,INV00507,2026-03-31,267035.0,Paid
PAY000508,INV00508,2026-09-15,4186.88,Paid
PAY000509,INV00509,2026-08-08,12328640.0,Paid
PAY000510,INV00510,2026-05-25,192593.11,Paid
PAY000511,INV00511,2026-06-29,1178800.0,Paid
PAY000512,INV00512,2026-05-25,1933075.0,Paid
PAY000513,INV00513,2026-05-26,91.23,Paid
PAY000514,INV00514,2026-06-09,272178.92,Paid
PAY000515,INV00515,2026-06-17,22814.83,Paid
PAY000516,INV00516,2026-04-25,174348.0,Paid
PAY000517,INV00517,2026-04-08,10213.73,Paid
PAY000518,INV00518,2026-03-26,152538.33,Paid
PAY000519,INV00519,2026-05-24,399810.0,Paid
PAY000520,INV00520,2026-09-03,18733.68,Paid
PAY000521,INV00521,2026-05-16,12708.99,Paid
PAY000522,INV00522,2026-05-22,16040.47,Paid
PAY000523,INV00523,2026-06-10,119464.0,Paid
PAY000524,INV00524,2026-10-08,3344.92,Paid
PAY000525,INV00525,2026-08-03,2470331.36,Paid
PAY000526,INV00526,2026-05-06,13510.01,Paid
PAY000527,INV00527,2026-01-22,340760.0,Paid
PAY000528,INV00528,2026-07-30,3464.03,Paid
PAY000529,INV00529,2026-09-09,4183.85,Paid
PAY000530,INV00530,2026-08-10,4219924.8,Paid
PAY000531,INV00531,2026-07-16,11483.83,Paid
PAY000532,INV00532,2026-10-19,9064550.0,Paid
PAY000533,INV00533,2026-05-02,7231.96,Paid
PAY000534,INV00534,2026-09-17,136822.35,Paid
PAY000535,INV00535,2026-08-17,482939.62,Paid
PAY000536,INV00536,2026-02-12,181525.58,Paid
PAY000537,INV00537,2026-09-08,304006.5,Paid
PAY000538,INV00538,2026-03-05,4039081.0,Paid
PAY000539,INV00539,2026-03-21,7298547.5,Paid
PAY000540,INV00540,2026-08-13,9613.63,Paid
PAY000541,INV00541,2026-07-27,5913129.6,Paid
PAY000542,INV00542,2026-08-24,117784.8,Paid
PAY000543,INV00543,2026-06-20,6137.56,Paid
PAY000544,INV00544,2026-05-07,15581.9,Paid
PAY000545,INV00545,2026-05-11,497589.75,Paid
PAY000546,INV00546,2026-05-08,3277512.0,Paid
PAY000547,INV00547,2026-06-26,12464.2,Paid
PAY000548,INV00548,2026-08-21,997658.0,Paid
PAY000549,INV00549,2026-10-18,84811.14,Paid
PAY000550,INV00550,2026-06-19,5374005.0,Paid
PAY000551,INV00551,2026-06-03,3820.76,Paid
PAY000552,INV00552,2026-09-13,29462.5,Paid
PAY000553,INV00553,2026-11-18,1940821.12,Paid
PAY000554,INV00554,2026-06-03,1794623.25,Paid
PAY000555,INV00555,2026-07-13,208592.78,Paid
PAY000556,INV00556,2026-02-02,394.38,Paid
PAY000557,INV00557,2026-05-03,7140.3,Paid
PAY000558,INV00558,2026-04-14,51688.22,Paid
PAY000559,INV00559,2026-07-03,1511932.5,Paid
PAY000560,INV00560,2026-07-20,173710.95,Paid
PAY000561,INV00561,2026-02-19,475093.5,Paid
PAY000562,INV00562,2026-09-21,69127.52,Paid
PAY000563,INV00563,2026-07-01,60541.82,Paid
PAY000564,INV00564,2026-03-15,99482.32,Paid
PAY000565,INV00565,2026-07-16,13665975.3,Paid
PAY000566,INV00566,2026-08-07,25031.53,Paid
PAY000567,INV00567,2026-09-15,6044.79,Paid
PAY000568,INV00568,2026-09-03,237476.4,Paid
PAY000569,INV00569,2026-04-10,166600.0,Paid
PAY000570,INV00570,2026-06-14,20222.96,Paid
PAY000571,INV00571,2026-06-12,12454.66,Paid
PAY000572,INV00572,2026-08-27,2621256.75,Paid
PAY000573,INV00573,2026-05-10,11625.82,Paid
PAY000574,INV00574,2026-02-01,2757730.0,Paid
PAY000575,INV00575,2026-06-30,3583294.2,Paid
PAY000576,INV00576,2026-05-23,234328.5,Paid
PAY000577,INV00577,2026-05-29,25869.99,Paid
PAY000578,INV00578,2026-05-30,4494997.5,Paid
PAY000579,INV00579,2026-08-31,73380.66,Paid
PAY000580,INV00580,2026-09-12,148926.4,Paid
PAY000581,INV00581,2026-08-03,2334.75,Paid
PAY000582,INV00582,2026-05-02,11432.96,Paid
PAY000583,INV00583,2026-03-21,370933.71,Paid
PAY000584,INV00584,2026-04-09,426782.4,Paid
PAY000585,INV00585,2026-09-16,86632.22,Paid
PAY000586,INV00586,2026-06-12,916966.2,Paid
PAY000587,INV00587,2026-09-29,430165.0,Paid
PAY000588,INV00588,2026-08-12,265080.38,Paid
PAY000589,INV00589,2026-09-06,37007.78,Paid
PAY000590,INV00590,2026-05-15,363266.92,Paid
PAY000591,INV00591,2026-08-18,5533.02,Paid
PAY000592,INV00592,2026-09-24,535737.7,Paid
PAY000593,INV00593,2026-07-06,237986.0,Paid
PAY000594,INV00594,2026-06-07,1785.57,Paid
PAY000595,INV00595,2026-03-28,3533.65,Paid
PAY000596,INV00596,2026-09-14,1173676.0,Paid
PAY000597,INV00597,2026-06-12,3489.17,Paid
PAY000598,INV00598,2026-07-16,187523.39,Paid
PAY000599,INV00599,2026-07-24,3476.04,Paid
PAY000600,INV00600,2026-04-22,7700.65,Paid
PAY000601,INV00601,2026-10-19,3997134.75,Paid
PAY000602,INV00602,2026-07-11,160943.0,Paid
PAY000603,INV00603,2026-08-10,1934.41,Paid
PAY000604,INV00604,2026-06-12,1939052.33,Paid
PAY000605,INV00605,2026-09-20,4391954.1,Paid
PAY000606,INV00606,2026-09-12,12716.34,Paid
PAY000607,INV00607,2026-02-21,1125.19,Paid
PAY000608,INV00608,2026-10-29,36834.11,Paid
PAY000609,INV00609,2026-10-04,182671.08,Paid
PAY000610,INV00610,2026-05-27,10831.03,Paid
PAY000611,INV00611,2026-03-08,161565.6,Paid
PAY000612,INV00612,2026-10-09,697.14,Paid
PAY000613,INV00613,2026-07-27,7235.5,Paid
PAY000614,INV00614,2026-10-27,35066.85,Paid
PAY000615,INV00615,2026-05-09,6096122.5,Paid
PAY000616,INV00616,2026-10-21,2189722.5,Paid
PAY000617,INV00617,2026-03-10,126625.8,Paid
PAY000618,INV00618,2026-04-30,5805871.4,Paid
PAY000619,INV00619,2026-09-12,127862.56,Paid
PAY000620,INV00620,2026-05-17,102692.35,Paid
PAY000621,INV00621,2026-07-06,51389.8,Paid
PAY000622,INV00622,2026-07-27,11334.96,Paid
PAY000623,INV00623,2026-06-22,338022.3,Paid
PAY000624,INV00624,2026-08-22,38178.58,Paid
PAY000625,INV00625,2026-09-13,1135734.08,Paid
PAY000626,INV00626,2026-08-22,205.16,Paid
PAY000627,INV00627,2026-10-25,537245.0,Paid
PAY000628,INV00628,2026-05-16,11674924.8,Paid
PAY000629,INV00629,2026-08-01,5651.1,Paid
PAY000630,INV00630,2026-08-29,346632.09,Paid
PAY000631,INV00631,2026-08-22,629.84,Paid
PAY000632,INV00632,2026-03-20,736065.75,Paid
PAY000633,INV00633,2026-03-29,103848.5,Paid
PAY000634,INV00634,2026-06-30,106074.05,Paid
PAY000635,INV00635,2026-04-29,1159930.24,Paid
PAY000636,INV00636,2026-08-27,7759.21,Paid
PAY000637,INV00637,2026-06-14,1609093.5,Paid
PAY000638,INV00638,2026-08-15,531144.9,Paid
PAY000639,INV00639,2026-09-19,1785159.46,Paid
PAY000640,INV00640,2026-03-14,81165.5,Paid
PAY000641,INV00641,2026-09-06,39621.24,Paid
PAY000642,INV00642,2026-04-21,200614.4,Paid
PAY000643,INV00643,2026-03-21,45717.63,Paid
PAY000644,INV00644,2026-09-21,1896.28,Paid
PAY000645,INV00645,2026-06-11,43115.31,Paid
PAY000646,INV00646,2026-09-25,243031.82,Paid
PAY000647,INV00647,2026-09-20,75530.15,Paid
PAY000648,INV00648,2026-08-11,23677.65,Paid
PAY000649,INV00649,2026-05-31,1661.03,Paid
PAY000650,INV00650,2026-07-19,555205.28,Paid
PAY000651,INV00651,2026-08-06,95612.37,Paid
PAY000652,INV00652,2026-11-26,909181.15,Paid
PAY000653,INV00653,2026-10-13,58421.0,Paid
PAY000654,INV00654,2026-04-16,26760.16,Paid
PAY000655,INV00655,2026-06-07,5822444.5,Paid
PAY000656,INV00656,2026-05-09,11663153.25,Paid
PAY000657,INV00657,2026-09-23,19584.51,Paid
PAY000658,INV00658,2026-02-03,3303.62,Paid
PAY000659,INV00659,2026-10-14,1268706.6,Paid
PAY000660,INV00660,2026-07-04,25957.57,Paid
PAY000661,INV00661,2026-11-04,1044916.55,Paid
PAY000662,INV00662,2026-04-03,41878.61,Paid
PAY000663,INV00663,2026-07-07,9143.48,Paid
PAY000664,INV00664,2026-08-11,48479.03,Paid
PAY000665,INV00665,2026-01-31,5629148.7,Paid
PAY000666,INV00666,2026-09-04,22744.28,Paid
PAY000667,INV00667,2026-05-26,1212.81,Paid
PAY000668,INV00668,2026-09-15,14958.2,Paid
PAY000669,INV00669,2026-05-20,10955.39,Paid
PAY000670,INV00670,2026-08-12,14958.2,Paid
PAY000671,INV00671,2026-04-23,18202.09,Paid
PAY000672,INV00672,2026-05-20,25396.73,Paid
PAY000673,INV00673,2026-07-25,28374.98,Paid
PAY000674,INV00674,2026-02-06,340723.95,Paid
PAY000675,INV00675,2026-09-21,703671.15,Paid
PAY000676,INV00676,2026-03-28,165885.44,Paid
PAY000677,INV00677,2026-04-15,3177571.6,Paid
PAY000678,INV00678,2026-09-20,3842.83,Paid
PAY000679,INV00679,2026-10-15,852840.0,Paid
PAY000680,INV00680,2026-08-21,1267.5,Paid
PAY000681,INV00681,2026-07-29,2572248.0,Paid
PAY000682,INV00682,2026-04-29,757724.8,Paid
PAY000683,INV00683,2026-04-29,5896250.0,Paid
PAY000684,INV00684,2026-06-29,43840.23,Paid
PAY000685,INV00685,2026-08-21,748961.33,Paid
PAY000686,INV00686,2026-06-22,120386.18,Paid
PAY000687,INV00687,2026-07-03,2354890.12,Paid
PAY000688,INV00688,2026-06-13,27105.66,Paid
PAY000689,INV00689,2026-04-19,38381.86,Paid
PAY000690,INV00690,2026-02-28,359073.75,Paid
PAY000691,INV00691,2026-06-05,6599.52,Paid
PAY000692,INV00692,2026-03-06,362321.92,Paid
PAY000693,INV00693,2026-06-25,446426.4,Paid
PAY000694,INV00694,2026-06-13,35248.7,Paid
PAY000695,INV00695,2026-04-06,3279.27,Paid
PAY000696,INV00696,2026-03-02,71047.2,Paid
PAY000697,INV00697,2026-02-21,174081.6,Paid
PAY000698,INV00698,2026-09-10,2128.82,Paid
PAY000699,INV00699,2026-09-22,4364443.12,Paid
PAY000700,INV00700,2026-09-09,2894988.32,Paid
PAY000701,INV00701,2026-05-03,1697.19,Paid
PAY000702,INV00702,2026-03-28,4765425.0,Paid
PAY000703,INV00703,2026-07-26,2652.52,Paid
PAY000704,INV00704,2026-05-05,869082.38,Paid
PAY000705,INV00705,2026-03-11,31397.44,Paid
PAY000706,INV00706,2026-04-15,9331014.0,Paid
PAY000707,INV00707,2026-10-03,38883.2,Paid
PAY000708,INV00708,2026-05-15,66422.5,Paid
PAY000709,INV00709,2026-09-12,622367.4,Paid
PAY000710,INV00710,2026-05-21,2197469.75,Paid
PAY000711,INV00711,2026-07-17,1464270.0,Paid
PAY000712,INV00712,2026-10-24,4177775.25,Paid
PAY000713,INV00713,2026-09-02,836329.0,Paid
PAY000714,INV00714,2026-05-21,832917.16,Paid
PAY000715,INV00715,2026-06-04,140747.0,Paid
PAY000716,INV00716,2026-03-24,2207830.8,Paid
PAY000717,INV00717,2026-08-17,56577.26,Paid
PAY000718,INV00718,2026-04-20,836638.95,Paid
PAY000719,INV00719,2026-07-01,3098.67,Paid
PAY000720,INV00720,2026-08-01,390685.02,Paid
PAY000721,INV00721,2026-05-11,57032.0,Paid
PAY000722,INV00722,2026-07-26,96089.88,Paid
PAY000723,INV00723,2026-08-14,183975.22,Paid
PAY000724,INV00724,2026-07-28,23291.39,Paid
PAY000725,INV00725,2026-02-10,1289436.96,Paid
PAY000726,INV00726,2026-03-23,37115.8,Paid
PAY000727,INV00727,2026-08-08,36085.18,Paid
PAY000728,INV00728,2026-05-25,49431.9,Paid
PAY000729,INV00729,2026-07-05,38352.27,Paid
PAY000730,INV00730,2026-04-06,187384.0,Paid
PAY000731,INV00731,2026-09-08,210425.25,Paid
PAY000732,INV00732,2026-09-01,566.54,Paid
PAY000733,INV00733,2026-08-31,15990.8,Paid
PAY000734,INV00734,2026-08-15,2504945.0,Paid
PAY000735,INV00735,2026-08-06,445111.81,Paid
PAY000736,INV00736,2026-07-17,2433965.1,Paid
PAY000737,INV00737,2026-07-09,25087.05,Paid
PAY000738,INV00738,2026-03-24,337223.04,Paid
PAY000739,INV00739,2026-08-04,904.99,Paid
PAY000740,INV00740,2026-09-28,6706795.2,Paid
PAY000741,INV00741,2026-03-20,111972.21,Paid
PAY000742,INV00742,2026-05-15,3200.44,Paid
PAY000743,INV00743,2026-04-12,261402.96,Paid
PAY000744,INV00744,2026-09-08,765812.0,Paid
PAY000745,INV00745,2026-07-13,19117.8,Paid
PAY000746,INV00746,2026-08-21,39094.76,Paid
PAY000747,INV00747,2026-03-15,3438.88,Paid
PAY000748,INV00748,2026-04-16,2137080.3,Paid
PAY000749,INV00749,2026-05-10,54420.66,Paid
PAY000750,INV00750,2026-07-13,53443.07,Paid
PAY000751,INV00751,2026-05-01,21057.79,Paid
PAY000752,INV00752,2026-06-21,63095.0,Paid
PAY000753,INV00753,2026-09-15,232005.0,Paid
PAY000754,INV00754,2026-07-31,194113.78,Paid
PAY000755,INV00755,2026-02-23,9710.46,Paid
PAY000756,INV00756,2026-03-17,37094.48,Paid
PAY000757,INV00757,2026-04-23,7148.11,Paid
PAY000758,INV00758,2026-07-24,3999772.0,Paid
PAY000759,INV00759,2026-04-20,879474.75,Paid
PAY000760,INV00760,2026-06-30,2098092.68,Paid
PAY000761,INV00761,2026-05-20,137061.72,Paid
PAY000762,INV00762,2026-04-28,3741349.92,Paid
PAY000763,INV00763,2026-07-07,10399.55,Paid
PAY000764,INV00764,2026-04-06,21012.3,Paid
PAY000765,INV00765,2026-08-06,3191568.8,Paid
PAY000766,INV00766,2026-07-12,2952.68,Paid
PAY000767,INV00767,2026-05-08,3277512.0,Paid
PAY000768,INV00768,2026-08-11,348424.5,Paid
PAY000769,INV00769,2026-06-14,78671.6,Paid
PAY000770,INV00770,2026-08-02,1980258.3,Paid
PAY000771,INV00771,2026-08-09,293257.0,Paid
PAY000772,INV00772,2026-06-16,7140.3,Paid
PAY000773,INV00773,2026-03-26,1029044.62,Paid
PAY000774,INV00774,2026-02-03,185040.0,Paid
PAY000775,INV00775,2026-08-26,67676.0,Paid
PAY000776,INV00776,2026-07-04,3027.05,Paid
PAY000777,INV00777,2026-07-19,4401762.5,Paid
PAY000778,INV00778,2026-08-18,3560.0,Paid
PAY000779,INV00779,2026-04-01,125583.05,Paid
PAY000780,INV00780,2026-07-19,327800.46,Paid
PAY000781,INV00781,2026-08-22,53443.07,Paid
PAY000782,INV00782,2026-08-22,1934.41,Paid
PAY000783,INV00783,2026-06-19,1010820.0,Paid
PAY000784,INV00784,2026-04-25,607572.8,Paid
PAY000785,INV00785,2026-08-19,185756.55,Paid
PAY000786,INV00786,2026-06-22,99993.44,Paid
PAY000787,INV00787,2026-08-11,1851180.8,Paid
PAY000788,INV00788,2026-03-17,516621.0,Paid
PAY000789,INV00789,2026-08-12,406460.32,Paid
PAY000790,INV00790,2026-03-16,242991.8,Paid
PAY000791,INV00791,2026-10-27,4591.42,Paid
PAY000792,INV00792,2026-04-08,98506.8,Paid
PAY000793,INV00793,2026-06-25,38285.62,Paid
PAY000794,INV00794,2026-05-04,475175.0,Paid
PAY000795,INV00795,2026-06-12,136414.77,Paid
PAY000796,INV00796,2026-07-30,1808100.0,Paid
PAY000797,INV00797,2026-07-15,6467.39,Paid
PAY000798,INV00798,2026-05-01,23023.17,Paid
PAY000799,INV00799,2026-06-01,699181.86,Paid
PAY000800,INV00800,2026-07-05,6032558.25,Paid
PAY000801,INV00801,2026-08-30,8789838.75,Paid
PAY000802,INV00802,2026-05-17,626933.44,Paid
PAY000803,INV00803,2026-06-14,47702.0,Paid
PAY000804,INV00804,2026-05-17,1016253.0,Paid
PAY000805,INV00805,2026-10-04,113727.6,Paid
PAY000806,INV00806,2026-04-09,91107.97,Paid
PAY000807,INV00807,2026-04-30,1866001.76,Paid
PAY000808,INV00808,2026-03-25,1804.75,Paid
PAY000809,INV00809,2026-06-05,555205.28,Paid
PAY000810,INV00810,2026-08-08,3761.75,Paid
PAY000811,INV00811,2026-04-17,767870.25,Paid
PAY000812,INV00812,2026-06-13,1054.38,Paid
PAY000813,INV00813,2026-07-10,650174.4,Paid
PAY000814,INV00814,2026-04-13,6300.92,Paid
PAY000815,INV00815,2026-09-13,71631.0,Paid
PAY000816,INV00816,2026-11-10,69328.95,Paid
PAY000817,INV00817,2026-03-10,1224373.9,Paid
PAY000818,INV00818,2026-09-26,21241.02,Paid
PAY000819,INV00819,2026-10-24,1940821.12,Paid
PAY000820,INV00820,2026-05-10,60129.85,Paid
PAY000821,INV00821,2026-06-27,32448.1,Paid
PAY000822,INV00822,2026-07-02,26375.2,Paid
PAY000823,INV00823,2026-02-23,30163.16,Paid
PAY000824,INV00824,2026-02-23,4895023.5,Paid
PAY000825,INV00825,2026-10-26,13722.91,Paid
PAY000826,INV00826,2026-04-08,383563.96,Paid
PAY000827,INV00827,2026-06-28,2944.81,Paid
PAY000828,INV00828,2026-05-09,191096.04,Paid
PAY000829,INV00829,2026-07-16,25777.3,Paid
PAY000830,INV00830,2026-05-03,8315.7,Paid
PAY000831,INV00831,2026-03-15,567946.4,Paid
PAY000832,INV00832,2026-06-12,516196.8,Paid
PAY000833,INV00833,2026-05-19,167644.0,Paid
PAY000834,INV00834,2026-05-15,2005.9,Paid
PAY000835,INV00835,2026-09-16,1143656.85,Paid
PAY000836,INV00836,2026-04-18,141069.5,Paid
PAY000837,INV00837,2026-07-12,2139757.72,Paid
PAY000838,INV00838,2026-09-11,11784.89,Paid
PAY000839,INV00839,2026-07-01,35498.19,Paid
PAY000840,INV00840,2026-08-31,699581.61,Paid
PAY000841,INV00841,2026-06-23,62246.1,Paid
PAY000842,INV00842,2026-05-20,30952.53,Paid
PAY000843,INV00843,2026-03-28,34037.92,Paid
PAY000844,INV00844,2026-05-26,7989738.75,Paid
PAY000845,INV00845,2026-09-09,65171.93,Paid
PAY000846,INV00846,2026-07-15,350969.76,Paid
PAY000847,INV00847,2026-03-21,363266.92,Paid
PAY000848,INV00848,2026-01-30,11421.35,Paid
PAY000849,INV00849,2026-03-19,4039081.0,Paid
PAY000850,INV00850,2026-04-20,189085.56,Paid
PAY000851,INV00851,2026-02-17,2050915.0,Paid
PAY000852,INV00852,2026-06-07,21540.75,Paid
PAY000853,INV00853,2026-02-20,6621.39,Paid
PAY000854,INV00854,2026-08-05,2833614.0,Paid
PAY000855,INV00855,2026-04-12,1425089.54,Paid
PAY000856,INV00856,2026-09-15,14639.7,Paid
PAY000857,INV00857,2026-03-08,3724.88,Paid
PAY000858,INV00858,2026-05-30,22390.73,Paid
PAY000859,INV00859,2026-06-12,489027.0,Paid
PAY000860,INV00860,2026-05-17,349026.3,Paid
PAY000861,INV00861,2026-05-15,13510.01,Paid
PAY000862,INV00862,2026-08-31,7425.92,Paid
PAY000863,INV00863,2026-10-21,77002.24,Paid
PAY000864,INV00864,2026-08-22,55400.69,Paid
PAY000865,INV00865,2026-04-02,311722.88,Paid
PAY000866,INV00866,2026-09-01,9511.68,Paid
PAY000867,INV00867,2026-05-01,34960.08,Paid
PAY000868,INV00868,2026-04-10,4741.03,Paid
PAY000869,INV00869,2026-06-05,1124948.87,Paid
PAY000870,INV00870,2026-10-24,4183.85,Paid
PAY000871,INV00871,2026-04-22,2226.95,Paid
PAY000872,INV00872,2026-10-11,155865.15,Paid
PAY000873,INV00873,2026-08-02,4503.59,Paid
PAY000874,INV00874,2026-08-30,102250.78,Paid
PAY000875,INV00875,2026-02-10,37272.26,Paid
PAY000876,INV00876,2026-05-16,10502.2,Paid
PAY000877,INV00877,2026-05-19,44993.6,Paid
PAY000878,INV00878,2026-03-24,164224.48,Paid
PAY000879,INV00879,2026-08-26,20510.1,Paid
PAY000880,INV00880,2026-07-12,387137.35,Paid
PAY000881,INV00881,2026-07-02,247070.88,Paid
PAY000882,INV00882,2026-08-17,940225.0,Paid
PAY000883,INV00883,2026-04-06,5070883.12,Paid
PAY000884,INV00884,2026-03-19,13482.2,Paid
PAY000885,INV00885,2026-09-21,4415818.4,Paid
PAY000886,INV00886,2026-06-19,27847.16,Paid
PAY000887,INV00887,2026-08-08,27731.45,Paid
PAY000888,INV00888,2026-08-20,702829.0,Paid
PAY000889,INV00889,2026-09-30,25211.0,Paid
PAY000890,INV00890,2026-04-22,368020.76,Paid
PAY000891,INV00891,2026-07-14,334655.44,Paid
PAY000892,INV00892,2026-03-24,84126.22,Paid
PAY000893,INV00893,2026-04-19,461876.8,Paid
PAY000894,INV00894,2026-09-05,449909.6,Paid
PAY000895,INV00895,2026-05-25,2775598.95,Paid
PAY000896,INV00896,2026-07-22,2508.46,Paid
PAY000897,INV00897,2026-06-12,12548865.0,Paid
PAY000898,INV00898,2026-03-21,98980.76,Paid
PAY000899,INV00899,2026-09-30,8070.11,Paid
PAY000900,INV00900,2026-07-29,24653.88,Paid
PAY000901,INV00901,2026-05-17,4103.19,Paid
PAY000902,INV00902,2026-03-07,310715.48,Paid
PAY000903,INV00903,2026-04-09,597646.99,Paid
PAY000904,INV00904,2026-06-23,4741.03,Paid
PAY000905,INV00905,2026-02-27,383563.96,Paid
PAY000906,INV00906,2026-09-27,99679.44,Paid
PAY000907,INV00907,2026-10-07,2169.05,Paid
PAY000908,INV00908,2026-08-15,2020962.5,Paid
PAY000909,INV00909,2026-07-17,110110.35,Paid
PAY000910,INV00910,2026-04-06,183115.3,Paid
PAY000911,INV00911,2026-04-20,269513.6,Paid
PAY000912,INV00912,2026-08-10,149376.44,Paid
PAY000913,INV00913,2026-09-14,18221.52,Paid
PAY000914,INV00914,2026-04-18,767673.38,Paid
PAY000915,INV00915,2026-06-27,9052.62,Paid
PAY000916,INV00916,2026-08-30,1828414.35,Paid
PAY000917,INV00917,2026-05-02,60808.0,Paid
PAY000918,INV00918,2026-02-13,123488.93,Paid
PAY000919,INV00919,2026-06-12,129328.19,Paid
PAY000920,INV00920,2026-05-07,68220.0,Paid
PAY000921,INV00921,2026-08-11,3729974.1,Paid
PAY000922,INV00922,2026-08-31,10872.9,Paid
PAY000923,INV00923,2026-10-02,75936.73,Paid
PAY000924,INV00924,2026-08-21,8906.93,Paid
PAY000925,INV00925,2026-03-22,3438.88,Paid
PAY000926,INV00926,2026-09-11,7437.0,Paid
PAY000927,INV00927,2026-06-15,263557.25,Paid
PAY000928,INV00928,2026-03-26,594157.2,Paid
PAY000929,INV00929,2026-03-03,17507.29,Paid
PAY000930,INV00930,2026-05-04,79842.06,Paid
PAY000931,INV00931,2026-05-21,91107.97,Paid
PAY000932,INV00932,2026-10-08,137280.68,Paid
PAY000933,INV00933,2026-07-15,30630.6,Paid
PAY000934,INV00934,2026-10-28,139058.08,Paid
PAY000935,INV00935,2026-03-25,519353.62,Paid
PAY000936,INV00936,2026-04-29,9053.1,Paid
PAY000937,INV00937,2026-08-12,14519.51,Paid
PAY000938,INV00938,2026-05-31,6658.44,Paid
PAY000939,INV00939,2026-09-13,6044.79,Paid
PAY000940,INV00940,2026-05-08,1087406.0,Paid
PAY000941,INV00941,2026-09-23,383633.0,Paid
PAY000942,INV00942,2026-04-10,97540.59,Paid
PAY000943,INV00943,2026-08-09,223277.38,Paid
PAY000944,INV00944,2026-07-19,4865.39,Paid
PAY000945,INV00945,2026-07-31,1648.33,Paid
PAY000946,INV00946,2026-09-03,863439.36,Paid
PAY000947,INV00947,2026-08-29,852017.6,Paid
PAY000948,INV00948,2026-04-17,1161.43,Paid
PAY000949,INV00949,2026-10-03,180521.82,Paid
PAY000950,INV00950,2026-11-06,85071.53,Paid
PAY000951,INV00951,2026-04-11,10517.8,Paid
PAY000952,INV00952,2026-03-24,19085.75,Paid
PAY000953,INV00953,2026-03-15,24752.84,Paid
PAY000954,INV00954,2026-06-03,28026.18,Paid
PAY000955,INV00955,2026-07-28,16083.7,Paid
PAY000956,INV00956,2026-08-02,479498.9,Paid
PAY000957,INV00957,2026-03-31,7904.2,Paid
PAY000958,INV00958,2026-10-19,386008.35,Paid
PAY000959,INV00959,2026-07-21,23019.15,Paid
PAY000960,INV00960,2026-06-07,155525.2,Paid
PAY000961,INV00961,2026-06-06,3174391.75,Paid
PAY000962,INV00962,2026-08-06,23677.65,Paid
PAY000963,INV00963,2026-09-01,34902.53,Paid
PAY000964,INV00964,2026-09-18,408991.54,Paid
PAY000965,INV00965,2026-03-27,3486.0,Paid
PAY000966,INV00966,2026-04-18,348617.5,Paid
PAY000967,INV00967,2026-07-14,845823.0,Paid
PAY000968,INV00968,2026-09-08,512605.0,Paid
PAY000969,INV00969,2026-04-19,6130.17,Paid
PAY000970,INV00970,2026-04-09,96492.14,Paid
PAY000971,INV00971,2026-05-08,229386.0,Paid
PAY000972,INV00972,2026-04-05,497589.75,Paid
PAY000973,INV00973,2026-07-29,551.88,Paid
PAY000974,INV00974,2026-10-06,210686.56,Paid
PAY000975,INV00975,2026-05-13,1192023.0,Paid
PAY000976,INV00976,2026-06-14,58106.98,Paid
PAY000977,INV00977,2026-07-17,2020962.5,Paid
PAY000978,INV00978,2026-09-25,4365.5,Paid
PAY000979,INV00979,2026-05-16,164057.76,Paid
PAY000980,INV00980,2026-06-10,139077.57,Paid
PAY000981,INV00981,2026-04-02,2079.63,Paid
PAY000982,INV00982,2026-06-28,9326.11,Paid
PAY000983,INV00983,2026-06-26,271508.56,Paid
PAY000984,INV00984,2026-04-21,183677.55,Paid
PAY000985,INV00985,2026-09-23,46498.52,Paid
PAY000986,INV00986,2026-07-04,35606.87,Paid
PAY000987,INV00987,2026-03-21,1912982.4,Paid
PAY000988,INV00988,2026-05-30,34555.36,Paid
PAY000989,INV00989,2026-08-19,208592.78,Paid
PAY000990,INV00990,2026-03-16,4358758.34,Paid
PAY000991,INV00991,2026-05-24,596327.75,Paid
PAY000992,INV00992,2026-07-05,2941850.62,Paid
PAY000993,INV00993,2026-05-03,67875.02,Paid
PAY000994,INV00994,2026-07-23,21620.14,Paid
PAY000995,INV00995,2026-04-14,1635428.55,Paid
PAY000996,INV00996,2026-03-11,179863.32,Paid
PAY000997,INV00997,2026-10-06,64429.2,Paid
PAY000998,INV00998,2026-08-03,248885.84,Paid
PAY000999,INV00999,2026-06-30,1133422.0,Paid
PAY001000,INV01000,2026-09-06,2697.49,Paid
PAY001001,INV01001,2026-05-19,16968.05,Paid
PAY001002,INV01002,2026-08-07,2185.19,Paid
PAY001003,INV01003,2026-09-02,709908.64,Paid
PAY001004,INV01004,2026-11-03,259615.1,Paid
PAY001005,INV01005,2026-05-26,296503.0,Paid
PAY001006,INV01006,2026-09-17,29629.0,Paid
PAY001007,INV01007,2026-08-09,13659.09,Paid
PAY001008,INV01008,2026-09-15,91245.28,Paid
PAY001009,INV01009,2026-08-18,525713.6,Paid
PAY001010,INV01010,2026-08-04,25635.74,Paid
PAY001011,INV01011,2026-07-21,135417.98,Paid
PAY001012,INV01012,2026-09-23,267539.98,Paid
PAY001013,INV01013,2026-08-10,864931.2,Paid
PAY001014,INV01014,2026-06-30,168842.73,Paid
PAY001015,INV01015,2026-10-28,53497.0,Paid
PAY001016,INV01016,2026-05-04,9149.45,Paid
PAY001017,INV01017,2026-04-02,39660.27,Paid
PAY001018,INV01018,2026-05-20,1193748.0,Paid
PAY001019,INV01019,2026-07-26,23890.34,Paid
PAY001020,INV01020,2026-08-22,408991.54,Paid
PAY001021,INV01021,2026-06-13,139077.57,Paid
PAY001022,INV01022,2026-02-11,20247.04,Paid
PAY001023,INV01023,2026-07-14,2398.75,Paid
PAY001024,INV01024,2026-10-28,503713.35,Paid
PAY001025,INV01025,2026-06-23,9757.77,Paid
PAY001026,INV01026,2026-04-19,607278.8,Paid
PAY001027,INV01027,2026-04-03,418321.4,Paid
PAY001028,INV01028,2026-07-05,5729203.2,Paid
PAY001029,INV01029,2026-08-13,184452.45,Paid
PAY001030,INV01030,2026-08-29,129601.8,Paid
PAY001031,INV01031,2026-09-07,91910.79,Paid
PAY001032,INV01032,2026-09-11,248885.84,Paid
PAY001033,INV01033,2026-07-17,116694.9,Paid
PAY001034,INV01034,2026-04-09,462479.0,Paid
PAY001035,INV01035,2026-04-10,23021.04,Paid
PAY001036,INV01036,2026-04-18,109121.09,Paid
PAY001037,INV01037,2026-04-21,1235116.4,Paid
PAY001038,INV01038,2026-08-27,22331.53,Paid
PAY001039,INV01039,2026-07-12,289288.45,Paid
PAY001040,INV01040,2026-08-03,111306.4,Paid
PAY001041,INV01041,2026-05-16,311922.2,Paid
PAY001042,INV01042,2026-06-27,179329.6,Paid
PAY001043,INV01043,2026-11-15,9511.68,Paid
PAY001044,INV01044,2026-09-17,370980.8,Paid
PAY001045,INV01045,2026-08-08,1286107.0,Paid
PAY001046,INV01046,2026-04-23,85734.21,Paid
PAY001047,INV01047,2026-10-19,678310.02,Paid
PAY001048,INV01048,2026-07-26,2146036.5,Paid
PAY001049,INV01049,2026-09-28,748961.33,Paid
PAY001050,INV01050,2026-10-17,2087086.05,Paid
PAY001051,INV01051,2026-08-16,3220211.74,Paid
PAY001052,INV01052,2026-07-22,9877.4,Paid
PAY001053,INV01053,2026-05-12,95879.66,Paid
PAY001054,INV01054,2026-05-08,7574.4,Paid
PAY001055,INV01055,2026-08-31,360843.06,Paid
PAY001056,INV01056,2026-08-04,11178.8,Paid
PAY001057,INV01057,2026-06-08,541180.5,Paid
PAY001058,INV01058,2026-09-18,4183.85,Paid
PAY001059,INV01059,2026-02-16,178760.09,Paid
PAY001060,INV01060,2026-08-11,6123.71,Paid
PAY001061,INV01061,2026-05-20,20786.75,Paid
PAY001062,INV01062,2026-03-29,516535.6,Paid
PAY001063,INV01063,2026-06-14,413070.8,Paid
PAY001064,INV01064,2026-05-19,78367.34,Paid
PAY001065,INV01065,2026-02-25,862046.75,Paid
PAY001066,INV01066,2026-06-22,492439.96,Paid
PAY001067,INV01067,2026-07-22,219028.06,Paid
PAY001068,INV01068,2026-06-26,32073.07,Paid
PAY001069,INV01069,2026-08-05,50508.83,Paid
PAY001070,INV01070,2026-03-30,32521.0,Paid
PAY001071,INV01071,2026-07-31,97467.8,Paid
PAY001072,INV01072,2026-09-07,327800.46,Paid
PAY001073,INV01073,2026-09-18,3957.1,Paid
PAY001074,INV01074,2026-08-06,2446508.16,Paid
PAY001075,INV01075,2026-07-04,421974.21,Paid
PAY001076,INV01076,2026-07-02,42304.06,Paid
PAY001077,INV01077,2026-06-02,12692.82,Paid
PAY001078,INV01078,2026-07-20,1895584.5,Paid
PAY001079,INV01079,2026-01-22,127401.06,Paid
PAY001080,INV01080,2026-03-25,102556.94,Paid
PAY001081,INV01081,2026-08-10,274866.84,Paid
PAY001082,INV01082,2026-06-17,30741.4,Paid
PAY001083,INV01083,2026-07-02,13659.09,Paid
PAY001084,INV01084,2026-09-18,1113141.2,Paid
PAY001085,INV01085,2026-08-22,7812.8,Paid
PAY001086,INV01086,2026-08-31,407850.8,Paid
PAY001087,INV01087,2026-06-23,8527.73,Paid
PAY001088,INV01088,2026-08-04,99993.44,Paid
PAY001089,INV01089,2026-05-11,40082.8,Paid
PAY001090,INV01090,2026-09-18,276690.96,Paid
PAY001091,INV01091,2026-06-17,378242.6,Paid
PAY001092,INV01092,2026-08-25,7151.19,Paid
PAY001093,INV01093,2026-11-17,59885.24,Paid
PAY001094,INV01094,2026-05-24,163989.21,Paid
PAY001095,INV01095,2026-03-30,8812.05,Paid
PAY001096,INV01096,2026-09-11,22744.28,Paid
PAY001097,INV01097,2026-07-18,4631.05,Paid
PAY001098,INV01098,2026-04-05,4354.74,Paid
PAY001099,INV01099,2026-08-08,9166012.8,Paid
PAY001100,INV01100,2026-05-04,29414.16,Paid
PAY001101,INV01101,2026-06-19,3026415.0,Paid
PAY001102,INV01102,2026-09-11,401806.16,Paid
PAY001103,INV01103,2026-06-03,1388140.0,Paid
PAY001104,INV01104,2026-05-22,2941850.62,Paid
PAY001105,INV01105,2026-06-27,42621.6,Paid
PAY001106,INV01106,2026-07-05,52525.93,Paid
PAY001107,INV01107,2026-08-02,13665975.3,Paid
PAY001108,INV01108,2026-10-29,1911.56,Paid
PAY001109,INV01109,2026-07-05,7573.54,Paid
PAY001110,INV01110,2026-05-14,121896.43,Paid
PAY001111,INV01111,2026-09-25,1406.68,Paid
PAY001112,INV01112,2026-03-25,9114420.3,Paid
PAY001113,INV01113,2026-04-24,23134.12,Paid
PAY001114,INV01114,2026-11-04,9064550.0,Paid
PAY001115,INV01115,2026-04-16,10289.62,Paid
PAY001116,INV01116,2026-03-16,3179.37,Paid
PAY001117,INV01117,2026-03-21,6776.5,Paid
PAY001118,INV01118,2026-03-07,4443.78,Paid
PAY001119,INV01119,2026-04-26,2211096.72,Paid
PAY001120,INV01120,2026-03-28,25341.56,Paid
PAY001121,INV01121,2026-11-03,69595.81,Paid
PAY001122,INV01122,2026-04-08,787150.86,Paid
PAY001123,INV01123,2026-05-30,4414.04,Paid
PAY001124,INV01124,2026-03-31,92862.78,Paid
PAY001125,INV01125,2026-06-17,55874.34,Paid
PAY001126,INV01126,2026-03-04,1032769.04,Paid
PAY001127,INV01127,2026-09-12,257714.24,Paid
PAY001128,INV01128,2026-08-08,369140.0,Paid
PAY001129,INV01129,2026-09-18,113382.47,Paid
PAY001130,INV01130,2026-08-20,10869.8,Paid
PAY001131,INV01131,2026-07-17,8812.02,Paid
PAY001132,INV01132,2026-10-19,39621.24,Paid
PAY001133,INV01133,2026-03-31,95585.7,Paid
PAY001134,INV01134,2026-05-09,126625.8,Paid
PAY001135,INV01135,2026-04-30,1030924.7,Paid
PAY001136,INV01136,2026-04-22,303052.18,Paid
PAY001137,INV01137,2026-03-29,108051.33,Paid
PAY001138,INV01138,2026-09-01,40926.27,Paid
PAY001139,INV01139,2026-06-04,4246.35,Paid
PAY001140,INV01140,2026-08-07,1506740.0,Paid
PAY001141,INV01141,2026-02-21,7863.64,Paid
PAY001142,INV01142,2026-06-10,764974.0,Paid
PAY001143,INV01143,2026-09-21,1434367.2,Paid
PAY001144,INV01144,2026-03-15,9040.69,Paid
PAY001145,INV01145,2026-03-28,217391.4,Paid
PAY001146,INV01146,2026-09-04,744183.4,Paid
PAY001147,INV01147,2026-03-30,85164.73,Paid
PAY001148,INV01148,2026-08-22,373843.23,Paid
PAY001149,INV01149,2026-06-18,109892.16,Paid
PAY001150,INV01150,2026-04-23,146494.6,Paid
PAY001151,INV01151,2026-06-09,7031.51,Paid
PAY001152,INV01152,2026-08-15,1048558.56,Paid
PAY001153,INV01153,2026-09-27,3078864.85,Paid
PAY001154,INV01154,2026-04-21,34113.5,Paid
PAY001155,INV01155,2026-02-13,142652.79,Paid
PAY001156,INV01156,2026-10-22,7927.77,Paid
PAY001157,INV01157,2026-08-18,4276.16,Paid
PAY001158,INV01158,2026-10-09,8507945.0,Paid
PAY001159,INV01159,2026-07-25,1388140.0,Paid
PAY001160,INV01160,2026-09-10,90598.04,Paid
PAY001161,INV01161,2026-06-29,92528.8,Paid
PAY001162,INV01162,2026-10-01,194113.78,Paid
PAY001163,INV01163,2026-10-05,10539574.5,Paid
PAY001164,INV01164,2026-03-11,5505.5,Paid
PAY001165,INV01165,2026-09-12,5533.02,Paid
PAY001166,INV01166,2026-05-23,75404.83,Paid
PAY001167,INV01167,2026-07-13,417272.19,Paid
PAY001168,INV01168,2026-06-06,318246.66,Paid
PAY001169,INV01169,2026-05-02,650463.2,Paid
PAY001170,INV01170,2026-08-26,6193.72,Paid
PAY001171,INV01171,2026-06-07,25604.4,Paid
PAY001172,INV01172,2026-06-30,1289544.38,Paid
PAY001173,INV01173,2026-05-27,35248.7,Paid
PAY001174,INV01174,2026-06-10,193942.0,Paid
PAY001175,INV01175,2026-02-18,12670.98,Paid
PAY001176,INV01176,2026-09-14,16782.26,Paid
PAY001177,INV01177,2026-05-13,146494.6,Paid
PAY001178,INV01178,2026-04-28,10670.1,Paid
PAY001179,INV01179,2026-07-28,506565.92,Paid
PAY001180,INV01180,2026-05-17,18156.77,Paid
PAY001181,INV01181,2026-02-13,808.62,Paid
PAY001182,INV01182,2026-07-22,30630.6,Paid
PAY001183,INV01183,2026-06-14,21649.66,Paid
PAY001184,INV01184,2026-06-03,52525.93,Paid
PAY001185,INV01185,2026-04-22,1309.46,Paid
PAY001186,INV01186,2026-10-11,5916209.6,Paid
PAY001187,INV01187,2026-05-20,1355442.0,Paid
PAY001188,INV01188,2026-05-23,16236.46,Paid
PAY001189,INV01189,2026-04-10,185040.0,Paid
PAY001190,INV01190,2026-09-02,133379.0,Paid
PAY001191,INV01191,2026-06-02,1933075.0,Paid
PAY001192,INV01192,2026-07-15,6099.87,Paid
PAY001193,INV01193,2026-05-08,28057.8,Paid
PAY001194,INV01194,2026-04-15,163341.6,Paid
PAY001195,INV01195,2026-06-07,727564.4,Paid
PAY001196,INV01196,2026-03-25,1192900.35,Paid
PAY001197,INV01197,2026-03-08,1815862.12,Paid
PAY001198,INV01198,2026-05-09,658847.84,Paid
PAY001199,INV01199,2026-06-06,119982.5,Paid
PAY001200,INV01200,2026-06-03,95487.0,Paid
PAY001201,INV01201,2026-10-10,211929.69,Paid
PAY001202,INV01202,2026-08-17,9613.63,Paid
PAY001203,INV01203,2026-06-23,588863.07,Paid
PAY001204,INV01204,2026-06-02,953463.6,Paid
PAY001205,INV01205,2026-05-22,1513.03,Paid
PAY001206,INV01206,2026-05-10,1339377.5,Paid
PAY001207,INV01207,2026-10-11,50251.48,Paid
PAY001208,INV01208,2026-06-16,1788.94,Paid
PAY001209,INV01209,2026-09-17,206342.02,Paid
PAY001210,INV01210,2026-06-02,989850.4,Paid
PAY001211,INV01211,2026-04-25,38286.3,Paid
PAY001212,INV01212,2026-05-20,9235744.95,Paid
PAY001213,INV01213,2026-05-14,289288.45,Paid
PAY001214,INV01214,2026-03-25,11320.72,Paid
PAY001215,INV01215,2026-05-18,60147.92,Paid
PAY001216,INV01216,2026-03-16,749957.6,Paid
PAY001217,INV01217,2026-08-04,38431.42,Paid
PAY001218,INV01218,2026-05-19,303052.18,Paid
PAY001219,INV01219,2026-06-18,179329.6,Paid
PAY001220,INV01220,2026-08-27,5082911.95,Paid
PAY001221,INV01221,2026-03-25,80530.69,Paid
PAY001222,INV01222,2026-07-21,18945.1,Paid
PAY001223,INV01223,2026-06-06,25429.0,Paid
PAY001224,INV01224,2026-07-09,10096.72,Paid
PAY001225,INV01225,2026-05-13,8315.7,Paid
PAY001226,INV01226,2026-08-25,34194.94,Paid
PAY001227,INV01227,2026-09-06,9064550.0,Paid
PAY001228,INV01228,2026-09-28,621288.64,Paid
PAY001229,INV01229,2026-08-26,22108.65,Paid
PAY001230,INV01230,2026-09-22,111624.0,Paid
PAY001231,INV01231,2026-04-24,2643944.8,Paid
PAY001232,INV01232,2026-03-14,85734.21,Paid
PAY001233,INV01233,2026-08-29,15973270.6,Paid
PAY001234,INV01234,2026-05-23,26937.12,Paid
PAY001235,INV01235,2026-10-11,92461.38,Paid
PAY001236,INV01236,2026-05-30,317855.42,Paid
PAY001237,INV01237,2026-02-13,10219.23,Paid
PAY001238,INV01238,2026-04-24,242013.28,Paid
PAY001239,INV01239,2026-07-21,8163.22,Paid
PAY001240,INV01240,2026-10-21,71366.52,Paid
PAY001241,INV01241,2026-07-12,3815.71,Paid
PAY001242,INV01242,2026-08-21,41472.46,Paid
PAY001243,INV01243,2026-05-20,29441.15,Paid
PAY001244,INV01244,2026-05-15,709810.5,Paid
PAY001245,INV01245,2026-03-31,52666.32,Paid
PAY001246,INV01246,2026-07-14,68987.52,Paid
PAY001247,INV01247,2026-09-06,142470.84,Paid
PAY001248,INV01248,2026-06-28,81977.84,Paid
PAY001249,INV01249,2026-06-18,179329.6,Paid
PAY001250,INV01250,2026-06-26,27105.66,Paid
PAY001251,INV01251,2026-03-09,261672.5,Paid
PAY001252,INV01252,2026-04-30,1138559.52,Paid
PAY001253,INV01253,2026-10-02,3117856.88,Paid
PAY001254,INV01254,2026-08-10,4627.09,Paid
PAY001255,INV01255,2026-06-19,1139225.0,Paid
PAY001256,INV01256,2026-08-18,34893.68,Paid
PAY001257,INV01257,2026-10-01,5714.1,Paid
PAY001258,INV01258,2026-09-04,5275.24,Paid
PAY001259,INV01259,2026-05-15,749.65,Paid
PAY001260,INV01260,2026-04-11,9052.62,Paid
PAY001261,INV01261,2026-08-16,1270570.35,Paid
PAY001262,INV01262,2026-05-23,3090465.0,Paid
PAY001263,INV01263,2026-08-29,17867.38,Paid
PAY001264,INV01264,2026-06-06,172404.9,Paid
PAY001265,INV01265,2026-03-21,791950.88,Paid
PAY001266,INV01266,2026-03-16,3741349.92,Paid
PAY001267,INV01267,2026-05-23,3106989.2,Paid
PAY001268,INV01268,2026-08-12,2697.49,Paid
PAY001269,INV01269,2026-08-21,122037.44,Paid
PAY001270,INV01270,2026-05-05,239869.69,Paid
PAY001271,INV01271,2026-08-01,89702.48,Paid
PAY001272,INV01272,2026-10-03,901735.35,Paid
PAY001273,INV01273,2026-05-25,13646.76,Paid
PAY001274,INV01274,2026-04-01,4354.74,Paid
PAY001275,INV01275,2026-09-20,3736.0,Paid
PAY001276,INV01276,2026-09-25,227852.1,Paid
PAY001277,INV01277,2026-05-08,333509.4,Paid
PAY001278,INV01278,2026-08-23,156708.13,Paid
PAY001279,INV01279,2026-09-22,58887.99,Paid
PAY001280,INV01280,2026-09-02,25417.67,Paid
PAY001281,INV01281,2026-09-25,5155634.4,Paid
PAY001282,INV01282,2026-04-19,2035992.0,Paid
PAY001283,INV01283,2026-02-11,4354.74,Paid
PAY001284,INV01284,2026-03-26,1398.63,Paid
PAY001285,INV01285,2026-02-28,79815.0,Paid
PAY001286,INV01286,2026-10-30,1044916.55,Paid
PAY001287,INV01287,2026-09-04,161249.36,Paid
PAY001288,INV01288,2026-09-26,4825.16,Paid
PAY001289,INV01289,2026-08-28,14172319.2,Paid
PAY001290,INV01290,2026-09-07,6328614.35,Paid
PAY001291,INV01291,2026-02-21,3246.71,Paid
PAY001292,INV01292,2026-06-29,3174391.75,Paid
PAY001293,INV01293,2026-09-09,56569.59,Paid
PAY001294,INV01294,2026-05-08,24382.89,Paid
PAY001295,INV01295,2026-06-03,25243.1,Paid
PAY001296,INV01296,2026-04-16,6824792.5,Paid
PAY001297,INV01297,2026-09-08,5042830.0,Paid
PAY001298,INV01298,2026-05-12,1586188.8,Paid
PAY001299,INV01299,2026-08-26,181764.8,Paid
PAY001300,INV01300,2026-08-22,2437530.0,Paid
PAY001301,INV01301,2026-03-07,46113.9,Paid
PAY001302,INV01302,2026-08-08,68987.52,Paid
PAY001303,INV01303,2026-06-29,10831.03,Paid
PAY001304,INV01304,2026-09-15,2938412.4,Paid
PAY001305,INV01305,2026-07-17,130909.0,Paid
PAY001306,INV01306,2026-07-19,1317949.5,Paid
PAY001307,INV01307,2026-09-28,103506.5,Paid
PAY001308,INV01308,2026-03-23,1176240.0,Paid
PAY001309,INV01309,2026-08-27,2527.5,Paid
PAY001310,INV01310,2026-08-04,114630.71,Paid
PAY001311,INV01311,2026-03-27,793404.15,Paid
PAY001312,INV01312,2026-07-29,20074.29,Paid
PAY001313,INV01313,2026-05-03,200835.6,Paid
PAY001314,INV01314,2026-07-02,71744.4,Paid
PAY001315,INV01315,2026-03-27,84153.72,Paid
PAY001316,INV01316,2026-08-21,87191.6,Paid
PAY001317,INV01317,2026-04-17,2235279.38,Paid
PAY001318,INV01318,2026-07-26,358685.78,Paid
PAY001319,INV01319,2026-04-23,4153028.25,Paid
PAY001320,INV01320,2026-10-03,4769.41,Paid
PAY001321,INV01321,2026-04-19,6560.29,Paid
PAY001322,INV01322,2026-09-18,13592.41,Paid
PAY001323,INV01323,2026-08-26,124575.08,Paid
PAY001324,INV01324,2026-03-09,3203.91,Paid
PAY001325,INV01325,2026-09-15,901.59,Paid
PAY001326,INV01326,2026-06-09,1956298.4,Paid
PAY001327,INV01327,2026-06-01,2373018.38,Paid
PAY001328,INV01328,2026-08-28,52247.79,Paid
PAY001329,INV01329,2026-05-15,35120.19,Paid
PAY001330,INV01330,2026-04-19,2947637.5,Paid
PAY001331,INV01331,2026-09-23,2257747.1,Paid
PAY001332,INV01332,2026-05-10,3887.91,Paid
PAY001333,INV01333,2026-07-23,3842.83,Paid
PAY001334,INV01334,2026-05-24,334767.6,Paid
PAY001335,INV01335,2026-10-30,348958.5,Paid
PAY001336,INV01336,2026-08-15,345655.0,Paid
PAY001337,INV01337,2026-07-11,331228.36,Paid
PAY001338,INV01338,2026-05-15,5423964.4,Paid
PAY001339,INV01339,2026-08-04,1239695.62,Paid
PAY001340,INV01340,2026-09-27,982065.0,Paid
PAY001341,INV01341,2026-06-01,36442.94,Paid
PAY001342,INV01342,2026-07-19,6158.28,Paid
PAY001343,INV01343,2026-07-24,26251.66,Paid
PAY001344,INV01344,2026-05-16,4012.94,Paid
PAY001345,INV01345,2026-05-20,792.39,Paid
PAY001346,INV01346,2026-08-18,24518.82,Paid
PAY001347,INV01347,2026-07-05,128526.83,Paid
PAY001348,INV01348,2026-09-19,9551707.65,Paid
PAY001349,INV01349,2026-07-15,4503.59,Paid
PAY001350,INV01350,2026-06-28,6825520.8,Paid
PAY001351,INV01351,2026-07-17,16028.52,Paid
PAY001352,INV01352,2026-03-25,181525.58,Paid
PAY001353,INV01353,2026-06-14,389118.24,Paid
PAY001354,INV01354,2026-05-11,16721.26,Paid
PAY001355,INV01355,2026-08-26,750588.0,Paid
PAY001356,INV01356,2026-04-14,2943.1,Paid
PAY001357,INV01357,2026-04-30,23486.6,Paid
PAY001358,INV01358,2026-03-31,12454.66,Paid
PAY001359,INV01359,2026-05-08,760274.0,Paid
PAY001360,INV01360,2026-05-11,348506.5,Paid
PAY001361,INV01361,2026-04-15,580857.36,Paid
PAY001362,INV01362,2026-04-20,8238.26,Paid
PAY001363,INV01363,2026-08-18,489273.43,Paid
PAY001364,INV01364,2026-07-30,1657437.6,Paid
PAY001365,INV01365,2026-08-14,84088.7,Paid
PAY001366,INV01366,2026-07-17,36498.0,Paid
PAY001367,INV01367,2026-03-29,290849.16,Paid
PAY001368,INV01368,2026-06-08,3106989.2,Paid
PAY001369,INV01369,2026-05-18,171374.5,Paid
PAY001370,INV01370,2026-08-04,27432.8,Paid
PAY001371,INV01371,2026-03-14,63948.8,Paid
PAY001372,INV01372,2026-08-11,30630.6,Paid
PAY001373,INV01373,2026-04-06,14603.44,Paid
PAY001374,INV01374,2026-06-07,29926.26,Paid
PAY001375,INV01375,2026-05-11,1030790.88,Paid
PAY001376,INV01376,2026-06-18,62921.04,Paid
PAY001377,INV01377,2026-06-11,493297.5,Paid
PAY001378,INV01378,2026-03-20,270075.57,Paid
PAY001379,INV01379,2026-09-27,106530.9,Paid
PAY001380,INV01380,2026-03-17,176516.44,Paid
PAY001381,INV01381,2026-09-11,150117.03,Paid
PAY001382,INV01382,2026-03-05,392635.95,Paid
PAY001383,INV01383,2026-06-17,843927.53,Paid
PAY001384,INV01384,2026-05-08,19199.8,Paid
PAY001385,INV01385,2026-06-28,282976.0,Paid
PAY001386,INV01386,2026-01-30,13834.91,Paid
PAY001387,INV01387,2026-06-12,383158.65,Paid
PAY001388,INV01388,2026-07-07,2685.0,Paid
PAY001389,INV01389,2026-02-06,38150.5,Paid
PAY001390,INV01390,2026-04-14,37853.48,Paid
PAY001391,INV01391,2026-07-28,789880.35,Paid
PAY001392,INV01392,2026-03-05,494315.0,Paid
PAY001393,INV01393,2026-06-17,3081280.9,Paid
PAY001394,INV01394,2026-09-02,1591929.74,Paid
PAY001395,INV01395,2026-06-16,602.04,Paid
PAY001396,INV01396,2026-03-01,26004.2,Paid
PAY001397,INV01397,2026-04-03,2513.56,Paid
PAY001398,INV01398,2026-08-08,1237570.0,Paid
PAY001399,INV01399,2026-06-19,63761.21,Paid
PAY001400,INV01400,2026-10-17,28379.4,Paid
PAY001401,INV01401,2026-09-08,305954.25,Paid
PAY001402,INV01402,2026-08-14,569263.86,Paid
PAY001403,INV01403,2026-07-17,3078864.85,Paid
PAY001404,INV01404,2026-04-10,757724.8,Paid
PAY001405,INV01405,2026-08-31,64429.2,Paid
PAY001406,INV01406,2026-05-13,235375.77,Paid
PAY001407,INV01407,2026-04-17,462479.0,Paid
PAY001408,INV01408,2026-07-04,39057.38,Paid
PAY001409,INV01409,2026-09-01,5692.4,Paid
PAY001410,INV01410,2026-05-26,67875.02,Paid
PAY001411,INV01411,2026-04-30,135898.5,Paid
PAY001412,INV01412,2026-08-16,16782.26,Paid
PAY001413,INV01413,2026-08-09,40997.69,Paid
PAY001414,INV01414,2026-08-09,23562.91,Paid
PAY001415,INV01415,2026-09-07,503713.35,Paid
PAY001416,INV01416,2026-08-19,86632.22,Paid
PAY001417,INV01417,2026-03-04,7787.58,Paid
PAY001418,INV01418,2026-03-26,465705.0,Paid
PAY001419,INV01419,2026-07-18,233.4,Paid
PAY001420,INV01420,2026-09-21,179961.6,Paid
PAY001421,INV01421,2026-06-27,38352.27,Paid
PAY001422,INV01422,2026-06-16,25429.0,Paid
PAY001423,INV01423,2026-06-18,1997.34,Paid
PAY001424,INV01424,2026-06-29,17559.82,Paid
PAY001425,INV01425,2026-10-26,7252.95,Paid
PAY001426,INV01426,2026-05-15,583818.22,Paid
PAY001427,INV01427,2026-08-07,828391.86,Paid
PAY001428,INV01428,2026-04-03,48443.72,Paid
PAY001429,INV01429,2026-07-07,13335.0,Paid
PAY001430,INV01430,2026-06-12,54135.76,Paid
PAY001431,INV01431,2026-03-06,20665.34,Paid
PAY001432,INV01432,2026-06-05,17032.96,Paid
PAY001433,INV01433,2026-04-04,60496.7,Paid
PAY001434,INV01434,2026-05-17,1003416.75,Paid
PAY001435,INV01435,2026-04-07,7057.93,Paid
PAY001436,INV01436,2026-03-30,1230890.0,Paid
PAY001437,INV01437,2026-11-15,1113141.2,Paid
PAY001438,INV01438,2026-04-11,84272.16,Paid
PAY001439,INV01439,2026-05-16,158221.0,Paid
PAY001440,INV01440,2026-07-05,707505.75,Paid
PAY001441,INV01441,2026-05-20,8378.35,Paid
PAY001442,INV01442,2026-07-21,130970.0,Paid
PAY001443,INV01443,2026-07-20,919720.79,Paid
PAY001444,INV01444,2026-09-28,33895.26,Paid
PAY001445,INV01445,2026-05-30,25492.1,Paid
PAY001446,INV01446,2026-05-02,582.63,Paid
PAY001447,INV01447,2026-05-22,29855.24,Paid
PAY001448,INV01448,2026-04-13,22606.98,Paid
PAY001449,INV01449,2026-08-01,233.4,Paid
PAY001450,INV01450,2026-09-29,215943.2,Paid
PAY001451,INV01451,2026-08-15,123536.18,Paid
PAY001452,INV01452,2026-06-10,450057.3,Paid
PAY001453,INV01453,2026-04-11,28891.36,Paid
PAY001454,INV01454,2026-05-26,9636713.62,Paid
PAY001455,INV01455,2026-08-07,27303.08,Paid
PAY001456,INV01456,2026-06-06,650463.2,Paid
PAY001457,INV01457,2026-07-16,95487.0,Paid
PAY001458,INV01458,2026-07-16,23151.72,Paid
PAY001459,INV01459,2026-07-03,110795.0,Paid
PAY001460,INV01460,2026-07-12,7517.52,Paid
PAY001461,INV01461,2026-03-30,5475.68,Paid
PAY001462,INV01462,2026-08-20,741751.5,Paid
PAY001463,INV01463,2026-03-09,3211.31,Paid
PAY001464,INV01464,2026-06-08,492439.96,Paid
PAY001465,INV01465,2026-03-28,1691514.72,Paid
PAY001466,INV01466,2026-02-03,1576489.0,Paid
PAY001467,INV01467,2026-08-31,22718.74,Paid
PAY001468,INV01468,2026-04-14,518605.0,Paid
PAY001469,INV01469,2026-10-09,4852.2,Paid
PAY001470,INV01470,2026-07-18,383181.75,Paid
PAY001471,INV01471,2026-10-02,21919.11,Paid
PAY001472,INV01472,2026-06-02,221647.78,Paid
PAY001473,INV01473,2026-08-15,15352175.0,Paid
PAY001474,INV01474,2026-06-13,291193.91,Paid
PAY001475,INV01475,2026-05-06,31506.7,Paid
PAY001476,INV01476,2026-04-02,120456.53,Paid
PAY001477,INV01477,2026-06-03,68041.75,Paid
PAY001478,INV01478,2026-05-27,17448.28,Paid
PAY001479,INV01479,2026-09-02,1918927.8,Paid
PAY001480,INV01480,2026-07-16,17741.9,Paid
PAY001481,INV01481,2026-10-10,639883.91,Paid
PAY001482,INV01482,2026-09-22,1910938.4,Paid
PAY001483,INV01483,2026-06-01,3642342.5,Paid
PAY001484,INV01484,2026-05-02,47884.03,Paid
PAY001485,INV01485,2026-10-08,17780558.6,Paid
PAY001486,INV01486,2026-05-06,1192023.0,Paid
PAY001487,INV01487,2026-04-30,5203805.25,Paid
PAY001488,INV01488,2026-07-07,26866.14,Paid
PAY001489,INV01489,2026-08-02,37996.58,Paid
PAY001490,INV01490,2026-09-03,322638.96,Paid
PAY001491,INV01491,2026-05-14,621211.36,Paid
PAY001492,INV01492,2026-04-03,298083.0,Paid
PAY001493,INV01493,2026-07-14,9877.4,Paid
PAY001494,INV01494,2026-05-21,645865.5,Paid
PAY001495,INV01495,2026-05-27,39785.31,Paid
PAY001496,INV01496,2026-03-26,814954.35,Paid
PAY001497,INV01497,2026-02-28,2193.46,Paid
PAY001498,INV01498,2026-06-02,45312.0,Paid
PAY001499,INV01499,2026-09-26,52620.0,Paid
PAY001500,INV01500,2026-07-04,1100299.2,Paid
PAY001501,INV01501,2026-06-24,2090767.66,Paid
PAY001502,INV01502,2026-09-11,3003946.4,Paid
PAY001503,INV01503,2026-06-18,23223.9,Paid
PAY001504,INV01504,2026-06-04,109998.16,Paid
PAY001505,INV01505,2026-07-31,94305.13,Paid
PAY001506,INV01506,2026-03-18,1776032.75,Paid
PAY001507,INV01507,2026-04-30,174210.95,Paid
PAY001508,INV01508,2026-08-25,551.88,Paid
PAY001509,INV01509,2026-05-13,588863.07,Paid
PAY001510,INV01510,2026-05-23,52525.93,Paid
PAY001511,INV01511,2026-07-05,63991.3,Paid
PAY001512,INV01512,2026-03-27,6310291.9,Paid
PAY001513,INV01513,2026-04-05,55661.84,Paid
PAY001514,INV01514,2026-06-29,94305.13,Paid
PAY001515,INV01515,2026-07-14,2944.81,Paid
PAY001516,INV01516,2026-06-27,12660.01,Paid
PAY001517,INV01517,2026-07-02,356709.02,Paid
PAY001518,INV01518,2026-05-23,43626.0,Paid
PAY001519,INV01519,2026-04-20,12124.19,Paid
PAY001520,INV01520,2026-08-12,160903.9,Paid
PAY001521,INV01521,2026-03-21,189304.5,Paid
PAY001522,INV01522,2026-04-25,33110.39,Paid
PAY001523,INV01523,2026-08-05,210425.25,Paid
PAY001524,INV01524,2026-05-25,229386.0,Paid
PAY001525,INV01525,2026-05-03,191096.04,Paid
PAY001526,INV01526,2026-07-02,742904.4,Paid
PAY001527,INV01527,2026-08-06,3957.1,Paid
PAY001528,INV01528,2026-08-23,594669.6,Paid
PAY001529,INV01529,2026-06-02,551.88,Paid
PAY001530,INV01530,2026-02-20,32521.0,Paid
PAY001531,INV01531,2026-07-12,3311324.85,Paid
PAY001532,INV01532,2026-03-25,4544783.25,Paid
PAY001533,INV01533,2026-05-16,1339377.5,Paid
PAY001534,INV01534,2026-02-22,2119813.92,Paid
PAY001535,INV01535,2026-07-02,3535.92,Paid
PAY001536,INV01536,2026-07-28,18202.09,Paid
PAY001537,INV01537,2026-09-13,119979.57,Paid
PAY001538,INV01538,2026-06-13,3081280.9,Paid
PAY001539,INV01539,2026-05-20,102171.3,Paid
PAY001540,INV01540,2026-06-05,8801522.65,Paid
PAY001541,INV01541,2026-06-23,945977.76,Paid
PAY001542,INV01542,2026-06-18,596327.75,Paid
PAY001543,INV01543,2026-06-06,1871085.0,Paid
PAY001544,INV01544,2026-06-06,95647.0,Paid
PAY001545,INV01545,2026-05-09,554228.33,Paid
PAY001546,INV01546,2026-05-06,1600554.38,Paid
PAY001547,INV01547,2026-08-06,9326.11,Paid
PAY001548,INV01548,2026-08-20,1434.81,Paid
PAY001549,INV01549,2026-04-29,3135280.96,Paid
PAY001550,INV01550,2026-07-09,7517.52,Paid
PAY001551,INV01551,2026-09-06,663297.15,Paid
PAY001552,INV01552,2026-06-21,264835.2,Paid
PAY001553,INV01553,2026-05-25,36151.66,Paid
PAY001554,INV01554,2026-08-19,478815.75,Paid
PAY001555,INV01555,2026-07-27,7342.38,Paid
PAY001556,INV01556,2026-04-08,79964.94,Paid
PAY001557,INV01557,2026-09-15,4563.08,Paid
PAY001558,INV01558,2026-02-14,66422.5,Paid
PAY001559,INV01559,2026-03-28,29414.16,Paid
PAY001560,INV01560,2026-05-11,9241960.0,Paid
PAY001561,INV01561,2026-07-15,35032.03,Paid
PAY001562,INV01562,2026-05-21,15287.73,Paid
PAY001563,INV01563,2026-07-06,227587.5,Paid
PAY001564,INV01564,2026-06-12,40215.78,Paid
PAY001565,INV01565,2026-07-21,1851180.8,Paid
PAY001566,INV01566,2026-04-25,123127.69,Paid
PAY001567,INV01567,2026-08-06,15400.0,Paid
PAY001568,INV01568,2026-03-16,3543.48,Paid
PAY001569,INV01569,2026-03-18,1951012.0,Paid
PAY001570,INV01570,2026-05-26,438270.0,Paid
PAY001571,INV01571,2026-08-16,83469.12,Paid
PAY001572,INV01572,2026-05-14,189272.6,Paid
PAY001573,INV01573,2026-05-22,556161.14,Paid
PAY001574,INV01574,2026-09-20,1885324.0,Paid
PAY001575,INV01575,2026-09-07,182671.08,Paid
PAY001576,INV01576,2026-05-02,2170800.0,Paid
PAY001577,INV01577,2026-08-20,21620.14,Paid
PAY001578,INV01578,2026-02-21,4022891.4,Paid
PAY001579,INV01579,2026-02-24,24133.2,Paid
PAY001580,INV01580,2026-02-22,78367.34,Paid
PAY001581,INV01581,2026-08-19,210061.24,Paid
PAY001582,INV01582,2026-05-27,1507.48,Paid
PAY001583,INV01583,2026-05-30,3310.14,Paid
PAY001584,INV01584,2026-10-11,1104533.92,Paid
PAY001585,INV01585,2026-10-29,814557.45,Paid
PAY001586,INV01586,2026-07-23,8122.46,Paid
PAY001587,INV01587,2026-03-13,6483625.05,Paid
PAY001588,INV01588,2026-06-26,230246.1,Paid
PAY001589,INV01589,2026-06-22,9143.48,Paid
PAY001590,INV01590,2026-09-28,7425.92,Paid
PAY001591,INV01591,2026-07-15,28098.95,Paid
PAY001592,INV01592,2026-04-17,23470.0,Paid
PAY001593,INV01593,2026-09-10,3126.39,Paid
PAY001594,INV01594,2026-09-19,30137.63,Paid
PAY001595,INV01595,2026-07-19,10761900.0,Paid
PAY001596,INV01596,2026-05-29,1355442.0,Paid
PAY001597,INV01597,2026-07-16,1289544.38,Paid
PAY001598,INV01598,2026-03-09,5913.78,Paid
PAY001599,INV01599,2026-07-27,42101.36,Paid
PAY001600,INV01600,2026-04-25,9053.1,Paid
PAY001601,INV01601,2026-08-28,1277800.0,Paid
PAY001602,INV01602,2026-05-19,4159.47,Paid
PAY001603,INV01603,2026-10-10,66730.94,Paid
PAY001604,INV01604,2026-07-28,3868900.88,Paid
PAY001605,INV01605,2026-05-21,77783.36,Paid
PAY001606,INV01606,2026-07-20,41636.23,Paid
PAY001607,INV01607,2026-05-12,1202041.22,Paid
PAY001608,INV01608,2026-03-31,35006.7,Paid
PAY001609,INV01609,2026-06-23,4984.17,Paid
PAY001610,INV01610,2026-05-23,476641.2,Paid
PAY001611,INV01611,2026-09-28,75530.15,Paid
PAY001612,INV01612,2026-03-12,12776.35,Paid
PAY001613,INV01613,2026-08-01,499805.04,Paid
PAY001614,INV01614,2026-07-28,5282.54,Paid
PAY001615,INV01615,2026-01-28,18509.69,Paid
PAY001616,INV01616,2026-05-05,152779.4,Paid
PAY001617,INV01617,2026-10-16,8285.98,Paid
PAY001618,INV01618,2026-07-09,9379.9,Paid
PAY001619,INV01619,2026-06-03,299592.0,Paid
PAY001620,INV01620,2026-03-13,39660.27,Paid
PAY001621,INV01621,2026-04-14,41232.9,Paid
PAY001622,INV01622,2026-10-18,6358.37,Paid
PAY001623,INV01623,2026-04-16,68772.48,Paid
PAY001624,INV01624,2026-08-06,322592.18,Paid
PAY001625,INV01625,2026-09-06,64725.05,Paid
PAY001626,INV01626,2026-07-26,27303.08,Paid
PAY001627,INV01627,2026-05-04,129651.4,Paid
PAY001628,INV01628,2026-03-14,412918.02,Paid
PAY001629,INV01629,2026-05-02,2230567.57,Paid
PAY001630,INV01630,2026-08-05,10955.39,Paid
PAY001631,INV01631,2026-05-13,15581.9,Paid
PAY001632,INV01632,2026-08-21,1554795.2,Paid
PAY001633,INV01633,2026-05-15,751180.92,Paid
PAY001634,INV01634,2026-07-30,28521.1,Paid
PAY001635,INV01635,2026-04-12,25678.6,Paid
PAY001636,INV01636,2026-07-23,404005.56,Paid
PAY001637,INV01637,2026-09-07,59629.5,Paid
PAY001638,INV01638,2026-04-25,14365.74,Paid
PAY001639,INV01639,2026-08-10,75253.71,Paid
PAY001640,INV01640,2026-05-11,13916.57,Paid
PAY001641,INV01641,2026-05-08,51944.26,Paid
PAY001642,INV01642,2026-08-21,197401.79,Paid
PAY001643,INV01643,2026-04-08,35507.81,Paid
PAY001644,INV01644,2026-08-04,233.4,Paid
PAY001645,INV01645,2026-09-27,5778295.0,Paid
PAY001646,INV01646,2026-09-16,233.4,Paid
PAY001647,INV01647,2026-09-10,197219.3,Paid
PAY001648,INV01648,2026-05-22,14088.06,Paid
PAY001649,INV01649,2026-03-03,2116164.8,Paid
PAY001650,INV01650,2026-06-14,11432.96,Paid
PAY001651,INV01651,2026-05-17,501021.15,Paid
PAY001652,INV01652,2026-07-05,395093.48,Paid
PAY001653,INV01653,2026-04-03,1029044.62,Paid
PAY001654,INV01654,2026-05-18,14007.35,Paid
PAY001655,INV01655,2026-07-03,3106989.2,Paid
PAY001656,INV01656,2026-05-22,8150.58,Paid
PAY001657,INV01657,2026-06-27,13128.86,Paid
PAY001658,INV01658,2026-06-09,3489.17,Paid
PAY001659,INV01659,2026-06-28,172011.17,Paid
PAY001660,INV01660,2026-06-09,2533710.0,Paid
PAY001661,INV01661,2026-03-23,5437398.75,Paid
PAY001662,INV01662,2026-05-03,2353165.5,Paid
PAY001663,INV01663,2026-03-07,6810.08,Paid
PAY001664,INV01664,2026-03-26,54413.15,Paid
PAY001665,INV01665,2026-08-27,28881.68,Paid
PAY001666,INV01666,2026-10-07,304006.5,Paid
PAY001667,INV01667,2026-06-09,766356.15,Paid
PAY001668,INV01668,2026-04-28,3964.17,Paid
PAY001669,INV01669,2026-08-15,585474.75,Paid
PAY001670,INV01670,2026-03-01,185040.0,Paid
PAY001671,INV01671,2026-10-18,7550.73,Paid
PAY001672,INV01672,2026-05-21,1821291.68,Paid
PAY001673,INV01673,2026-05-13,115158.56,Paid
PAY001674,INV01674,2026-06-29,924488.25,Paid
PAY001675,INV01675,2026-09-19,766688.47,Paid
PAY001676,INV01676,2026-09-19,11181.61,Paid
PAY001677,INV01677,2026-06-22,2697.49,Paid
PAY001678,INV01678,2026-08-09,401175.94,Paid
PAY001679,INV01679,2026-06-14,679369.04,Paid
PAY001680,INV01680,2026-03-27,2883666.3,Paid
PAY001681,INV01681,2026-09-19,269008.95,Paid
PAY001682,INV01682,2026-04-23,100582.72,Paid
PAY001683,INV01683,2026-06-07,3597171.2,Paid
PAY001684,INV01684,2026-10-05,10922.74,Paid
PAY001685,INV01685,2026-03-04,136836.34,Paid
PAY001686,INV01686,2026-08-13,2420784.8,Paid
PAY001687,INV01687,2026-06-05,357431.55,Paid
PAY001688,INV01688,2026-05-27,3820.76,Paid
PAY001689,INV01689,2026-03-28,178092.68,Paid
PAY001690,INV01690,2026-07-26,9567678.75,Paid
PAY001691,INV01691,2026-04-03,109121.09,Paid
PAY001692,INV01692,2026-05-21,1601416.32,Paid
PAY001693,INV01693,2026-08-29,155865.15,Paid
PAY001694,INV01694,2026-07-29,121896.43,Paid
PAY001695,INV01695,2026-04-29,12834.96,Paid
PAY001696,INV01696,2026-11-28,29629.0,Paid
PAY001697,INV01697,2026-07-02,43556.4,Paid
PAY001698,INV01698,2026-07-09,2524.04,Paid
PAY001699,INV01699,2026-08-27,41636.23,Paid
PAY001700,INV01700,2026-04-20,282074.31,Paid
PAY001701,INV01701,2026-08-12,65171.93,Paid
PAY001702,INV01702,2026-08-08,1233000.0,Paid
PAY001703,INV01703,2026-06-10,36890.0,Paid
PAY001704,INV01704,2026-04-23,37441.8,Paid
PAY001705,INV01705,2026-09-14,3261.44,Paid
PAY001706,INV01706,2026-06-15,22719.48,Paid
PAY001707,INV01707,2026-03-22,7789.16,Paid
PAY001708,INV01708,2026-03-28,76095.87,Paid
PAY001709,INV01709,2026-07-22,4241.47,Paid
PAY001710,INV01710,2026-03-09,1378224.75,Paid
PAY001711,INV01711,2026-09-02,161206.88,Paid
PAY001712,INV01712,2026-08-03,25993.95,Paid
PAY001713,INV01713,2026-10-03,14580.85,Paid
PAY001714,INV01714,2026-07-01,163989.21,Paid
PAY001715,INV01715,2026-09-09,250142.3,Paid
PAY001716,INV01716,2026-03-11,11736.93,Paid
PAY001717,INV01717,2026-03-02,916262.55,Paid
PAY001718,INV01718,2026-06-12,15069.54,Paid
PAY001719,INV01719,2026-04-03,985960.0,Paid
PAY001720,INV01720,2026-08-06,2243550.4,Paid
PAY001721,INV01721,2026-10-08,35552.93,Paid
PAY001722,INV01722,2026-06-03,95411.45,Paid
PAY001723,INV01723,2026-07-05,3392.15,Paid
PAY001724,INV01724,2026-11-07,394427.04,Paid
PAY001725,INV01725,2026-07-01,11664.04,Paid
PAY001726,INV01726,2026-07-08,1026051.0,Paid
PAY001727,INV01727,2026-04-27,2170800.0,Paid
PAY001728,INV01728,2026-07-08,1784850.0,Paid
PAY001729,INV01729,2026-09-11,2656.16,Paid
PAY001730,INV01730,2026-08-26,139628.16,Paid
PAY001731,INV01731,2026-03-31,9615.1,Paid
PAY001732,INV01732,2026-04-07,334805.62,Paid
PAY001733,INV01733,2026-08-20,37206.96,Paid
PAY001734,INV01734,2026-06-22,930.95,Paid
PAY001735,INV01735,2026-09-10,16999.98,Paid
PAY001736,INV01736,2026-09-13,21919.11,Paid
PAY001737,INV01737,2026-06-20,2844.08,Paid
PAY001738,INV01738,2026-08-13,409848.88,Paid
PAY001739,INV01739,2026-07-24,197515.5,Paid
PAY001740,INV01740,2026-06-30,10955.39,Paid
PAY001741,INV01741,2026-04-07,3246.71,Paid
PAY001742,INV01742,2026-09-25,1859220.3,Paid
PAY001743,INV01743,2026-05-05,3458.16,Paid
PAY001744,INV01744,2026-07-07,5273593.5,Paid
PAY001745,INV01745,2026-04-28,5939.24,Paid
PAY001746,INV01746,2026-09-24,8956748.7,Paid
PAY001747,INV01747,2026-08-25,11178.8,Paid
PAY001748,INV01748,2026-06-26,1785.57,Paid
PAY001749,INV01749,2026-05-12,102556.94,Paid
PAY001750,INV01750,2026-07-23,215694.36,Paid
PAY001751,INV01751,2026-09-18,71326.75,Paid
PAY001752,INV01752,2026-02-08,8031.08,Paid
PAY001753,INV01753,2026-02-25,523430.0,Paid
PAY001754,INV01754,2026-03-15,12196.38,Paid
PAY001755,INV01755,2026-05-02,692664.0,Paid
PAY001756,INV01756,2026-04-10,5765.44,Paid
PAY001757,INV01757,2026-06-28,4965.53,Paid
PAY001758,INV01758,2026-07-20,1788.94,Paid
PAY001759,INV01759,2026-04-16,616254.5,Paid
PAY001760,INV01760,2026-05-15,62477.46,Paid
PAY001761,INV01761,2026-09-28,29918.7,Paid
PAY001762,INV01762,2026-08-21,1885.42,Paid
PAY001763,INV01763,2026-02-27,64411.2,Paid
PAY001764,INV01764,2026-10-04,63937.12,Paid
PAY001765,INV01765,2026-08-11,606.57,Paid
PAY001766,INV01766,2026-08-04,51627.0,Paid
PAY001767,INV01767,2026-09-06,26760.61,Paid
PAY001768,INV01768,2026-08-23,160943.0,Paid
PAY001769,INV01769,2026-05-14,20238.27,Paid
PAY001770,INV01770,2026-10-23,3126.39,Paid
PAY001771,INV01771,2026-03-26,2193.46,Paid
PAY001772,INV01772,2026-03-12,12124.19,Paid
PAY001773,INV01773,2026-09-06,6038295.2,Paid
PAY001774,INV01774,2026-06-06,4941.28,Paid
PAY001775,INV01775,2026-04-14,2398.93,Paid
PAY001776,INV01776,2026-05-30,489953.7,Paid
PAY001777,INV01777,2026-03-17,1019855.2,Paid
PAY001778,INV01778,2026-04-11,102868.6,Paid
PAY001779,INV01779,2026-04-10,8324400.0,Paid
PAY001780,INV01780,2026-07-07,367578.02,Paid
PAY001781,INV01781,2026-06-08,11937.18,Paid
PAY001782,INV01782,2026-05-05,166038.3,Paid
PAY001783,INV01783,2026-08-21,34902.53,Paid
PAY001784,INV01784,2026-03-27,44154.23,Paid
PAY001785,INV01785,2026-07-16,2516532.5,Paid
PAY001786,INV01786,2026-05-23,17617.58,Paid
PAY001787,INV01787,2026-07-23,404005.56,Paid
PAY001788,INV01788,2026-06-27,378242.6,Paid
PAY001789,INV01789,2026-06-21,450.76,Paid
PAY001790,INV01790,2026-08-19,87191.6,Paid
PAY001791,INV01791,2026-08-22,709908.64,Paid
PAY001792,INV01792,2026-08-13,37990.16,Paid
PAY001793,INV01793,2026-06-22,842063.93,Paid
PAY001794,INV01794,2026-07-31,19450.55,Paid
PAY001795,INV01795,2026-08-03,128526.83,Paid
PAY001796,INV01796,2026-05-22,1124948.87,Paid
PAY001797,INV01797,2026-09-02,29157.2,Paid
PAY001798,INV01798,2026-04-16,79964.94,Paid
PAY001799,INV01799,2026-06-28,78142.58,Paid
PAY001800,INV01800,2026-06-07,63705.15,Paid
PAY001801,INV01801,2026-06-22,70218.33,Paid
PAY001802,INV01802,2026-03-29,272414.8,Paid
PAY001803,INV01803,2026-06-21,82036.55,Paid
PAY001804,INV01804,2026-03-08,43708.22,Paid
PAY001805,INV01805,2026-08-28,16339.0,Paid
PAY001806,INV01806,2026-05-16,7148.11,Paid
PAY001807,INV01807,2026-06-27,9077.0,Paid
PAY001808,INV01808,2026-08-04,435722.43,Paid
PAY001809,INV01809,2026-04-23,3696425.0,Paid
PAY001810,INV01810,2026-06-08,37441.8,Paid
PAY001811,INV01811,2026-03-14,658306.95,Paid
PAY001812,INV01812,2026-03-21,21967.46,Paid
PAY001813,INV01813,2026-03-11,48736.43,Paid
PAY001814,INV01814,2026-07-25,7675438.4,Paid
PAY001815,INV01815,2026-04-27,11968.4,Paid
PAY001816,INV01816,2026-06-13,1882315.0,Paid
PAY001817,INV01817,2026-07-27,503798.64,Paid
PAY001818,INV01818,2026-08-01,8735250.0,Paid
PAY001819,INV01819,2026-08-12,172011.17,Paid
PAY001820,INV01820,2026-07-31,1939754.25,Paid
PAY001821,INV01821,2026-05-12,1202041.22,Paid
PAY001822,INV01822,2026-07-03,9053.26,Paid
PAY001823,INV01823,2026-07-28,22407.85,Paid
PAY001824,INV01824,2026-06-27,2244.61,Paid
PAY001825,INV01825,2026-08-22,5442.18,Paid
PAY001826,INV01826,2026-05-17,63761.21,Paid
PAY001827,INV01827,2026-08-31,37007.78,Paid
PAY001828,INV01828,2026-04-30,34113.5,Paid
PAY001829,INV01829,2026-05-02,37652.5,Paid
PAY001830,INV01830,2026-04-10,7613.65,Paid
PAY001831,INV01831,2026-04-18,4498.95,Paid
PAY001832,INV01832,2026-06-14,52511.65,Paid
PAY001833,INV01833,2026-03-10,475093.5,Paid
PAY001834,INV01834,2026-06-06,940225.0,Paid
PAY001835,INV01835,2026-07-22,2636870.0,Paid
PAY001836,INV01836,2026-07-30,17559.82,Paid
PAY001837,INV01837,2026-04-17,6658.44,Paid
PAY001838,INV01838,2026-03-16,8739.0,Paid
PAY001839,INV01839,2026-06-01,247070.88,Paid
PAY001840,INV01840,2026-03-24,825843.2,Paid
PAY001841,INV01841,2026-06-25,1218775.04,Paid
PAY001842,INV01842,2026-08-17,36498.0,Paid
PAY001843,INV01843,2026-05-22,869.85,Paid
PAY001844,INV01844,2026-07-28,5692.4,Paid
PAY001845,INV01845,2026-07-09,2049.5,Paid
PAY001846,INV01846,2026-02-07,174348.0,Paid
PAY001847,INV01847,2026-08-08,1042754.2,Paid
PAY001848,INV01848,2026-07-05,34646.83,Paid
PAY001849,INV01849,2026-06-26,81977.84,Paid
PAY001850,INV01850,2026-05-05,1121339.62,Paid
PAY001851,INV01851,2026-08-09,63295.9,Paid
PAY001852,INV01852,2026-07-28,14065.54,Paid
PAY001853,INV01853,2026-06-26,4345847.52,Paid
PAY001854,INV01854,2026-06-28,13340.01,Paid
PAY001855,INV01855,2026-05-27,61356.75,Paid
PAY001856,INV01856,2026-06-09,26866.14,Paid
PAY001857,INV01857,2026-07-13,22208.0,Paid
PAY001858,INV01858,2026-03-04,3096.9,Paid
PAY001859,INV01859,2026-03-23,26191.65,Paid
PAY001860,INV01860,2026-08-08,2232804.0,Paid
PAY001861,INV01861,2026-04-22,14687.59,Paid
PAY001862,INV01862,2026-09-20,86632.22,Paid
PAY001863,INV01863,2026-04-06,44298.69,Paid
PAY001864,INV01864,2026-09-10,88907.1,Paid
PAY001865,INV01865,2026-02-15,9646.04,Paid
PAY001866,INV01866,2026-04-11,168154.13,Paid
PAY001867,INV01867,2026-10-26,100041.58,Paid
PAY001868,INV01868,2026-05-21,11535.09,Paid
PAY001869,INV01869,2026-05-01,3056.13,Paid
PAY001870,INV01870,2026-02-03,331638.72,Paid
PAY001871,INV01871,2026-05-12,25243.1,Paid
PAY001872,INV01872,2026-03-15,19479405.0,Paid
PAY001873,INV01873,2026-08-07,95647.0,Paid
PAY001874,INV01874,2026-07-11,995.8,Paid
PAY001875,INV01875,2026-05-21,1842.56,Paid
PAY001876,INV01876,2026-05-06,213188.59,Paid
PAY001877,INV01877,2026-04-10,5720262.4,Paid
PAY001878,INV01878,2026-09-30,83397.26,Paid
PAY001879,INV01879,2026-08-14,2146036.5,Paid
PAY001880,INV01880,2026-03-24,263384.0,Paid
PAY001881,INV01881,2026-03-09,144763.11,Paid
PAY001882,INV01882,2026-08-09,2005950.98,Paid
PAY001883,INV01883,2026-07-24,348480.72,Paid
PAY001884,INV01884,2026-04-14,2015.44,Paid
PAY001885,INV01885,2026-04-02,119449.58,Paid
PAY001886,INV01886,2026-03-07,10996.18,Paid
PAY001887,INV01887,2026-07-26,9460.9,Paid
PAY001888,INV01888,2026-06-23,18006.08,Paid
PAY001889,INV01889,2026-03-31,17581.54,Paid
PAY001890,INV01890,2026-05-04,185609.55,Paid
PAY001891,INV01891,2026-06-13,5674177.5,Paid
PAY001892,INV01892,2026-06-19,366440.0,Paid
PAY001893,INV01893,2026-07-28,336834.5,Paid
PAY001894,INV01894,2026-02-22,2346516.38,Paid
PAY001895,INV01895,2026-06-10,163392.18,Paid
PAY001896,INV01896,2026-05-21,192693.2,Paid
PAY001897,INV01897,2026-04-04,142534.56,Paid
PAY001898,INV01898,2026-06-19,2226.95,Paid
PAY001899,INV01899,2026-09-01,368918.15,Paid
PAY001900,INV01900,2026-08-19,384673.0,Paid
PAY001901,INV01901,2026-08-26,9007006.4,Paid
PAY001902,INV01902,2026-09-29,1026.72,Paid
PAY001903,INV01903,2026-06-04,52784.97,Paid
PAY001904,INV01904,2026-05-31,95829.75,Paid
PAY001905,INV01905,2026-04-16,77529.0,Paid
PAY001906,INV01906,2026-08-05,140747.0,Paid
PAY001907,INV01907,2026-06-13,3545.7,Paid
PAY001908,INV01908,2026-07-25,3503.16,Paid
PAY001909,INV01909,2026-05-18,109179.32,Paid
PAY001910,INV01910,2026-08-16,52599.12,Paid
PAY001911,INV01911,2026-06-05,2958535.0,Paid
PAY001912,INV01912,2026-05-09,17156.33,Paid
PAY001913,INV01913,2026-06-19,1085302.4,Paid
PAY001914,INV01914,2026-07-27,4998490.0,Paid
PAY001915,INV01915,2026-05-27,733622.52,Paid
PAY001916,INV01916,2026-05-28,342552.5,Paid
PAY001917,INV01917,2026-03-30,21810.01,Paid
PAY001918,INV01918,2026-07-31,930.95,Paid
PAY001919,INV01919,2026-03-26,7813.4,Paid
PAY001920,INV01920,2026-06-06,2079.63,Paid
PAY001921,INV01921,2026-08-16,14900.03,Paid
PAY001922,INV01922,2026-07-07,11663153.25,Paid
PAY001923,INV01923,2026-04-24,42296.13,Paid
PAY001924,INV01924,2026-03-16,6300.92,Paid
PAY001925,INV01925,2026-07-18,611949.41,Paid
PAY001926,INV01926,2026-05-02,78337.19,Paid
PAY001927,INV01927,2026-07-26,191530.3,Paid
PAY001928,INV01928,2026-03-02,3716900.25,Paid
PAY001929,INV01929,2026-03-28,30952.53,Paid
PAY001930,INV01930,2026-06-16,20676.24,Paid
PAY001931,INV01931,2026-03-04,31152.49,Paid
PAY001932,INV01932,2026-04-21,2633689.2,Paid
PAY001933,INV01933,2026-07-05,778052.0,Paid
PAY001934,INV01934,2026-10-14,13722.91,Paid
PAY001935,INV01935,2026-08-05,18937.64,Paid
PAY001936,INV01936,2026-08-02,1856989.58,Paid
PAY001937,INV01937,2026-05-20,111316.8,Paid
PAY001938,INV01938,2026-05-16,1837614.0,Paid
PAY001939,INV01939,2026-04-23,654.95,Paid
PAY001940,INV01940,2026-09-30,76922.37,Paid
PAY001941,INV01941,2026-08-04,1086397.0,Paid
PAY001942,INV01942,2026-08-21,766688.47,Paid
PAY001943,INV01943,2026-07-14,9865.27,Paid
PAY001944,INV01944,2026-10-21,358442.0,Paid
PAY001945,INV01945,2026-05-09,3211.31,Paid
PAY001946,INV01946,2026-06-30,69922.4,Paid
PAY001947,INV01947,2026-08-12,23151.74,Paid
PAY001948,INV01948,2026-06-26,560374.5,Paid
PAY001949,INV01949,2026-04-26,290326.18,Paid
PAY001950,INV01950,2026-09-29,766688.47,Paid
PAY001951,INV01951,2026-05-20,5990.51,Paid
PAY001952,INV01952,2026-08-16,2853.8,Paid
PAY001953,INV01953,2026-05-26,401329.95,Paid
PAY001954,INV01954,2026-07-18,401329.95,Paid
PAY001955,INV01955,2026-05-31,1038764.62,Paid
PAY001956,INV01956,2026-03-21,362321.92,Paid
PAY001957,INV01957,2026-07-25,24653.88,Paid
PAY001958,INV01958,2026-07-20,1515.66,Paid
PAY001959,INV01959,2026-06-07,311922.2,Paid
PAY001960,INV01960,2026-07-02,15486.5,Paid
PAY001961,INV01961,2026-07-11,506786.4,Paid
PAY001962,INV01962,2026-11-24,196747.21,Paid
PAY001963,INV01963,2026-08-06,47702.0,Paid
PAY001964,INV01964,2026-10-14,2236799.6,Paid
PAY001965,INV01965,2026-07-02,291193.91,Paid
PAY001966,INV01966,2026-06-21,10010.39,Paid
PAY001967,INV01967,2026-07-18,16999.98,Paid
PAY001968,INV01968,2026-06-15,1215466.08,Paid
PAY001969,INV01969,2026-08-06,28283.52,Paid
PAY001970,INV01970,2026-04-29,13868.09,Paid
PAY001971,INV01971,2026-05-03,10326957.38,Paid
PAY001972,INV01972,2026-05-09,157392.27,Paid
PAY001973,INV01973,2026-04-11,2286093.6,Paid
PAY001974,INV01974,2026-05-13,2426.22,Paid
PAY001975,INV01975,2026-09-06,219137.2,Paid
PAY001976,INV01976,2026-06-18,3804.89,Paid
PAY001977,INV01977,2026-04-22,2844.08,Paid
PAY001978,INV01978,2026-09-11,121361.74,Paid
PAY001979,INV01979,2026-03-02,407746.0,Paid
PAY001980,INV01980,2026-08-03,2384.16,Paid
PAY001981,INV01981,2026-08-02,535737.7,Paid
PAY001982,INV01982,2026-09-13,206342.02,Paid
PAY001983,INV01983,2026-07-01,780685.5,Paid
PAY001984,INV01984,2026-02-21,37853.48,Paid
PAY001985,INV01985,2026-03-28,6681.2,Paid
PAY001986,INV01986,2026-06-04,62246.1,Paid
PAY001987,INV01987,2026-09-03,291193.91,Paid
PAY001988,INV01988,2026-08-27,4019567.5,Paid
PAY001989,INV01989,2026-04-23,678.03,Paid
PAY001990,INV01990,2026-04-11,16504.48,Paid
PAY001991,INV01991,2026-06-09,533072.08,Paid
PAY001992,INV01992,2026-07-15,58106.98,Paid
PAY001993,INV01993,2026-07-27,604750.94,Paid
PAY001994,INV01994,2026-06-08,985.13,Paid
PAY001995,INV01995,2026-03-06,36002.56,Paid
PAY001996,INV01996,2026-06-01,3106989.2,Paid
PAY001997,INV01997,2026-09-07,1459421.6,Paid
PAY001998,INV01998,2026-09-11,5425.62,Paid
PAY001999,INV01999,2026-03-20,396069.0,Paid
PAY002000,INV02000,2026-05-06,163989.21,Paid
PAY002001,INV02001,2026-04-01,1107044.96,Paid
PAY002002,INV02002,2026-08-07,2524.04,Paid
PAY002003,INV02003,2026-04-09,35782.08,Paid
PAY002004,INV02004,2026-06-26,416240.0,Paid
PAY002005,INV02005,2026-04-24,1889357.5,Paid
PAY002006,INV02006,2026-06-06,3585.95,Paid
PAY002007,INV02007,2026-08-02,12203.52,Paid
PAY002008,INV02008,2026-09-12,450129.75,Paid
PAY002009,INV02009,2026-05-20,6341.79,Paid
PAY002010,INV02010,2026-03-27,13834.91,Paid
PAY002011,INV02011,2026-08-03,86894.7,Paid
PAY002012,INV02012,2026-06-17,318246.66,Paid
PAY002013,INV02013,2026-09-20,38492.38,Paid
PAY002014,INV02014,2026-03-04,28581.28,Paid
PAY002015,INV02015,2026-10-14,3344.92,Paid
PAY002016,INV02016,2026-06-20,20083900.9,Paid
PAY002017,INV02017,2026-04-26,26522.01,Paid
PAY002018,INV02018,2026-10-16,357601.12,Paid
PAY002019,INV02019,2026-04-04,13233.1,Paid
PAY002020,INV02020,2026-05-21,67615.3,Paid
PAY002021,INV02021,2026-04-29,288792.0,Paid
PAY002022,INV02022,2026-04-24,339800.2,Paid
PAY002023,INV02023,2026-03-26,2346516.38,Paid
PAY002024,INV02024,2026-08-09,3546.63,Paid
PAY002025,INV02025,2026-04-08,57079.2,Paid
PAY002026,INV02026,2026-05-29,3686.86,Paid
PAY002027,INV02027,2026-08-17,1837580.85,Paid
PAY002028,INV02028,2026-08-27,3431423.48,Paid
PAY002029,INV02029,2026-08-04,473970.0,Paid
PAY002030,INV02030,2026-08-14,173710.95,Paid
PAY002031,INV02031,2026-07-14,187654.0,Paid
PAY002032,INV02032,2026-09-09,14914824.75,Paid
PAY002033,INV02033,2026-03-02,12820422.7,Paid
PAY002034,INV02034,2026-06-20,2715420.0,Paid
PAY002035,INV02035,2026-03-22,45717.63,Paid
PAY002036,INV02036,2026-09-28,245238.21,Paid
PAY002037,INV02037,2026-08-19,12872648.25,Paid
PAY002038,INV02038,2026-07-10,79480.55,Paid
PAY002039,INV02039,2026-07-03,171987.2,Paid
PAY002040,INV02040,2026-03-23,2068197.21,Paid
PAY002041,INV02041,2026-09-20,1508.68,Paid
PAY002042,INV02042,2026-05-30,17203.0,Paid
PAY002043,INV02043,2026-03-29,36744.43,Paid
PAY002044,INV02044,2026-04-24,71385.83,Paid
PAY002045,INV02045,2026-07-07,6099.87,Paid
PAY002046,INV02046,2026-04-10,2013855.76,Paid
PAY002047,INV02047,2026-03-15,11169.65,Paid
PAY002048,INV02048,2026-06-04,801633.0,Paid
PAY002049,INV02049,2026-06-21,60084.19,Paid
PAY002050,INV02050,2026-08-12,9166012.8,Paid
PAY002051,INV02051,2026-07-24,279886.56,Paid
PAY002052,INV02052,2026-06-19,20074.29,Paid
PAY002053,INV02053,2026-06-11,16636.31,Paid
PAY002054,INV02054,2026-02-25,1221842.8,Paid
PAY002055,INV02055,2026-06-13,146127.07,Paid
PAY002056,INV02056,2026-05-01,1511932.5,Paid
PAY002057,INV02057,2026-03-30,45040.43,Paid
PAY002058,INV02058,2026-05-19,9757.77,Paid
PAY002059,INV02059,2026-04-30,647186.4,Paid
PAY002060,INV02060,2026-06-10,4439.03,Paid
PAY002061,INV02061,2026-03-21,535017.5,Paid
PAY002062,INV02062,2026-08-09,5752666.5,Paid
PAY002063,INV02063,2026-05-04,11009.44,Paid
PAY002064,INV02064,2026-10-05,4415818.4,Paid
PAY002065,INV02065,2026-10-04,79992.36,Paid
PAY002066,INV02066,2026-07-31,333978.4,Paid
PAY002067,INV02067,2026-07-16,1706676.0,Paid
PAY002068,INV02068,2026-07-06,143022.21,Paid
PAY002069,INV02069,2026-05-17,9786.97,Paid
PAY002070,INV02070,2026-04-17,170015.6,Paid
PAY002071,INV02071,2026-04-23,1193748.0,Paid
PAY002072,INV02072,2026-10-13,7025.09,Paid
PAY002073,INV02073,2026-10-16,1634.33,Paid
PAY002074,INV02074,2026-06-16,338898.0,Paid
PAY002075,INV02075,2026-02-27,33110.39,Paid
PAY002076,INV02076,2026-06-28,87878.38,Paid
PAY002077,INV02077,2026-08-25,7680.73,Paid
PAY002078,INV02078,2026-05-14,68687.8,Paid
PAY002079,INV02079,2026-03-04,985960.0,Paid
PAY002080,INV02080,2026-08-27,1341908.4,Paid
PAY002081,INV02081,2026-06-11,1937.96,Paid
PAY002082,INV02082,2026-04-27,100246.16,Paid
PAY002083,INV02083,2026-07-20,7148.11,Paid
PAY002084,INV02084,2026-06-27,392.84,Paid
PAY002085,INV02085,2026-04-24,1087406.0,Paid
PAY002086,INV02086,2026-06-29,36890.0,Paid
PAY002087,INV02087,2026-08-04,909778.8,Paid
PAY002088,INV02088,2026-06-13,40827.14,Paid
PAY002089,INV02089,2026-07-11,2444442.0,Paid
PAY002090,INV02090,2026-08-14,1552871.25,Paid
PAY002091,INV02091,2026-08-28,3946.91,Paid
PAY002092,INV02092,2026-04-18,23733.66,Paid
PAY002093,INV02093,2026-10-26,13109.35,Paid
PAY002094,INV02094,2026-04-11,5753.03,Paid
PAY002095,INV02095,2026-07-02,562408.06,Paid
PAY002096,INV02096,2026-04-10,163982.28,Paid
PAY002097,INV02097,2026-07-29,6106700.6,Paid
PAY002098,INV02098,2026-11-02,9511.68,Paid
PAY002099,INV02099,2026-06-15,27847.16,Paid
PAY002100,INV02100,2026-08-08,159098.52,Paid
PAY002101,INV02101,2026-03-30,1342017.6,Paid
PAY002102,INV02102,2026-02-27,28247.62,Paid
PAY002103,INV02103,2026-04-04,1949865.0,Paid
PAY002104,INV02104,2026-08-16,409722.88,Paid
PAY002105,INV02105,2026-03-19,2193.46,Paid
PAY002106,INV02106,2026-07-27,174241.54,Paid
PAY002107,INV02107,2026-02-25,8193.4,Paid
PAY002108,INV02108,2026-03-17,760274.0,Paid
PAY002109,INV02109,2026-03-21,651397.5,Paid
PAY002110,INV02110,2026-10-02,1038906.4,Paid
PAY002111,INV02111,2026-07-26,607508.25,Paid
PAY002112,INV02112,2026-09-01,3701840.0,Paid
PAY002113,INV02113,2026-08-13,16734.35,Paid
PAY002114,INV02114,2026-10-02,83153.77,Paid
PAY002115,INV02115,2026-08-11,2128.82,Paid
PAY002116,INV02116,2026-05-24,61282.8,Paid
PAY002117,INV02117,2026-07-01,6036.77,Paid
PAY002118,INV02118,2026-04-02,10413.87,Paid
PAY002119,INV02119,2026-07-25,156196.32,Paid
PAY002120,INV02120,2026-03-31,13976.5,Paid
PAY002121,INV02121,2026-06-05,1507.48,Paid
PAY002122,INV02122,2026-07-20,308863.52,Paid
PAY002123,INV02123,2026-08-25,19539.55,Paid
PAY002124,INV02124,2026-06-28,43556.4,Paid
PAY002125,INV02125,2026-06-19,54738.82,Paid
PAY002126,INV02126,2026-06-25,27895.13,Paid
PAY002127,INV02127,2026-05-27,74444.55,Paid
PAY002128,INV02128,2026-02-02,2225.05,Paid
PAY002129,INV02129,2026-08-31,3674.98,Paid
PAY002130,INV02130,2026-06-18,2845.86,Paid
PAY002131,INV02131,2026-05-24,8876.73,Paid
PAY002132,INV02132,2026-06-24,393741.04,Paid
PAY002133,INV02133,2026-10-14,394427.04,Paid
PAY002134,INV02134,2026-10-02,15352175.0,Paid
PAY002135,INV02135,2026-07-08,11334.96,Paid
PAY002136,INV02136,2026-08-05,158975.67,Paid
PAY002137,INV02137,2026-03-24,133437.94,Paid
PAY002138,INV02138,2026-05-12,1275148.12,Paid
PAY002139,INV02139,2026-04-30,175166.25,Paid
PAY002140,INV02140,2026-07-28,168389.76,Paid
PAY002141,INV02141,2026-05-16,7448925.75,Paid
PAY002142,INV02142,2026-05-30,1509.74,Paid
PAY002143,INV02143,2026-03-22,4426.8,Paid
PAY002144,INV02144,2026-07-11,202596.24,Paid
PAY002145,INV02145,2026-04-20,194335.0,Paid
PAY002146,INV02146,2026-06-18,1853.44,Paid
PAY002147,INV02147,2026-09-15,699581.61,Paid
PAY002148,INV02148,2026-08-27,11618604.5,Paid
PAY002149,INV02149,2026-04-12,2132.52,Paid
PAY002150,INV02150,2026-07-10,36491.96,Paid
PAY002151,INV02151,2026-06-21,3535.92,Paid
PAY002152,INV02152,2026-06-20,1439120.0,Paid
PAY002153,INV02153,2026-08-24,331228.36,Paid
PAY002154,INV02154,2026-03-06,2810243.62,Paid
PAY002155,INV02155,2026-03-09,82606.72,Paid
PAY002156,INV02156,2026-04-21,79842.06,Paid
PAY002157,INV02157,2026-04-17,7057.93,Paid
PAY002158,INV02158,2026-08-01,1334105.92,Paid
PAY002159,INV02159,2026-03-02,242991.8,Paid
PAY002160,INV02160,2026-08-06,10761900.0,Paid
PAY002161,INV02161,2026-06-11,516628.0,Paid
PAY002162,INV02162,2026-06-18,95487.0,Paid
PAY002163,INV02163,2026-03-01,52926.72,Paid
PAY002164,INV02164,2026-06-26,87878.38,Paid
PAY002165,INV02165,2026-09-18,5232850.88,Paid
PAY002166,INV02166,2026-05-04,536360.0,Paid
PAY002167,INV02167,2026-05-11,603401.12,Paid
PAY002168,INV02168,2026-07-06,3624310.0,Paid
PAY002169,INV02169,2026-04-20,31506.7,Paid
PAY002170,INV02170,2026-03-31,4083.57,Paid
PAY002171,INV02171,2026-04-26,78534.2,Paid
PAY002172,INV02172,2026-10-05,1940.2,Paid
PAY002173,INV02173,2026-06-01,4633.0,Paid
PAY002174,INV02174,2026-03-19,131526.42,Paid
PAY002175,INV02175,2026-07-15,1259.6,Paid
PAY002176,INV02176,2026-05-13,3166.9,Paid
PAY002177,INV02177,2026-05-06,70629.61,Paid
PAY002178,INV02178,2026-05-09,55202.78,Paid
PAY002179,INV02179,2026-03-17,119449.58,Paid
PAY002180,INV02180,2026-08-29,17227858.4,Paid
PAY002181,INV02181,2026-10-27,663297.15,Paid
PAY002182,INV02182,2026-07-07,76325.6,Paid
PAY002183,INV02183,2026-05-09,791950.88,Paid
PAY002184,INV02184,2026-08-15,59077.17,Paid
PAY002185,INV02185,2026-03-17,225461.6,Paid
PAY002186,INV02186,2026-07-22,3204282.0,Paid
PAY002187,INV02187,2026-02-19,5450382.0,Paid
PAY002188,INV02188,2026-07-19,23151.72,Paid
PAY002189,INV02189,2026-04-05,8432.01,Paid
PAY002190,INV02190,2026-08-03,445191.58,Paid
PAY002191,INV02191,2026-02-05,86404.5,Paid
PAY002192,INV02192,2026-08-19,42311.85,Paid
PAY002193,INV02193,2026-08-13,368661.3,Paid
PAY002194,INV02194,2026-08-23,975284.75,Paid
PAY002195,INV02195,2026-06-13,493297.5,Paid
PAY002196,INV02196,2026-08-05,639883.91,Paid
PAY002197,INV02197,2026-08-29,279277.6,Paid
PAY002198,INV02198,2026-09-10,3027.96,Paid
PAY002199,INV02199,2026-09-07,1532.33,Paid
PAY002200,INV02200,2026-10-20,3418015.0,Paid
PAY002201,INV02201,2026-10-06,47198.09,Paid
PAY002202,INV02202,2026-06-07,2035196.8,Paid
PAY002203,INV02203,2026-06-13,29326.48,Paid
PAY002204,INV02204,2026-08-05,531144.9,Paid
PAY002205,INV02205,2026-05-14,78367.34,Paid
PAY002206,INV02206,2026-08-04,18221.52,Paid
PAY002207,INV02207,2026-10-11,28658.8,Paid
PAY002208,INV02208,2026-07-22,22744.28,Paid
PAY002209,INV02209,2026-05-22,90491.4,Paid
PAY002210,INV02210,2026-09-11,7615920.0,Paid
PAY002211,INV02211,2026-04-25,368020.76,Paid
PAY002212,INV02212,2026-05-27,8876.73,Paid
PAY002213,INV02213,2026-06-21,16753.82,Paid
PAY002214,INV02214,2026-08-16,7620.14,Paid
PAY002215,INV02215,2026-10-01,28658.8,Paid
PAY002216,INV02216,2026-05-16,6822.52,Paid
PAY002217,INV02217,2026-05-12,66964.46,Paid
PAY002218,INV02218,2026-06-20,508.13,Paid
PAY002219,INV02219,2026-05-21,8204.6,Paid
PAY002220,INV02220,2026-04-17,25494.2,Paid
PAY002221,INV02221,2026-06-29,23291.39,Paid
PAY002222,INV02222,2026-07-22,477482.25,Paid
PAY002223,INV02223,2026-10-20,1135734.08,Paid
PAY002224,INV02224,2026-07-26,57977.35,Paid
PAY002225,INV02225,2026-08-09,242476.6,Paid
PAY002226,INV02226,2026-05-27,35120.19,Paid
PAY002227,INV02227,2026-09-01,7675438.4,Paid
PAY002228,INV02228,2026-07-21,64062.32,Paid
PAY002229,INV02229,2026-07-20,177362.85,Paid
PAY002230,INV02230,2026-05-12,321651.48,Paid
PAY002231,INV02231,2026-09-16,5472.46,Paid
PAY002232,INV02232,2026-02-25,1140196.4,Paid
PAY002233,INV02233,2026-04-21,59285.94,Paid
PAY002234,INV02234,2026-07-08,1277800.0,Paid
PAY002235,INV02235,2026-07-09,12464.2,Paid
PAY002236,INV02236,2026-04-18,140657.44,Paid
PAY002237,INV02237,2026-08-03,19448.94,Paid
PAY002238,INV02238,2026-06-12,6134350.0,Paid
PAY002239,INV02239,2026-07-21,52229.87,Paid
PAY002240,INV02240,2026-06-28,1788.94,Paid
PAY002241,INV02241,2026-10-08,75737.55,Paid
PAY002242,INV02242,2026-06-25,764974.0,Paid
PAY002243,INV02243,2026-06-28,38285.62,Paid
PAY002244,INV02244,2026-08-30,350969.76,Paid
PAY002245,INV02245,2026-07-20,55836.4,Paid
PAY002246,INV02246,2026-05-31,290640.84,Paid
PAY002247,INV02247,2026-06-20,11645.07,Paid
PAY002248,INV02248,2026-04-14,5043473.4,Paid
PAY002249,INV02249,2026-03-16,4856006.8,Paid
PAY002250,INV02250,2026-06-25,1697.19,Paid
PAY002251,INV02251,2026-09-21,450129.75,Paid
PAY002252,INV02252,2026-06-20,1635428.55,Paid
PAY002253,INV02253,2026-04-01,871456.55,Paid
PAY002254,INV02254,2026-07-08,102807.26,Paid
PAY002255,INV02255,2026-09-16,348958.5,Paid
PAY002256,INV02256,2026-05-20,16892.19,Paid
PAY002257,INV02257,2026-09-05,15153.02,Paid
PAY002258,INV02258,2026-04-11,100582.72,Paid
PAY002259,INV02259,2026-05-25,313068.0,Paid
PAY002260,INV02260,2026-09-15,852840.0,Paid
PAY002261,INV02261,2026-05-09,66873.45,Paid
PAY002262,INV02262,2026-02-16,86404.5,Paid
PAY002263,INV02263,2026-04-06,11972.3,Paid
PAY002264,INV02264,2026-05-15,16968.05,Paid
PAY002265,INV02265,2026-08-09,179835.6,Paid
PAY002266,INV02266,2026-04-04,5896250.0,Paid
PAY002267,INV02267,2026-05-07,303929.92,Paid
PAY002268,INV02268,2026-04-11,6328330.0,Paid
PAY002269,INV02269,2026-08-26,394347.5,Paid
PAY002270,INV02270,2026-05-10,5950.56,Paid
PAY002271,INV02271,2026-02-19,916262.55,Paid
PAY002272,INV02272,2026-06-20,956754.75,Paid
PAY002273,INV02273,2026-04-20,616239.12,Paid
PAY002274,INV02274,2026-08-05,86899.0,Paid
PAY002275,INV02275,2026-09-06,11181.61,Paid
PAY002276,INV02276,2026-09-22,739151.84,Paid
PAY002277,INV02277,2026-05-21,203315.0,Paid
PAY002278,INV02278,2026-06-29,35606.87,Paid
PAY002279,INV02279,2026-04-18,35706.0,Paid
PAY002280,INV02280,2026-03-09,16102.51,Paid
PAY002281,INV02281,2026-08-24,176151.11,Paid
PAY002282,INV02282,2026-07-22,1289688.4,Paid
PAY002283,INV02283,2026-07-05,271508.56,Paid
PAY002284,INV02284,2026-04-19,2981889.5,Paid
PAY002285,INV02285,2026-06-13,145005.84,Paid
PAY002286,INV02286,2026-06-08,1216768.88,Paid
PAY002287,INV02287,2026-09-07,2128.82,Paid
PAY002288,INV02288,2026-07-01,3428.19,Paid
PAY002289,INV02289,2026-08-30,639312.5,Paid
PAY002290,INV02290,2026-10-14,4769.41,Paid
PAY002291,INV02291,2026-05-07,9052.62,Paid
PAY002292,INV02292,2026-04-06,133438.0,Paid
PAY002293,INV02293,2026-06-29,1869314.7,Paid
PAY002294,INV02294,2026-05-03,5265946.88,Paid
PAY002295,INV02295,2026-04-24,1184604.75,Paid
PAY002296,INV02296,2026-05-02,21012.3,Paid
PAY002297,INV02297,2026-08-02,48926.98,Paid
PAY002298,INV02298,2026-10-04,383633.0,Paid
PAY002299,INV02299,2026-06-30,611310.8,Paid
PAY002300,INV02300,2026-04-25,16407.48,Paid
PAY002301,INV02301,2026-03-09,7868.45,Paid
PAY002302,INV02302,2026-09-18,38178.58,Paid
PAY002303,INV02303,2026-07-10,1925574.0,Paid
PAY002304,INV02304,2026-05-25,4178367.2,Paid
PAY002305,INV02305,2026-08-05,32866.4,Paid
PAY002306,INV02306,2026-03-22,21019.89,Paid
PAY002307,INV02307,2026-06-08,12174.74,Paid
PAY002308,INV02308,2026-09-24,2169.05,Paid
PAY002309,INV02309,2026-06-05,13214.36,Paid
PAY002310,INV02310,2026-03-03,424295.2,Paid
PAY002311,INV02311,2026-08-18,984442.0,Paid
PAY002312,INV02312,2026-09-23,2114.47,Paid
PAY002313,INV02313,2026-05-31,4534.2,Paid
PAY002314,INV02314,2026-08-17,3997134.75,Paid
PAY002315,INV02315,2026-06-20,472288.95,Paid
PAY002316,INV02316,2026-08-12,790978.12,Paid
PAY002317,INV02317,2026-06-10,350817.54,Paid
PAY002318,INV02318,2026-08-10,65198.18,Paid
PAY002319,INV02319,2026-07-18,4965.53,Paid
PAY002320,INV02320,2026-04-19,21019.89,Paid
PAY002321,INV02321,2026-08-06,180692.0,Paid
PAY002322,INV02322,2026-05-25,433556.55,Paid
PAY002323,INV02323,2026-04-19,1309.46,Paid
PAY002324,INV02324,2026-02-10,1176240.0,Paid
PAY002325,INV02325,2026-04-29,620.49,Paid
PAY002326,INV02326,2026-06-08,17457.08,Paid
PAY002327,INV02327,2026-02-15,6968976.0,Paid
PAY002328,INV02328,2026-05-26,42676.78,Paid
PAY002329,INV02329,2026-09-13,13013.73,Paid
PAY002330,INV02330,2026-04-01,1398.63,Paid
PAY002331,INV02331,2026-10-17,158045.66,Paid
PAY002332,INV02332,2026-10-01,63662.01,Paid
PAY002333,INV02333,2026-04-20,456329.36,Paid
PAY002334,INV02334,2026-06-23,322592.18,Paid
PAY002335,INV02335,2026-07-12,432926.03,Paid
PAY002336,INV02336,2026-08-13,75749.3,Paid
PAY002337,INV02337,2026-08-25,6335.62,Paid
PAY002338,INV02338,2026-06-08,17483.92,Paid
PAY002339,INV02339,2026-07-06,864931.2,Paid
PAY002340,INV02340,2026-08-31,317104.4,Paid
PAY002341,INV02341,2026-03-04,193503.01,Paid
PAY002342,INV02342,2026-05-02,2035196.8,Paid
PAY002343,INV02343,2026-07-01,289288.45,Paid
PAY002344,INV02344,2026-03-03,751180.92,Paid
PAY002345,INV02345,2026-10-07,23863.26,Paid
PAY002346,INV02346,2026-05-25,1413715.0,Paid
PAY002347,INV02347,2026-06-16,25530.44,Paid
PAY002348,INV02348,2026-04-24,564155.2,Paid
PAY002349,INV02349,2026-07-22,59007.3,Paid
PAY002350,INV02350,2026-02-26,651397.5,Paid
PAY002351,INV02351,2026-08-16,150874.92,Paid
PAY002352,INV02352,2026-08-01,38431.42,Paid
PAY002353,INV02353,2026-07-05,6591524.25,Paid
PAY002354,INV02354,2026-09-28,6802.36,Paid
PAY002355,INV02355,2026-09-01,4364443.12,Paid
PAY002356,INV02356,2026-04-02,5913.78,Paid
PAY002357,INV02357,2026-05-04,230493.54,Paid
PAY002358,INV02358,2026-08-07,679369.04,Paid
PAY002359,INV02359,2026-05-14,160361.56,Paid
PAY002360,INV02360,2026-06-25,2129.77,Paid
PAY002361,INV02361,2026-07-20,17154.46,Paid
PAY002362,INV02362,2026-07-29,1169.0,Paid
PAY002363,INV02363,2026-04-02,10264.32,Paid
PAY002364,INV02364,2026-09-05,244104.0,Paid
PAY002365,INV02365,2026-02-24,1941400.0,Paid
PAY002366,INV02366,2026-02-06,3741349.92,Paid
PAY002367,INV02367,2026-02-12,340760.0,Paid
PAY002368,INV02368,2026-08-04,404005.56,Paid
PAY002369,INV02369,2026-09-20,23562.91,Paid
PAY002370,INV02370,2026-09-30,522595.5,Paid
PAY002371,INV02371,2026-05-22,79964.94,Paid
PAY002372,INV02372,2026-04-19,27404.16,Paid
PAY002373,INV02373,2026-08-18,2005950.98,Paid
PAY002374,INV02374,2026-08-10,1939754.25,Paid
PAY002375,INV02375,2026-06-01,2884515.0,Paid
PAY002376,INV02376,2026-05-02,15100.89,Paid
PAY002377,INV02377,2026-09-16,5180275.0,Paid
PAY002378,INV02378,2026-04-21,475175.0,Paid
PAY002379,INV02379,2026-04-14,9578.34,Paid
PAY002380,INV02380,2026-05-08,22370.75,Paid
PAY002381,INV02381,2026-07-25,38285.62,Paid
PAY002382,INV02382,2026-07-26,168774.22,Paid
PAY002383,INV02383,2026-08-22,132235.17,Paid
PAY002384,INV02384,2026-03-10,7059.49,Paid
PAY002385,INV02385,2026-04-08,564155.2,Paid
PAY002386,INV02386,2026-08-15,394347.5,Paid
PAY002387,INV02387,2026-04-14,113137.92,Paid
PAY002388,INV02388,2026-05-28,44993.6,Paid
PAY002389,INV02389,2026-05-15,176426.77,Paid
PAY002390,INV02390,2026-10-06,802891.6,Paid
PAY002391,INV02391,2026-05-07,8428.56,Paid
PAY002392,INV02392,2026-03-13,24358.72,Paid
PAY002393,INV02393,2026-05-16,8009224.12,Paid
PAY002394,INV02394,2026-04-15,88981.52,Paid
PAY002395,INV02395,2026-08-01,6747.15,Paid
PAY002396,INV02396,2026-05-30,33309.9,Paid
PAY002397,INV02397,2026-10-23,6625.14,Paid
PAY002398,INV02398,2026-06-12,6525.28,Paid
PAY002399,INV02399,2026-06-26,363574.52,Paid
PAY002400,INV02400,2026-06-29,224566.86,Paid
PAY002401,INV02401,2026-06-22,1218775.04,Paid
PAY002402,INV02402,2026-04-25,28026.18,Paid
PAY002403,INV02403,2026-10-13,1517385.6,Paid
PAY002404,INV02404,2026-07-29,9336358.5,Paid
PAY002405,INV02405,2026-05-31,2106465.9,Paid
PAY002406,INV02406,2026-07-02,405049.16,Paid
PAY002407,INV02407,2026-07-10,1511373.5,Paid
PAY002408,INV02408,2026-04-07,223326.0,Paid
PAY002409,INV02409,2026-03-17,59285.94,Paid
PAY002410,INV02410,2026-03-09,161565.6,Paid
PAY002411,INV02411,2026-08-11,152658.96,Paid
PAY002412,INV02412,2026-03-03,133438.0,Paid
PAY002413,INV02413,2026-10-05,59885.24,Paid
PAY002414,INV02414,2026-06-24,1925574.0,Paid
PAY002415,INV02415,2026-08-05,60255.7,Paid
PAY002416,INV02416,2026-06-02,1912982.4,Paid
PAY002417,INV02417,2026-10-05,2938412.4,Paid
PAY002418,INV02418,2026-08-17,9077.0,Paid
PAY002419,INV02419,2026-07-20,37436.84,Paid
PAY002420,INV02420,2026-06-04,64733.87,Paid
PAY002421,INV02421,2026-05-30,91892.5,Paid
PAY002422,INV02422,2026-05-10,496063.05,Paid
PAY002423,INV02423,2026-08-26,1580532.45,Paid
PAY002424,INV02424,2026-06-30,111306.4,Paid
PAY002425,INV02425,2026-06-20,14580.85,Paid
PAY002426,INV02426,2026-03-21,161565.6,Paid
PAY002427,INV02427,2026-02-10,4647837.1,Paid
PAY002428,INV02428,2026-08-28,397182.0,Paid
PAY002429,INV02429,2026-04-29,1934291.4,Paid
PAY002430,INV02430,2026-08-08,10431.62,Paid
PAY002431,INV02431,2026-11-21,387974.8,Paid
PAY002432,INV02432,2026-07-02,1221724.8,Paid
PAY002433,INV02433,2026-05-26,5260776.3,Paid
PAY002434,INV02434,2026-05-21,74686.7,Paid
PAY002435,INV02435,2026-05-27,37451.79,Paid
PAY002436,INV02436,2026-08-25,23863.26,Paid
PAY002437,INV02437,2026-10-07,358442.0,Paid
PAY002438,INV02438,2026-07-08,36442.94,Paid
PAY002439,INV02439,2026-05-15,37441.8,Paid
PAY002440,INV02440,2026-04-11,769214.25,Paid
PAY002441,INV02441,2026-07-18,204236.02,Paid
PAY002442,INV02442,2026-10-14,503713.35,Paid
PAY002443,INV02443,2026-06-06,17581.54,Paid
PAY002444,INV02444,2026-09-24,2339910.0,Paid
PAY002445,INV02445,2026-08-21,10034.21,Paid
PAY002446,INV02446,2026-10-25,1525035.75,Paid
PAY002447,INV02447,2026-06-04,813460.83,Paid
PAY002448,INV02448,2026-08-19,472270.22,Paid
PAY002449,INV02449,2026-02-11,3145.74,Paid
PAY002450,INV02450,2026-04-18,669562.68,Paid
PAY002451,INV02451,2026-07-09,95612.37,Paid
PAY002452,INV02452,2026-09-23,4686.39,Paid
PAY002453,INV02453,2026-02-15,14342.86,Paid
PAY002454,INV02454,2026-08-17,9510.93,Paid
PAY002455,INV02455,2026-07-18,228848.55,Paid
PAY002456,INV02456,2026-06-24,122393.04,Paid
PAY002457,INV02457,2026-10-24,1977013.3,Paid
PAY002458,INV02458,2026-05-20,849.68,Paid
PAY002459,INV02459,2026-06-21,92770.72,Paid
PAY002460,INV02460,2026-05-05,164057.76,Paid
PAY002461,INV02461,2026-08-04,33224.6,Paid
PAY002462,INV02462,2026-06-27,181532.97,Paid
PAY002463,INV02463,2026-06-07,539570.6,Paid
PAY002464,INV02464,2026-05-02,61282.8,Paid
PAY002465,INV02465,2026-08-19,81047.61,Paid
PAY002466,INV02466,2026-08-20,6044.79,Paid
PAY002467,INV02467,2026-05-22,4813525.0,Paid
PAY002468,INV02468,2026-06-18,342552.5,Paid
PAY002469,INV02469,2026-06-26,18945.1,Paid
PAY002470,INV02470,2026-03-18,166600.0,Paid
PAY002471,INV02471,2026-09-08,529340.0,Paid
PAY002472,INV02472,2026-05-03,1975840.0,Paid
PAY002473,INV02473,2026-06-25,554228.33,Paid
PAY002474,INV02474,2026-04-19,119449.58,Paid
PAY002475,INV02475,2026-04-10,12389.27,Paid
PAY002476,INV02476,2026-07-05,367578.02,Paid
PAY002477,INV02477,2026-05-18,658847.84,Paid
PAY002478,INV02478,2026-03-26,43254.86,Paid
PAY002479,INV02479,2026-08-20,517046.21,Paid
PAY002480,INV02480,2026-05-19,1547571.2,Paid
PAY002481,INV02481,2026-09-03,6585.52,Paid
PAY002482,INV02482,2026-06-15,84088.7,Paid
PAY002483,INV02483,2026-06-06,351.19,Paid
PAY002484,INV02484,2026-07-01,3127415.2,Paid
PAY002485,INV02485,2026-06-29,546980.0,Paid
PAY002486,INV02486,2026-07-07,51794.13,Paid
PAY002487,INV02487,2026-09-12,14172319.2,Paid
PAY002488,INV02488,2026-05-16,651600.72,Paid
PAY002489,INV02489,2026-05-11,294989.0,Paid
PAY002490,INV02490,2026-09-07,856973.25,Paid
PAY002491,INV02491,2026-04-09,300358.28,Paid
PAY002492,INV02492,2026-04-19,21825.99,Paid
PAY002493,INV02493,2026-04-11,2338316.32,Paid
PAY002494,INV02494,2026-08-12,64725.05,Paid
PAY002495,INV02495,2026-08-18,12683.29,Paid
PAY002496,INV02496,2026-06-08,22390.73,Paid
PAY002497,INV02497,2026-10-08,868255.0,Paid
PAY002498,INV02498,2026-06-28,295551.9,Paid
PAY002499,INV02499,2026-04-07,96492.14,Paid
PAY002500,INV02500,2026-10-14,9495.36,Paid
PAY002501,INV02501,2026-02-23,26260.46,Paid
PAY002502,INV02502,2026-06-27,60084.19,Paid
PAY002503,INV02503,2026-05-15,1021.55,Paid
PAY002504,INV02504,2026-03-27,1478830.5,Paid
PAY002505,INV02505,2026-07-03,20402.44,Paid
PAY002506,INV02506,2026-04-27,945573.0,Paid
PAY002507,INV02507,2026-04-12,29414.16,Paid
PAY002508,INV02508,2026-06-20,6377.92,Paid
PAY002509,INV02509,2026-06-28,14580.85,Paid
PAY002510,INV02510,2026-05-01,1677936.4,Paid
PAY002511,INV02511,2026-05-19,9237.31,Paid
PAY002512,INV02512,2026-07-25,4597249.32,Paid
PAY002513,INV02513,2026-08-26,101136.62,Paid
PAY002514,INV02514,2026-06-28,31370.85,Paid
PAY002515,INV02515,2026-08-13,58118.0,Paid
PAY002516,INV02516,2026-05-16,102171.3,Paid
PAY002517,INV02517,2026-04-02,8379.46,Paid
PAY002518,INV02518,2026-05-04,29855.24,Paid
PAY002519,INV02519,2026-06-07,1872137.85,Paid
PAY002520,INV02520,2026-05-30,522986.8,Paid
PAY002521,INV02521,2026-06-23,4598.72,Paid
PAY002522,INV02522,2026-06-22,95487.0,Paid
PAY002523,INV02523,2026-07-14,3999.65,Paid
PAY002524,INV02524,2026-06-27,33136.03,Paid
PAY002525,INV02525,2026-04-27,412918.02,Paid
PAY002526,INV02526,2026-08-11,14580.85,Paid
PAY002527,INV02527,2026-08-21,838488.5,Paid
PAY002528,INV02528,2026-08-28,1595049.0,Paid
PAY002529,INV02529,2026-04-06,21541.83,Paid
PAY002530,INV02530,2026-04-30,84636.67,Paid
PAY002531,INV02531,2026-08-01,4467.31,Paid
PAY002532,INV02532,2026-08-02,3059454.44,Paid
PAY002533,INV02533,2026-06-25,282976.0,Paid
PAY002534,INV02534,2026-04-25,5398.4,Paid
PAY002535,INV02535,2026-05-24,9654.96,Paid
PAY002536,INV02536,2026-09-05,1706676.0,Paid
PAY002537,INV02537,2026-04-12,25678.6,Paid
PAY002538,INV02538,2026-08-04,5483.7,Paid
PAY002539,INV02539,2026-06-13,10010.39,Paid
PAY002540,INV02540,2026-06-28,130909.0,Paid
PAY002541,INV02541,2026-08-25,3674.98,Paid
PAY002542,INV02542,2026-06-16,12092346.0,Paid
PAY002543,INV02543,2026-09-15,301896.0,Paid
PAY002544,INV02544,2026-07-05,58106.98,Paid
PAY002545,INV02545,2026-05-18,37451.79,Paid
PAY002546,INV02546,2026-10-02,338875.0,Paid
PAY002547,INV02547,2026-06-29,3026.09,Paid
PAY002548,INV02548,2026-09-11,7620.14,Paid
PAY002549,INV02549,2026-04-29,136785.6,Paid
PAY002550,INV02550,2026-11-09,3338.2,Paid
PAY002551,INV02551,2026-06-15,3198387.05,Paid
PAY002552,INV02552,2026-03-13,489027.0,Paid
PAY002553,INV02553,2026-05-05,26843.32,Paid
PAY002554,INV02554,2026-04-28,413070.8,Paid
PAY002555,INV02555,2026-05-24,541180.5,Paid
PAY002556,INV02556,2026-07-05,3695.16,Paid
PAY002557,INV02557,2026-03-28,19518.91,Paid
PAY002558,INV02558,2026-09-09,101216.15,Paid
PAY002559,INV02559,2026-04-20,689938.2,Paid
PAY002560,INV02560,2026-05-01,52593.07,Paid
PAY002561,INV02561,2026-05-17,2001.08,Paid
PAY002562,INV02562,2026-07-14,1580532.45,Paid
PAY002563,INV02563,2026-05-12,921175.5,Paid
PAY002564,INV02564,2026-09-05,41636.23,Paid
PAY002565,INV02565,2026-03-23,21825.99,Paid
PAY002566,INV02566,2026-06-19,3306342.3,Paid
PAY002567,INV02567,2026-04-27,20258.7,Paid
PAY002568,INV02568,2026-04-05,762.68,Paid
PAY002569,INV02569,2026-06-07,27597.13,Paid
PAY002570,INV02570,2026-08-19,1424768.8,Paid
PAY002571,INV02571,2026-11-20,57195.19,Paid
PAY002572,INV02572,2026-08-04,9235744.95,Paid
PAY002573,INV02573,2026-09-19,7235.5,Paid
PAY002574,INV02574,2026-09-03,141055.96,Paid
PAY002575,INV02575,2026-08-11,75530.15,Paid
PAY002576,INV02576,2026-05-25,317.24,Paid
PAY002577,INV02577,2026-07-27,1836024.75,Paid
PAY002578,INV02578,2026-08-17,1406124.3,Paid
PAY002579,INV02579,2026-09-12,6358.37,Paid
PAY002580,INV02580,2026-07-30,4972.4,Paid
PAY002581,INV02581,2026-08-04,22339.12,Paid
PAY002582,INV02582,2026-04-24,1019855.2,Paid
PAY002583,INV02583,2026-01-29,7789.16,Paid
PAY002584,INV02584,2026-10-18,8313.52,Paid
PAY002585,INV02585,2026-10-17,67676.0,Paid
PAY002586,INV02586,2026-09-17,2179776.48,Paid
PAY002587,INV02587,2026-11-27,4902.78,Paid
PAY002588,INV02588,2026-04-14,79815.0,Paid
PAY002589,INV02589,2026-04-08,892609.73,Paid
PAY002590,INV02590,2026-02-15,37652.5,Paid
PAY002591,INV02591,2026-06-23,893.76,Paid
PAY002592,INV02592,2026-06-02,1038764.62,Paid
PAY002593,INV02593,2026-08-18,267929.87,Paid
PAY002594,INV02594,2026-06-02,342339.71,Paid
PAY002595,INV02595,2026-06-18,3546564.0,Paid
PAY002596,INV02596,2026-02-14,477805.6,Paid
PAY002597,INV02597,2026-07-09,191530.3,Paid
PAY002598,INV02598,2026-10-06,2938412.4,Paid
PAY002599,INV02599,2026-05-22,1327608.5,Paid
PAY002600,INV02600,2026-09-09,94305.13,Paid
PAY002601,INV02601,2026-03-11,164224.48,Paid
PAY002602,INV02602,2026-07-12,240250.95,Paid
PAY002603,INV02603,2026-07-13,742904.4,Paid
PAY002604,INV02604,2026-07-02,100582.72,Paid
PAY002605,INV02605,2026-07-20,1085302.4,Paid
PAY002606,INV02606,2026-06-26,9877.4,Paid
PAY002607,INV02607,2026-08-15,553799.68,Paid
PAY002608,INV02608,2026-03-13,412678.45,Paid
PAY002609,INV02609,2026-08-25,5714.1,Paid
PAY002610,INV02610,2026-08-20,215224.8,Paid
PAY002611,INV02611,2026-08-17,42621.6,Paid
PAY002612,INV02612,2026-03-27,616239.12,Paid
PAY002613,INV02613,2026-10-22,1817.24,Paid
PAY002614,INV02614,2026-09-01,94372.86,Paid
PAY002615,INV02615,2026-05-19,20272.0,Paid
PAY002616,INV02616,2026-06-04,518.19,Paid
PAY002617,INV02617,2026-07-03,15687890.4,Paid
PAY002618,INV02618,2026-09-24,3529964.55,Paid
PAY002619,INV02619,2026-05-06,13916.57,Paid
PAY002620,INV02620,2026-06-02,1385.64,Paid
PAY002621,INV02621,2026-06-06,25815.2,Paid
PAY002622,INV02622,2026-05-12,2128728.0,Paid
PAY002623,INV02623,2026-05-06,353739.54,Paid
PAY002624,INV02624,2026-07-04,55904.52,Paid
PAY002625,INV02625,2026-09-22,1603512.96,Paid
PAY002626,INV02626,2026-06-15,18105.25,Paid
PAY002627,INV02627,2026-06-21,14190050.0,Paid
PAY002628,INV02628,2026-06-22,406290.0,Paid
PAY002629,INV02629,2026-07-09,9379.9,Paid
PAY002630,INV02630,2026-05-02,293682.9,Paid
PAY002631,INV02631,2026-05-18,27075.33,Paid
PAY002632,INV02632,2026-02-02,166401.24,Paid
PAY002633,INV02633,2026-06-05,95879.66,Paid
PAY002634,INV02634,2026-06-22,1603512.96,Paid
PAY002635,INV02635,2026-05-04,2341766.05,Paid
PAY002636,INV02636,2026-08-08,42311.85,Paid
PAY002637,INV02637,2026-07-23,171374.5,Paid
PAY002638,INV02638,2026-08-26,317286.48,Paid
PAY002639,INV02639,2026-10-10,580500.9,Paid
PAY002640,INV02640,2026-06-03,69944.15,Paid
PAY002641,INV02641,2026-07-21,626165.0,Paid
PAY002642,INV02642,2026-04-28,18195.19,Paid
PAY002643,INV02643,2026-03-30,27404.16,Paid
PAY002644,INV02644,2026-09-26,1915591.94,Paid
PAY002645,INV02645,2026-08-27,447222.72,Paid
PAY002646,INV02646,2026-09-11,75253.71,Paid
PAY002647,INV02647,2026-08-02,91245.28,Paid
PAY002648,INV02648,2026-05-26,12097.36,Paid
PAY002649,INV02649,2026-05-06,52685.25,Paid
PAY002650,INV02650,2026-04-20,242991.8,Paid
PAY002651,INV02651,2026-09-12,1323435.0,Paid
PAY002652,INV02652,2026-03-07,210226.28,Paid
PAY002653,INV02653,2026-05-23,13622.07,Paid
PAY002654,INV02654,2026-10-17,1911.56,Paid
PAY002655,INV02655,2026-08-31,15990.8,Paid
PAY002656,INV02656,2026-04-05,363266.92,Paid
PAY002657,INV02657,2026-10-07,11486.2,Paid
PAY002658,INV02658,2026-04-13,308767.06,Paid
PAY002659,INV02659,2026-09-27,2527.5,Paid
PAY002660,INV02660,2026-08-16,407850.8,Paid
PAY002661,INV02661,2026-07-20,537245.0,Paid
PAY002662,INV02662,2026-05-13,1360863.0,Paid
PAY002663,INV02663,2026-05-25,16792283.2,Paid
PAY002664,INV02664,2026-04-02,4083.57,Paid
PAY002665,INV02665,2026-08-06,9865.27,Paid
PAY002666,INV02666,2026-03-18,15065.5,Paid
PAY002667,INV02667,2026-08-29,4623517.5,Paid
PAY002668,INV02668,2026-11-15,129601.8,Paid
PAY002669,INV02669,2026-06-30,380124.64,Paid
PAY002670,INV02670,2026-05-18,67347.42,Paid
PAY002671,INV02671,2026-09-22,30869.33,Paid
PAY002672,INV02672,2026-08-22,759710.0,Paid
PAY002673,INV02673,2026-05-01,1166754.5,Paid
PAY002674,INV02674,2026-01-25,240468.66,Paid
PAY002675,INV02675,2026-03-07,325850.0,Paid
PAY002676,INV02676,2026-06-07,317855.42,Paid
PAY002677,INV02677,2026-06-30,516196.8,Paid
PAY002678,INV02678,2026-03-18,9190.42,Paid
PAY002679,INV02679,2026-04-28,46113.9,Paid
PAY002680,INV02680,2026-03-22,44298.69,Paid
PAY002681,INV02681,2026-06-20,119982.5,Paid
PAY002682,INV02682,2026-03-11,51355.81,Paid
PAY002683,INV02683,2026-09-30,537245.0,Paid
PAY002684,INV02684,2026-09-10,4421681.25,Paid
PAY002685,INV02685,2026-07-16,295535.52,Paid
PAY002686,INV02686,2026-05-10,650463.2,Paid
PAY002687,INV02687,2026-05-30,1059799.3,Paid
PAY002688,INV02688,2026-05-20,4391954.1,Paid
PAY002689,INV02689,2026-06-07,347518.64,Paid
PAY002690,INV02690,2026-03-17,32521.0,Paid
PAY002691,INV02691,2026-03-23,26377.59,Paid
PAY002692,INV02692,2026-09-13,1042754.2,Paid
PAY002693,INV02693,2026-06-05,25885.08,Paid
PAY002694,INV02694,2026-10-20,5558.09,Paid
PAY002695,INV02695,2026-09-25,142470.84,Paid
PAY002696,INV02696,2026-07-05,41220.15,Paid
PAY002697,INV02697,2026-05-04,1937.96,Paid
PAY002698,INV02698,2026-05-01,66422.5,Paid
PAY002699,INV02699,2026-06-25,750588.0,Paid
PAY002700,INV02700,2026-06-15,593827.5,Paid
PAY002701,INV02701,2026-08-12,99104.15,Paid
PAY002702,INV02702,2026-07-31,1298256.75,Paid
PAY002703,INV02703,2026-09-16,22108.65,Paid
PAY002704,INV02704,2026-05-17,550093.5,Paid
PAY002705,INV02705,2026-04-04,34614.0,Paid
PAY002706,INV02706,2026-03-20,26260.46,Paid
PAY002707,INV02707,2026-07-07,839397.5,Paid
PAY002708,INV02708,2026-06-26,39640.09,Paid
PAY002709,INV02709,2026-03-27,314816.25,Paid
PAY002710,INV02710,2026-07-24,13659.09,Paid
PAY002711,INV02711,2026-04-14,96492.14,Paid
PAY002712,INV02712,2026-05-30,1022466.38,Paid
PAY002713,INV02713,2026-05-29,11674924.8,Paid
PAY002714,INV02714,2026-06-04,6525.28,Paid
PAY002715,INV02715,2026-09-07,14291717.5,Paid
PAY002716,INV02716,2026-09-11,20482.35,Paid
PAY002717,INV02717,2026-06-21,3018894.3,Paid
PAY002718,INV02718,2026-03-26,430202.85,Paid
PAY002719,INV02719,2026-04-07,7059.49,Paid
PAY002720,INV02720,2026-02-06,40491.46,Paid
PAY002721,INV02721,2026-05-30,13324500.0,Paid
PAY002722,INV02722,2026-04-06,245470.4,Paid
PAY002723,INV02723,2026-06-29,1166754.5,Paid
PAY002724,INV02724,2026-08-27,606.57,Paid
PAY002725,INV02725,2026-10-24,180521.82,Paid
PAY002726,INV02726,2026-07-20,4907425.3,Paid
PAY002727,INV02727,2026-05-14,386174.4,Paid
PAY002728,INV02728,2026-06-28,290640.84,Paid
PAY002729,INV02729,2026-07-18,357601.12,Paid
PAY002730,INV02730,2026-03-23,4283.54,Paid
PAY002731,INV02731,2026-06-23,92528.8,Paid
PAY002732,INV02732,2026-06-29,585474.75,Paid
PAY002733,INV02733,2026-09-15,71326.75,Paid
PAY002734,INV02734,2026-08-16,210061.24,Paid
PAY002735,INV02735,2026-08-08,248885.84,Paid
PAY002736,INV02736,2026-07-26,3546564.0,Paid
PAY002737,INV02737,2026-06-13,28057.8,Paid
PAY002738,INV02738,2026-08-11,121634.5,Paid
PAY002739,INV02739,2026-08-01,26171.0,Paid
PAY002740,INV02740,2026-08-07,3227.73,Paid
PAY002741,INV02741,2026-05-17,78249.7,Paid
PAY002742,INV02742,2026-08-29,4210.11,Paid
PAY002743,INV02743,2026-08-04,9402.0,Paid
PAY002744,INV02744,2026-06-13,471402.4,Paid
PAY002745,INV02745,2026-02-08,104356.9,Paid
PAY002746,INV02746,2026-07-13,560374.5,Paid
PAY002747,INV02747,2026-03-22,12577897.3,Paid
PAY002748,INV02748,2026-04-23,152538.33,Paid
PAY002749,INV02749,2026-05-21,12464.2,Paid
PAY002750,INV02750,2026-04-26,166038.3,Paid
PAY002751,INV02751,2026-07-03,16486.05,Paid
PAY002752,INV02752,2026-09-02,122037.44,Paid
PAY002753,INV02753,2026-03-03,7231.96,Paid
PAY002754,INV02754,2026-08-01,409650.08,Paid
PAY002755,INV02755,2026-08-19,344383.2,Paid
PAY002756,INV02756,2026-05-07,11024.79,Paid
PAY002757,INV02757,2026-04-11,9115.25,Paid
PAY002758,INV02758,2026-04-02,9142899.6,Paid
PAY002759,INV02759,2026-06-30,554228.33,Paid
PAY002760,INV02760,2026-06-23,404005.56,Paid
PAY002761,INV02761,2026-03-21,40252.98,Paid
PAY002762,INV02762,2026-08-01,20170.36,Paid
PAY002763,INV02763,2026-05-14,174026.27,Paid
PAY002764,INV02764,2026-09-21,27024.9,Paid
PAY002765,INV02765,2026-07-24,730766.4,Paid
PAY002766,INV02766,2026-04-08,71925.8,Paid
PAY002767,INV02767,2026-05-21,1777377.0,Paid
PAY002768,INV02768,2026-08-10,175917.95,Paid
PAY002769,INV02769,2026-10-03,1795712.2,Paid
PAY002770,INV02770,2026-09-02,1038906.4,Paid
PAY002771,INV02771,2026-10-12,3131118.0,Paid
PAY002772,INV02772,2026-09-18,5722.55,Paid
PAY002773,INV02773,2026-07-02,42101.36,Paid
PAY002774,INV02774,2026-09-12,355094.25,Paid
PAY002775,INV02775,2026-09-09,136690.05,Paid
PAY002776,INV02776,2026-09-10,215224.8,Paid
PAY002777,INV02777,2026-04-05,12584.77,Paid
PAY002778,INV02778,2026-06-28,1128.85,Paid
PAY002779,INV02779,2026-06-03,33510.95,Paid
PAY002780,INV02780,2026-05-04,162506.4,Paid
PAY002781,INV02781,2026-05-01,21012.3,Paid
PAY002782,INV02782,2026-08-03,120957.38,Paid
PAY002783,INV02783,2026-09-09,2504945.0,Paid
PAY002784,INV02784,2026-05-26,626933.44,Paid
PAY002785,INV02785,2026-05-22,148848.53,Paid
PAY002786,INV02786,2026-04-10,5070883.12,Paid
PAY002787,INV02787,2026-06-01,1673568.96,Paid
PAY002788,INV02788,2026-04-03,749180.82,Paid
PAY002789,INV02789,2026-04-29,583252.32,Paid
PAY002790,INV02790,2026-08-12,317715.8,Paid
PAY002791,INV02791,2026-05-31,32491.52,Paid
PAY002792,INV02792,2026-08-08,274866.84,Paid
PAY002793,INV02793,2026-07-28,535724.0,Paid
PAY002794,INV02794,2026-05-13,167341.44,Paid
PAY002795,INV02795,2026-08-17,2030469.0,Paid
PAY002796,INV02796,2026-11-04,9503.55,Paid
PAY002797,INV02797,2026-06-20,4598.72,Paid
PAY002798,INV02798,2026-03-26,163341.6,Paid
PAY002799,INV02799,2026-07-06,12169.47,Paid
PAY002800,INV02800,2026-08-05,30398.35,Paid
PAY002801,INV02801,2026-08-15,394347.5,Paid
PAY002802,INV02802,2026-05-12,180942.72,Paid
PAY002803,INV02803,2026-05-10,2071.06,Paid
PAY002804,INV02804,2026-05-03,3545.66,Paid
PAY002805,INV02805,2026-08-20,9437.01,Paid
PAY002806,INV02806,2026-07-12,893.76,Paid
PAY002807,INV02807,2026-05-17,3516.58,Paid
PAY002808,INV02808,2026-08-19,687928.5,Paid
PAY002809,INV02809,2026-05-10,166038.3,Paid
PAY002810,INV02810,2026-04-17,769214.25,Paid
PAY002811,INV02811,2026-06-02,1511917.5,Paid
PAY002812,INV02812,2026-05-31,1087406.0,Paid
PAY002813,INV02813,2026-05-18,1000241.76,Paid
PAY002814,INV02814,2026-09-15,14761.15,Paid
PAY002815,INV02815,2026-07-15,320570.78,Paid
PAY002816,INV02816,2026-06-28,1406124.3,Paid
PAY002817,INV02817,2026-07-18,109892.16,Paid
PAY002818,INV02818,2026-05-08,2119813.92,Paid
PAY002819,INV02819,2026-03-31,147012.66,Paid
PAY002820,INV02820,2026-08-13,215224.8,Paid
PAY002821,INV02821,2026-08-12,199830.6,Paid
PAY002822,INV02822,2026-04-21,17291.4,Paid
PAY002823,INV02823,2026-04-22,57032.0,Paid
PAY002824,INV02824,2026-07-06,2276879.62,Paid
PAY002825,INV02825,2026-05-10,17591.27,Paid
PAY002826,INV02826,2026-03-31,18156.77,Paid
PAY002827,INV02827,2026-03-23,7023.12,Paid
PAY002828,INV02828,2026-08-27,833847.59,Paid
PAY002829,INV02829,2026-04-10,3597171.2,Paid
PAY002830,INV02830,2026-10-14,4686.39,Paid
PAY002831,INV02831,2026-06-05,37994.04,Paid
PAY002832,INV02832,2026-02-21,602502.1,Paid
PAY002833,INV02833,2026-07-06,1661.03,Paid
PAY002834,INV02834,2026-04-29,303524.32,Paid
PAY002835,INV02835,2026-05-05,1604839.04,Paid
PAY002836,INV02836,2026-04-15,15486.88,Paid
PAY002837,INV02837,2026-08-07,2437530.0,Paid
PAY002838,INV02838,2026-08-04,11334.96,Paid
PAY002839,INV02839,2026-03-12,64534.85,Paid
PAY002840,INV02840,2026-06-09,589483.12,Paid
PAY002841,INV02841,2026-08-22,3175050.0,Paid
PAY002842,INV02842,2026-09-02,37211.22,Paid
PAY002843,INV02843,2026-06-13,237986.0,Paid
PAY002844,INV02844,2026-07-19,438.69,Paid
PAY002845,INV02845,2026-06-09,487777.5,Paid
PAY002846,INV02846,2026-09-08,7252.95,Paid
PAY002847,INV02847,2026-05-13,501021.15,Paid
PAY002848,INV02848,2026-08-23,6713.96,Paid
PAY002849,INV02849,2026-08-23,23261.7,Paid
PAY002850,INV02850,2026-10-31,10291299.2,Paid
PAY002851,INV02851,2026-06-26,9629.59,Paid
PAY002852,INV02852,2026-06-06,29585.08,Paid
PAY002853,INV02853,2026-03-05,11421.35,Paid
PAY002854,INV02854,2026-03-30,17848.99,Paid
PAY002855,INV02855,2026-07-04,596327.75,Paid
PAY002856,INV02856,2026-07-30,84413.19,Paid
PAY002857,INV02857,2026-07-17,1464270.0,Paid
PAY002858,INV02858,2026-05-27,15687890.4,Paid
PAY002859,INV02859,2026-07-16,3758.06,Paid
PAY002860,INV02860,2026-08-09,7596825.6,Paid
PAY002861,INV02861,2026-04-13,58528.94,Paid
PAY002862,INV02862,2026-11-07,76846.78,Paid
PAY002863,INV02863,2026-07-03,629.84,Paid
PAY002864,INV02864,2026-10-01,23863.26,Paid
PAY002865,INV02865,2026-07-24,77242.26,Paid
PAY002866,INV02866,2026-09-02,135.86,Paid
PAY002867,INV02867,2026-02-21,238479.18,Paid
PAY002868,INV02868,2026-07-05,3730.65,Paid
PAY002869,INV02869,2026-07-05,138525.0,Paid
PAY002870,INV02870,2026-08-08,3999772.0,Paid
PAY002871,INV02871,2026-08-03,879102.56,Paid
PAY002872,INV02872,2026-05-13,365260.0,Paid
PAY002873,INV02873,2026-03-14,3866336.25,Paid
PAY002874,INV02874,2026-06-22,5782.55,Paid
PAY002875,INV02875,2026-02-11,894700.0,Paid
PAY002876,INV02876,2026-06-25,589483.12,Paid
PAY002877,INV02877,2026-07-02,5913129.6,Paid
PAY002878,INV02878,2026-04-10,1341.08,Paid
PAY002879,INV02879,2026-04-24,6280.05,Paid
PAY002880,INV02880,2026-06-19,209761.44,Paid
PAY002881,INV02881,2026-02-21,79815.0,Paid
PAY002882,INV02882,2026-08-01,6713.96,Paid
PAY002883,INV02883,2026-08-04,378242.6,Paid
PAY002884,INV02884,2026-07-30,2635789.6,Paid
PAY002885,INV02885,2026-08-03,211917.3,Paid
PAY002886,INV02886,2026-04-24,9040.69,Paid
PAY002887,INV02887,2026-05-10,55711.04,Paid
PAY002888,INV02888,2026-02-19,142652.79,Paid
PAY002889,INV02889,2026-09-23,46526.09,Paid
PAY002890,INV02890,2026-08-12,32393.36,Paid
PAY002891,INV02891,2026-06-06,147012.66,Paid
PAY002892,INV02892,2026-04-25,180942.72,Paid
PAY002893,INV02893,2026-09-13,1043010.0,Paid
PAY002894,INV02894,2026-08-03,16968.05,Paid
PAY002895,INV02895,2026-07-26,3106989.2,Paid
PAY002896,INV02896,2026-10-30,1940821.12,Paid
PAY002897,INV02897,2026-04-03,2068197.21,Paid
PAY002898,INV02898,2026-08-14,175917.95,Paid
PAY002899,INV02899,2026-09-21,3204526.5,Paid
PAY002900,INV02900,2026-06-19,2742845.1,Paid
PAY002901,INV02901,2026-05-12,2305575.0,Paid
PAY002902,INV02902,2026-07-06,213886.8,Paid
PAY002903,INV02903,2026-01-24,7951.65,Paid
PAY002904,INV02904,2026-02-18,95585.7,Paid
PAY002905,INV02905,2026-06-21,211106.56,Paid
PAY002906,INV02906,2026-05-26,11918.84,Paid
PAY002907,INV02907,2026-07-12,252622.72,Paid
PAY002908,INV02908,2026-04-21,8876.73,Paid
PAY002909,INV02909,2026-10-17,64725.05,Paid
PAY002910,INV02910,2026-06-26,417508.0,Paid
PAY002911,INV02911,2026-10-09,184452.45,Paid
PAY002912,INV02912,2026-03-25,949186.1,Paid
PAY002913,INV02913,2026-11-09,161249.36,Paid
PAY002914,INV02914,2026-06-14,11968.4,Paid
PAY002915,INV02915,2026-08-31,11892221.6,Paid
PAY002916,INV02916,2026-02-27,119967.12,Paid
PAY002917,INV02917,2026-03-10,33554.9,Paid
PAY002918,INV02918,2026-06-10,838488.5,Paid
PAY002919,INV02919,2026-05-05,1393958.16,Paid
PAY002920,INV02920,2026-06-26,2826835.2,Paid
PAY002921,INV02921,2026-03-14,308848.0,Paid
PAY002922,INV02922,2026-06-07,17513.6,Paid
PAY002923,INV02923,2026-05-16,954217.6,Paid
PAY002924,INV02924,2026-07-29,5862711.75,Paid
PAY002925,INV02925,2026-08-29,87449.6,Paid
PAY002926,INV02926,2026-07-07,191530.3,Paid
PAY002927,INV02927,2026-06-11,1719116.0,Paid
PAY002928,INV02928,2026-09-21,55400.69,Paid
PAY002929,INV02929,2026-10-02,28521.1,Paid
PAY002930,INV02930,2026-03-04,7868.45,Paid
PAY002931,INV02931,2026-09-11,5082911.95,Paid
PAY002932,INV02932,2026-07-02,6999.21,Paid
PAY002933,INV02933,2026-06-16,20076779.6,Paid
PAY002934,INV02934,2026-07-03,11266.38,Paid
PAY002935,INV02935,2026-05-19,63250.83,Paid
PAY002936,INV02936,2026-07-16,11621.4,Paid
PAY002937,INV02937,2026-04-23,3179.37,Paid
PAY002938,INV02938,2026-07-08,12124.45,Paid
PAY002939,INV02939,2026-08-15,149376.44,Paid
PAY002940,INV02940,2026-06-04,4246.35,Paid
PAY002941,INV02941,2026-06-20,348480.72,Paid
PAY002942,INV02942,2026-07-29,596327.75,Paid
PAY002943,INV02943,2026-08-07,86899.0,Paid
PAY002944,INV02944,2026-02-28,356311.62,Paid
PAY002945,INV02945,2026-03-07,7057.93,Paid
PAY002946,INV02946,2026-06-30,3914.44,Paid
PAY002947,INV02947,2026-04-26,192693.2,Paid
PAY002948,INV02948,2026-09-07,18663.2,Paid
PAY002949,INV02949,2026-07-13,138655.55,Paid
PAY002950,INV02950,2026-09-04,63662.01,Paid
PAY002951,INV02951,2026-05-10,349215.3,Paid
PAY002952,INV02952,2026-10-11,15126.8,Paid
PAY002953,INV02953,2026-07-06,66930.1,Paid
PAY002954,INV02954,2026-05-12,7907.98,Paid
PAY002955,INV02955,2026-07-12,1617.44,Paid
PAY002956,INV02956,2026-02-05,5070883.12,Paid
PAY002957,INV02957,2026-03-19,88729.76,Paid
PAY002958,INV02958,2026-05-09,180692.0,Paid
PAY002959,INV02959,2026-05-19,5753.03,Paid
PAY002960,INV02960,2026-03-15,3724.88,Paid
PAY002961,INV02961,2026-07-12,797007.75,Paid
PAY002962,INV02962,2026-09-02,7325.58,Paid
PAY002963,INV02963,2026-10-20,13095.64,Paid
PAY002964,INV02964,2026-08-28,121361.74,Paid
PAY002965,INV02965,2026-09-19,46414.42,Paid
PAY002966,INV02966,2026-07-17,74507.4,Paid
PAY002967,INV02967,2026-07-11,6151.47,Paid
PAY002968,INV02968,2026-04-03,272178.92,Paid
PAY002969,INV02969,2026-07-14,3917.65,Paid
PAY002970,INV02970,2026-09-24,2287.9,Paid
PAY002971,INV02971,2026-10-26,472928.66,Paid
PAY002972,INV02972,2026-02-25,75768.84,Paid
PAY002973,INV02973,2026-04-11,39477.18,Paid
PAY002974,INV02974,2026-04-22,762.68,Paid
PAY002975,INV02975,2026-08-10,1508.68,Paid
PAY002976,INV02976,2026-05-09,16504.48,Paid
PAY002977,INV02977,2026-04-22,782315.97,Paid
PAY002978,INV02978,2026-08-08,24720.19,Paid
PAY002979,INV02979,2026-05-07,134149.0,Paid
PAY002980,INV02980,2026-10-21,74794.94,Paid
PAY002981,INV02981,2026-07-08,39094.76,Paid
PAY002982,INV02982,2026-05-02,288792.0,Paid
PAY002983,INV02983,2026-03-11,709.06,Paid
PAY002984,INV02984,2026-06-24,473970.0,Paid
PAY002985,INV02985,2026-01-24,6483625.05,Paid
PAY002986,INV02986,2026-07-27,21758.46,Paid
PAY002987,INV02987,2026-03-27,183677.55,Paid
PAY002988,INV02988,2026-06-02,451362.8,Paid
PAY002989,INV02989,2026-06-23,49201.28,Paid
PAY002990,INV02990,2026-06-14,644000.0,Paid
PAY002991,INV02991,2026-09-06,5774.9,Paid
PAY002992,INV02992,2026-03-12,119967.12,Paid
PAY002993,INV02993,2026-03-09,5728155.0,Paid
PAY002994,INV02994,2026-05-10,4238841.6,Paid
PAY002995,INV02995,2026-04-20,141120.0,Paid
PAY002996,INV02996,2026-06-21,1601416.32,Paid
PAY002997,INV02997,2026-06-02,70221.8,Paid
PAY002998,INV02998,2026-03-28,55661.84,Paid
PAY002999,INV02999,2026-06-22,178571.93,Paid
PAY003000,INV03000,2026-03-22,103.7,Paid
PAY003001,INV03001,2026-08-31,692389.6,Paid
PAY003002,INV03002,2026-08-18,7495.4,Paid
PAY003003,INV03003,2026-06-21,1823937.8,Paid
PAY003004,INV03004,2026-08-17,61036.56,Paid
PAY003005,INV03005,2026-08-31,3946.91,Paid
PAY003006,INV03006,2026-07-15,22331.53,Paid
PAY003007,INV03007,2026-09-08,1824368.5,Paid
PAY003008,INV03008,2026-07-16,41636.23,Paid
PAY003009,INV03009,2026-04-26,2269273.0,Paid
PAY003010,INV03010,2026-03-12,746996.05,Paid
PAY003011,INV03011,2026-04-14,37441.8,Paid
PAY003012,INV03012,2026-07-17,8399648.25,Paid
PAY003013,INV03013,2026-06-29,689035.2,Paid
PAY003014,INV03014,2026-06-16,99477.11,Paid
PAY003015,INV03015,2026-08-07,81047.61,Paid
PAY003016,INV03016,2026-08-03,240065.7,Paid
PAY003017,INV03017,2026-07-15,25957.57,Paid
PAY003018,INV03018,2026-09-12,9497.6,Paid
PAY003019,INV03019,2026-02-16,13662.03,Paid
PAY003020,INV03020,2026-06-21,3265628.8,Paid
PAY003021,INV03021,2026-06-28,32448.1,Paid
PAY003022,INV03022,2026-09-16,12498.26,Paid
PAY003023,INV03023,2026-04-19,2421.28,Paid
PAY003024,INV03024,2026-04-18,106343.58,Paid
PAY003025,INV03025,2026-07-01,9629.59,Paid
PAY003026,INV03026,2026-10-30,919192.86,Paid
PAY003027,INV03027,2026-04-03,651397.5,Paid
PAY003028,INV03028,2026-04-11,579462.01,Paid
PAY003029,INV03029,2026-08-07,227587.5,Paid
PAY003030,INV03030,2026-08-30,42835.74,Paid
PAY003031,INV03031,2026-09-12,28678.1,Paid
PAY003032,INV03032,2026-04-09,67206.0,Paid
PAY003033,INV03033,2026-06-29,5291.66,Paid
PAY003034,INV03034,2026-09-21,2949799.4,Paid
PAY003035,INV03035,2026-05-13,140657.44,Paid
PAY003036,INV03036,2026-07-18,296650.2,Paid
PAY003037,INV03037,2026-07-13,1285155.38,Paid
PAY003038,INV03038,2026-04-13,19479405.0,Paid
PAY003039,INV03039,2026-07-21,95714.98,Paid
PAY003040,INV03040,2026-06-27,1836024.75,Paid
PAY003041,INV03041,2026-04-02,31152.49,Paid
PAY003042,INV03042,2026-03-29,25494.2,Paid
PAY003043,INV03043,2026-07-28,2547.51,Paid
PAY003044,INV03044,2026-07-31,18733.23,Paid
PAY003045,INV03045,2026-04-11,15287.73,Paid
PAY003046,INV03046,2026-08-14,18221.52,Paid
PAY003047,INV03047,2026-05-31,38352.27,Paid
PAY003048,INV03048,2026-04-01,2925.43,Paid
PAY003049,INV03049,2026-05-01,817236.0,Paid
PAY003050,INV03050,2026-08-30,267929.87,Paid
PAY003051,INV03051,2026-08-08,172011.17,Paid
PAY003052,INV03052,2026-02-15,295261.58,Paid
PAY003053,INV03053,2026-07-16,16040.01,Paid
PAY003054,INV03054,2026-04-04,23470.0,Paid
PAY003055,INV03055,2026-02-16,63738.4,Paid
PAY003056,INV03056,2026-04-09,5505.5,Paid
PAY003057,INV03057,2026-03-21,136836.34,Paid
PAY003058,INV03058,2026-07-15,13878.81,Paid
PAY003059,INV03059,2026-08-18,419.49,Paid
PAY003060,INV03060,2026-03-10,44803.92,Paid
PAY003061,INV03061,2026-02-06,409010.7,Paid
PAY003062,INV03062,2026-02-16,6577211.2,Paid
PAY003063,INV03063,2026-08-10,2054346.0,Paid
PAY003064,INV03064,2026-07-19,352654.4,Paid
PAY003065,INV03065,2026-09-10,2671473.98,Paid
PAY003066,INV03066,2026-03-19,1176240.0,Paid
PAY003067,INV03067,2026-05-27,2414188.0,Paid
PAY003068,INV03068,2026-06-28,724.64,Paid
PAY003069,INV03069,2026-07-30,123536.18,Paid
PAY003070,INV03070,2026-05-22,23733.66,Paid
PAY003071,INV03071,2026-07-07,51934.85,Paid
PAY003072,INV03072,2026-08-04,304006.5,Paid
PAY003073,INV03073,2026-05-10,9368132.1,Paid
PAY003074,INV03074,2026-08-04,3066849.5,Paid
PAY003075,INV03075,2026-10-11,766688.47,Paid
PAY003076,INV03076,2026-08-22,28881.68,Paid
PAY003077,INV03077,2026-08-30,7316.11,Paid
PAY003078,INV03078,2026-11-19,1632202.0,Paid
PAY003079,INV03079,2026-04-02,331638.72,Paid
PAY003080,INV03080,2026-08-14,11574.71,Paid
PAY003081,INV03081,2026-04-09,78534.2,Paid
PAY003082,INV03082,2026-11-04,48545.6,Paid
PAY003083,INV03083,2026-04-19,4639.59,Paid
PAY003084,INV03084,2026-10-01,40905.53,Paid
PAY003085,INV03085,2026-03-26,138626.25,Paid
PAY003086,INV03086,2026-08-14,407339.0,Paid
PAY003087,INV03087,2026-07-06,308168.9,Paid
PAY003088,INV03088,2026-06-18,224222.25,Paid
PAY003089,INV03089,2026-07-23,447222.72,Paid
PAY003090,INV03090,2026-05-29,13917.34,Paid
PAY003091,INV03091,2026-06-03,271508.56,Paid
PAY003092,INV03092,2026-02-17,185040.0,Paid
PAY003093,INV03093,2026-05-09,4069.38,Paid
PAY003094,INV03094,2026-05-07,99482.32,Paid
PAY003095,INV03095,2026-04-23,161325.35,Paid
PAY003096,INV03096,2026-09-18,56858.97,Paid
PAY003097,INV03097,2026-08-10,248885.84,Paid
PAY003098,INV03098,2026-08-22,2005950.98,Paid
PAY003099,INV03099,2026-08-14,138467.7,Paid
PAY003100,INV03100,2026-03-27,243106.5,Paid
PAY003101,INV03101,2026-09-18,73380.66,Paid
PAY003102,INV03102,2026-06-08,1156262.8,Paid
PAY003103,INV03103,2026-09-04,10869.8,Paid
PAY003104,INV03104,2026-03-14,37478.28,Paid
PAY003105,INV03105,2026-08-28,707745.57,Paid
PAY003106,INV03106,2026-04-24,20665.34,Paid
PAY003107,INV03107,2026-04-21,52685.25,Paid
PAY003108,INV03108,2026-07-24,2572248.0,Paid
PAY003109,INV03109,2026-04-13,11815.17,Paid
PAY003110,INV03110,2026-07-19,602.04,Paid
PAY003111,INV03111,2026-03-07,30688.0,Paid
PAY003112,INV03112,2026-05-05,437556.04,Paid
PAY003113,INV03113,2026-07-13,25885.08,Paid
PAY003114,INV03114,2026-07-02,357833.0,Paid
PAY003115,INV03115,2026-07-18,516628.0,Paid
PAY003116,INV03116,2026-03-19,223326.0,Paid
PAY003117,INV03117,2026-06-18,54755.93,Paid
PAY003118,INV03118,2026-04-24,1082160.0,Paid
PAY003119,INV03119,2026-04-11,84901.9,Paid
PAY003120,INV03120,2026-05-27,326937.5,Paid
PAY003121,INV03121,2026-08-29,190833.0,Paid
PAY003122,INV03122,2026-05-15,340760.0,Paid
PAY003123,INV03123,2026-06-07,13916.57,Paid
PAY003124,INV03124,2026-11-26,26116.1,Paid
PAY003125,INV03125,2026-08-03,140470.0,Paid
PAY003126,INV03126,2026-06-23,1175752.73,Paid
PAY003127,INV03127,2026-09-29,180521.82,Paid
PAY003128,INV03128,2026-07-15,792.39,Paid
PAY003129,INV03129,2026-03-14,240468.66,Paid
PAY003130,INV03130,2026-08-24,4658.04,Paid
PAY003131,INV03131,2026-03-24,6577211.2,Paid
PAY003132,INV03132,2026-04-12,325850.0,Paid
PAY003133,INV03133,2026-04-27,113137.92,Paid
PAY003134,INV03134,2026-07-25,214763.54,Paid
PAY003135,INV03135,2026-09-28,660454.26,Paid
PAY003136,INV03136,2026-10-29,453881.4,Paid
PAY003137,INV03137,2026-05-14,119464.0,Paid
PAY003138,INV03138,2026-09-04,9617.12,Paid
PAY003139,INV03139,2026-07-23,252089.89,Paid
PAY003140,INV03140,2026-04-02,654474.8,Paid
PAY003141,INV03141,2026-10-13,215654.8,Paid
PAY003142,INV03142,2026-05-29,174490.34,Paid
PAY003143,INV03143,2026-04-21,856985.0,Paid
PAY003144,INV03144,2026-07-08,1790396.3,Paid
PAY003145,INV03145,2026-05-24,3749560.5,Paid
PAY003146,INV03146,2026-06-07,137570.72,Paid
PAY003147,INV03147,2026-04-18,245470.4,Paid
PAY003148,INV03148,2026-03-17,25678.6,Paid
PAY003149,INV03149,2026-07-14,18202.09,Paid
PAY003150,INV03150,2026-03-21,7787.58,Paid
PAY003151,INV03151,2026-03-27,109121.09,Paid
PAY003152,INV03152,2026-04-28,67206.0,Paid
PAY003153,INV03153,2026-08-01,1100299.2,Paid
PAY003154,INV03154,2026-09-01,171427.09,Paid
PAY003155,INV03155,2026-03-22,620.49,Paid
PAY003156,INV03156,2026-11-10,2030469.0,Paid
PAY003157,INV03157,2026-05-23,14088.06,Paid
PAY003158,INV03158,2026-09-22,15080.28,Paid
PAY003159,INV03159,2026-04-24,8746.5,Paid
PAY003160,INV03160,2026-03-16,25869.99,Paid
PAY003161,INV03161,2026-06-13,5674177.5,Paid
PAY003162,INV03162,2026-03-07,4300763.7,Paid
PAY003163,INV03163,2026-04-14,161565.6,Paid
PAY003164,INV03164,2026-09-02,943.48,Paid
PAY003165,INV03165,2026-09-22,4938869.25,Paid
PAY003166,INV03166,2026-09-08,348958.5,Paid
PAY003167,INV03167,2026-03-11,709.63,Paid
PAY003168,INV03168,2026-08-04,12219540.0,Paid
PAY003169,INV03169,2026-02-28,4647837.1,Paid
PAY003170,INV03170,2026-07-22,2509316.25,Paid
PAY003171,INV03171,2026-08-12,155970.15,Paid
PAY003172,INV03172,2026-03-24,2163.57,Paid
PAY003173,INV03173,2026-07-31,3191568.8,Paid
PAY003174,INV03174,2026-08-26,1076559.75,Paid
PAY003175,INV03175,2026-05-28,2085.02,Paid
PAY003176,INV03176,2026-03-25,43600.3,Paid
PAY003177,INV03177,2026-09-19,387974.8,Paid
PAY003178,INV03178,2026-03-28,1092600.6,Paid
PAY003179,INV03179,2026-03-16,69184.5,Paid
PAY003180,INV03180,2026-04-19,15287.73,Paid
PAY003181,INV03181,2026-10-21,235137.0,Paid
PAY003182,INV03182,2026-09-17,9511.68,Paid
PAY003183,INV03183,2026-06-11,25930.74,Paid
PAY003184,INV03184,2026-08-24,146014.0,Paid
PAY003185,INV03185,2026-05-04,81166.3,Paid
PAY003186,INV03186,2026-07-08,749.65,Paid
PAY003187,INV03187,2026-05-04,357431.55,Paid
PAY003188,INV03188,2026-04-21,3163.35,Paid
PAY003189,INV03189,2026-04-27,3428441.62,Paid
PAY003190,INV03190,2026-04-13,616239.12,Paid
PAY003191,INV03191,2026-05-27,182130.69,Paid
PAY003192,INV03192,2026-10-11,4591.42,Paid
PAY003193,INV03193,2026-08-28,214763.54,Paid
PAY003194,INV03194,2026-07-12,809559.97,Paid
PAY003195,INV03195,2026-02-23,5682199.6,Paid
PAY003196,INV03196,2026-04-26,78249.7,Paid
PAY003197,INV03197,2026-09-09,20069.44,Paid
PAY003198,INV03198,2026-04-07,84272.16,Paid
PAY003199,INV03199,2026-06-10,9349.33,Paid
PAY003200,INV03200,2026-06-17,88446.9,Paid
PAY003201,INV03201,2026-11-16,1525035.75,Paid
PAY003202,INV03202,2026-07-16,50566.43,Paid
PAY003203,INV03203,2026-08-23,664688.1,Paid
PAY003204,INV03204,2026-04-12,762834.0,Paid
PAY003205,INV03205,2026-05-31,459682.0,Paid
PAY003206,INV03206,2026-07-12,4019567.5,Paid
PAY003207,INV03207,2026-06-21,2373018.38,Paid
PAY003208,INV03208,2026-07-23,25777.3,Paid
PAY003209,INV03209,2026-04-21,103.7,Paid
PAY003210,INV03210,2026-08-09,1909.15,Paid
PAY003211,INV03211,2026-06-26,69944.15,Paid
PAY003212,INV03212,2026-05-18,4238841.6,Paid
PAY003213,INV03213,2026-03-24,141069.5,Paid
PAY003214,INV03214,2026-09-21,32265.96,Paid
PAY003215,INV03215,2026-09-30,681232.12,Paid
PAY003216,INV03216,2026-07-27,58887.99,Paid
PAY003217,INV03217,2026-09-29,1323212.0,Paid
PAY003218,INV03218,2026-09-06,322638.96,Paid
PAY003219,INV03219,2026-07-14,1882725.0,Paid
PAY003220,INV03220,2026-08-08,144900.53,Paid
PAY003221,INV03221,2026-03-28,1378224.75,Paid
PAY003222,INV03222,2026-10-10,70452.48,Paid
PAY003223,INV03223,2026-11-26,1247686.65,Paid
PAY003224,INV03224,2026-06-28,10573.39,Paid
PAY003225,INV03225,2026-05-23,1966941.2,Paid
PAY003226,INV03226,2026-10-20,21919.11,Paid
PAY003227,INV03227,2026-08-13,160943.0,Paid
PAY003228,INV03228,2026-06-04,4308.91,Paid
PAY003229,INV03229,2026-03-18,24752.84,Paid
PAY003230,INV03230,2026-03-29,7934.54,Paid
PAY003231,INV03231,2026-07-31,1719116.0,Paid
PAY003232,INV03232,2026-09-18,17049009.6,Paid
PAY003233,INV03233,2026-08-02,1655.47,Paid
PAY003234,INV03234,2026-07-11,14122741.5,Paid
PAY003235,INV03235,2026-07-31,7599.44,Paid
PAY003236,INV03236,2026-09-28,425030.55,Paid
PAY003237,INV03237,2026-08-13,151482.45,Paid
PAY003238,INV03238,2026-09-01,2061494.0,Paid
PAY003239,INV03239,2026-10-01,4301.04,Paid
PAY003240,INV03240,2026-04-16,473497.5,Paid
PAY003241,INV03241,2026-04-18,396069.0,Paid
PAY003242,INV03242,2026-06-12,3174391.75,Paid
PAY003243,INV03243,2026-09-02,71631.0,Paid
PAY003244,INV03244,2026-06-20,60366.12,Paid
PAY003245,INV03245,2026-03-11,2643944.8,Paid
PAY003246,INV03246,2026-08-01,10433.56,Paid
PAY003247,INV03247,2026-09-13,5752666.5,Paid
PAY003248,INV03248,2026-08-03,4435.73,Paid
PAY003249,INV03249,2026-04-05,4300763.7,Paid
PAY003250,INV03250,2026-03-24,17307.99,Paid
PAY003251,INV03251,2026-06-17,223034.91,Paid
PAY003252,INV03252,2026-07-08,1399603.9,Paid
PAY003253,INV03253,2026-07-24,709222.5,Paid
PAY003254,INV03254,2026-06-27,88163.7,Paid
PAY003255,INV03255,2026-09-09,305954.25,Paid
PAY003256,INV03256,2026-06-23,150079.12,Paid
PAY003257,INV03257,2026-08-29,55874.34,Paid
PAY003258,INV03258,2026-09-14,678310.02,Paid
PAY003259,INV03259,2026-05-10,7306.8,Paid
PAY003260,INV03260,2026-06-05,996870.0,Paid
PAY003261,INV03261,2026-05-23,23486.6,Paid
PAY003262,INV03262,2026-08-07,120957.38,Paid
PAY003263,INV03263,2026-05-09,18105.25,Paid
PAY003264,INV03264,2026-07-10,1303.1,Paid
PAY003265,INV03265,2026-03-24,1841.13,Paid
PAY003266,INV03266,2026-08-04,297142.44,Paid
PAY003267,INV03267,2026-09-09,1461.85,Paid
PAY003268,INV03268,2026-03-21,516535.6,Paid
PAY003269,INV03269,2026-10-09,566.54,Paid
PAY003270,INV03270,2026-05-04,6289.14,Paid
PAY003271,INV03271,2026-05-18,519353.62,Paid
PAY003272,INV03272,2026-08-04,2420784.8,Paid
PAY003273,INV03273,2026-07-05,79405.76,Paid
PAY003274,INV03274,2026-05-28,7837.5,Paid
PAY003275,INV03275,2026-02-26,464235.0,Paid
PAY003276,INV03276,2026-06-10,340837.1,Paid
PAY003277,INV03277,2026-08-19,3999772.0,Paid
PAY003278,INV03278,2026-08-19,266512.47,Paid
PAY003279,INV03279,2026-08-29,123536.18,Paid
PAY003280,INV03280,2026-06-19,707505.75,Paid
PAY003281,INV03281,2026-08-07,252089.89,Paid
PAY003282,INV03282,2026-06-15,81166.3,Paid
PAY003283,INV03283,2026-05-05,150215.3,Paid
PAY003284,INV03284,2026-07-13,2426127.5,Paid
PAY003285,INV03285,2026-08-03,32448.1,Paid
PAY003286,INV03286,2026-09-23,4190958.8,Paid
PAY003287,INV03287,2026-05-31,20574.34,Paid
PAY003288,INV03288,2026-03-08,627.52,Paid
PAY003289,INV03289,2026-09-03,23019.15,Paid
PAY003290,INV03290,2026-03-25,18489.8,Paid
PAY003291,INV03291,2026-08-10,4825.16,Paid
PAY003292,INV03292,2026-03-18,26843.32,Paid
PAY003293,INV03293,2026-05-30,3310.14,Paid
PAY003294,INV03294,2026-09-21,6386.18,Paid
PAY003295,INV03295,2026-05-03,66930.1,Paid
PAY003296,INV03296,2026-03-14,523430.0,Paid
PAY003297,INV03297,2026-06-01,70904.4,Paid
PAY003298,INV03298,2026-04-03,165811.0,Paid
PAY003299,INV03299,2026-08-25,60541.82,Paid
PAY003300,INV03300,2026-04-27,9636713.62,Paid
PAY003301,INV03301,2026-05-07,73984.99,Paid
PAY003302,INV03302,2026-09-16,124575.08,Paid
PAY003303,INV03303,2026-08-30,35577.0,Paid
PAY003304,INV03304,2026-05-16,42621.6,Paid
PAY003305,INV03305,2026-08-05,684847.5,Paid
PAY003306,INV03306,2026-05-02,453951.54,Paid
PAY003307,INV03307,2026-08-11,166278.0,Paid
PAY003308,INV03308,2026-06-14,152971.42,Paid
PAY003309,INV03309,2026-10-06,13109.35,Paid
PAY003310,INV03310,2026-09-09,140518.56,Paid
PAY003311,INV03311,2026-04-03,63705.15,Paid
PAY003312,INV03312,2026-06-23,150079.12,Paid
PAY003313,INV03313,2026-05-21,239826.15,Paid
PAY003314,INV03314,2026-06-06,10108.45,Paid
PAY003315,INV03315,2026-06-14,360843.06,Paid
PAY003316,INV03316,2026-09-12,5778295.0,Paid
PAY003317,INV03317,2026-06-19,16040.01,Paid
PAY003318,INV03318,2026-05-10,84272.16,Paid
PAY003319,INV03319,2026-09-07,566.54,Paid
PAY003320,INV03320,2026-04-18,22605.46,Paid
PAY003321,INV03321,2026-06-24,106074.05,Paid
PAY003322,INV03322,2026-03-02,44207.6,Paid
PAY003323,INV03323,2026-05-17,96042.5,Paid
PAY003324,INV03324,2026-10-20,9427.07,Paid
PAY003325,INV03325,2026-07-06,661086.74,Paid
PAY003326,INV03326,2026-07-29,838442.33,Paid
PAY003327,INV03327,2026-07-15,8784255.0,Paid
PAY003328,INV03328,2026-06-15,124481.74,Paid
PAY003329,INV03329,2026-02-22,6806172.8,Paid
PAY003330,INV03330,2026-09-10,25777.3,Paid
PAY003331,INV03331,2026-07-24,49288.51,Paid
PAY003332,INV03332,2026-07-09,1801736.1,Paid
PAY003333,INV03333,2026-09-14,852840.0,Paid
PAY003334,INV03334,2026-04-05,2596899.2,Paid
PAY003335,INV03335,2026-08-25,127862.56,Paid
PAY003336,INV03336,2026-06-10,115158.56,Paid
PAY003337,INV03337,2026-06-21,1121339.62,Paid
PAY003338,INV03338,2026-04-03,1453338.15,Paid
PAY003339,INV03339,2026-07-29,22885.0,Paid
PAY003340,INV03340,2026-04-05,37853.48,Paid
PAY003341,INV03341,2026-08-20,10025.2,Paid
PAY003342,INV03342,2026-10-04,167646.38,Paid
PAY003343,INV03343,2026-03-27,29855.24,Paid
PAY003344,INV03344,2026-05-04,2005.9,Paid
PAY003345,INV03345,2026-04-30,15653543.7,Paid
PAY003346,INV03346,2026-05-14,36204.11,Paid
PAY003347,INV03347,2026-06-19,383158.65,Paid
PAY003348,INV03348,2026-05-31,869.85,Paid
PAY003349,INV03349,2026-11-30,3216.64,Paid
PAY003350,INV03350,2026-04-03,1562078.1,Paid
PAY003351,INV03351,2026-04-01,489027.0,Paid
PAY003352,INV03352,2026-01-23,10897.21,Paid
PAY003353,INV03353,2026-10-16,1535.44,Paid
PAY003354,INV03354,2026-04-12,5305.27,Paid
PAY003355,INV03355,2026-07-11,227587.5,Paid
PAY003356,INV03356,2026-08-02,10273.2,Paid
PAY003357,INV03357,2026-03-14,48736.43,Paid
PAY003358,INV03358,2026-04-20,263435.0,Paid
PAY003359,INV03359,2026-08-10,639883.91,Paid
PAY003360,INV03360,2026-05-07,1022963.2,Paid
PAY003361,INV03361,2026-03-12,23134.12,Paid
PAY003362,INV03362,2026-09-08,989654.4,Paid
PAY003363,INV03363,2026-07-04,48727.67,Paid
PAY003364,INV03364,2026-06-24,489953.7,Paid
PAY003365,INV03365,2026-04-14,263820.48,Paid
PAY003366,INV03366,2026-08-03,797007.75,Paid
PAY003367,INV03367,2026-04-22,8088.1,Paid
PAY003368,INV03368,2026-07-04,78142.58,Paid
PAY003369,INV03369,2026-04-14,5265946.88,Paid
PAY003370,INV03370,2026-06-17,416573.0,Paid
PAY003371,INV03371,2026-04-26,21342.25,Paid
PAY003372,INV03372,2026-04-01,46232.79,Paid
PAY003373,INV03373,2026-10-22,766688.47,Paid
PAY003374,INV03374,2026-05-14,138626.25,Paid
PAY003375,INV03375,2026-05-09,34054.83,Paid
PAY003376,INV03376,2026-06-08,10204805.2,Paid
PAY003377,INV03377,2026-06-27,1777377.0,Paid
PAY003378,INV03378,2026-03-12,34106.54,Paid
PAY003379,INV03379,2026-06-12,29824.48,Paid
PAY003380,INV03380,2026-07-18,6297.43,Paid
PAY003381,INV03381,2026-09-24,4183.85,Paid
PAY003382,INV03382,2026-07-29,59007.3,Paid
PAY003383,INV03383,2026-05-03,4639.59,Paid
PAY003384,INV03384,2026-05-23,185779.91,Paid
PAY003385,INV03385,2026-07-05,6032558.25,Paid
PAY003386,INV03386,2026-04-09,165548.69,Paid
PAY003387,INV03387,2026-05-11,1107044.96,Paid
PAY003388,INV03388,2026-07-25,2402477.0,Paid
PAY003389,INV03389,2026-05-13,10326957.38,Paid
PAY003390,INV03390,2026-08-01,2938412.4,Paid
PAY003391,INV03391,2026-04-25,195694.5,Paid
PAY003392,INV03392,2026-03-27,607572.8,Paid
PAY003393,INV03393,2026-07-19,113172.2,Paid
PAY003394,INV03394,2026-02-17,5118.11,Paid
PAY003395,INV03395,2026-04-09,8343.83,Paid
PAY003396,INV03396,2026-06-04,691.77,Paid
PAY003397,INV03397,2026-06-15,81801.3,Paid
PAY003398,INV03398,2026-07-19,777677.25,Paid
PAY003399,INV03399,2026-05-22,348506.5,Paid
PAY003400,INV03400,2026-07-18,3551661.94,Paid
PAY003401,INV03401,2026-07-17,31991.06,Paid
PAY003402,INV03402,2026-03-16,4727.52,Paid
PAY003403,INV03403,2026-09-25,179120.48,Paid
PAY003404,INV03404,2026-10-10,40692.6,Paid
PAY003405,INV03405,2026-04-14,3195499.0,Paid
PAY003406,INV03406,2026-07-01,1651981.12,Paid
PAY003407,INV03407,2026-09-11,47622.68,Paid
PAY003408,INV03408,2026-04-15,25678.6,Paid
PAY003409,INV03409,2026-04-08,224222.25,Paid
PAY003410,INV03410,2026-05-20,111316.8,Paid
PAY003411,INV03411,2026-04-03,29616.83,Paid
PAY003412,INV03412,2026-06-14,13670090.0,Paid
PAY003413,INV03413,2026-08-12,1459421.6,Paid
PAY003414,INV03414,2026-08-27,2257747.1,Paid
PAY003415,INV03415,2026-06-07,42621.6,Paid
PAY003416,INV03416,2026-06-14,69468.72,Paid
PAY003417,INV03417,2026-03-04,193503.01,Paid
PAY003418,INV03418,2026-09-07,14291717.5,Paid
PAY003419,INV03419,2026-05-03,10502.2,Paid
PAY003420,INV03420,2026-05-05,2197.56,Paid
PAY003421,INV03421,2026-07-17,593827.5,Paid
PAY003422,INV03422,2026-07-29,20402.44,Paid
PAY003423,INV03423,2026-06-26,13665975.3,Paid
PAY003424,INV03424,2026-08-07,245176.6,Paid
PAY003425,INV03425,2026-09-09,63053.97,Paid
PAY003426,INV03426,2026-06-10,782.36,Paid
PAY003427,INV03427,2026-05-05,2068197.21,Paid
PAY003428,INV03428,2026-02-10,844443.6,Paid
PAY003429,INV03429,2026-09-17,409722.88,Paid
PAY003430,INV03430,2026-06-07,248606.18,Paid
PAY003431,INV03431,2026-04-12,26843.32,Paid
PAY003432,INV03432,2026-10-08,7190.46,Paid
PAY003433,INV03433,2026-04-10,35953.3,Paid
PAY003434,INV03434,2026-09-17,332732.5,Paid
PAY003435,INV03435,2026-06-03,6658.44,Paid
PAY003436,INV03436,2026-03-13,453951.54,Paid
PAY003437,INV03437,2026-04-17,2126643.2,Paid
PAY003438,INV03438,2026-05-17,920615.33,Paid
PAY003439,INV03439,2026-07-13,28881.68,Paid
PAY003440,INV03440,2026-07-18,2773215.0,Paid
PAY003441,INV03441,2026-06-08,66712.8,Paid
PAY003442,INV03442,2026-04-29,1037.09,Paid
PAY003443,INV03443,2026-07-06,473893.9,Paid
PAY003444,INV03444,2026-10-12,243031.82,Paid
PAY003445,INV03445,2026-04-25,8315.7,Paid
PAY003446,INV03446,2026-04-30,5971885.5,Paid
PAY003447,INV03447,2026-05-13,996430.4,Paid
PAY003448,INV03448,2026-03-21,8646769.6,Paid
PAY003449,INV03449,2026-04-07,1230890.0,Paid
PAY003450,INV03450,2026-05-17,177780.33,Paid
PAY003451,INV03451,2026-04-29,269513.6,Paid
PAY003452,INV03452,2026-06-10,179329.6,Paid
PAY003453,INV03453,2026-04-26,16186.44,Paid
PAY003454,INV03454,2026-03-28,102171.3,Paid
PAY003455,INV03455,2026-02-04,1333035.2,Paid
PAY003456,INV03456,2026-08-18,184232.22,Paid
PAY003457,INV03457,2026-08-17,299592.0,Paid
PAY003458,INV03458,2026-04-06,31965.92,Paid
PAY003459,INV03459,2026-08-06,21241.02,Paid
PAY003460,INV03460,2026-03-21,189604.76,Paid
PAY003461,INV03461,2026-09-16,111397.0,Paid
PAY003462,INV03462,2026-06-16,350817.54,Paid
PAY003463,INV03463,2026-04-16,19199.8,Paid
PAY003464,INV03464,2026-04-01,47839.05,Paid
PAY003465,INV03465,2026-08-31,522349.8,Paid
PAY003466,INV03466,2026-09-10,1554795.2,Paid
PAY003467,INV03467,2026-05-15,23470.0,Paid
PAY003468,INV03468,2026-09-11,5505895.5,Paid
PAY003469,INV03469,2026-05-28,18660.54,Paid
PAY003470,INV03470,2026-09-07,670118.4,Paid
PAY003471,INV03471,2026-04-30,213188.59,Paid
PAY003472,INV03472,2026-08-08,279277.6,Paid
PAY003473,INV03473,2026-04-24,34031.0,Paid
PAY003474,INV03474,2026-07-07,9117.36,Paid
PAY003475,INV03475,2026-09-29,348958.5,Paid
PAY003476,INV03476,2026-06-21,2555346.08,Paid
PAY003477,INV03477,2026-03-28,849.68,Paid
PAY003478,INV03478,2026-06-21,9551707.65,Paid
PAY003479,INV03479,2026-07-25,206359.12,Paid
PAY003480,INV03480,2026-08-20,15973270.6,Paid
PAY003481,INV03481,2026-07-18,421960.0,Paid
PAY003482,INV03482,2026-08-12,1098182.4,Paid
PAY003483,INV03483,2026-06-25,74686.7,Paid
PAY003484,INV03484,2026-05-01,4439.66,Paid
PAY003485,INV03485,2026-02-05,302646.4,Paid
PAY003486,INV03486,2026-06-17,6608.57,Paid
PAY003487,INV03487,2026-08-05,184860.48,Paid
PAY003488,INV03488,2026-04-09,12834.96,Paid
PAY003489,INV03489,2026-07-12,696130.4,Paid
PAY003490,INV03490,2026-05-07,3577.67,Paid
PAY003491,INV03491,2026-06-05,27075.33,Paid
PAY003492,INV03492,2026-04-17,1586188.8,Paid
PAY003493,INV03493,2026-05-06,6186208.88,Paid
PAY003494,INV03494,2026-10-08,72845.36,Paid
PAY003495,INV03495,2026-09-28,15329.6,Paid
PAY003496,INV03496,2026-10-16,7898.45,Paid
PAY003497,INV03497,2026-03-14,1841.13,Paid
PAY003498,INV03498,2026-09-26,4668.54,Paid
PAY003499,INV03499,2026-02-23,51944.26,Paid
PAY003500,INV03500,2026-06-25,2555346.08,Paid
PAY003501,INV03501,2026-02-15,22068.44,Paid
PAY003502,INV03502,2026-04-14,7366.0,Paid
PAY003503,INV03503,2026-03-23,647186.4,Paid
PAY003504,INV03504,2026-08-18,4852.2,Paid
PAY003505,INV03505,2026-01-31,200835.6,Paid
PAY003506,INV03506,2026-05-01,770266.11,Paid
PAY003507,INV03507,2026-04-29,199927.4,Paid
PAY003508,INV03508,2026-09-04,4882140.85,Paid
PAY003509,INV03509,2026-04-14,19317.14,Paid
PAY003510,INV03510,2026-05-19,151562.25,Paid
PAY003511,INV03511,2026-03-18,2212660.8,Paid
PAY003512,INV03512,2026-09-01,733192.0,Paid
PAY003513,INV03513,2026-08-12,3063.83,Paid
PAY003514,INV03514,2026-06-12,1283590.0,Paid
PAY003515,INV03515,2026-09-22,855484.0,Paid
PAY003516,INV03516,2026-04-05,6248.91,Paid
PAY003517,INV03517,2026-06-21,267162.15,Paid
PAY003518,INV03518,2026-05-19,1717687.12,Paid
PAY003519,INV03519,2026-04-29,33280.2,Paid
PAY003520,INV03520,2026-06-04,119052.0,Paid
PAY003521,INV03521,2026-09-17,134.41,Paid
PAY003522,INV03522,2026-07-07,1349494.12,Paid
PAY003523,INV03523,2026-08-30,4951.74,Paid
PAY003524,INV03524,2026-07-06,9402.0,Paid
PAY003525,INV03525,2026-08-17,12203.52,Paid
PAY003526,INV03526,2026-02-01,11169.65,Paid
PAY003527,INV03527,2026-04-19,1235116.4,Paid
PAY003528,INV03528,2026-06-01,980909.0,Paid
PAY003529,INV03529,2026-06-14,4822.35,Paid
PAY003530,INV03530,2026-01-30,49833.29,Paid
PAY003531,INV03531,2026-07-09,1430452.5,Paid
PAY003532,INV03532,2026-09-27,24607.45,Paid
PAY003533,INV03533,2026-06-12,956754.75,Paid
PAY003534,INV03534,2026-08-19,8399648.25,Paid
PAY003535,INV03535,2026-08-23,107690.62,Paid
PAY003536,INV03536,2026-05-27,21649.66,Paid
PAY003537,INV03537,2026-03-23,102556.94,Paid
PAY003538,INV03538,2026-08-22,230603.86,Paid
PAY003539,INV03539,2026-04-15,9058.69,Paid
PAY003540,INV03540,2026-05-20,6096122.5,Paid
PAY003541,INV03541,2026-03-30,31152.49,Paid
PAY003542,INV03542,2026-06-10,580857.36,Paid
PAY003543,INV03543,2026-10-06,2664885.0,Paid
PAY003544,INV03544,2026-08-03,689035.2,Paid
PAY003545,INV03545,2026-06-15,487861.92,Paid
PAY003546,INV03546,2026-06-30,5822444.5,Paid
PAY003547,INV03547,2026-07-09,3758.06,Paid
PAY003548,INV03548,2026-10-28,868255.0,Paid
PAY003549,INV03549,2026-09-29,752900.18,Paid
PAY003550,INV03550,2026-05-05,1192900.35,Paid
PAY003551,INV03551,2026-05-13,1166754.5,Paid
PAY003552,INV03552,2026-07-07,237986.0,Paid
PAY003553,INV03553,2026-03-13,43923.32,Paid
PAY003554,INV03554,2026-04-24,1889357.5,Paid
PAY003555,INV03555,2026-04-04,244904.62,Paid
PAY003556,INV03556,2026-03-10,4426.8,Paid
PAY003557,INV03557,2026-07-24,38915.35,Paid
PAY003558,INV03558,2026-08-04,41490.69,Paid
PAY003559,INV03559,2026-04-28,111759.76,Paid
PAY003560,INV03560,2026-04-06,103223.93,Paid
PAY003561,INV03561,2026-09-30,215654.8,Paid
PAY003562,INV03562,2026-08-08,1670231.0,Paid
PAY003563,INV03563,2026-06-12,5729203.2,Paid
PAY003564,INV03564,2026-09-14,7429.22,Paid
PAY003565,INV03565,2026-06-10,2339509.76,Paid
PAY003566,INV03566,2026-07-05,369140.0,Paid
PAY003567,INV03567,2026-09-18,348958.5,Paid
PAY003568,INV03568,2026-08-09,4397287.7,Paid
PAY003569,INV03569,2026-07-05,7267.13,Paid
PAY003570,INV03570,2026-11-14,28658.8,Paid
PAY003571,INV03571,2026-05-16,41532.85,Paid
PAY003572,INV03572,2026-03-17,71414.95,Paid
PAY003573,INV03573,2026-05-12,3602.52,Paid
PAY003574,INV03574,2026-02-09,75125.0,Paid
PAY003575,INV03575,2026-03-12,582.63,Paid
PAY003576,INV03576,2026-04-08,3387266.7,Paid
PAY003577,INV03577,2026-09-19,4769.41,Paid
PAY003578,INV03578,2026-05-29,296831.36,Paid
PAY003579,INV03579,2026-07-18,14088.06,Paid
PAY003580,INV03580,2026-09-02,178571.93,Paid
PAY003581,INV03581,2026-09-29,81047.61,Paid
PAY003582,INV03582,2026-05-31,726297.67,Paid
PAY003583,INV03583,2026-08-16,741473.25,Paid
PAY003584,INV03584,2026-07-16,39094.76,Paid
PAY003585,INV03585,2026-06-11,5805871.4,Paid
PAY003586,INV03586,2026-07-13,318.96,Paid
PAY003587,INV03587,2026-04-04,2640.6,Paid
PAY003588,INV03588,2026-05-20,14365.74,Paid
PAY003589,INV03589,2026-06-17,147561.0,Paid
PAY003590,INV03590,2026-04-21,13646.76,Paid
PAY003591,INV03591,2026-03-28,134082.25,Paid
PAY003592,INV03592,2026-08-04,1823937.8,Paid
PAY003593,INV03593,2026-05-22,17518.79,Paid
PAY003594,INV03594,2026-10-21,22875.72,Paid
PAY003595,INV03595,2026-09-09,4517.65,Paid
PAY003596,INV03596,2026-02-11,860800.0,Paid
PAY003597,INV03597,2026-09-10,7804660.5,Paid
PAY003598,INV03598,2026-06-17,20571.18,Paid
PAY003599,INV03599,2026-03-25,2243.05,Paid
PAY003600,INV03600,2026-10-25,15332409.75,Paid
PAY003601,INV03601,2026-08-03,2169.05,Paid
PAY003602,INV03602,2026-05-27,1784850.0,Paid
PAY003603,INV03603,2026-05-09,583818.22,Paid
PAY003604,INV03604,2026-02-23,10264.32,Paid
PAY003605,INV03605,2026-06-25,9567678.75,Paid
PAY003606,INV03606,2026-05-25,1717379.5,Paid
PAY003607,INV03607,2026-09-08,21241.02,Paid
PAY003608,INV03608,2026-08-11,88064.7,Paid
PAY003609,INV03609,2026-08-30,7814.62,Paid
PAY003610,INV03610,2026-07-29,5702075.0,Paid
PAY003611,INV03611,2026-08-14,510021.37,Paid
PAY003612,INV03612,2026-05-27,577880.62,Paid
PAY003613,INV03613,2026-09-05,37729.33,Paid
PAY003614,INV03614,2026-06-19,1999018.0,Paid
PAY003615,INV03615,2026-04-05,6822.52,Paid
PAY003616,INV03616,2026-11-02,1873.49,Paid
PAY003617,INV03617,2026-07-30,12530.91,Paid
PAY003618,INV03618,2026-05-31,1458790.0,Paid
PAY003619,INV03619,2026-11-17,21937.92,Paid
PAY003620,INV03620,2026-11-04,72845.36,Paid
PAY003621,INV03621,2026-09-15,350107.5,Paid
PAY003622,INV03622,2026-08-14,3027.05,Paid
PAY003623,INV03623,2026-06-18,41600.16,Paid
PAY003624,INV03624,2026-09-09,1378.23,Paid
PAY003625,INV03625,2026-03-20,2771285.0,Paid
PAY003626,INV03626,2026-08-16,18091.62,Paid
PAY003627,INV03627,2026-05-02,306202.92,Paid
PAY003628,INV03628,2026-10-02,16818.16,Paid
PAY003629,INV03629,2026-08-22,1270570.35,Paid
PAY003630,INV03630,2026-10-06,5232850.88,Paid
PAY003631,INV03631,2026-08-12,8055975.2,Paid
PAY003632,INV03632,2026-08-27,649742.62,Paid
PAY003633,INV03633,2026-04-16,86340.0,Paid
PAY003634,INV03634,2026-03-25,4319047.8,Paid
PAY003635,INV03635,2026-05-10,100246.16,Paid
PAY003636,INV03636,2026-08-18,2433965.1,Paid
PAY003637,INV03637,2026-03-31,35655.9,Paid
PAY003638,INV03638,2026-04-13,392.84,Paid
PAY003639,INV03639,2026-07-24,3532.1,Paid
PAY003640,INV03640,2026-05-19,9149.45,Paid
PAY003641,INV03641,2026-02-19,6310291.9,Paid
PAY003642,INV03642,2026-10-22,15352175.0,Paid
PAY003643,INV03643,2026-06-02,150079.12,Paid
PAY003644,INV03644,2026-07-18,295551.9,Paid
PAY003645,INV03645,2026-03-14,39660.27,Paid
PAY003646,INV03646,2026-06-01,87878.38,Paid
PAY003647,INV03647,2026-03-26,804493.98,Paid
PAY003648,INV03648,2026-08-10,1808100.0,Paid
PAY003649,INV03649,2026-03-12,25112.02,Paid
PAY003650,INV03650,2026-10-09,111681.0,Paid
PAY003651,INV03651,2026-07-04,5374005.0,Paid
PAY003652,INV03652,2026-07-17,27597.13,Paid
PAY003653,INV03653,2026-10-20,104728.5,Paid
PAY003654,INV03654,2026-09-06,20482.35,Paid
PAY003655,INV03655,2026-04-16,4058.37,Paid
PAY003656,INV03656,2026-09-05,4449.79,Paid
PAY003657,INV03657,2026-09-10,46415.54,Paid
PAY003658,INV03658,2026-04-08,51944.26,Paid
PAY003659,INV03659,2026-08-29,1298256.75,Paid
PAY003660,INV03660,2026-05-25,33290.34,Paid
PAY003661,INV03661,2026-08-16,789880.35,Paid
PAY003662,INV03662,2026-05-02,17581.54,Paid
PAY003663,INV03663,2026-04-23,572727.4,Paid
PAY003664,INV03664,2026-02-21,194257.26,Paid
PAY003665,INV03665,2026-08-26,409722.88,Paid
PAY003666,INV03666,2026-04-29,6756332.62,Paid
PAY003667,INV03667,2026-03-31,25341.56,Paid
PAY003668,INV03668,2026-05-12,2027687.2,Paid
PAY003669,INV03669,2026-05-22,99350.89,Paid
PAY003670,INV03670,2026-04-28,8132269.6,Paid
PAY003671,INV03671,2026-04-24,620589.0,Paid
PAY003672,INV03672,2026-10-10,1896.28,Paid
PAY003673,INV03673,2026-05-05,146336.5,Paid
PAY003674,INV03674,2026-02-05,34106.54,Paid
PAY003675,INV03675,2026-06-10,67168.5,Paid
PAY003676,INV03676,2026-09-04,11713.07,Paid
PAY003677,INV03677,2026-07-15,31878.64,Paid
PAY003678,INV03678,2026-03-12,860800.0,Paid
PAY003679,INV03679,2026-04-12,354506.22,Paid
PAY003680,INV03680,2026-02-16,1737873.0,Paid
PAY003681,INV03681,2026-04-21,61282.8,Paid
PAY003682,INV03682,2026-06-29,311922.2,Paid
PAY003683,INV03683,2026-07-12,3761.75,Paid
PAY003684,INV03684,2026-06-15,219028.06,Paid
PAY003685,INV03685,2026-04-11,5505.5,Paid
PAY003686,INV03686,2026-03-22,3246.71,Paid
PAY003687,INV03687,2026-06-15,24499.51,Paid
PAY003688,INV03688,2026-08-21,1230545.0,Paid
PAY003689,INV03689,2026-06-13,503798.64,Paid
PAY003690,INV03690,2026-07-21,17154.46,Paid
PAY003691,INV03691,2026-07-18,21649.66,Paid
PAY003692,INV03692,2026-09-26,103462.8,Paid
PAY003693,INV03693,2026-06-28,992.12,Paid
PAY003694,INV03694,2026-04-30,238479.18,Paid
PAY003695,INV03695,2026-05-04,3486.0,Paid
PAY003696,INV03696,2026-06-09,15653543.7,Paid
PAY003697,INV03697,2026-07-12,220399.65,Paid
PAY003698,INV03698,2026-05-10,560.84,Paid
PAY003699,INV03699,2026-04-29,607278.8,Paid
PAY003700,INV03700,2026-07-30,296103.3,Paid
PAY003701,INV03701,2026-04-25,9636713.62,Paid
PAY003702,INV03702,2026-03-13,1030924.7,Paid
PAY003703,INV03703,2026-08-20,638.86,Paid
PAY003704,INV03704,2026-08-06,19713.02,Paid
PAY003705,INV03705,2026-03-24,10936.71,Paid
PAY003706,INV03706,2026-09-02,400060.86,Paid
PAY003707,INV03707,2026-05-07,2068197.21,Paid
PAY003708,INV03708,2026-08-03,91894.27,Paid
PAY003709,INV03709,2026-05-25,1375517.15,Paid
PAY003710,INV03710,2026-06-30,2398.75,Paid
PAY003711,INV03711,2026-07-18,1937.96,Paid
PAY003712,INV03712,2026-05-22,1673568.96,Paid
PAY003713,INV03713,2026-07-14,29462.5,Paid
PAY003714,INV03714,2026-05-21,7023.12,Paid
PAY003715,INV03715,2026-06-08,354107.6,Paid
PAY003716,INV03716,2026-10-29,348424.5,Paid
PAY003717,INV03717,2026-07-04,17395.91,Paid
PAY003718,INV03718,2026-05-09,365260.0,Paid
PAY003719,INV03719,2026-02-16,7863.64,Paid
PAY003720,INV03720,2026-04-07,564155.2,Paid
PAY003721,INV03721,2026-10-09,1795712.2,Paid
PAY003722,INV03722,2026-05-08,598007.48,Paid
PAY003723,INV03723,2026-07-30,31878.64,Paid
PAY003724,INV03724,2026-07-02,3458.16,Paid
PAY003725,INV03725,2026-08-04,409819.62,Paid
PAY003726,INV03726,2026-07-04,19686.14,Paid
PAY003727,INV03727,2026-02-16,216613.43,Paid
PAY003728,INV03728,2026-04-27,11378.09,Paid
PAY003729,INV03729,2026-07-03,7907.98,Paid
PAY003730,INV03730,2026-09-23,5155634.4,Paid
PAY003731,INV03731,2026-08-11,24607.45,Paid
PAY003732,INV03732,2026-03-23,1425089.54,Paid
PAY003733,INV03733,2026-05-19,401398.24,Paid
PAY003734,INV03734,2026-11-08,16602650.0,Paid
PAY003735,INV03735,2026-08-19,202532.72,Paid
PAY003736,INV03736,2026-06-10,60147.92,Paid
PAY003737,INV03737,2026-05-29,31915.3,Paid
PAY003738,INV03738,2026-09-06,1626724.0,Paid
PAY003739,INV03739,2026-07-04,3200.44,Paid
PAY003740,INV03740,2026-09-04,777677.25,Paid
PAY003741,INV03741,2026-05-10,486510.0,Paid
PAY003742,INV03742,2026-09-04,111681.0,Paid
PAY003743,INV03743,2026-08-07,111306.4,Paid
PAY003744,INV03744,2026-05-11,780685.5,Paid
PAY003745,INV03745,2026-05-12,1662139.36,Paid
PAY003746,INV03746,2026-03-02,174210.95,Paid
PAY003747,INV03747,2026-07-30,314313.44,Paid
PAY003748,INV03748,2026-05-20,392.84,Paid
PAY003749,INV03749,2026-09-10,206076.64,Paid
PAY003750,INV03750,2026-07-15,16438.12,Paid
PAY003751,INV03751,2026-07-04,37838.59,Paid
PAY003752,INV03752,2026-07-03,29585.08,Paid
PAY003753,INV03753,2026-05-24,28026.18,Paid
PAY003754,INV03754,2026-02-13,1097010.6,Paid
PAY003755,INV03755,2026-10-28,4957622.25,Paid
PAY003756,INV03756,2026-03-06,258468.0,Paid
PAY003757,INV03757,2026-06-28,177528.75,Paid
PAY003758,INV03758,2026-08-02,1043010.0,Paid
PAY003759,INV03759,2026-09-13,10037354.25,Paid
PAY003760,INV03760,2026-06-18,9559.82,Paid
PAY003761,INV03761,2026-09-15,282976.0,Paid
PAY003762,INV03762,2026-08-23,19713.02,Paid
PAY003763,INV03763,2026-09-03,2096158.4,Paid
PAY003764,INV03764,2026-06-18,67304.32,Paid
PAY003765,INV03765,2026-08-02,5035077.6,Paid
PAY003766,INV03766,2026-10-05,137280.68,Paid
PAY003767,INV03767,2026-08-20,34821.03,Paid
PAY003768,INV03768,2026-03-01,41993.91,Paid
PAY003769,INV03769,2026-09-28,197531.6,Paid
PAY003770,INV03770,2026-07-05,40921.94,Paid
PAY003771,INV03771,2026-04-15,18006.08,Paid
PAY003772,INV03772,2026-05-20,613827.38,Paid
PAY003773,INV03773,2026-07-03,567535.75,Paid
PAY003774,INV03774,2026-11-13,11167.49,Paid
PAY003775,INV03775,2026-05-17,1956298.4,Paid
PAY003776,INV03776,2026-07-05,159098.52,Paid
PAY003777,INV03777,2026-10-09,17537.73,Paid
PAY003778,INV03778,2026-04-23,8088.1,Paid
PAY003779,INV03779,2026-06-15,400060.86,Paid
PAY003780,INV03780,2026-03-24,595764.3,Paid
PAY003781,INV03781,2026-08-14,5483.7,Paid
PAY003782,INV03782,2026-06-24,1872137.85,Paid
PAY003783,INV03783,2026-08-13,3223.26,Paid
PAY003784,INV03784,2026-07-11,13622.07,Paid
PAY003785,INV03785,2026-03-12,607572.8,Paid
PAY003786,INV03786,2026-05-03,10936.71,Paid
PAY003787,INV03787,2026-08-02,43186.81,Paid
PAY003788,INV03788,2026-05-21,5805871.4,Paid
PAY003789,INV03789,2026-06-19,223376.12,Paid
PAY003790,INV03790,2026-07-14,3602.45,Paid
PAY003791,INV03791,2026-04-13,2050915.0,Paid
PAY003792,INV03792,2026-04-17,322495.43,Paid
PAY003793,INV03793,2026-08-27,15329.6,Paid
PAY003794,INV03794,2026-09-01,5432.45,Paid
PAY003795,INV03795,2026-05-01,16040.47,Paid
PAY003796,INV03796,2026-07-31,177528.75,Paid
PAY003797,INV03797,2026-05-28,1388140.0,Paid
PAY003798,INV03798,2026-10-12,11132.83,Paid
PAY003799,INV03799,2026-05-19,14365.74,Paid
PAY003800,INV03800,2026-05-13,1425089.54,Paid
PAY003801,INV03801,2026-05-24,169789.02,Paid
PAY003802,INV03802,2026-06-19,421974.21,Paid
PAY003803,INV03803,2026-06-16,9326.11,Paid
PAY003804,INV03804,2026-08-03,11784.89,Paid
PAY003805,INV03805,2026-08-26,69127.52,Paid
PAY003806,INV03806,2026-03-20,75768.84,Paid
PAY003807,INV03807,2026-07-06,21540.75,Paid
PAY003808,INV03808,2026-02-04,96320.56,Paid
PAY003809,INV03809,2026-06-26,22836.45,Paid
PAY003810,INV03810,2026-09-07,9613.63,Paid
PAY003811,INV03811,2026-05-24,284.56,Paid
PAY003812,INV03812,2026-03-30,17280120.0,Paid
PAY003813,INV03813,2026-07-12,20450628.8,Paid
PAY003814,INV03814,2026-05-08,145005.84,Paid
PAY003815,INV03815,2026-04-04,9497.04,Paid
PAY003816,INV03816,2026-08-10,49946.5,Paid
PAY003817,INV03817,2026-06-17,22768.8,Paid
PAY003818,INV03818,2026-08-10,3078864.85,Paid
PAY003819,INV03819,2026-04-19,156604.05,Paid
PAY003820,INV03820,2026-08-09,10433.56,Paid
PAY003821,INV03821,2026-06-28,1841.13,Paid
PAY003822,INV03822,2026-07-30,137061.72,Paid
PAY003823,INV03823,2026-09-05,25777.3,Paid
PAY003824,INV03824,2026-08-26,3127415.2,Paid
PAY003825,INV03825,2026-05-22,1927.89,Paid
PAY003826,INV03826,2026-04-22,5423964.4,Paid
PAY003827,INV03827,2026-09-11,1043010.0,Paid
PAY003828,INV03828,2026-04-16,2513.56,Paid
PAY003829,INV03829,2026-04-01,1439120.0,Paid
PAY003830,INV03830,2026-06-07,583252.32,Paid
PAY003831,INV03831,2026-09-05,1591929.74,Paid
PAY003832,INV03832,2026-08-28,37990.16,Paid
PAY003833,INV03833,2026-08-27,350969.76,Paid
PAY003834,INV03834,2026-10-13,1353545.76,Paid
PAY003835,INV03835,2026-05-21,1673568.96,Paid
PAY003836,INV03836,2026-07-23,8822.08,Paid
PAY003837,INV03837,2026-07-30,7282.3,Paid
PAY003838,INV03838,2026-03-27,51741.9,Paid
PAY003839,INV03839,2026-04-04,9723.7,Paid
PAY003840,INV03840,2026-07-16,238613.2,Paid
PAY003841,INV03841,2026-07-05,689938.2,Paid
PAY003842,INV03842,2026-06-08,4705710.2,Paid
PAY003843,INV03843,2026-06-01,163392.18,Paid
PAY003844,INV03844,2026-10-14,11486.2,Paid
PAY003845,INV03845,2026-06-03,90447.0,Paid
PAY003846,INV03846,2026-08-09,75530.15,Paid
PAY003847,INV03847,2026-03-06,169666.3,Paid
PAY003848,INV03848,2026-02-27,13482.2,Paid
PAY003849,INV03849,2026-09-08,3010.28,Paid
PAY003850,INV03850,2026-07-07,22208.0,Paid
PAY003851,INV03851,2026-07-09,5067.8,Paid
PAY003852,INV03852,2026-05-24,192593.11,Paid
PAY003853,INV03853,2026-07-05,1966941.2,Paid
PAY003854,INV03854,2026-07-03,25993.95,Paid
PAY003855,INV03855,2026-05-13,838647.5,Paid
PAY003856,INV03856,2026-07-31,20069.44,Paid
PAY003857,INV03857,2026-03-30,1996286.83,Paid
PAY003858,INV03858,2026-05-04,1511932.5,Paid
PAY003859,INV03859,2026-05-15,79529.88,Paid
PAY003860,INV03860,2026-03-30,4443.78,Paid
PAY003861,INV03861,2026-06-14,39785.31,Paid
PAY003862,INV03862,2026-05-12,15782.0,Paid
PAY003863,INV03863,2026-08-17,220077.0,Paid
PAY003864,INV03864,2026-07-12,10108.45,Paid
PAY003865,INV03865,2026-04-10,8645412.5,Paid
PAY003866,INV03866,2026-04-27,5260776.3,Paid
PAY003867,INV03867,2026-05-08,23733.66,Paid
PAY003868,INV03868,2026-05-08,21645.1,Paid
PAY003869,INV03869,2026-10-09,2878135.05,Paid
PAY003870,INV03870,2026-10-12,1843.3,Paid
PAY003871,INV03871,2026-09-26,123386.46,Paid
PAY003872,INV03872,2026-03-26,28581.28,Paid
PAY003873,INV03873,2026-05-07,10949.01,Paid
PAY003874,INV03874,2026-06-17,199830.6,Paid
PAY003875,INV03875,2026-04-11,176516.44,Paid
PAY003876,INV03876,2026-04-12,770266.11,Paid
PAY003877,INV03877,2026-10-21,2470331.36,Paid
PAY003878,INV03878,2026-05-18,451479.6,Paid
PAY003879,INV03879,2026-08-18,4922962.5,Paid
PAY003880,INV03880,2026-02-13,34106.54,Paid
PAY003881,INV03881,2026-06-13,769510.0,Paid
PAY003882,INV03882,2026-04-12,14687.59,Paid
PAY003883,INV03883,2026-08-30,1554795.2,Paid
PAY003884,INV03884,2026-07-23,40692.6,Paid
PAY003885,INV03885,2026-06-25,234328.5,Paid
PAY003886,INV03886,2026-08-11,265863.81,Paid
PAY003887,INV03887,2026-09-14,469504.3,Paid
PAY003888,INV03888,2026-07-28,67832.31,Paid
PAY003889,INV03889,2026-09-14,6321.19,Paid
PAY003890,INV03890,2026-03-28,537710.0,Paid
PAY003891,INV03891,2026-04-28,9142899.6,Paid
PAY003892,INV03892,2026-09-27,2508.46,Paid
PAY003893,INV03893,2026-07-25,7336189.8,Paid
PAY003894,INV03894,2026-05-10,14647.76,Paid
PAY003895,INV03895,2026-07-30,7021.76,Paid
PAY003896,INV03896,2026-07-24,206359.12,Paid
PAY003897,INV03897,2026-09-26,461420.4,Paid
PAY003898,INV03898,2026-09-21,171505.4,Paid
PAY003899,INV03899,2026-05-11,95086.41,Paid
PAY003900,INV03900,2026-05-11,277379.24,Paid
PAY003901,INV03901,2026-08-20,1517385.6,Paid
PAY003902,INV03902,2026-06-25,235496.1,Paid
PAY003903,INV03903,2026-04-06,7789.16,Paid
PAY003904,INV03904,2026-05-30,9466704.8,Paid
PAY003905,INV03905,2026-07-03,25306.0,Paid
PAY003906,INV03906,2026-05-15,10699340.4,Paid
PAY003907,INV03907,2026-10-01,18799305.0,Paid
PAY003908,INV03908,2026-09-24,664688.1,Paid
PAY003909,INV03909,2026-03-11,949186.1,Paid
PAY003910,INV03910,2026-04-05,2123824.5,Paid
PAY003911,INV03911,2026-04-05,21810.01,Paid
PAY003912,INV03912,2026-06-30,58702.56,Paid
PAY003913,INV03913,2026-09-05,11178.8,Paid
PAY003914,INV03914,2026-03-20,166401.24,Paid
PAY003915,INV03915,2026-09-16,79012.8,Paid
PAY003916,INV03916,2026-07-13,191244.5,Paid
PAY003917,INV03917,2026-04-24,742075.45,Paid
PAY003918,INV03918,2026-07-02,26377.66,Paid
PAY003919,INV03919,2026-11-03,36450.5,Paid
PAY003920,INV03920,2026-07-01,171500.0,Paid
PAY003921,INV03921,2026-06-07,332423.7,Paid
PAY003922,INV03922,2026-06-22,49288.51,Paid
PAY003923,INV03923,2026-06-07,42116.55,Paid
PAY003924,INV03924,2026-09-16,1535.05,Paid
PAY003925,INV03925,2026-05-19,705794.25,Paid
PAY003926,INV03926,2026-06-26,678314.0,Paid
PAY003927,INV03927,2026-04-09,817236.0,Paid
PAY003928,INV03928,2026-08-06,94520.0,Paid
PAY003929,INV03929,2026-05-15,2269273.0,Paid
PAY003930,INV03930,2026-02-18,504156.0,Paid
PAY003931,INV03931,2026-05-26,69468.72,Paid
PAY003932,INV03932,2026-06-28,495611.2,Paid
PAY003933,INV03933,2026-08-26,23677.65,Paid
PAY003934,INV03934,2026-02-12,2771285.0,Paid
PAY003935,INV03935,2026-10-11,1784.35,Paid
PAY003936,INV03936,2026-10-16,259615.1,Paid
PAY003937,INV03937,2026-06-29,1665293.7,Paid
PAY003938,INV03938,2026-03-31,27047.0,Paid
PAY003939,INV03939,2026-05-03,23470.0,Paid
PAY003940,INV03940,2026-04-20,1973.92,Paid
PAY003941,INV03941,2026-07-05,345655.0,Paid
PAY003942,INV03942,2026-06-21,1808100.0,Paid
PAY003943,INV03943,2026-10-13,128128.0,Paid
PAY003944,INV03944,2026-10-05,102753.0,Paid
PAY003945,INV03945,2026-07-05,13587.63,Paid
PAY003946,INV03946,2026-08-28,57977.35,Paid
PAY003947,INV03947,2026-04-15,37094.48,Paid
PAY003948,INV03948,2026-09-05,1378.23,Paid
PAY003949,INV03949,2026-07-12,95829.75,Paid
PAY003950,INV03950,2026-07-24,16555.8,Paid
PAY003951,INV03951,2026-08-19,58118.0,Paid
PAY003952,INV03952,2026-06-26,1907630.0,Paid
PAY003953,INV03953,2026-07-03,1925574.0,Paid
PAY003954,INV03954,2026-04-10,12297.9,Paid
PAY003955,INV03955,2026-06-25,20272.0,Paid
PAY003956,INV03956,2026-04-18,178092.68,Paid
PAY003957,INV03957,2026-04-07,84901.9,Paid
PAY003958,INV03958,2026-04-07,19275.05,Paid
PAY003959,INV03959,2026-06-12,794774.4,Paid
PAY003960,INV03960,2026-08-21,265863.81,Paid
PAY003961,INV03961,2026-06-06,606.57,Paid
PAY003962,INV03962,2026-06-06,5642.15,Paid
PAY003963,INV03963,2026-07-23,16083.7,Paid
PAY003964,INV03964,2026-10-01,8507945.0,Paid
PAY003965,INV03965,2026-06-21,4629635.0,Paid
PAY003966,INV03966,2026-05-03,2709498.3,Paid
PAY003967,INV03967,2026-08-25,11784.89,Paid
PAY003968,INV03968,2026-05-07,23021.04,Paid
PAY003969,INV03969,2026-04-18,1082.18,Paid
PAY003970,INV03970,2026-05-27,67304.32,Paid
PAY003971,INV03971,2026-05-15,18306.18,Paid
PAY003972,INV03972,2026-08-02,1506740.0,Paid
PAY003973,INV03973,2026-04-21,55011.08,Paid
PAY003974,INV03974,2026-09-08,350107.5,Paid
PAY003975,INV03975,2026-11-28,383633.0,Paid
PAY003976,INV03976,2026-07-30,12097.36,Paid
PAY003977,INV03977,2026-03-20,4163.16,Paid
PAY003978,INV03978,2026-06-03,49431.9,Paid
PAY003979,INV03979,2026-08-25,32393.36,Paid
PAY003980,INV03980,2026-05-30,20450628.8,Paid
PAY003981,INV03981,2026-04-20,12345.38,Paid
PAY003982,INV03982,2026-07-10,64880.48,Paid
PAY003983,INV03983,2026-04-07,10294.5,Paid
PAY003984,INV03984,2026-06-25,849182.25,Paid
PAY003985,INV03985,2026-09-19,678310.02,Paid
PAY003986,INV03986,2026-04-18,20114.74,Paid
PAY003987,INV03987,2026-05-01,16622.24,Paid
PAY003988,INV03988,2026-08-26,11713.07,Paid
PAY003989,INV03989,2026-09-22,715216.88,Paid
PAY003990,INV03990,2026-09-15,3551661.94,Paid
PAY003991,INV03991,2026-09-16,1907630.0,Paid
PAY003992,INV03992,2026-04-26,68220.0,Paid
PAY003993,INV03993,2026-07-27,123169.4,Paid
PAY003994,INV03994,2026-05-20,626933.44,Paid
PAY003995,INV03995,2026-09-22,975284.75,Paid
PAY003996,INV03996,2026-09-27,215943.2,Paid
PAY003997,INV03997,2026-04-28,239417.85,Paid
PAY003998,INV03998,2026-04-16,5753.03,Paid
PAY003999,INV03999,2026-08-23,864931.2,Paid
PAY004000,INV04000,2026-09-06,569263.86,Paid
PAY004001,INV04001,2026-09-26,1591929.74,Paid
PAY004002,INV04002,2026-04-12,37865.2,Paid
PAY004003,INV04003,2026-08-29,3227.73,Paid
PAY004004,INV04004,2026-09-17,10152228.8,Paid
PAY004005,INV04005,2026-11-08,1632202.0,Paid
PAY004006,INV04006,2026-08-11,9551707.65,Paid
PAY004007,INV04007,2026-05-11,18006.08,Paid
PAY004008,INV04008,2026-07-21,40926.27,Paid
PAY004009,INV04009,2026-03-26,10699340.4,Paid
PAY004010,INV04010,2026-06-15,4702.95,Paid
PAY004011,INV04011,2026-04-27,2324435.0,Paid
PAY004012,INV04012,2026-07-18,562408.06,Paid
PAY004013,INV04013,2026-07-24,8344453.6,Paid
PAY004014,INV04014,2026-07-20,15200.88,Paid
PAY004015,INV04015,2026-04-06,18593.12,Paid
PAY004016,INV04016,2026-05-30,7973.49,Paid
PAY004017,INV04017,2026-06-13,856752.5,Paid
PAY004018,INV04018,2026-08-13,87449.6,Paid
PAY004019,INV04019,2026-10-06,11834.21,Paid
PAY004020,INV04020,2026-06-21,120957.38,Paid
PAY004021,INV04021,2026-04-17,161276.22,Paid
PAY004022,INV04022,2026-05-06,41878.61,Paid
PAY004023,INV04023,2026-09-01,8906.93,Paid
PAY004024,INV04024,2026-09-02,25473.0,Paid
PAY004025,INV04025,2026-03-24,2268834.4,Paid
PAY004026,INV04026,2026-06-03,37864.0,Paid
PAY004027,INV04027,2026-11-14,45539.5,Paid
PAY004028,INV04028,2026-04-21,767870.25,Paid
PAY004029,INV04029,2026-11-14,7580.5,Paid
PAY004030,INV04030,2026-06-14,1840991.04,Paid
PAY004031,INV04031,2026-07-09,263557.25,Paid
PAY004032,INV04032,2026-07-31,336312.5,Paid
PAY004033,INV04033,2026-07-24,1506740.0,Paid
PAY004034,INV04034,2026-08-13,54691.88,Paid
PAY004035,INV04035,2026-04-22,743245.0,Paid
PAY004036,INV04036,2026-07-05,134099.3,Paid
PAY004037,INV04037,2026-04-19,8799254.62,Paid
PAY004038,INV04038,2026-09-25,4006690.0,Paid
PAY004039,INV04039,2026-03-12,2395.49,Paid
PAY004040,INV04040,2026-04-15,1066127.64,Paid
PAY004041,INV04041,2026-09-18,1267.5,Paid
PAY004042,INV04042,2026-05-17,4135.81,Paid
PAY004043,INV04043,2026-09-01,32393.36,Paid
PAY004044,INV04044,2026-05-15,2446889.3,Paid
PAY004045,INV04045,2026-09-21,1100300.0,Paid
PAY004046,INV04046,2026-03-03,8009224.12,Paid
PAY004047,INV04047,2026-07-27,1760992.8,Paid
PAY004048,INV04048,2026-08-24,237476.4,Paid
PAY004049,INV04049,2026-06-05,12708.99,Paid
PAY004050,INV04050,2026-05-23,79742.28,Paid
PAY004051,INV04051,2026-10-06,875791.0,Paid
PAY004052,INV04052,2026-06-16,60748.88,Paid
PAY004053,INV04053,2026-07-08,394347.5,Paid
PAY004054,INV04054,2026-10-01,1532.33,Paid
PAY004055,INV04055,2026-08-24,206359.12,Paid
PAY004056,INV04056,2026-09-28,26375.2,Paid
PAY004057,INV04057,2026-08-31,626165.0,Paid
PAY004058,INV04058,2026-07-03,208711.78,Paid
PAY004059,INV04059,2026-09-05,14226890.0,Paid
PAY004060,INV04060,2026-09-09,1459421.6,Paid
PAY004061,INV04061,2026-05-31,181118.56,Paid
PAY004062,INV04062,2026-05-02,522.97,Paid
PAY004063,INV04063,2026-06-06,404290.0,Paid
PAY004064,INV04064,2026-08-22,158975.67,Paid
PAY004065,INV04065,2026-08-13,97467.8,Paid
PAY004066,INV04066,2026-06-05,32491.52,Paid
PAY004067,INV04067,2026-03-02,2013855.76,Paid
PAY004068,INV04068,2026-06-19,19032.3,Paid
PAY004069,INV04069,2026-06-03,613827.38,Paid
PAY004070,INV04070,2026-03-17,155309.7,Paid
PAY004071,INV04071,2026-03-16,85164.73,Paid
PAY004072,INV04072,2026-05-25,21012.3,Paid
PAY004073,INV04073,2026-05-13,10699340.4,Paid
PAY004074,INV04074,2026-08-20,3181.22,Paid
PAY004075,INV04075,2026-08-06,156672.0,Paid
PAY004076,INV04076,2026-05-18,2418300.0,Paid
PAY004077,INV04077,2026-07-08,32441.47,Paid
PAY004078,INV04078,2026-08-04,32393.36,Paid
PAY004079,INV04079,2026-06-04,70218.33,Paid
PAY004080,INV04080,2026-05-18,8428.56,Paid
PAY004081,INV04081,2026-05-07,40064.54,Paid
PAY004082,INV04082,2026-06-19,1216768.88,Paid
PAY004083,INV04083,2026-06-19,5186754.9,Paid
PAY004084,INV04084,2026-06-12,380208.15,Paid
PAY004085,INV04085,2026-06-24,3868900.88,Paid
PAY004086,INV04086,2026-04-01,557676.85,Paid
PAY004087,INV04087,2026-04-10,1802460.8,Paid
PAY004088,INV04088,2026-03-10,2408154.0,Paid
PAY004089,INV04089,2026-09-08,338875.0,Paid
PAY004090,INV04090,2026-05-07,192693.2,Paid
PAY004091,INV04091,2026-04-03,8122222.5,Paid
PAY004092,INV04092,2026-04-21,1837614.0,Paid
PAY004093,INV04093,2026-06-10,699181.86,Paid
PAY004094,INV04094,2026-07-16,1357021.0,Paid
PAY004095,INV04095,2026-09-27,13722.91,Paid
PAY004096,INV04096,2026-08-13,702829.0,Paid
PAY004097,INV04097,2026-08-30,540182.5,Paid
PAY004098,INV04098,2026-06-08,1575337.12,Paid
PAY004099,INV04099,2026-05-21,52009.8,Paid
PAY004100,INV04100,2026-08-01,1808100.0,Paid
PAY004101,INV04101,2026-10-09,3223.26,Paid
PAY004102,INV04102,2026-06-03,42403.76,Paid
PAY004103,INV04103,2026-08-17,163788.4,Paid
PAY004104,INV04104,2026-03-02,882153.3,Paid
PAY004105,INV04105,2026-09-21,12295.34,Paid
PAY004106,INV04106,2026-06-29,1237.31,Paid
PAY004107,INV04107,2026-07-18,27303.08,Paid
PAY004108,INV04108,2026-07-03,1607.03,Paid
PAY004109,INV04109,2026-02-20,11349.52,Paid
PAY004110,INV04110,2026-08-15,325.33,Paid
PAY004111,INV04111,2026-05-15,6137.56,Paid
PAY004112,INV04112,2026-07-10,138655.55,Paid
PAY004113,INV04113,2026-04-02,30042.77,Paid
PAY004114,INV04114,2026-04-08,1119994.05,Paid
PAY004115,INV04115,2026-03-09,7141.4,Paid
PAY004116,INV04116,2026-09-23,1517385.6,Paid
PAY004117,INV04117,2026-08-04,213886.8,Paid
PAY004118,INV04118,2026-06-26,334767.6,Paid
PAY004119,INV04119,2026-05-11,18156.77,Paid
PAY004120,INV04120,2026-03-10,4856006.8,Paid
PAY004121,INV04121,2026-05-20,11535.09,Paid
PAY004122,INV04122,2026-04-10,35953.3,Paid
PAY004123,INV04123,2026-09-26,75253.71,Paid
PAY004124,INV04124,2026-07-10,10651.27,Paid
PAY004125,INV04125,2026-05-07,189272.6,Paid
PAY004126,INV04126,2026-03-31,164057.76,Paid
PAY004127,INV04127,2026-10-17,1344392.5,Paid
PAY004128,INV04128,2026-08-02,46866.06,Paid
PAY004129,INV04129,2026-06-24,192049.2,Paid
PAY004130,INV04130,2026-04-07,477805.6,Paid
PAY004131,INV04131,2026-10-20,100041.58,Paid
PAY004132,INV04132,2026-07-25,2894988.32,Paid
PAY004133,INV04133,2026-07-17,18847.36,Paid
PAY004134,INV04134,2026-03-08,13543.5,Paid
PAY004135,INV04135,2026-09-10,82541.2,Paid
PAY004136,INV04136,2026-06-01,16968.05,Paid
PAY004137,INV04137,2026-08-16,241026.8,Paid
PAY004138,INV04138,2026-10-19,182530.0,Paid
PAY004139,INV04139,2026-04-12,4177665.45,Paid
PAY004140,INV04140,2026-05-13,60808.0,Paid
PAY004141,INV04141,2026-08-17,332893.12,Paid
PAY004142,INV04142,2026-05-22,14647.76,Paid
PAY004143,INV04143,2026-06-09,472288.95,Paid
PAY004144,INV04144,2026-08-26,17154.46,Paid
PAY004145,INV04145,2026-05-24,95879.66,Paid
PAY004146,INV04146,2026-06-26,7031.51,Paid
PAY004147,INV04147,2026-09-24,3431423.48,Paid
PAY004148,INV04148,2026-02-26,689752.5,Paid
PAY004149,INV04149,2026-08-22,19461.27,Paid
PAY004150,INV04150,2026-04-25,678287.01,Paid
PAY004151,INV04151,2026-07-12,8999702.5,Paid
PAY004152,INV04152,2026-09-13,4503.59,Paid
PAY004153,INV04153,2026-05-29,399810.0,Paid
PAY004154,INV04154,2026-08-11,409848.88,Paid
PAY004155,INV04155,2026-02-13,5442.78,Paid
PAY004156,INV04156,2026-07-21,2121.04,Paid
PAY004157,INV04157,2026-07-24,438.69,Paid
PAY004158,INV04158,2026-07-08,1661162.7,Paid
PAY004159,INV04159,2026-03-11,240468.66,Paid
PAY004160,INV04160,2026-06-20,38286.3,Paid
PAY004161,INV04161,2026-11-04,11207.95,Paid
PAY004162,INV04162,2026-09-12,4632.38,Paid
PAY004163,INV04163,2026-09-16,41472.46,Paid
PAY004164,INV04164,2026-03-26,658306.95,Paid
PAY004165,INV04165,2026-03-14,165138.74,Paid
PAY004166,INV04166,2026-05-22,9053.26,Paid
PAY004167,INV04167,2026-09-26,357505.78,Paid
PAY004168,INV04168,2026-05-07,85164.73,Paid
PAY004169,INV04169,2026-05-23,404290.0,Paid
PAY004170,INV04170,2026-04-03,111316.8,Paid
PAY004171,INV04171,2026-05-04,8739.0,Paid
PAY004172,INV04172,2026-06-23,869082.38,Paid
PAY004173,INV04173,2026-04-06,4103.19,Paid
PAY004174,INV04174,2026-07-15,99679.44,Paid
PAY004175,INV04175,2026-08-13,10433.56,Paid
PAY004176,INV04176,2026-09-25,499576.88,Paid
PAY004177,INV04177,2026-10-03,40112.68,Paid
PAY004178,INV04178,2026-06-27,220610.04,Paid
PAY004179,INV04179,2026-08-23,74016.45,Paid
PAY004180,INV04180,2026-04-16,110865.25,Paid
PAY004181,INV04181,2026-02-24,379995.28,Paid
PAY004182,INV04182,2026-07-01,1277824.8,Paid
PAY004183,INV04183,2026-04-16,579462.01,Paid
PAY004184,INV04184,2026-07-08,120386.18,Paid
PAY004185,INV04185,2026-03-05,2129.26,Paid
PAY004186,INV04186,2026-04-10,461876.8,Paid
PAY004187,INV04187,2026-07-04,208592.78,Paid
PAY004188,INV04188,2026-08-05,17032.96,Paid
PAY004189,INV04189,2026-06-13,334805.62,Paid
PAY004190,INV04190,2026-04-08,1103.95,Paid
PAY004191,INV04191,2026-08-30,244104.0,Paid
PAY004192,INV04192,2026-07-14,75562.0,Paid
PAY004193,INV04193,2026-02-24,7787.58,Paid
PAY004194,INV04194,2026-05-11,40952.62,Paid
PAY004195,INV04195,2026-07-01,184860.48,Paid
PAY004196,INV04196,2026-07-04,21992.1,Paid
PAY004197,INV04197,2026-05-24,1536671.36,Paid
PAY004198,INV04198,2026-03-17,2974.4,Paid
PAY004199,INV04199,2026-07-12,456517.6,Paid
PAY004200,INV04200,2026-04-05,4321.46,Paid
PAY004201,INV04201,2026-05-24,15980.98,Paid
PAY004202,INV04202,2026-03-30,59285.7,Paid
PAY004203,INV04203,2026-04-06,39660.27,Paid
PAY004204,INV04204,2026-05-18,433556.55,Paid
PAY004205,INV04205,2026-06-26,8901060.0,Paid
PAY004206,INV04206,2026-09-01,4365.5,Paid
PAY004207,INV04207,2026-08-25,1670.45,Paid
PAY004208,INV04208,2026-05-23,886061.4,Paid
PAY004209,INV04209,2026-06-29,387137.35,Paid
PAY004210,INV04210,2026-09-15,90856.08,Paid
PAY004211,INV04211,2026-03-31,8228.38,Paid
PAY004212,INV04212,2026-04-10,41590.59,Paid
PAY004213,INV04213,2026-08-19,5065.35,Paid
PAY004214,INV04214,2026-05-01,2068197.21,Paid
PAY004215,INV04215,2026-09-01,556915.4,Paid
PAY004216,INV04216,2026-04-20,1082.18,Paid
PAY004217,INV04217,2026-09-05,609489.44,Paid
PAY004218,INV04218,2026-04-20,804493.98,Paid
PAY004219,INV04219,2026-05-15,41369.12,Paid
PAY004220,INV04220,2026-06-13,23656.85,Paid
PAY004221,INV04221,2026-08-08,2942938.0,Paid
PAY004222,INV04222,2026-02-28,7059.49,Paid
PAY004223,INV04223,2026-07-06,32704.22,Paid
PAY004224,INV04224,2026-08-16,7839285.0,Paid
PAY004225,INV04225,2026-03-06,2163.57,Paid
PAY004226,INV04226,2026-08-15,499805.04,Paid
PAY004227,INV04227,2026-09-07,41472.46,Paid
PAY004228,INV04228,2026-04-09,28698.32,Paid
PAY004229,INV04229,2026-08-07,102260.34,Paid
PAY004230,INV04230,2026-05-13,187523.39,Paid
PAY004231,INV04231,2026-05-01,10326957.38,Paid
PAY004232,INV04232,2026-08-22,1098182.4,Paid
PAY004233,INV04233,2026-07-18,15818.21,Paid
PAY004234,INV04234,2026-08-24,3034827.25,Paid
PAY004235,INV04235,2026-07-18,149376.44,Paid
PAY004236,INV04236,2026-08-25,6467.39,Paid
PAY004237,INV04237,2026-08-27,171505.4,Paid
PAY004238,INV04238,2026-07-27,2130898.28,Paid
PAY004239,INV04239,2026-10-25,47340.47,Paid
PAY004240,INV04240,2026-04-20,2090767.66,Paid
PAY004241,INV04241,2026-02-23,749180.82,Paid
PAY004242,INV04242,2026-06-29,295535.52,Paid
PAY004243,INV04243,2026-10-26,3059454.44,Paid
PAY004244,INV04244,2026-08-30,1043010.0,Paid
PAY004245,INV04245,2026-10-25,15309.39,Paid
PAY004246,INV04246,2026-05-01,85112.5,Paid
PAY004247,INV04247,2026-03-20,2395.49,Paid
PAY004248,INV04248,2026-08-21,346632.09,Paid
PAY004249,INV04249,2026-04-10,102742.01,Paid
PAY004250,INV04250,2026-10-02,1532.33,Paid
PAY004251,INV04251,2026-05-23,13917.34,Paid
PAY004252,INV04252,2026-08-13,16999.98,Paid
PAY004253,INV04253,2026-04-17,2231840.2,Paid
PAY004254,INV04254,2026-10-13,2146036.5,Paid
PAY004255,INV04255,2026-05-03,678287.01,Paid
PAY004256,INV04256,2026-09-05,79405.76,Paid
PAY004257,INV04257,2026-08-14,1406124.3,Paid
PAY004258,INV04258,2026-02-16,75125.0,Paid
PAY004259,INV04259,2026-04-04,95585.7,Paid
PAY004260,INV04260,2026-09-26,11065.53,Paid
PAY004261,INV04261,2026-03-24,179594.0,Paid
PAY004262,INV04262,2026-10-06,237476.4,Paid
PAY004263,INV04263,2026-07-22,883830.0,Paid
PAY004264,INV04264,2026-03-14,199927.4,Paid
PAY004265,INV04265,2026-05-12,344.78,Paid
PAY004266,INV04266,2026-03-10,2640.6,Paid
PAY004267,INV04267,2026-08-06,445111.81,Paid
PAY004268,INV04268,2026-07-28,20256.19,Paid
PAY004269,INV04269,2026-08-03,406416.0,Paid
PAY004270,INV04270,2026-04-06,21019.89,Paid
PAY004271,INV04271,2026-07-11,390685.02,Paid
PAY004272,INV04272,2026-05-08,108442.22,Paid
PAY004273,INV04273,2026-03-16,293530.16,Paid
PAY004274,INV04274,2026-04-02,11972.3,Paid
PAY004275,INV04275,2026-08-24,1576958.25,Paid
PAY004276,INV04276,2026-03-20,14687.59,Paid
PAY004277,INV04277,2026-02-21,19589.33,Paid
PAY004278,INV04278,2026-09-29,18009.5,Paid
PAY004279,INV04279,2026-08-23,27024.9,Paid
PAY004280,INV04280,2026-09-24,4276.16,Paid
PAY004281,INV04281,2026-06-20,1655.47,Paid
PAY004282,INV04282,2026-03-03,111256.43,Paid
PAY004283,INV04283,2026-09-04,76325.6,Paid
PAY004284,INV04284,2026-08-02,15733.31,Paid
PAY004285,INV04285,2026-05-23,78968.51,Paid
PAY004286,INV04286,2026-03-02,1005.65,Paid
PAY004287,INV04287,2026-07-08,727612.48,Paid
PAY004288,INV04288,2026-05-21,156708.13,Paid
PAY004289,INV04289,2026-07-29,9246.41,Paid
PAY004290,INV04290,2026-04-13,5118.11,Paid
PAY004291,INV04291,2026-09-28,2437530.0,Paid
PAY004292,INV04292,2026-05-02,537872.16,Paid
PAY004293,INV04293,2026-03-21,23021.04,Paid
PAY004294,INV04294,2026-05-28,51934.85,Paid
PAY004295,INV04295,2026-06-29,1457295.0,Paid
PAY004296,INV04296,2026-09-02,90752.5,Paid
PAY004297,INV04297,2026-07-26,4241.47,Paid
PAY004298,INV04298,2026-08-15,101216.15,Paid
PAY004299,INV04299,2026-08-25,28283.52,Paid
PAY004300,INV04300,2026-08-13,451362.8,Paid
PAY004301,INV04301,2026-04-16,78367.34,Paid
PAY004302,INV04302,2026-03-27,516535.6,Paid
PAY004303,INV04303,2026-10-21,5432.45,Paid
PAY004304,INV04304,2026-06-16,192049.2,Paid
PAY004305,INV04305,2026-07-21,1857007.04,Paid
PAY004306,INV04306,2026-05-17,68041.75,Paid
PAY004307,INV04307,2026-04-21,111256.43,Paid
PAY004308,INV04308,2026-06-01,342339.71,Paid
PAY004309,INV04309,2026-08-05,8527.73,Paid
PAY004310,INV04310,2026-08-18,1133422.0,Paid
PAY004311,INV04311,2026-04-27,15719.49,Paid
PAY004312,INV04312,2026-05-10,7306.8,Paid
PAY004313,INV04313,2026-06-13,9117.36,Paid
PAY004314,INV04314,2026-05-15,2085.02,Paid
PAY004315,INV04315,2026-08-09,4658.04,Paid
PAY004316,INV04316,2026-06-07,4534.2,Paid
PAY004317,INV04317,2026-08-07,3066849.5,Paid
PAY004318,INV04318,2026-05-06,119449.58,Paid
PAY004319,INV04319,2026-07-11,560374.5,Paid
PAY004320,INV04320,2026-03-22,6705149.4,Paid
PAY004321,INV04321,2026-07-07,68149.84,Paid
PAY004322,INV04322,2026-07-16,68987.52,Paid
PAY004323,INV04323,2026-04-10,6096122.5,Paid
PAY004324,INV04324,2026-04-11,84945.0,Paid
PAY004325,INV04325,2026-06-04,330742.12,Paid
PAY004326,INV04326,2026-08-15,4702.95,Paid
PAY004327,INV04327,2026-03-04,4813525.0,Paid
PAY004328,INV04328,2026-05-13,150215.3,Paid
PAY004329,INV04329,2026-05-24,2353165.5,Paid
PAY004330,INV04330,2026-06-09,1524962.88,Paid
PAY004331,INV04331,2026-06-05,519692.25,Paid
PAY004332,INV04332,2026-08-31,197.26,Paid
PAY004333,INV04333,2026-10-02,334770.8,Paid
PAY004334,INV04334,2026-06-09,60496.7,Paid
PAY004335,INV04335,2026-03-03,6621.39,Paid
PAY004336,INV04336,2026-05-30,1882315.0,Paid
PAY004337,INV04337,2026-04-04,2546.23,Paid
PAY004338,INV04338,2026-07-22,20786.75,Paid
PAY004339,INV04339,2026-03-21,13785.02,Paid
PAY004340,INV04340,2026-04-17,78534.2,Paid
PAY004341,INV04341,2026-08-29,7799.86,Paid
PAY004342,INV04342,2026-07-01,16968.05,Paid
PAY004343,INV04343,2026-06-11,11266.38,Paid
PAY004344,INV04344,2026-09-23,194113.78,Paid
PAY004345,INV04345,2026-10-15,21362.42,Paid
PAY004346,INV04346,2026-04-12,370640.48,Paid
PAY004347,INV04347,2026-02-18,37478.28,Paid
PAY004348,INV04348,2026-09-15,9034.35,Paid
PAY004349,INV04349,2026-08-29,1458790.0,Paid
PAY004350,INV04350,2026-10-15,179120.48,Paid
PAY004351,INV04351,2026-04-02,40491.46,Paid
PAY004352,INV04352,2026-09-09,531144.9,Paid
PAY004353,INV04353,2026-05-10,9114420.3,Paid
PAY004354,INV04354,2026-03-04,3335.49,Paid
PAY004355,INV04355,2026-03-28,3166.9,Paid
PAY004356,INV04356,2026-09-17,759710.0,Paid
PAY004357,INV04357,2026-09-03,37990.16,Paid
PAY004358,INV04358,2026-07-16,82146.75,Paid
PAY004359,INV04359,2026-10-14,24518.82,Paid
PAY004360,INV04360,2026-05-16,40827.14,Paid
PAY004361,INV04361,2026-04-03,15719.49,Paid
PAY004362,INV04362,2026-06-05,204562.6,Paid
PAY004363,INV04363,2026-10-16,4668.54,Paid
PAY004364,INV04364,2026-05-18,35706.0,Paid
PAY004365,INV04365,2026-09-24,1436047.2,Paid
PAY004366,INV04366,2026-08-03,1298049.2,Paid
PAY004367,INV04367,2026-06-07,200614.4,Paid
PAY004368,INV04368,2026-05-19,39477.18,Paid
PAY004369,INV04369,2026-06-02,41232.9,Paid
PAY004370,INV04370,2026-03-13,1459.23,Paid
PAY004371,INV04371,2026-06-05,14190.4,Paid
PAY004372,INV04372,2026-02-19,337223.04,Paid
PAY004373,INV04373,2026-05-21,2518.47,Paid
PAY004374,INV04374,2026-02-24,4895023.5,Paid
PAY004375,INV04375,2026-07-25,625435.12,Paid
PAY004376,INV04376,2026-08-20,29848.15,Paid
PAY004377,INV04377,2026-05-20,2449180.0,Paid
PAY004378,INV04378,2026-11-04,292656.52,Paid
PAY004379,INV04379,2026-04-02,7557374.9,Paid
PAY004380,INV04380,2026-05-29,12665.92,Paid
PAY004381,INV04381,2026-08-17,4922962.5,Paid
PAY004382,INV04382,2026-08-27,94921.44,Paid
PAY004383,INV04383,2026-06-20,43019.2,Paid
PAY004384,INV04384,2026-04-19,174210.95,Paid
PAY004385,INV04385,2026-05-15,29568.5,Paid
PAY004386,INV04386,2026-06-24,328466.57,Paid
PAY004387,INV04387,2026-08-23,419.49,Paid
PAY004388,INV04388,2026-10-25,1367199.75,Paid
PAY004389,INV04389,2026-05-28,459100.0,Paid
PAY004390,INV04390,2026-08-20,326290.6,Paid
PAY004391,INV04391,2026-08-18,394347.5,Paid
PAY004392,INV04392,2026-10-22,30881.19,Paid
PAY004393,INV04393,2026-04-28,62386.8,Paid
PAY004394,INV04394,2026-08-17,156672.0,Paid
PAY004395,INV04395,2026-04-26,3430465.5,Paid
PAY004396,INV04396,2026-09-09,4957622.25,Paid
PAY004397,INV04397,2026-03-29,2649430.56,Paid
PAY004398,INV04398,2026-06-17,1513.03,Paid
PAY004399,INV04399,2026-10-15,5425.62,Paid
PAY004400,INV04400,2026-08-31,6706795.2,Paid
PAY004401,INV04401,2026-08-22,8055975.2,Paid
PAY004402,INV04402,2026-08-27,94305.13,Paid
PAY004403,INV04403,2026-04-30,322495.43,Paid
PAY004404,INV04404,2026-09-10,116950.51,Paid
PAY004405,INV04405,2026-06-19,642521.25,Paid
PAY004406,INV04406,2026-04-18,1478830.5,Paid
PAY004407,INV04407,2026-07-01,295535.52,Paid
PAY004408,INV04408,2026-06-12,709810.5,Paid
PAY004409,INV04409,2026-09-24,70452.48,Paid
PAY004410,INV04410,2026-05-11,70149.35,Paid
PAY004411,INV04411,2026-04-07,26474.03,Paid
PAY004412,INV04412,2026-02-26,8548.5,Paid
PAY004413,INV04413,2026-05-18,620589.0,Paid
PAY004414,INV04414,2026-09-01,166278.0,Paid
PAY004415,INV04415,2026-07-15,24622.74,Paid
PAY004416,INV04416,2026-09-04,25777.3,Paid
PAY004417,INV04417,2026-04-03,79742.28,Paid
PAY004418,INV04418,2026-07-08,715548.75,Paid
PAY004419,INV04419,2026-09-16,8313.52,Paid
PAY004420,INV04420,2026-06-24,621211.36,Paid
PAY004421,INV04421,2026-03-12,4073.64,Paid
PAY004422,INV04422,2026-04-03,2005.9,Paid
PAY004423,INV04423,2026-01-14,51741.9,Paid
PAY004424,INV04424,2026-04-25,3489.17,Paid
PAY004425,INV04425,2026-08-16,1207673.6,Paid
PAY004426,INV04426,2026-06-21,349953.45,Paid
PAY004427,INV04427,2026-09-15,664688.1,Paid
PAY004428,INV04428,2026-01-31,418321.4,Paid
PAY004429,INV04429,2026-06-04,10463.48,Paid
PAY004430,INV04430,2026-06-27,174241.54,Paid
PAY004431,INV04431,2026-06-07,482854.2,Paid
PAY004432,INV04432,2026-09-06,18981.36,Paid
PAY004433,INV04433,2026-05-22,2715420.0,Paid
PAY004434,INV04434,2026-03-14,71052.8,Paid
PAY004435,INV04435,2026-09-04,404005.56,Paid
PAY004436,INV04436,2026-04-18,1824915.75,Paid
PAY004437,INV04437,2026-05-05,536360.0,Paid
PAY004438,INV04438,2026-08-10,2591138.4,Paid
PAY004439,INV04439,2026-07-29,378242.6,Paid
PAY004440,INV04440,2026-03-12,87221.4,Paid
PAY004441,INV04441,2026-08-30,7501.48,Paid
PAY004442,INV04442,2026-07-12,7097.0,Paid
PAY004443,INV04443,2026-09-14,121634.5,Paid
PAY004444,INV04444,2026-06-03,24281.2,Paid
PAY004445,INV04445,2026-08-04,8598.02,Paid
PAY004446,INV04446,2026-10-17,292656.52,Paid
PAY004447,INV04447,2026-09-07,197.26,Paid
PAY004448,INV04448,2026-05-24,21856.55,Paid
PAY004449,INV04449,2026-07-13,9877.4,Paid
PAY004450,INV04450,2026-09-16,160903.9,Paid
PAY004451,INV04451,2026-06-15,267162.15,Paid
PAY004452,INV04452,2026-04-18,1725.0,Paid
PAY004453,INV04453,2026-07-15,47622.68,Paid
PAY004454,INV04454,2026-07-07,3435.55,Paid
PAY004455,INV04455,2026-04-14,501021.15,Paid
PAY004456,INV04456,2026-02-26,6968976.0,Paid
PAY004457,INV04457,2026-04-23,1015006.0,Paid
PAY004458,INV04458,2026-04-27,1121339.62,Paid
PAY004459,INV04459,2026-06-27,1275148.12,Paid
PAY004460,INV04460,2026-09-20,35066.85,Paid
PAY004461,INV04461,2026-06-10,78142.58,Paid
PAY004462,INV04462,2026-06-05,41217.54,Paid
PAY004463,INV04463,2026-07-21,23186.2,Paid
PAY004464,INV04464,2026-06-16,3227662.85,Paid
PAY004465,INV04465,2026-10-10,34693.65,Paid
PAY004466,INV04466,2026-05-02,5950.56,Paid
PAY004467,INV04467,2026-03-24,11628.07,Paid
PAY004468,INV04468,2026-02-28,165548.69,Paid
PAY004469,INV04469,2026-09-28,2496212.25,Paid
PAY004470,INV04470,2026-07-25,6049.45,Paid
PAY004471,INV04471,2026-08-01,14421620.0,Paid
PAY004472,INV04472,2026-08-29,7252.95,Paid
PAY004473,INV04473,2026-07-15,1909.15,Paid
PAY004474,INV04474,2026-10-10,237476.4,Paid
PAY004475,INV04475,2026-06-16,438471.26,Paid
PAY004476,INV04476,2026-08-05,4517.65,Paid
PAY004477,INV04477,2026-08-22,223034.91,Paid
PAY004478,INV04478,2026-06-26,9943311.0,Paid
PAY004479,INV04479,2026-05-13,26736.15,Paid
PAY004480,INV04480,2026-09-04,1277800.0,Paid
PAY004481,INV04481,2026-03-12,310715.48,Paid
PAY004482,INV04482,2026-05-21,17483.92,Paid
PAY004483,INV04483,2026-04-02,2034541.95,Paid
PAY004484,INV04484,2026-04-24,314816.25,Paid
PAY004485,INV04485,2026-09-23,3066849.5,Paid
PAY004486,INV04486,2026-09-18,191064.62,Paid
PAY004487,INV04487,2026-07-03,15818.21,Paid
PAY004488,INV04488,2026-06-13,3686.86,Paid
PAY004489,INV04489,2026-09-20,5435.2,Paid
PAY004490,INV04490,2026-07-16,5065.73,Paid
PAY004491,INV04491,2026-09-22,790978.12,Paid
PAY004492,INV04492,2026-06-18,17457.08,Paid
PAY004493,INV04493,2026-06-21,2426127.5,Paid
PAY004494,INV04494,2026-04-09,504156.0,Paid
PAY004495,INV04495,2026-08-18,1042754.2,Paid
PAY004496,INV04496,2026-03-07,3964.17,Paid
PAY004497,INV04497,2026-08-21,101136.62,Paid
PAY004498,INV04498,2026-04-21,29250.64,Paid
PAY004499,INV04499,2026-10-23,220077.0,Paid
PAY004500,INV04500,2026-08-12,789880.35,Paid
PAY004501,INV04501,2026-03-17,6802.58,Paid
PAY004502,INV04502,2026-09-01,304006.5,Paid
PAY004503,INV04503,2026-07-25,59077.17,Paid
PAY004504,INV04504,2026-04-15,921175.5,Paid
PAY004505,INV04505,2026-08-11,1076559.75,Paid
PAY004506,INV04506,2026-06-06,1385.64,Paid
PAY004507,INV04507,2026-09-28,459104.62,Paid
PAY004508,INV04508,2026-06-25,9005.99,Paid
PAY004509,INV04509,2026-03-10,31783.19,Paid
PAY004510,INV04510,2026-03-01,2039236.5,Paid
PAY004511,INV04511,2026-04-29,7557374.9,Paid
PAY004512,INV04512,2026-09-13,8461.37,Paid
PAY004513,INV04513,2026-05-15,1555861.27,Paid
PAY004514,INV04514,2026-06-10,2742845.1,Paid
PAY004515,INV04515,2026-03-25,8193.4,Paid
PAY004516,INV04516,2026-04-06,7059.49,Paid
PAY004517,INV04517,2026-09-17,3610.95,Paid
PAY004518,INV04518,2026-04-12,156268.82,Paid
PAY004519,INV04519,2026-03-22,10264.32,Paid
PAY004520,INV04520,2026-03-10,55011.08,Paid
PAY004521,INV04521,2026-08-22,62599.0,Paid
PAY004522,INV04522,2026-08-30,5505895.5,Paid
PAY004523,INV04523,2026-04-14,167341.44,Paid
PAY004524,INV04524,2026-07-01,1677978.4,Paid
PAY004525,INV04525,2026-07-18,340837.1,Paid
PAY004526,INV04526,2026-03-21,174026.27,Paid
PAY004527,INV04527,2026-03-08,135811.39,Paid
PAY004528,INV04528,2026-05-25,35315.95,Paid
PAY004529,INV04529,2026-08-13,213886.8,Paid
PAY004530,INV04530,2026-08-31,682.75,Paid
PAY004531,INV04531,2026-07-17,70581.84,Paid
PAY004532,INV04532,2026-07-14,703671.15,Paid
PAY004533,INV04533,2026-08-18,346632.09,Paid
PAY004534,INV04534,2026-06-07,36151.66,Paid
PAY004535,INV04535,2026-03-07,36042.9,Paid
PAY004536,INV04536,2026-04-15,44803.92,Paid
PAY004537,INV04537,2026-05-25,348480.72,Paid
PAY004538,INV04538,2026-08-19,9143.48,Paid
PAY004539,INV04539,2026-04-26,276479.43,Paid
PAY004540,INV04540,2026-07-07,6506.1,Paid
PAY004541,INV04541,2026-09-26,197.26,Paid
PAY004542,INV04542,2026-03-29,17513.6,Paid
PAY004543,INV04543,2026-03-14,1019855.2,Paid
PAY004544,INV04544,2026-06-19,32448.1,Paid
PAY004545,INV04545,2026-05-01,2197.56,Paid
PAY004546,INV04546,2026-07-25,211106.56,Paid
PAY004547,INV04547,2026-08-31,267929.87,Paid
PAY004548,INV04548,2026-07-02,9184.88,Paid
PAY004549,INV04549,2026-06-14,261402.96,Paid
PAY004550,INV04550,2026-03-21,18984.5,Paid
PAY004551,INV04551,2026-04-26,27738.7,Paid
PAY004552,INV04552,2026-08-28,1201358.0,Paid
PAY004553,INV04553,2026-04-13,1788.94,Paid
PAY004554,INV04554,2026-06-09,9235744.95,Paid
PAY004555,INV04555,2026-02-24,10228559.6,Paid
PAY004556,INV04556,2026-07-24,18091.62,Paid
PAY004557,INV04557,2026-03-18,2353165.5,Paid
PAY004558,INV04558,2026-04-22,185040.0,Paid
PAY004559,INV04559,2026-11-17,243031.82,Paid
PAY004560,INV04560,2026-07-01,17961.22,Paid
PAY004561,INV04561,2026-07-22,9273745.0,Paid
PAY004562,INV04562,2026-05-27,121514.5,Paid
PAY004563,INV04563,2026-11-21,1025005.0,Paid
PAY004564,INV04564,2026-04-14,41369.12,Paid
PAY004565,INV04565,2026-08-22,291193.91,Paid
PAY004566,INV04566,2026-10-01,306866.56,Paid
PAY004567,INV04567,2026-08-29,1133422.0,Paid
PAY004568,INV04568,2026-08-22,8154736.8,Paid
PAY004569,INV04569,2026-10-10,8070.11,Paid
PAY004570,INV04570,2026-05-12,1161.43,Paid
PAY004571,INV04571,2026-04-21,18408.48,Paid
PAY004572,INV04572,2026-05-17,272414.8,Paid
PAY004573,INV04573,2026-10-18,2195802.0,Paid
PAY004574,INV04574,2026-06-16,2925.43,Paid
PAY004575,INV04575,2026-08-27,30137.63,Paid
PAY004576,INV04576,2026-06-11,213188.59,Paid
PAY004577,INV04577,2026-10-17,2664885.0,Paid
PAY004578,INV04578,2026-01-25,7787.58,Paid
PAY004579,INV04579,2026-04-02,45717.63,Paid
PAY004580,INV04580,2026-05-17,8204.6,Paid
PAY004581,INV04581,2026-10-09,210061.24,Paid
PAY004582,INV04582,2026-05-05,109998.16,Paid
PAY004583,INV04583,2026-09-13,124385.05,Paid
PAY004584,INV04584,2026-06-06,303052.18,Paid
PAY004585,INV04585,2026-03-07,33110.39,Paid
PAY004586,INV04586,2026-04-21,176426.77,Paid
PAY004587,INV04587,2026-08-09,1298256.75,Paid
PAY004588,INV04588,2026-06-14,264530.7,Paid
PAY004589,INV04589,2026-07-21,3583294.2,Paid
PAY004590,INV04590,2026-03-09,176426.77,Paid
PAY004591,INV04591,2026-07-27,157125.99,Paid
PAY004592,INV04592,2026-08-28,15153.02,Paid
PAY004593,INV04593,2026-03-01,55011.08,Paid
PAY004594,INV04594,2026-06-23,766356.15,Paid
PAY004595,INV04595,2026-03-06,2395.49,Paid
PAY004596,INV04596,2026-02-28,1277641.46,Paid
PAY004597,INV04597,2026-04-30,8645412.5,Paid
PAY004598,INV04598,2026-05-03,14088.06,Paid
PAY004599,INV04599,2026-02-20,770266.11,Paid
PAY004600,INV04600,2026-04-10,84272.16,Paid
PAY004601,INV04601,2026-04-05,1029044.62,Paid
PAY004602,INV04602,2026-07-03,187654.0,Paid
PAY004603,INV04603,2026-05-02,1399603.9,Paid
PAY004604,INV04604,2026-06-02,7795.01,Paid
PAY004605,INV04605,2026-10-16,1158837.75,Paid
PAY004606,INV04606,2026-03-13,2395.49,Paid
PAY004607,INV04607,2026-04-03,158221.0,Paid
PAY004608,INV04608,2026-05-12,12389.27,Paid
PAY004609,INV04609,2026-08-17,19182.96,Paid
PAY004610,INV04610,2026-08-30,23609.67,Paid
PAY004611,INV04611,2026-07-16,4902.96,Paid
PAY004612,INV04612,2026-06-17,130909.0,Paid
PAY004613,INV04613,2026-09-23,1571001.26,Paid
PAY004614,INV04614,2026-09-12,323380.42,Paid
PAY004615,INV04615,2026-08-04,1618193.85,Paid
PAY004616,INV04616,2026-05-25,996430.4,Paid
PAY004617,INV04617,2026-08-10,2121.04,Paid
PAY004618,INV04618,2026-09-06,639883.91,Paid
PAY004619,INV04619,2026-08-14,5442.18,Paid
PAY004620,INV04620,2026-06-09,1100299.2,Paid
PAY004621,INV04621,2026-10-19,8681.23,Paid
PAY004622,INV04622,2026-09-02,1201358.0,Paid
PAY004623,INV04623,2026-07-29,11664.04,Paid
PAY004624,INV04624,2026-07-13,37838.59,Paid
PAY004625,INV04625,2026-10-14,52811.22,Paid
PAY004626,INV04626,2026-08-13,1552871.25,Paid
PAY004627,INV04627,2026-07-28,1431646.8,Paid
PAY004628,INV04628,2026-03-09,250162.5,Paid
PAY004629,INV04629,2026-07-25,34902.53,Paid
PAY004630,INV04630,2026-07-09,85162.0,Paid
PAY004631,INV04631,2026-06-17,1121339.62,Paid
PAY004632,INV04632,2026-08-16,138767.33,Paid
PAY004633,INV04633,2026-06-08,770415.52,Paid
PAY004634,INV04634,2026-05-01,22000.16,Paid
PAY004635,INV04635,2026-06-24,35782.08,Paid
PAY004636,INV04636,2026-09-13,1316962.08,Paid
PAY004637,INV04637,2026-06-26,3642342.5,Paid
PAY004638,INV04638,2026-05-20,2199.34,Paid
PAY004639,INV04639,2026-10-08,2505300.0,Paid
PAY004640,INV04640,2026-05-29,84358.65,Paid
PAY004641,INV04641,2026-03-12,1815862.12,Paid
PAY004642,INV04642,2026-07-25,1212.81,Paid
PAY004643,INV04643,2026-08-10,2470331.36,Paid
PAY004644,INV04644,2026-04-10,8031.08,Paid
PAY004645,INV04645,2026-09-10,48479.03,Paid
PAY004646,INV04646,2026-08-12,19450.55,Paid
PAY004647,INV04647,2026-05-31,192049.2,Paid
PAY004648,INV04648,2026-08-15,696130.4,Paid
PAY004649,INV04649,2026-05-04,17591.27,Paid
PAY004650,INV04650,2026-09-26,10551.49,Paid
PAY004651,INV04651,2026-08-02,1401204.0,Paid
PAY004652,INV04652,2026-05-07,11634535.0,Paid
PAY004653,INV04653,2026-08-28,103445.79,Paid
PAY004654,INV04654,2026-03-05,23406.49,Paid
PAY004655,INV04655,2026-05-27,156268.82,Paid
PAY004656,INV04656,2026-05-28,412678.45,Paid
PAY004657,INV04657,2026-07-05,63991.3,Paid
PAY004658,INV04658,2026-06-03,1374.07,Paid
PAY004659,INV04659,2026-07-31,9220.89,Paid
PAY004660,INV04660,2026-08-04,60541.82,Paid
PAY004661,INV04661,2026-05-08,4498.95,Paid
PAY004662,INV04662,2026-06-11,406290.0,Paid
PAY004663,INV04663,2026-07-09,129692.86,Paid
PAY004664,INV04664,2026-08-07,733192.0,Paid
PAY004665,INV04665,2026-09-05,2572248.0,Paid
PAY004666,INV04666,2026-07-06,472288.95,Paid
PAY004667,INV04667,2026-05-29,690230.14,Paid
PAY004668,INV04668,2026-07-11,124385.05,Paid
PAY004669,INV04669,2026-04-03,1996286.83,Paid
PAY004670,INV04670,2026-08-24,16969.95,Paid
PAY004671,INV04671,2026-04-14,18156.77,Paid
PAY004672,INV04672,2026-06-10,22814.83,Paid
PAY004673,INV04673,2026-07-12,107690.62,Paid
PAY004674,INV04674,2026-07-10,456517.6,Paid
PAY004675,INV04675,2026-06-07,4610.04,Paid
PAY004676,INV04676,2026-06-25,912067.8,Paid
PAY004677,INV04677,2026-05-01,2212660.8,Paid
PAY004678,INV04678,2026-09-11,61484.8,Paid
PAY004679,INV04679,2026-08-14,181214.4,Paid
PAY004680,INV04680,2026-04-13,9331014.0,Paid
PAY004681,INV04681,2026-07-10,4439.03,Paid
PAY004682,INV04682,2026-05-21,21940.8,Paid
PAY004683,INV04683,2026-03-30,853194.28,Paid
PAY004684,INV04684,2026-08-07,407981.06,Paid
PAY004685,INV04685,2026-06-08,15497.43,Paid
PAY004686,INV04686,2026-03-20,35315.95,Paid
PAY004687,INV04687,2026-03-26,85670.45,Paid
PAY004688,INV04688,2026-03-14,1949865.0,Paid
PAY004689,INV04689,2026-03-26,1032769.04,Paid
PAY004690,INV04690,2026-07-28,3583294.2,Paid
PAY004691,INV04691,2026-10-05,348958.5,Paid
PAY004692,INV04692,2026-04-05,98557.0,Paid
PAY004693,INV04693,2026-03-01,13785.02,Paid
PAY004694,INV04694,2026-05-09,1562078.1,Paid
PAY004695,INV04695,2026-08-10,1384216.96,Paid
PAY004696,INV04696,2026-05-17,16605663.2,Paid
PAY004697,INV04697,2026-07-02,416573.0,Paid
PAY004698,INV04698,2026-06-18,19409.6,Paid
PAY004699,INV04699,2026-06-23,43019.2,Paid
PAY004700,INV04700,2026-05-18,21540.75,Paid
PAY004701,INV04701,2026-09-05,4820.55,Paid
PAY004702,INV04702,2026-06-23,418867.05,Paid
PAY004703,INV04703,2026-10-24,3059454.44,Paid
PAY004704,INV04704,2026-07-22,4563.08,Paid
PAY004705,INV04705,2026-06-18,7988.46,Paid
PAY004706,INV04706,2026-09-06,211929.69,Paid
PAY004707,INV04707,2026-08-14,135417.98,Paid
PAY004708,INV04708,2026-07-17,5691.85,Paid
PAY004709,INV04709,2026-07-05,647.84,Paid
PAY004710,INV04710,2026-08-25,119398.0,Paid
PAY004711,INV04711,2026-08-01,301896.0,Paid
PAY004712,INV04712,2026-08-27,1104533.92,Paid
PAY004713,INV04713,2026-07-16,3768.72,Paid
PAY004714,INV04714,2026-09-23,4539919.12,Paid
PAY004715,INV04715,2026-04-29,15065.5,Paid
PAY004716,INV04716,2026-05-20,63250.83,Paid
PAY004717,INV04717,2026-08-08,943.48,Paid
PAY004718,INV04718,2026-05-19,9241960.0,Paid
PAY004719,INV04719,2026-05-18,299086.0,Paid
PAY004720,INV04720,2026-07-06,8901060.0,Paid
PAY004721,INV04721,2026-03-15,290849.16,Paid
PAY004722,INV04722,2026-03-27,742075.45,Paid
PAY004723,INV04723,2026-06-19,211106.56,Paid
PAY004724,INV04724,2026-07-07,816.61,Paid
PAY004725,INV04725,2026-09-18,3337388.1,Paid
PAY004726,INV04726,2026-04-23,564155.2,Paid
PAY004727,INV04727,2026-10-26,121802.24,Paid
PAY004728,INV04728,2026-03-04,37473.98,Paid
PAY004729,INV04729,2026-10-25,113727.6,Paid
PAY004730,INV04730,2026-03-01,1451.81,Paid
PAY004731,INV04731,2026-04-09,3767761.2,Paid
PAY004732,INV04732,2026-07-21,2130959.25,Paid
PAY004733,INV04733,2026-05-28,5719784.5,Paid
PAY004734,INV04734,2026-05-01,71052.8,Paid
PAY004735,INV04735,2026-06-10,174241.54,Paid
PAY004736,INV04736,2026-11-02,919192.86,Paid
PAY004737,INV04737,2026-08-16,1580532.45,Paid
PAY004738,INV04738,2026-04-30,10257.23,Paid
PAY004739,INV04739,2026-02-20,3418490.0,Paid
PAY004740,INV04740,2026-05-01,2556592.5,Paid
PAY004741,INV04741,2026-07-02,2339509.76,Paid
PAY004742,INV04742,2026-10-20,7603.78,Paid
PAY004743,INV04743,2026-04-05,1011024.0,Paid
PAY004744,INV04744,2026-07-31,42463.83,Paid
PAY004745,INV04745,2026-07-25,797709.5,Paid
PAY004746,INV04746,2026-06-17,1381.04,Paid
PAY004747,INV04747,2026-06-20,106076.0,Paid
PAY004748,INV04748,2026-08-14,421960.0,Paid
PAY004749,INV04749,2026-05-11,4344138.75,Paid
PAY004750,INV04750,2026-04-30,123127.69,Paid
PAY004751,INV04751,2026-04-30,1621083.5,Paid
PAY004752,INV04752,2026-09-19,45539.5,Paid
PAY004753,INV04753,2026-04-16,36071.84,Paid
PAY004754,INV04754,2026-06-11,1933075.0,Paid
PAY004755,INV04755,2026-08-13,221589.69,Paid
PAY004756,INV04756,2026-06-11,3516.58,Paid
PAY004757,INV04757,2026-07-25,25396.73,Paid
PAY004758,INV04758,2026-06-24,136785.6,Paid
PAY004759,INV04759,2026-06-11,1745.36,Paid
PAY004760,INV04760,2026-03-14,13662.03,Paid
PAY004761,INV04761,2026-06-23,20571.18,Paid
PAY004762,INV04762,2026-04-08,33554.9,Paid
PAY004763,INV04763,2026-05-30,19406.75,Paid
PAY004764,INV04764,2026-07-08,68149.84,Paid
PAY004765,INV04765,2026-05-27,767870.25,Paid
PAY004766,INV04766,2026-07-18,3200.44,Paid
PAY004767,INV04767,2026-05-01,1555861.27,Paid
PAY004768,INV04768,2026-08-08,7891580.0,Paid
PAY004769,INV04769,2026-10-16,3529964.55,Paid
PAY004770,INV04770,2026-09-18,54691.88,Paid
PAY004771,INV04771,2026-07-04,45513.07,Paid
PAY004772,INV04772,2026-06-30,1120.8,Paid
PAY004773,INV04773,2026-08-11,371210.3,Paid
PAY004774,INV04774,2026-08-05,76325.6,Paid
PAY004775,INV04775,2026-09-23,5867657.6,Paid
PAY004776,INV04776,2026-04-02,455580.54,Paid
PAY004777,INV04777,2026-07-26,28379.4,Paid
PAY004778,INV04778,2026-08-08,94305.13,Paid
PAY004779,INV04779,2026-03-30,3640.83,Paid
PAY004780,INV04780,2026-03-26,1576489.0,Paid
PAY004781,INV04781,2026-11-16,85071.53,Paid
PAY004782,INV04782,2026-09-10,469504.3,Paid
PAY004783,INV04783,2026-07-08,8154736.8,Paid
PAY004784,INV04784,2026-08-24,71326.75,Paid
PAY004785,INV04785,2026-07-29,1520360.8,Paid
PAY004786,INV04786,2026-06-16,147.12,Paid
PAY004787,INV04787,2026-12-04,748961.33,Paid
PAY004788,INV04788,2026-05-20,1999018.0,Paid
PAY004789,INV04789,2026-09-04,566.54,Paid
PAY004790,INV04790,2026-08-22,140747.0,Paid
PAY004791,INV04791,2026-05-29,1470.82,Paid
PAY004792,INV04792,2026-06-28,22339.12,Paid
PAY004793,INV04793,2026-03-27,5323.55,Paid
PAY004794,INV04794,2026-09-02,733192.0,Paid
PAY004795,INV04795,2026-04-28,21798.44,Paid
PAY004796,INV04796,2026-08-14,21695.24,Paid
PAY004797,INV04797,2026-04-17,134149.0,Paid
PAY004798,INV04798,2026-09-04,120817.84,Paid
PAY004799,INV04799,2026-05-13,8876.73,Paid
PAY004800,INV04800,2026-06-15,51794.13,Paid
PAY004801,INV04801,2026-11-10,57042.09,Paid
PAY004802,INV04802,2026-06-06,72997.63,Paid
PAY004803,INV04803,2026-09-17,134099.3,Paid
PAY004804,INV04804,2026-07-04,248984.13,Paid
PAY004805,INV04805,2026-08-01,4884.4,Paid
PAY004806,INV04806,2026-05-11,20368.43,Paid
PAY004807,INV04807,2026-05-16,10140.33,Paid
PAY004808,INV04808,2026-09-01,546.59,Paid
PAY004809,INV04809,2026-06-25,6504.4,Paid
PAY004810,INV04810,2026-05-21,42031.89,Paid
PAY004811,INV04811,2026-07-29,2121.04,Paid
PAY004812,INV04812,2026-08-20,1461.85,Paid
PAY004813,INV04813,2026-03-05,1221842.8,Paid
PAY004814,INV04814,2026-09-26,4421681.25,Paid
PAY004815,INV04815,2026-04-25,12389.27,Paid
PAY004816,INV04816,2026-06-07,78249.7,Paid
PAY004817,INV04817,2026-07-24,213101.28,Paid
PAY004818,INV04818,2026-05-27,7056.58,Paid
PAY004819,INV04819,2026-06-28,19413.12,Paid
PAY004820,INV04820,2026-09-23,338875.0,Paid
PAY004821,INV04821,2026-07-28,18009.5,Paid
PAY004822,INV04822,2026-04-19,20574.34,Paid
PAY004823,INV04823,2026-08-11,18844.5,Paid
PAY004824,INV04824,2026-09-01,802809.5,Paid
PAY004825,INV04825,2026-04-29,5356630.0,Paid
PAY004826,INV04826,2026-05-03,6554.7,Paid
PAY004827,INV04827,2026-06-19,208592.78,Paid
PAY004828,INV04828,2026-07-13,8812.02,Paid
PAY004829,INV04829,2026-06-12,4290.2,Paid
PAY004830,INV04830,2026-07-01,555205.28,Paid
PAY004831,INV04831,2026-03-27,847.28,Paid
PAY004832,INV04832,2026-05-06,44993.6,Paid
PAY004833,INV04833,2026-02-26,40491.46,Paid
PAY004834,INV04834,2026-07-22,2195802.0,Paid
PAY004835,INV04835,2026-09-20,11486.2,Paid
PAY004836,INV04836,2026-09-03,429976.05,Paid
PAY004837,INV04837,2026-06-12,181779.36,Paid
PAY004838,INV04838,2026-03-11,2039236.5,Paid
PAY004839,INV04839,2026-09-25,12928.2,Paid
PAY004840,INV04840,2026-07-06,17032.96,Paid
PAY004841,INV04841,2026-08-06,1535.44,Paid
PAY004842,INV04842,2026-08-13,150117.03,Paid
PAY004843,INV04843,2026-08-15,19421.33,Paid
PAY004844,INV04844,2026-08-22,838442.33,Paid
PAY004845,INV04845,2026-07-28,7675438.4,Paid
PAY004846,INV04846,2026-08-22,31166.16,Paid
PAY004847,INV04847,2026-06-24,482854.2,Paid
PAY004848,INV04848,2026-07-30,2894988.32,Paid
PAY004849,INV04849,2026-07-09,14190050.0,Paid
PAY004850,INV04850,2026-03-14,231812.18,Paid
PAY004851,INV04851,2026-03-26,3530647.68,Paid
PAY004852,INV04852,2026-07-16,4907425.3,Paid
PAY004853,INV04853,2026-05-04,6559.8,Paid
PAY004854,INV04854,2026-09-03,35315.16,Paid
PAY004855,INV04855,2026-06-30,1307605.6,Paid
PAY004856,INV04856,2026-04-02,11037.28,Paid
PAY004857,INV04857,2026-06-05,20665.34,Paid
PAY004858,INV04858,2026-08-29,7799.86,Paid
PAY004859,INV04859,2026-07-11,95086.41,Paid
PAY004860,INV04860,2026-03-14,27047.0,Paid
PAY004861,INV04861,2026-08-23,699688.5,Paid
PAY004862,INV04862,2026-04-30,6233.6,Paid
PAY004863,INV04863,2026-07-15,10610.73,Paid
PAY004864,INV04864,2026-07-26,85646.4,Paid
PAY004865,INV04865,2026-05-30,15980.98,Paid
PAY004866,INV04866,2026-05-24,10507.93,Paid
PAY004867,INV04867,2026-06-26,99753.15,Paid
PAY004868,INV04868,2026-06-16,227661.39,Paid
PAY004869,INV04869,2026-06-25,4507.29,Paid
PAY004870,INV04870,2026-05-14,363574.52,Paid
PAY004871,INV04871,2026-05-08,76580.0,Paid
PAY004872,INV04872,2026-06-15,19465964.4,Paid
PAY004873,INV04873,2026-07-21,422349.38,Paid
PAY004874,INV04874,2026-05-26,339800.2,Paid
PAY004875,INV04875,2026-05-22,492276.75,Paid
PAY004876,INV04876,2026-08-25,9468.93,Paid
PAY004877,INV04877,2026-05-05,247262.18,Paid
PAY004878,INV04878,2026-06-09,66964.46,Paid
PAY004879,INV04879,2026-08-18,11574.71,Paid
PAY004880,INV04880,2026-06-30,5940.76,Paid
PAY004881,INV04881,2026-08-06,23291.39,Paid
PAY004882,INV04882,2026-05-20,44993.6,Paid
PAY004883,INV04883,2026-07-20,417508.0,Paid
PAY004884,INV04884,2026-03-04,28581.28,Paid
PAY004885,INV04885,2026-04-20,88494.57,Paid
PAY004886,INV04886,2026-06-22,36498.0,Paid
PAY004887,INV04887,2026-04-29,8739.0,Paid
PAY004888,INV04888,2026-03-03,1730569.12,Paid
PAY004889,INV04889,2026-08-02,62599.0,Paid
PAY004890,INV04890,2026-06-09,1353988.05,Paid
PAY004891,INV04891,2026-07-31,1630920.0,Paid
PAY004892,INV04892,2026-10-16,56569.59,Paid
PAY004893,INV04893,2026-03-27,6810.08,Paid
PAY004894,INV04894,2026-05-15,7448925.75,Paid
PAY004895,INV04895,2026-04-03,35315.95,Paid
PAY004896,INV04896,2026-07-11,206297.28,Paid
PAY004897,INV04897,2026-06-12,89224.2,Paid
PAY004898,INV04898,2026-07-31,46415.54,Paid
PAY004899,INV04899,2026-03-31,30047.99,Paid
PAY004900,INV04900,2026-06-24,11750156.8,Paid
PAY004901,INV04901,2026-09-06,1910938.4,Paid
PAY004902,INV04902,2026-08-05,5982747.75,Paid
PAY004903,INV04903,2026-08-18,404005.56,Paid
PAY004904,INV04904,2026-06-10,2835112.25,Paid
PAY004905,INV04905,2026-04-08,477805.6,Paid
PAY004906,INV04906,2026-09-07,2963.98,Paid
PAY004907,INV04907,2026-06-25,690230.14,Paid
PAY004908,INV04908,2026-08-08,18945.1,Paid
PAY004909,INV04909,2026-05-15,658306.95,Paid
PAY004910,INV04910,2026-08-11,422312.8,Paid
PAY004911,INV04911,2026-05-12,1221172.4,Paid
PAY004912,INV04912,2026-05-20,1936.52,Paid
PAY004913,INV04913,2026-04-15,21798.44,Paid
PAY004914,INV04914,2026-08-18,23362.5,Paid
PAY004915,INV04915,2026-09-19,21937.92,Paid
PAY004916,INV04916,2026-06-16,1999018.0,Paid
PAY004917,INV04917,2026-08-08,1720860.0,Paid
PAY004918,INV04918,2026-08-24,146014.0,Paid
PAY004919,INV04919,2026-06-03,691.36,Paid
PAY004920,INV04920,2026-11-10,103445.79,Paid
PAY004921,INV04921,2026-05-21,2796.1,Paid
PAY004922,INV04922,2026-09-03,15400.0,Paid
PAY004923,INV04923,2026-09-18,101136.62,Paid
PAY004924,INV04924,2026-04-04,1193748.0,Paid
PAY004925,INV04925,2026-02-24,27172.45,Paid
PAY004926,INV04926,2026-07-11,1621083.5,Paid
PAY004927,INV04927,2026-08-25,16999.98,Paid
PAY004928,INV04928,2026-09-22,12978483.0,Paid
PAY004929,INV04929,2026-04-09,1315660.5,Paid
PAY004930,INV04930,2026-07-15,587276.55,Paid
PAY004931,INV04931,2026-09-06,503713.35,Paid
PAY004932,INV04932,2026-02-19,1161.43,Paid
PAY004933,INV04933,2026-04-19,21057.79,Paid
PAY004934,INV04934,2026-08-16,732317.6,Paid
PAY004935,INV04935,2026-06-16,31687.31,Paid
PAY004936,INV04936,2026-05-16,44787.02,Paid
PAY004937,INV04937,2026-09-12,604312.5,Paid
PAY004938,INV04938,2026-07-27,1853.44,Paid
PAY004939,INV04939,2026-06-06,176820.34,Paid
PAY004940,INV04940,2026-07-05,1513.03,Paid
PAY004941,INV04941,2026-07-18,1086397.0,Paid
PAY004942,INV04942,2026-09-03,186257.66,Paid
PAY004943,INV04943,2026-08-04,3999.65,Paid
PAY004944,INV04944,2026-06-20,4091.77,Paid
PAY004945,INV04945,2026-09-08,71366.52,Paid
PAY004946,INV04946,2026-04-13,2289.3,Paid
PAY004947,INV04947,2026-06-15,2633689.2,Paid
PAY004948,INV04948,2026-03-22,2194.21,Paid
PAY004949,INV04949,2026-02-15,1528482.38,Paid
PAY004950,INV04950,2026-05-27,1538986.4,Paid
PAY004951,INV04951,2026-07-30,3435.55,Paid
PAY004952,INV04952,2026-06-10,14190.4,Paid
PAY004953,INV04953,2026-05-22,3535.92,Paid
PAY004954,INV04954,2026-07-18,292334.22,Paid
PAY004955,INV04955,2026-06-13,1124736.48,Paid
PAY004956,INV04956,2026-07-16,3532.1,Paid
PAY004957,INV04957,2026-05-14,119982.5,Paid
PAY004958,INV04958,2026-04-04,654.95,Paid
PAY004959,INV04959,2026-10-10,237019.55,Paid
PAY004960,INV04960,2026-04-29,1997.34,Paid
PAY004961,INV04961,2026-05-30,78142.58,Paid
PAY004962,INV04962,2026-08-30,91363.66,Paid
PAY004963,INV04963,2026-04-29,8548.5,Paid
PAY004964,INV04964,2026-09-18,344383.2,Paid
PAY004965,INV04965,2026-09-07,5890.18,Paid
PAY004966,INV04966,2026-11-04,3560.0,Paid
PAY004967,INV04967,2026-08-03,6793.31,Paid
PAY004968,INV04968,2026-08-08,828391.86,Paid
PAY004969,INV04969,2026-07-07,1353.66,Paid
PAY004970,INV04970,2026-06-15,31397.44,Paid
PAY004971,INV04971,2026-07-31,308863.52,Paid
PAY004972,INV04972,2026-10-09,44885.57,Paid
PAY004973,INV04973,2026-08-12,215694.36,Paid
PAY004974,INV04974,2026-06-26,2398.75,Paid
PAY004975,INV04975,2026-04-29,61659.25,Paid
PAY004976,INV04976,2026-08-31,2420784.8,Paid
PAY004977,INV04977,2026-08-15,508761.12,Paid
PAY004978,INV04978,2026-07-05,4902.96,Paid
PAY004979,INV04979,2026-05-13,1871335.0,Paid
PAY004980,INV04980,2026-05-24,147.12,Paid
PAY004981,INV04981,2026-05-12,597646.99,Paid
PAY004982,INV04982,2026-09-04,3398754.8,Paid
PAY004983,INV04983,2026-07-08,629.84,Paid
PAY004984,INV04984,2026-07-14,14691.28,Paid
PAY004985,INV04985,2026-05-12,1342017.6,Paid
PAY004986,INV04986,2026-11-12,4539919.12,Paid
PAY004987,INV04987,2026-05-31,598292.8,Paid
PAY004988,INV04988,2026-05-19,271494.94,Paid
PAY004989,INV04989,2026-07-14,1997.34,Paid
PAY004990,INV04990,2026-06-25,133437.94,Paid
PAY004991,INV04991,2026-05-16,849182.25,Paid
PAY004992,INV04992,2026-08-12,5774.9,Paid
PAY004993,INV04993,2026-07-12,4400199.35,Paid
PAY004994,INV04994,2026-03-26,174348.0,Paid
PAY004995,INV04995,2026-10-20,1048558.56,Paid
PAY004996,INV04996,2026-09-13,47169.54,Paid
PAY004997,INV04997,2026-05-18,14190.8,Paid
PAY004998,INV04998,2026-04-02,9578.34,Paid
PAY004999,INV04999,2026-03-21,654474.8,Paid
PAY005000,INV05000,2026-07-14,13587.63,Paid
PAY005001,INV05001,2026-08-18,406416.0,Paid
PAY005002,INV05002,2026-08-09,43725.47,Paid
PAY005003,INV05003,2026-02-26,1992.0,Paid
PAY005004,INV05004,2026-07-20,879102.56,Paid
PAY005005,INV05005,2026-06-26,26870.8,Paid
PAY005006,INV05006,2026-07-11,3662.4,Paid
PAY005007,INV05007,2026-04-10,225461.6,Paid
PAY005008,INV05008,2026-04-08,1776032.75,Paid
PAY005009,INV05009,2026-09-03,6671.32,Paid
PAY005010,INV05010,2026-07-18,416573.0,Paid
PAY005011,INV05011,2026-07-20,2075.92,Paid
PAY005012,INV05012,2026-10-19,5435.2,Paid
PAY005013,INV05013,2026-05-13,3577.67,Paid
PAY005014,INV05014,2026-03-24,176426.77,Paid
PAY005015,INV05015,2026-06-16,2525329.8,Paid
PAY005016,INV05016,2026-06-05,20222.96,Paid
PAY005017,INV05017,2026-05-17,576210.0,Paid
PAY005018,INV05018,2026-03-28,189085.56,Paid
PAY005019,INV05019,2026-09-19,12584.91,Paid
PAY005020,INV05020,2026-05-04,77091.84,Paid
PAY005021,INV05021,2026-03-30,44051.38,Paid
PAY005022,INV05022,2026-07-11,618977.62,Paid
PAY005023,INV05023,2026-07-06,1293369.5,Paid
PAY005024,INV05024,2026-07-19,58123.74,Paid
PAY005025,INV05025,2026-08-25,3078864.85,Paid
PAY005026,INV05026,2026-04-30,36691.42,Paid
PAY005027,INV05027,2026-07-31,60084.19,Paid
PAY005028,INV05028,2026-04-11,311.16,Paid
PAY005029,INV05029,2026-04-22,2844.08,Paid
PAY005030,INV05030,2026-04-24,1717687.12,Paid
PAY005031,INV05031,2026-11-04,50251.48,Paid
PAY005032,INV05032,2026-10-15,3296370.0,Paid
PAY005033,INV05033,2026-07-28,339800.2,Paid
PAY005034,INV05034,2026-05-18,1184604.75,Paid
PAY005035,INV05035,2026-06-09,849216.38,Paid
PAY005036,INV05036,2026-06-20,6310.84,Paid
PAY005037,INV05037,2026-03-29,4039081.0,Paid
PAY005038,INV05038,2026-05-12,6233.6,Paid
PAY005039,INV05039,2026-08-06,23677.65,Paid
PAY005040,INV05040,2026-04-27,61282.8,Paid
PAY005041,INV05041,2026-08-02,1882725.0,Paid
PAY005042,INV05042,2026-05-23,816.61,Paid
PAY005043,INV05043,2026-02-27,383563.96,Paid
PAY005044,INV05044,2026-04-22,21967.46,Paid
PAY005045,INV05045,2026-05-01,11724.1,Paid
PAY005046,INV05046,2026-07-13,38819.2,Paid
PAY005047,INV05047,2026-06-08,11861.25,Paid
PAY005048,INV05048,2026-07-06,1218928.2,Paid
PAY005049,INV05049,2026-05-31,2544704.4,Paid
PAY005050,INV05050,2026-05-23,742904.4,Paid
PAY005051,INV05051,2026-03-17,1431381.3,Paid
PAY005052,INV05052,2026-06-01,40902.81,Paid
PAY005053,INV05053,2026-05-13,590099.71,Paid
PAY005054,INV05054,2026-05-05,9133.1,Paid
PAY005055,INV05055,2026-03-22,95411.45,Paid
PAY005056,INV05056,2026-07-10,12328640.0,Paid
PAY005057,INV05057,2026-09-25,17182.76,Paid
PAY005058,INV05058,2026-07-08,2635789.6,Paid
PAY005059,INV05059,2026-01-29,2193.46,Paid
PAY005060,INV05060,2026-08-29,107210.88,Paid
PAY005061,INV05061,2026-08-21,70704.59,Paid
PAY005062,INV05062,2026-06-27,419737.5,Paid
PAY005063,INV05063,2026-08-07,1538986.4,Paid
PAY005064,INV05064,2026-06-23,15200.88,Paid
PAY005065,INV05065,2026-02-03,114678.38,Paid
PAY005066,INV05066,2026-08-25,182251.0,Paid
PAY005067,INV05067,2026-07-14,30624.6,Paid
PAY005068,INV05068,2026-06-25,90491.4,Paid
PAY005069,INV05069,2026-05-21,1152043.2,Paid
PAY005070,INV05070,2026-04-29,440942.4,Paid
PAY005071,INV05071,2026-08-04,60344.82,Paid
PAY005072,INV05072,2026-09-03,16697.1,Paid
PAY005073,INV05073,2026-02-21,742075.45,Paid
PAY005074,INV05074,2026-09-26,148926.4,Paid
PAY005075,INV05075,2026-04-18,20076779.6,Paid
PAY005076,INV05076,2026-06-20,328788.0,Paid
PAY005077,INV05077,2026-06-19,257339.24,Paid
PAY005078,INV05078,2026-07-31,12978483.0,Paid
PAY005079,INV05079,2026-08-02,40215.78,Paid
PAY005080,INV05080,2026-01-10,47816.55,Paid
PAY005081,INV05081,2026-03-02,128558.01,Paid
PAY005082,INV05082,2026-08-09,3701840.0,Paid
PAY005083,INV05083,2026-11-08,94921.44,Paid
PAY005084,INV05084,2026-06-27,17395.91,Paid
PAY005085,INV05085,2026-05-12,35248.7,Paid
PAY005086,INV05086,2026-09-30,83153.77,Paid
PAY005087,INV05087,2026-09-16,111397.0,Paid
PAY005088,INV05088,2026-05-17,58488.64,Paid
PAY005089,INV05089,2026-09-05,3551661.94,Paid
PAY005090,INV05090,2026-06-24,1801855.0,Paid
PAY005091,INV05091,2026-02-16,3530647.68,Paid
PAY005092,INV05092,2026-08-25,1544992.88,Paid
PAY005093,INV05093,2026-08-12,482854.2,Paid
PAY005094,INV05094,2026-07-09,3003946.4,Paid
PAY005095,INV05095,2026-05-05,14597.33,Paid
PAY005096,INV05096,2026-05-13,22000.16,Paid
PAY005097,INV05097,2026-06-24,44802.45,Paid
PAY005098,INV05098,2026-06-14,113172.2,Paid
PAY005099,INV05099,2026-05-13,78501.88,Paid
PAY005100,INV05100,2026-04-21,102171.3,Paid
PAY005101,INV05101,2026-08-06,12584.91,Paid
PAY005102,INV05102,2026-07-24,20450628.8,Paid
PAY005103,INV05103,2026-04-28,355491.92,Paid
PAY005104,INV05104,2026-05-20,79842.06,Paid
PAY005105,INV05105,2026-04-14,37723.6,Paid
PAY005106,INV05106,2026-08-07,10539574.5,Paid
PAY005107,INV05107,2026-07-08,296831.36,Paid
PAY005108,INV05108,2026-05-16,749957.6,Paid
PAY005109,INV05109,2026-08-16,4730.97,Paid
PAY005110,INV05110,2026-05-14,489602.06,Paid
PAY005111,INV05111,2026-06-16,308635.94,Paid
PAY005112,INV05112,2026-04-17,98980.76,Paid
PAY005113,INV05113,2026-04-29,317855.42,Paid
PAY005114,INV05114,2026-08-21,227340.75,Paid
PAY005115,INV05115,2026-05-04,55251.14,Paid
PAY005116,INV05116,2026-09-13,662313.35,Paid
PAY005117,INV05117,2026-04-03,63379.68,Paid
PAY005118,INV05118,2026-05-02,1650.04,Paid
PAY005119,INV05119,2026-02-23,9249759.75,Paid
PAY005120,INV05120,2026-04-05,13301.53,Paid
PAY005121,INV05121,2026-08-16,39611.42,Paid
PAY005122,INV05122,2026-05-23,1092600.6,Paid
PAY005123,INV05123,2026-07-08,233939.72,Paid
PAY005124,INV05124,2026-06-16,2382.81,Paid
PAY005125,INV05125,2026-02-16,67109.79,Paid
PAY005126,INV05126,2026-08-07,23042.54,Paid
PAY005127,INV05127,2026-08-28,37996.58,Paid
PAY005128,INV05128,2026-06-01,171109.0,Paid
PAY005129,INV05129,2026-05-07,684306.8,Paid
PAY005130,INV05130,2026-04-03,39660.27,Paid
PAY005131,INV05131,2026-07-11,789880.35,Paid
PAY005132,INV05132,2026-07-03,71744.4,Paid
PAY005133,INV05133,2026-05-19,1138177.6,Paid
PAY005134,INV05134,2026-03-23,736065.75,Paid
PAY005135,INV05135,2026-06-08,17032.96,Paid
PAY005136,INV05136,2026-08-15,49946.5,Paid
PAY005137,INV05137,2026-06-03,492776.85,Paid
PAY005138,INV05138,2026-09-09,37211.22,Paid
PAY005139,INV05139,2026-09-10,16137.03,Paid
PAY005140,INV05140,2026-06-28,489636.0,Paid
PAY005141,INV05141,2026-05-25,94142.34,Paid
PAY005142,INV05142,2026-07-03,6151.47,Paid
PAY005143,INV05143,2026-06-15,12112670.5,Paid
PAY005144,INV05144,2026-03-20,3279.27,Paid
PAY005145,INV05145,2026-06-06,3023.76,Paid
PAY005146,INV05146,2026-04-01,11320.72,Paid
PAY005147,INV05147,2026-06-17,20083900.9,Paid
PAY005148,INV05148,2026-07-07,8720.77,Paid
PAY005149,INV05149,2026-07-17,752509.8,Paid
PAY005150,INV05150,2026-08-02,28098.95,Paid
PAY005151,INV05151,2026-04-20,1941400.0,Paid
PAY005152,INV05152,2026-02-22,431130.7,Paid
PAY005153,INV05153,2026-05-19,10191.55,Paid
PAY005154,INV05154,2026-09-13,85524.08,Paid
PAY005155,INV05155,2026-08-26,103462.8,Paid
PAY005156,INV05156,2026-08-03,75253.71,Paid
PAY005157,INV05157,2026-08-02,65171.93,Paid
PAY005158,INV05158,2026-03-12,40249.7,Paid
PAY005159,INV05159,2026-08-22,852017.6,Paid
PAY005160,INV05160,2026-03-28,7306.8,Paid
PAY005161,INV05161,2026-09-21,836329.0,Paid
PAY005162,INV05162,2026-05-19,401909.55,Paid
PAY005163,INV05163,2026-05-02,119072.86,Paid
PAY005164,INV05164,2026-03-23,196690.0,Paid
PAY005165,INV05165,2026-06-03,17581.54,Paid
PAY005166,INV05166,2026-05-16,220610.04,Paid
PAY005167,INV05167,2026-08-08,1349494.12,Paid
PAY005168,INV05168,2026-04-29,20046.32,Paid
PAY005169,INV05169,2026-04-01,592194.8,Paid
PAY005170,INV05170,2026-04-07,4865.73,Paid
PAY005171,INV05171,2026-06-26,179167.9,Paid
PAY005172,INV05172,2026-09-08,7278628.0,Paid
PAY005173,INV05173,2026-08-22,4663.21,Paid
PAY005174,INV05174,2026-04-19,11674924.8,Paid
PAY005175,INV05175,2026-05-16,7171.8,Paid
PAY005176,INV05176,2026-06-05,18047.35,Paid
PAY005177,INV05177,2026-07-28,871610.0,Paid
PAY005178,INV05178,2026-09-16,1532.33,Paid
PAY005179,INV05179,2026-08-18,8720.77,Paid
PAY005180,INV05180,2026-02-28,4895023.5,Paid
PAY005181,INV05181,2026-09-30,1267.5,Paid
PAY005182,INV05182,2026-07-19,12726.34,Paid
PAY005183,INV05183,2026-05-16,1093135.68,Paid
PAY005184,INV05184,2026-06-02,818424.32,Paid
PAY005185,INV05185,2026-09-19,9246.41,Paid
PAY005186,INV05186,2026-05-27,21057.79,Paid
PAY005187,INV05187,2026-02-10,13662.03,Paid
PAY005188,INV05188,2026-08-12,30881.19,Paid
PAY005189,INV05189,2026-08-10,3729974.1,Paid
PAY005190,INV05190,2026-04-25,4283.54,Paid
PAY005191,INV05191,2026-07-28,6755313.6,Paid
PAY005192,INV05192,2026-09-02,2179776.48,Paid
PAY005193,INV05193,2026-05-16,10108.45,Paid
PAY005194,INV05194,2026-09-15,99104.15,Paid
PAY005195,INV05195,2026-03-26,20484.68,Paid
PAY005196,INV05196,2026-03-08,8799254.62,Paid
PAY005197,INV05197,2026-10-28,111397.0,Paid
PAY005198,INV05198,2026-07-12,470637.5,Paid
PAY005199,INV05199,2026-07-10,41490.69,Paid
PAY005200,INV05200,2026-06-08,699181.86,Paid
PAY005201,INV05201,2026-07-22,7804660.5,Paid
PAY005202,INV05202,2026-06-24,1008338.1,Paid
PAY005203,INV05203,2026-09-04,19776.76,Paid
PAY005204,INV05204,2026-10-07,12978483.0,Paid
PAY005205,INV05205,2026-06-02,7566.3,Paid
PAY005206,INV05206,2026-05-12,1825501.3,Paid
PAY005207,INV05207,2026-09-27,971116.99,Paid
PAY005208,INV05208,2026-04-23,57079.2,Paid
PAY005209,INV05209,2026-09-27,86899.0,Paid
PAY005210,INV05210,2026-07-29,11334.96,Paid
PAY005211,INV05211,2026-07-18,36233.35,Paid
PAY005212,INV05212,2026-04-11,7306.8,Paid
PAY005213,INV05213,2026-09-14,331639.39,Paid
PAY005214,INV05214,2026-04-24,747050.85,Paid
PAY005215,INV05215,2026-03-06,10996.18,Paid
PAY005216,INV05216,2026-06-22,11483.83,Paid
PAY005217,INV05217,2026-07-18,3537365.0,Paid
PAY005218,INV05218,2026-06-24,2354890.12,Paid
PAY005219,INV05219,2026-06-15,555205.28,Paid
PAY005220,INV05220,2026-02-13,98557.0,Paid
PAY005221,INV05221,2026-08-23,6366.26,Paid
PAY005222,INV05222,2026-07-01,2835112.25,Paid
PAY005223,INV05223,2026-06-05,6554.7,Paid
PAY005224,INV05224,2026-04-26,2071.06,Paid
PAY005225,INV05225,2026-04-03,949830.0,Paid
PAY005226,INV05226,2026-07-20,3922015.0,Paid
PAY005227,INV05227,2026-06-06,38115.6,Paid
PAY005228,INV05228,2026-06-19,8538417.5,Paid
PAY005229,INV05229,2026-07-22,343953.57,Paid
PAY005230,INV05230,2026-04-28,3263934.8,Paid
PAY005231,INV05231,2026-03-12,3215984.8,Paid
PAY005232,INV05232,2026-04-15,1005.65,Paid
PAY005233,INV05233,2026-04-22,10383906.4,Paid
PAY005234,INV05234,2026-03-05,5265946.88,Paid
PAY005235,INV05235,2026-04-30,275922.0,Paid
PAY005236,INV05236,2026-08-04,881678.3,Paid
PAY005237,INV05237,2026-05-15,2035992.0,Paid
PAY005238,INV05238,2026-09-19,202047.0,Paid
PAY005239,INV05239,2026-07-23,138525.0,Paid
PAY005240,INV05240,2026-08-10,184232.22,Paid
PAY005241,INV05241,2026-03-19,5457.56,Paid
PAY005242,INV05242,2026-07-26,3117856.88,Paid
PAY005243,INV05243,2026-09-24,146544.2,Paid
PAY005244,INV05244,2026-02-14,311722.88,Paid
PAY005245,INV05245,2026-02-27,15719.49,Paid
PAY005246,INV05246,2026-05-03,767870.25,Paid
PAY005247,INV05247,2026-07-25,9236.69,Paid
PAY005248,INV05248,2026-06-04,1345.3,Paid
PAY005249,INV05249,2026-08-05,111410.4,Paid
PAY005250,INV05250,2026-06-23,156196.32,Paid
PAY005251,INV05251,2026-04-05,2170800.0,Paid
PAY005252,INV05252,2026-10-09,158045.66,Paid
PAY005253,INV05253,2026-04-16,4283.54,Paid
PAY005254,INV05254,2026-07-30,3583294.2,Paid
PAY005255,INV05255,2026-03-22,29394.54,Paid
PAY005256,INV05256,2026-06-01,268580.55,Paid
PAY005257,INV05257,2026-05-23,95487.0,Paid
PAY005258,INV05258,2026-04-24,3177571.6,Paid
PAY005259,INV05259,2026-05-31,20222.96,Paid
PAY005260,INV05260,2026-06-15,22407.85,Paid
PAY005261,INV05261,2026-09-20,3957.1,Paid
PAY005262,INV05262,2026-10-18,404.87,Paid
PAY005263,INV05263,2026-07-04,23151.74,Paid
PAY005264,INV05264,2026-07-14,86158.8,Paid
PAY005265,INV05265,2026-02-02,27172.45,Paid
PAY005266,INV05266,2026-07-28,3322.73,Paid
PAY005267,INV05267,2026-04-18,8812.05,Paid
PAY005268,INV05268,2026-03-23,348524.3,Paid
PAY005269,INV05269,2026-05-18,111316.8,Paid
PAY005270,INV05270,2026-06-29,181532.97,Paid
PAY005271,INV05271,2026-08-25,16697.1,Paid
PAY005272,INV05272,2026-06-22,2040539.0,Paid
PAY005273,INV05273,2026-05-14,493297.5,Paid
PAY005274,INV05274,2026-05-19,17483.92,Paid
PAY005275,INV05275,2026-08-27,69428.91,Paid
PAY005276,INV05276,2026-09-15,68593.62,Paid
PAY005277,INV05277,2026-08-14,1500855.0,Paid
PAY005278,INV05278,2026-05-24,3322.73,Paid
PAY005279,INV05279,2026-09-14,94520.0,Paid
PAY005280,INV05280,2026-05-22,108051.33,Paid
PAY005281,INV05281,2026-04-15,117908.11,Paid
PAY005282,INV05282,2026-04-30,9880.75,Paid
PAY005283,INV05283,2026-06-02,3678920.0,Paid
PAY005284,INV05284,2026-06-30,265080.38,Paid
PAY005285,INV05285,2026-06-22,477482.25,Paid
PAY005286,INV05286,2026-03-20,25282.04,Paid
PAY005287,INV05287,2026-06-04,31053.96,Paid
PAY005288,INV05288,2026-04-19,166401.24,Paid
PAY005289,INV05289,2026-08-21,14314.54,Paid
PAY005290,INV05290,2026-07-10,30446.96,Paid
PAY005291,INV05291,2026-07-04,4775.11,Paid
PAY005292,INV05292,2026-04-04,194257.26,Paid
PAY005293,INV05293,2026-07-31,555205.28,Paid
PAY005294,INV05294,2026-08-05,3216474.8,Paid
PAY005295,INV05295,2026-09-10,35315.16,Paid
PAY005296,INV05296,2026-04-08,703300.0,Paid
PAY005297,INV05297,2026-06-24,456943.87,Paid
PAY005298,INV05298,2026-04-06,830954.25,Paid
PAY005299,INV05299,2026-05-29,10407.6,Paid
PAY005300,INV05300,2026-05-19,42403.76,Paid
PAY005301,INV05301,2026-07-29,308635.94,Paid
PAY005302,INV05302,2026-05-01,8218.35,Paid
PAY005303,INV05303,2026-05-19,4163.16,Paid
PAY005304,INV05304,2026-08-01,389407.2,Paid
PAY005305,INV05305,2026-09-12,406416.0,Paid
PAY005306,INV05306,2026-10-17,121802.24,Paid
PAY005307,INV05307,2026-08-01,104728.5,Paid
PAY005308,INV05308,2026-03-10,8379.46,Paid
PAY005309,INV05309,2026-04-30,26474.03,Paid
PAY005310,INV05310,2026-07-27,2941850.62,Paid
PAY005311,INV05311,2026-07-31,2666.3,Paid
PAY005312,INV05312,2026-07-29,12092346.0,Paid
PAY005313,INV05313,2026-04-20,729.1,Paid
PAY005314,INV05314,2026-04-01,1515753.75,Paid
PAY005315,INV05315,2026-05-28,849.68,Paid
PAY005316,INV05316,2026-07-04,57711.7,Paid
PAY005317,INV05317,2026-10-29,29240.16,Paid
PAY005318,INV05318,2026-06-30,2443568.4,Paid
PAY005319,INV05319,2026-05-25,119052.0,Paid
PAY005320,INV05320,2026-06-28,1997.34,Paid
PAY005321,INV05321,2026-08-13,276690.96,Paid
PAY005322,INV05322,2026-07-13,43174.43,Paid
PAY005323,INV05323,2026-04-30,32958.05,Paid
PAY005324,INV05324,2026-05-07,2883666.3,Paid
PAY005325,INV05325,2026-09-19,1125293.12,Paid
PAY005326,INV05326,2026-05-01,3692.62,Paid
PAY005327,INV05327,2026-03-14,2264530.0,Paid
PAY005328,INV05328,2026-06-15,72997.63,Paid
PAY005329,INV05329,2026-05-13,2668828.4,Paid
PAY005330,INV05330,2026-06-23,60366.12,Paid
PAY005331,INV05331,2026-02-16,865123.88,Paid
PAY005332,INV05332,2026-06-03,742904.4,Paid
PAY005333,INV05333,2026-03-26,7680.68,Paid
PAY005334,INV05334,2026-08-30,663297.15,Paid
PAY005335,INV05335,2026-08-04,175234.53,Paid
PAY005336,INV05336,2026-06-21,187384.0,Paid
PAY005337,INV05337,2026-11-07,1632202.0,Paid
PAY005338,INV05338,2026-05-09,1381580.58,Paid
PAY005339,INV05339,2026-04-16,67206.0,Paid
PAY005340,INV05340,2026-03-28,415297.05,Paid
PAY005341,INV05341,2026-04-14,21967.46,Paid
PAY005342,INV05342,2026-08-23,733192.0,Paid
PAY005343,INV05343,2026-08-12,750588.0,Paid
PAY005344,INV05344,2026-05-18,1277824.8,Paid
PAY005345,INV05345,2026-09-13,14172319.2,Paid
PAY005346,INV05346,2026-07-06,4702.95,Paid
PAY005347,INV05347,2026-07-24,158562.6,Paid
PAY005348,INV05348,2026-03-27,9133.1,Paid
PAY005349,INV05349,2026-09-08,23609.67,Paid
PAY005350,INV05350,2026-09-13,12978483.0,Paid
PAY005351,INV05351,2026-07-09,607508.25,Paid
PAY005352,INV05352,2026-08-11,26760.61,Paid
PAY005353,INV05353,2026-08-27,5714.58,Paid
PAY005354,INV05354,2026-03-26,319247.0,Paid
PAY005355,INV05355,2026-04-29,10354372.88,Paid
PAY005356,INV05356,2026-08-21,181535.2,Paid
PAY005357,INV05357,2026-03-08,2212.82,Paid
PAY005358,INV05358,2026-03-03,5483.97,Paid
PAY005359,INV05359,2026-08-28,8070.11,Paid
PAY005360,INV05360,2026-05-25,451479.6,Paid
PAY005361,INV05361,2026-07-22,10025.2,Paid
PAY005362,INV05362,2026-04-24,1912982.4,Paid
PAY005363,INV05363,2026-09-07,1632202.0,Paid
PAY005364,INV05364,2026-05-30,152779.4,Paid
PAY005365,INV05365,2026-04-26,235149.6,Paid
PAY005366,INV05366,2026-08-19,730766.4,Paid
PAY005367,INV05367,2026-02-27,40252.98,Paid
PAY005368,INV05368,2026-08-19,257714.24,Paid
PAY005369,INV05369,2026-04-13,7057.93,Paid
PAY005370,INV05370,2026-08-05,7599.44,Paid
PAY005371,INV05371,2026-04-14,16967.48,Paid
PAY005372,INV05372,2026-07-27,1085302.4,Paid
PAY005373,INV05373,2026-06-06,9636713.62,Paid
PAY005374,INV05374,2026-08-23,2998.41,Paid
PAY005375,INV05375,2026-04-13,2418300.0,Paid
PAY005376,INV05376,2026-07-22,14900.03,Paid
PAY005377,INV05377,2026-03-24,418321.4,Paid
PAY005378,INV05378,2026-08-17,97755.21,Paid
PAY005379,INV05379,2026-07-17,116673.4,Paid
PAY005380,INV05380,2026-07-16,4965.53,Paid
PAY005381,INV05381,2026-05-23,838647.5,Paid
PAY005382,INV05382,2026-07-16,2118401.6,Paid
PAY005383,INV05383,2026-05-19,949830.0,Paid
PAY005384,INV05384,2026-05-27,55661.84,Paid
PAY005385,INV05385,2026-06-03,174490.34,Paid
PAY005386,INV05386,2026-06-23,28057.8,Paid
PAY005387,INV05387,2026-04-18,44278.08,Paid
PAY005388,INV05388,2026-02-04,2286093.6,Paid
PAY005389,INV05389,2026-04-18,2065.87,Paid
PAY005390,INV05390,2026-07-16,1215466.08,Paid
PAY005391,INV05391,2026-04-28,713184.92,Paid
PAY005392,INV05392,2026-09-23,989813.5,Paid
PAY005393,INV05393,2026-09-11,157125.99,Paid
PAY005394,INV05394,2026-10-25,180521.82,Paid
PAY005395,INV05395,2026-04-17,123127.69,Paid
PAY005396,INV05396,2026-05-18,81021.4,Paid
PAY005397,INV05397,2026-08-19,11167.49,Paid
PAY005398,INV05398,2026-08-18,4019.47,Paid
PAY005399,INV05399,2026-08-06,3675766.5,Paid
PAY005400,INV05400,2026-05-14,1097010.6,Paid
PAY005401,INV05401,2026-06-30,1441349.94,Paid
PAY005402,INV05402,2026-07-26,121896.43,Paid
PAY005403,INV05403,2026-07-10,340837.1,Paid
PAY005404,INV05404,2026-04-15,752861.76,Paid
PAY005405,INV05405,2026-05-23,1889357.5,Paid
PAY005406,INV05406,2026-06-26,1536671.36,Paid
PAY005407,INV05407,2026-08-21,279332.2,Paid
PAY005408,INV05408,2026-06-08,38898.33,Paid
PAY005409,INV05409,2026-03-16,12124.19,Paid
PAY005410,INV05410,2026-07-09,954217.6,Paid
PAY005411,INV05411,2026-06-04,1156262.8,Paid
PAY005412,INV05412,2026-04-15,81872.56,Paid
PAY005413,INV05413,2026-02-23,752861.76,Paid
PAY005414,INV05414,2026-06-08,1514420.85,Paid
PAY005415,INV05415,2026-05-12,155525.2,Paid
PAY005416,INV05416,2026-04-09,924137.5,Paid
PAY005417,INV05417,2026-10-02,1634.33,Paid
PAY005418,INV05418,2026-03-22,782315.97,Paid
PAY005419,INV05419,2026-03-24,18984.5,Paid
PAY005420,INV05420,2026-03-25,135811.39,Paid
PAY005421,INV05421,2026-05-28,13868.09,Paid
PAY005422,INV05422,2026-09-11,4972.4,Paid
PAY005423,INV05423,2026-06-05,672845.25,Paid
PAY005424,INV05424,2026-08-21,196702.2,Paid
PAY005425,INV05425,2026-06-07,59690.92,Paid
PAY005426,INV05426,2026-07-29,63937.12,Paid
PAY005427,INV05427,2026-09-10,267587.6,Paid
PAY005428,INV05428,2026-04-24,3826294.5,Paid
PAY005429,INV05429,2026-05-09,386174.4,Paid
PAY005430,INV05430,2026-08-08,409628.74,Paid
PAY005431,INV05431,2026-09-13,2036934.29,Paid
PAY005432,INV05432,2026-09-02,556915.4,Paid
PAY005433,INV05433,2026-07-18,15457.16,Paid
PAY005434,INV05434,2026-03-19,152538.33,Paid
PAY005435,INV05435,2026-09-23,362183.2,Paid
PAY005436,INV05436,2026-05-28,3738220.5,Paid
PAY005437,INV05437,2026-03-22,3042716.25,Paid
PAY005438,INV05438,2026-05-21,3003.9,Paid
PAY005439,INV05439,2026-04-10,60571.59,Paid
PAY005440,INV05440,2026-03-23,13301.53,Paid
PAY005441,INV05441,2026-04-02,239442.0,Paid
PAY005442,INV05442,2026-06-21,2845.86,Paid
PAY005443,INV05443,2026-07-17,2964.15,Paid
PAY005444,INV05444,2026-08-31,25211.0,Paid
PAY005445,INV05445,2026-07-19,13622.07,Paid
PAY005446,INV05446,2026-04-19,1011024.0,Paid
PAY005447,INV05447,2026-05-02,4553351.55,Paid
PAY005448,INV05448,2026-04-12,11817.34,Paid
PAY005449,INV05449,2026-04-12,5423964.4,Paid
PAY005450,INV05450,2026-05-02,3817238.25,Paid
PAY005451,INV05451,2026-08-17,2957875.2,Paid
PAY005452,INV05452,2026-08-23,331075.5,Paid
PAY005453,INV05453,2026-10-05,553799.68,Paid
PAY005454,INV05454,2026-05-23,516535.6,Paid
PAY005455,INV05455,2026-06-16,2516532.5,Paid
PAY005456,INV05456,2026-05-15,168154.13,Paid
PAY005457,INV05457,2026-05-30,7557374.9,Paid
PAY005458,INV05458,2026-02-13,603929.9,Paid
PAY005459,INV05459,2026-05-15,14190.8,Paid
PAY005460,INV05460,2026-06-29,416240.0,Paid
PAY005461,INV05461,2026-03-07,5913.78,Paid
PAY005462,INV05462,2026-04-24,2027687.2,Paid
PAY005463,INV05463,2026-09-28,297142.44,Paid
PAY005464,INV05464,2026-08-08,9143.48,Paid
PAY005465,INV05465,2026-07-30,531144.9,Paid
PAY005466,INV05466,2026-09-27,682.75,Paid
PAY005467,INV05467,2026-08-05,23362.5,Paid
PAY005468,INV05468,2026-08-14,6747.15,Paid
PAY005469,INV05469,2026-08-29,223524.2,Paid
PAY005470,INV05470,2026-05-07,11674924.8,Paid
PAY005471,INV05471,2026-06-26,160361.56,Paid
PAY005472,INV05472,2026-06-17,348480.72,Paid
PAY005473,INV05473,2026-08-24,223524.2,Paid
PAY005474,INV05474,2026-06-11,8579855.0,Paid
PAY005475,INV05475,2026-06-06,1714447.5,Paid
PAY005476,INV05476,2026-04-18,189085.56,Paid
PAY005477,INV05477,2026-08-10,418867.05,Paid
PAY005478,INV05478,2026-04-30,35742.5,Paid
PAY005479,INV05479,2026-02-23,576210.0,Paid
PAY005480,INV05480,2026-08-07,1752.58,Paid
PAY005481,INV05481,2026-10-19,11486.2,Paid
PAY005482,INV05482,2026-08-26,2963.27,Paid
PAY005483,INV05483,2026-04-03,8315.7,Paid
PAY005484,INV05484,2026-06-08,115572.0,Paid
PAY005485,INV05485,2026-08-11,206297.28,Paid
PAY005486,INV05486,2026-09-23,1571001.26,Paid
PAY005487,INV05487,2026-06-14,79480.55,Paid
PAY005488,INV05488,2026-03-16,54420.66,Paid
PAY005489,INV05489,2026-06-01,87878.38,Paid
PAY005490,INV05490,2026-07-07,5658.24,Paid
PAY005491,INV05491,2026-03-27,4813525.0,Paid
PAY005492,INV05492,2026-09-21,7804660.5,Paid
PAY005493,INV05493,2026-09-29,566.54,Paid
PAY005494,INV05494,2026-07-04,1218928.2,Paid
PAY005495,INV05495,2026-07-02,129328.19,Paid
PAY005496,INV05496,2026-06-13,533072.08,Paid
PAY005497,INV05497,2026-07-24,146725.38,Paid
PAY005498,INV05498,2026-08-10,786601.83,Paid
PAY005499,INV05499,2026-06-18,507759.0,Paid
PAY005500,INV05500,2026-06-19,20368.43,Paid
PAY005501,INV05501,2026-07-08,47702.0,Paid
PAY005502,INV05502,2026-06-24,54047.18,Paid
PAY005503,INV05503,2026-02-27,534455.04,Paid
PAY005504,INV05504,2026-07-16,211092.0,Paid
PAY005505,INV05505,2026-07-18,28374.98,Paid
PAY005506,INV05506,2026-06-06,2282308.8,Paid
PAY005507,INV05507,2026-03-19,245470.4,Paid
PAY005508,INV05508,2026-08-09,637445.0,Paid
PAY005509,INV05509,2026-05-23,938784.0,Paid
PAY005510,INV05510,2026-09-26,1535.44,Paid
PAY005511,INV05511,2026-10-04,29240.16,Paid
PAY005512,INV05512,2026-03-29,3430465.5,Paid
PAY005513,INV05513,2026-04-06,4648969.9,Paid
PAY005514,INV05514,2026-10-15,759710.0,Paid
PAY005515,INV05515,2026-09-28,10152228.8,Paid
PAY005516,INV05516,2026-08-31,3296370.0,Paid
PAY005517,INV05517,2026-08-02,75562.0,Paid
PAY005518,INV05518,2026-06-13,1163.32,Paid
PAY005519,INV05519,2026-03-26,3145.74,Paid
PAY005520,INV05520,2026-04-25,1181861.52,Paid
PAY005521,INV05521,2026-06-01,45218.19,Paid
PAY005522,INV05522,2026-02-02,150309.58,Paid
PAY005523,INV05523,2026-10-02,14761.15,Paid
PAY005524,INV05524,2026-09-12,123536.18,Paid
PAY005525,INV05525,2026-06-06,9815.0,Paid
PAY005526,INV05526,2026-05-07,40179.76,Paid
PAY005527,INV05527,2026-05-22,2212213.85,Paid
PAY005528,INV05528,2026-05-01,170548.35,Paid
PAY005529,INV05529,2026-06-23,1641.77,Paid
PAY005530,INV05530,2026-05-14,13340.01,Paid
PAY005531,INV05531,2026-06-09,42403.76,Paid
PAY005532,INV05532,2026-05-11,2845.86,Paid
PAY005533,INV05533,2026-06-14,41590.59,Paid
PAY005534,INV05534,2026-07-12,29568.5,Paid
PAY005535,INV05535,2026-10-03,20069.44,Paid
PAY005536,INV05536,2026-05-12,181118.56,Paid
PAY005537,INV05537,2026-04-29,128565.42,Paid
PAY005538,INV05538,2026-06-01,78142.58,Paid
PAY005539,INV05539,2026-09-22,10651.27,Paid
PAY005540,INV05540,2026-07-17,75404.83,Paid
PAY005541,INV05541,2026-06-16,192593.11,Paid
PAY005542,INV05542,2026-03-31,102526.48,Paid
PAY005543,INV05543,2026-05-10,23470.0,Paid
PAY005544,INV05544,2026-04-01,3767761.2,Paid
PAY005545,INV05545,2026-04-02,35782.08,Paid
PAY005546,INV05546,2026-02-10,4991429.5,Paid
PAY005547,INV05547,2026-08-30,8789838.75,Paid
PAY005548,INV05548,2026-05-03,21540.75,Paid
PAY005549,INV05549,2026-03-26,678.03,Paid
PAY005550,INV05550,2026-06-17,1113410.0,Paid
PAY005551,INV05551,2026-09-09,585474.75,Paid
PAY005552,INV05552,2026-04-28,1999018.0,Paid
PAY005553,INV05553,2026-05-26,12259.13,Paid
PAY005554,INV05554,2026-07-05,418867.05,Paid
PAY005555,INV05555,2026-10-05,14156.93,Paid
PAY005556,INV05556,2026-08-02,5250576.8,Paid
PAY005557,INV05557,2026-06-18,31687.31,Paid
PAY005558,INV05558,2026-08-21,1655.47,Paid
PAY005559,INV05559,2026-07-29,3175050.0,Paid
PAY005560,INV05560,2026-07-27,84380.62,Paid
PAY005561,INV05561,2026-07-31,1094644.95,Paid
PAY005562,INV05562,2026-09-09,499576.88,Paid
PAY005563,INV05563,2026-07-13,168842.73,Paid
PAY005564,INV05564,2026-04-14,1172617.43,Paid
PAY005565,INV05565,2026-04-01,25212.71,Paid
PAY005566,INV05566,2026-09-12,312525.02,Paid
PAY005567,INV05567,2026-06-10,52525.93,Paid
PAY005568,INV05568,2026-06-16,10025.2,Paid
PAY005569,INV05569,2026-04-03,507793.53,Paid
PAY005570,INV05570,2026-07-26,4526.13,Paid
PAY005571,INV05571,2026-05-17,44993.6,Paid
PAY005572,INV05572,2026-03-25,2338316.32,Paid
PAY005573,INV05573,2026-03-11,81942.2,Paid
PAY005574,INV05574,2026-08-11,117194.17,Paid
PAY005575,INV05575,2026-03-31,1140196.4,Paid
PAY005576,INV05576,2026-08-04,42101.36,Paid
PAY005577,INV05577,2026-07-04,263557.25,Paid
PAY005578,INV05578,2026-06-22,989813.5,Paid
PAY005579,INV05579,2026-07-06,82146.75,Paid
PAY005580,INV05580,2026-04-11,13301.53,Paid
PAY005581,INV05581,2026-04-08,67206.0,Paid
PAY005582,INV05582,2026-09-11,1353545.76,Paid
PAY005583,INV05583,2026-04-29,78249.7,Paid
PAY005584,INV05584,2026-02-21,19433.43,Paid
PAY005585,INV05585,2026-03-29,11618073.6,Paid
PAY005586,INV05586,2026-06-10,1794623.25,Paid
PAY005587,INV05587,2026-08-21,4668.54,Paid
PAY005588,INV05588,2026-05-30,5260.87,Paid
PAY005589,INV05589,2026-09-28,2010.57,Paid
PAY005590,INV05590,2026-07-04,1895584.5,Paid
PAY005591,INV05591,2026-07-17,206359.12,Paid
PAY005592,INV05592,2026-05-08,64270.0,Paid
PAY005593,INV05593,2026-03-20,946531.69,Paid
PAY005594,INV05594,2026-06-05,352300.8,Paid
PAY005595,INV05595,2026-09-06,46526.09,Paid
PAY005596,INV05596,2026-08-28,789880.35,Paid
PAY005597,INV05597,2026-10-10,678310.02,Paid
PAY005598,INV05598,2026-10-06,922746.0,Paid
PAY005599,INV05599,2026-07-06,11618604.5,Paid
PAY005600,INV05600,2026-09-13,604312.5,Paid
PAY005601,INV05601,2026-08-26,4658.04,Paid
PAY005602,INV05602,2026-04-02,24883.71,Paid
PAY005603,INV05603,2026-08-15,308863.52,Paid
PAY005604,INV05604,2026-05-31,62477.46,Paid
PAY005605,INV05605,2026-07-22,21394.53,Paid
PAY005606,INV05606,2026-10-09,2430066.8,Paid
PAY005607,INV05607,2026-10-14,1044916.55,Paid
PAY005608,INV05608,2026-06-26,9325806.0,Paid
PAY005609,INV05609,2026-05-22,23151.74,Paid
PAY005610,INV05610,2026-04-08,7023.12,Paid
PAY005611,INV05611,2026-08-25,16555.8,Paid
PAY005612,INV05612,2026-08-27,22108.65,Paid
PAY005613,INV05613,2026-04-18,111316.8,Paid
PAY005614,INV05614,2026-07-06,10354372.88,Paid
PAY005615,INV05615,2026-05-29,27731.45,Paid
PAY005616,INV05616,2026-06-25,172485.0,Paid
PAY005617,INV05617,2026-06-25,489602.06,Paid
PAY005618,INV05618,2026-05-13,3817238.25,Paid
PAY005619,INV05619,2026-05-01,4498.95,Paid
PAY005620,INV05620,2026-03-14,270075.57,Paid
PAY005621,INV05621,2026-07-20,97038.95,Paid
PAY005622,INV05622,2026-08-18,15400.0,Paid
PAY005623,INV05623,2026-06-08,6525.28,Paid
PAY005624,INV05624,2026-06-13,2175874.4,Paid
PAY005625,INV05625,2026-07-18,43645.43,Paid
PAY005626,INV05626,2026-08-08,16083.7,Paid
PAY005627,INV05627,2026-08-04,90598.04,Paid
PAY005628,INV05628,2026-05-10,270075.57,Paid
PAY005629,INV05629,2026-03-20,165138.74,Paid
PAY005630,INV05630,2026-03-26,882153.3,Paid
PAY005631,INV05631,2026-06-27,16634.91,Paid
PAY005632,INV05632,2026-06-13,797819.93,Paid
PAY005633,INV05633,2026-05-06,1530783.45,Paid
PAY005634,INV05634,2026-05-16,814954.35,Paid
PAY005635,INV05635,2026-05-05,582.63,Paid
PAY005636,INV05636,2026-06-15,26336.64,Paid
PAY005637,INV05637,2026-08-09,3059454.44,Paid
PAY005638,INV05638,2026-05-05,5488327.5,Paid
PAY005639,INV05639,2026-09-18,84.96,Paid
PAY005640,INV05640,2026-04-29,10463.48,Paid
PAY005641,INV05641,2026-09-11,6802.36,Paid
PAY005642,INV05642,2026-06-12,1469087.0,Paid
PAY005643,INV05643,2026-06-21,1230.76,Paid
PAY005644,INV05644,2026-05-28,20665.34,Paid
PAY005645,INV05645,2026-09-22,121634.5,Paid
PAY005646,INV05646,2026-05-02,1509.74,Paid
PAY005647,INV05647,2026-07-10,45312.0,Paid
PAY005648,INV05648,2026-05-30,9994.3,Paid
PAY005649,INV05649,2026-08-26,1125293.12,Paid
PAY005650,INV05650,2026-06-14,606719.4,Paid
PAY005651,INV05651,2026-04-20,84945.0,Paid
PAY005652,INV05652,2026-05-27,1436729.65,Paid
PAY005653,INV05653,2026-05-30,211.94,Paid
PAY005654,INV05654,2026-02-13,1140196.4,Paid
PAY005655,INV05655,2026-05-15,650174.4,Paid
PAY005656,INV05656,2026-07-13,707505.75,Paid
PAY005657,INV05657,2026-02-28,1119994.05,Paid
PAY005658,INV05658,2026-06-29,5035077.6,Paid
PAY005659,INV05659,2026-07-25,1341908.4,Paid
PAY005660,INV05660,2026-09-12,36070.33,Paid
PAY005661,INV05661,2026-03-10,25212.71,Paid
PAY005662,INV05662,2026-06-28,20083900.9,Paid
PAY005663,INV05663,2026-03-11,40064.54,Paid
PAY005664,INV05664,2026-07-25,7891580.0,Paid
PAY005665,INV05665,2026-04-25,4238841.6,Paid
PAY005666,INV05666,2026-09-22,14958.2,Paid
PAY005667,INV05667,2026-05-04,1434087.2,Paid
PAY005668,INV05668,2026-05-11,782315.97,Paid
PAY005669,INV05669,2026-04-27,5444486.25,Paid
PAY005670,INV05670,2026-05-31,10079495.1,Paid
PAY005671,INV05671,2026-06-15,15206.78,Paid
PAY005672,INV05672,2026-09-04,71366.52,Paid
PAY005673,INV05673,2026-03-08,42426.72,Paid
PAY005674,INV05674,2026-05-28,1842.56,Paid
PAY005675,INV05675,2026-06-19,14400.88,Paid
PAY005676,INV05676,2026-05-25,54135.76,Paid
PAY005677,INV05677,2026-08-30,47078.72,Paid
PAY005678,INV05678,2026-06-10,507759.0,Paid
PAY005679,INV05679,2026-04-17,762.68,Paid
PAY005680,INV05680,2026-06-18,339800.2,Paid
PAY005681,INV05681,2026-06-12,1251580.4,Paid
PAY005682,INV05682,2026-07-02,16062.56,Paid
PAY005683,INV05683,2026-08-09,2952.68,Paid
PAY005684,INV05684,2026-08-08,513394.99,Paid
PAY005685,INV05685,2026-05-06,3145.74,Paid
PAY005686,INV05686,2026-08-08,23019.15,Paid
PAY005687,INV05687,2026-03-27,397495.0,Paid
PAY005688,INV05688,2026-03-08,10881.13,Paid
PAY005689,INV05689,2026-11-07,28678.1,Paid
PAY005690,INV05690,2026-03-31,20264.27,Paid
PAY005691,INV05691,2026-06-14,349215.3,Paid
PAY005692,INV05692,2026-05-06,36151.66,Paid
PAY005693,INV05693,2026-06-13,50081.85,Paid
PAY005694,INV05694,2026-09-16,55400.69,Paid
PAY005695,INV05695,2026-03-16,91966.67,Paid
PAY005696,INV05696,2026-03-11,510.4,Paid
PAY005697,INV05697,2026-07-10,43186.81,Paid
PAY005698,INV05698,2026-10-06,529336.19,Paid
PAY005699,INV05699,2026-06-29,63250.83,Paid
PAY005700,INV05700,2026-04-21,183115.3,Paid
PAY005701,INV05701,2026-04-16,1124.41,Paid
PAY005702,INV05702,2026-07-13,79345.14,Paid
PAY005703,INV05703,2026-08-20,62607.78,Paid
PAY005704,INV05704,2026-09-22,45298.34,Paid
PAY005705,INV05705,2026-06-30,606.57,Paid
PAY005706,INV05706,2026-04-27,2065.87,Paid
PAY005707,INV05707,2026-10-05,119979.57,Paid
PAY005708,INV05708,2026-05-22,949830.0,Paid
PAY005709,INV05709,2026-06-10,1148089.5,Paid
PAY005710,INV05710,2026-07-29,94921.44,Paid
PAY005711,INV05711,2026-04-05,1951012.0,Paid
PAY005712,INV05712,2026-06-27,18478440.75,Paid
PAY005713,INV05713,2026-09-26,35346.68,Paid
PAY005714,INV05714,2026-07-29,830652.48,Paid
PAY005715,INV05715,2026-03-03,173894.4,Paid
PAY005716,INV05716,2026-07-08,5609707.5,Paid
PAY005717,INV05717,2026-09-27,12200.01,Paid
PAY005718,INV05718,2026-08-05,22718.74,Paid
PAY005719,INV05719,2026-04-17,380208.15,Paid
PAY005720,INV05720,2026-06-05,2773215.0,Paid
PAY005721,INV05721,2026-07-26,6999.85,Paid
PAY005722,INV05722,2026-04-26,5118.11,Paid
PAY005723,INV05723,2026-09-03,111410.4,Paid
PAY005724,INV05724,2026-03-22,36744.43,Paid
PAY005725,INV05725,2026-08-24,29848.15,Paid
PAY005726,INV05726,2026-10-01,13013.73,Paid
PAY005727,INV05727,2026-05-17,41446.7,Paid
PAY005728,INV05728,2026-03-24,861955.0,Paid
PAY005729,INV05729,2026-08-28,7342.38,Paid
PAY005730,INV05730,2026-08-15,3887754.85,Paid
PAY005731,INV05731,2026-05-19,19655466.5,Paid
PAY005732,INV05732,2026-03-26,6810.08,Paid
PAY005733,INV05733,2026-03-15,4991429.5,Paid
PAY005734,INV05734,2026-07-29,25885.08,Paid
PAY005735,INV05735,2026-02-26,142413.4,Paid
PAY005736,INV05736,2026-05-19,98506.8,Paid
PAY005737,INV05737,2026-09-28,24518.82,Paid
PAY005738,INV05738,2026-05-12,44051.38,Paid
PAY005739,INV05739,2026-07-27,366539.71,Paid
PAY005740,INV05740,2026-02-14,88729.76,Paid
PAY005741,INV05741,2026-09-19,148649.18,Paid
PAY005742,INV05742,2026-05-29,46113.9,Paid
PAY005743,INV05743,2026-04-07,370640.48,Paid
PAY005744,INV05744,2026-05-14,1584498.1,Paid
PAY005745,INV05745,2026-04-20,21540.75,Paid
PAY005746,INV05746,2026-08-08,18221.52,Paid
PAY005747,INV05747,2026-05-23,187384.0,Paid
PAY005748,INV05748,2026-08-04,778052.0,Paid
PAY005749,INV05749,2026-07-30,12328640.0,Paid
PAY005750,INV05750,2026-10-22,4416616.4,Paid
PAY005751,INV05751,2026-07-10,348480.72,Paid
PAY005752,INV05752,2026-05-25,31783.19,Paid
PAY005753,INV05753,2026-10-09,52811.22,Paid
PAY005754,INV05754,2026-03-01,654474.8,Paid
PAY005755,INV05755,2026-04-11,16486.05,Paid
PAY005756,INV05756,2026-06-19,1661.03,Paid
PAY005757,INV05757,2026-08-03,37206.96,Paid
PAY005758,INV05758,2026-08-01,3680185.0,Paid
PAY005759,INV05759,2026-10-29,5425.62,Paid
PAY005760,INV05760,2026-06-22,14382.37,Paid
PAY005761,INV05761,2026-06-29,12219540.0,Paid
PAY005762,INV05762,2026-07-24,71744.4,Paid
PAY005763,INV05763,2026-05-31,70221.8,Paid
PAY005764,INV05764,2026-08-29,27432.8,Paid
PAY005765,INV05765,2026-06-19,2611286.9,Paid
PAY005766,INV05766,2026-05-29,9731.62,Paid
PAY005767,INV05767,2026-04-16,6577211.2,Paid
PAY005768,INV05768,2026-07-11,444999.83,Paid
PAY005769,INV05769,2026-08-24,1043010.0,Paid
PAY005770,INV05770,2026-10-05,237019.55,Paid
PAY005771,INV05771,2026-06-03,171674.61,Paid
PAY005772,INV05772,2026-09-27,19182.96,Paid
PAY005773,INV05773,2026-09-17,94921.44,Paid
PAY005774,INV05774,2026-06-19,2503724.0,Paid
PAY005775,INV05775,2026-10-20,341575.14,Paid
PAY005776,INV05776,2026-05-13,770415.52,Paid
PAY005777,INV05777,2026-07-28,1394263.81,Paid
PAY005778,INV05778,2026-07-24,1618193.85,Paid
PAY005779,INV05779,2026-08-31,932184.75,Paid
PAY005780,INV05780,2026-04-12,321651.48,Paid
PAY005781,INV05781,2026-10-10,242476.6,Paid
PAY005782,INV05782,2026-03-01,10228559.6,Paid
PAY005783,INV05783,2026-06-29,495611.2,Paid
PAY005784,INV05784,2026-09-29,11065.53,Paid
PAY005785,INV05785,2026-09-04,1869314.7,Paid
PAY005786,INV05786,2026-06-17,62751.2,Paid
PAY005787,INV05787,2026-05-23,853724.1,Paid
PAY005788,INV05788,2026-04-12,557676.85,Paid
PAY005789,INV05789,2026-03-02,2776042.5,Paid
PAY005790,INV05790,2026-08-01,1648.33,Paid
PAY005791,INV05791,2026-05-04,195694.5,Paid
PAY005792,INV05792,2026-10-03,2664885.0,Paid
PAY005793,INV05793,2026-08-25,6591524.25,Paid
PAY005794,INV05794,2026-09-26,63662.01,Paid
PAY005795,INV05795,2026-03-18,58873.92,Paid
PAY005796,INV05796,2026-08-12,3027.96,Paid
PAY005797,INV05797,2026-04-25,1802460.8,Paid
PAY005798,INV05798,2026-07-20,20900916.75,Paid
PAY005799,INV05799,2026-05-29,12708.99,Paid
PAY005800,INV05800,2026-07-10,7296.59,Paid
PAY005801,INV05801,2026-04-26,412678.45,Paid
PAY005802,INV05802,2026-06-28,9166012.8,Paid
PAY005803,INV05803,2026-08-01,830652.48,Paid
PAY005804,INV05804,2026-02-18,12820422.7,Paid
PAY005805,INV05805,2026-06-22,237986.0,Paid
PAY005806,INV05806,2026-07-24,241725.95,Paid
PAY005807,INV05807,2026-08-17,10869.8,Paid
PAY005808,INV05808,2026-03-26,6171.24,Paid
PAY005809,INV05809,2026-09-13,715216.88,Paid
PAY005810,INV05810,2026-06-17,20786.75,Paid
PAY005811,INV05811,2026-09-16,2153846.92,Paid
PAY005812,INV05812,2026-03-30,13785.02,Paid
PAY005813,INV05813,2026-07-10,8057826.0,Paid
PAY005814,INV05814,2026-04-22,1178800.0,Paid
PAY005815,INV05815,2026-06-17,446748.4,Paid
PAY005816,INV05816,2026-06-13,349215.3,Paid
PAY005817,INV05817,2026-05-29,32598.33,Paid
PAY005818,INV05818,2026-06-04,54047.18,Paid
PAY005819,INV05819,2026-10-04,149954.75,Paid
PAY005820,INV05820,2026-07-28,20114.22,Paid
PAY005821,INV05821,2026-03-09,176516.44,Paid
PAY005822,INV05822,2026-08-14,43466.24,Paid
PAY005823,INV05823,2026-06-29,122393.04,Paid
PAY005824,INV05824,2026-03-01,185040.0,Paid
PAY005825,INV05825,2026-09-07,5692.4,Paid
PAY005826,INV05826,2026-06-18,2391.01,Paid
PAY005827,INV05827,2026-05-31,12112670.5,Paid
PAY005828,INV05828,2026-05-23,4284.22,Paid
PAY005829,INV05829,2026-10-10,137280.68,Paid
PAY005830,INV05830,2026-05-26,5457.56,Paid
PAY005831,INV05831,2026-06-03,4945.7,Paid
PAY005832,INV05832,2026-04-16,21541.83,Paid
PAY005833,INV05833,2026-04-16,63170.73,Paid
PAY005834,INV05834,2026-08-05,1431646.8,Paid
PAY005835,INV05835,2026-03-31,817236.0,Paid
PAY005836,INV05836,2026-06-05,146494.6,Paid
PAY005837,INV05837,2026-08-07,48926.98,Paid
PAY005838,INV05838,2026-07-14,2985.1,Paid
PAY005839,INV05839,2026-03-27,3797.35,Paid
PAY005840,INV05840,2026-04-16,476641.2,Paid
PAY005841,INV05841,2026-09-27,459104.62,Paid
PAY005842,INV05842,2026-06-03,263557.25,Paid
PAY005843,INV05843,2026-08-10,17227858.4,Paid
PAY005844,INV05844,2026-05-26,4069.38,Paid
PAY005845,INV05845,2026-04-17,536360.0,Paid
PAY005846,INV05846,2026-09-20,2301804.76,Paid
PAY005847,INV05847,2026-07-16,16734.35,Paid
PAY005848,INV05848,2026-09-14,12928.2,Paid
PAY005849,INV05849,2026-02-20,96492.14,Paid
PAY005850,INV05850,2026-09-01,252089.89,Paid
PAY005851,INV05851,2026-06-14,1353.66,Paid
PAY005852,INV05852,2026-09-16,678310.02,Paid
PAY005853,INV05853,2026-04-27,33594.96,Paid
PAY005854,INV05854,2026-06-05,3546.63,Paid
PAY005855,INV05855,2026-02-07,165885.44,Paid
PAY005856,INV05856,2026-06-11,98665.28,Paid
PAY005857,INV05857,2026-06-28,9149.45,Paid
PAY005858,INV05858,2026-07-28,2391.01,Paid
PAY005859,INV05859,2026-11-13,19584.51,Paid
PAY005860,INV05860,2026-06-24,17483.92,Paid
PAY005861,INV05861,2026-06-07,40688.05,Paid
PAY005862,INV05862,2026-05-08,367691.52,Paid
PAY005863,INV05863,2026-05-21,58488.64,Paid
PAY005864,INV05864,2026-05-17,187384.0,Paid
PAY005865,INV05865,2026-06-29,336834.5,Paid
PAY005866,INV05866,2026-06-16,334805.62,Paid
PAY005867,INV05867,2026-08-16,149954.75,Paid
PAY005868,INV05868,2026-06-18,938784.0,Paid
PAY005869,INV05869,2026-07-19,90447.0,Paid
PAY005870,INV05870,2026-06-19,2446345.65,Paid
PAY005871,INV05871,2026-06-25,129692.86,Paid
PAY005872,INV05872,2026-07-04,45526.95,Paid
PAY005873,INV05873,2026-08-10,1436047.2,Paid
PAY005874,INV05874,2026-07-27,12922.6,Paid
PAY005875,INV05875,2026-04-22,10407400.0,Paid
PAY005876,INV05876,2026-03-05,110361.27,Paid
PAY005877,INV05877,2026-04-09,3535.92,Paid
PAY005878,INV05878,2026-07-30,54751.2,Paid
PAY005879,INV05879,2026-08-14,15486.5,Paid
PAY005880,INV05880,2026-06-03,7503.91,Paid
PAY005881,INV05881,2026-04-06,267035.0,Paid
PAY005882,INV05882,2026-05-06,1968655.5,Paid
PAY005883,INV05883,2026-06-03,213101.28,Paid
PAY005884,INV05884,2026-07-17,304067.9,Paid
PAY005885,INV05885,2026-10-03,1918927.8,Paid
PAY005886,INV05886,2026-09-01,14156.93,Paid
PAY005887,INV05887,2026-04-29,678287.01,Paid
PAY005888,INV05888,2026-04-02,55202.78,Paid
PAY005889,INV05889,2026-09-18,4769.41,Paid
PAY005890,INV05890,2026-08-29,120957.38,Paid
PAY005891,INV05891,2026-07-08,689938.2,Paid
PAY005892,INV05892,2026-04-26,19317.14,Paid
PAY005893,INV05893,2026-09-29,13592.41,Paid
PAY005894,INV05894,2026-02-12,181525.58,Paid
PAY005895,INV05895,2026-08-23,46469.25,Paid
PAY005896,INV05896,2026-06-10,192049.2,Paid
PAY005897,INV05897,2026-07-13,2139757.72,Paid
PAY005898,INV05898,2026-05-27,1159930.24,Paid
PAY005899,INV05899,2026-08-04,60084.19,Paid
PAY005900,INV05900,2026-07-22,17203.0,Paid
PAY005901,INV05901,2026-07-16,1711969.88,Paid
PAY005902,INV05902,2026-07-12,57711.7,Paid
PAY005903,INV05903,2026-03-12,767870.25,Paid
PAY005904,INV05904,2026-07-17,5505895.5,Paid
PAY005905,INV05905,2026-08-31,424393.2,Paid
PAY005906,INV05906,2026-05-14,27333.5,Paid
PAY005907,INV05907,2026-04-24,39477.18,Paid
PAY005908,INV05908,2026-08-05,158456.55,Paid
PAY005909,INV05909,2026-10-12,766688.47,Paid
PAY005910,INV05910,2026-09-16,2561499.75,Paid
PAY005911,INV05911,2026-07-21,2091060.3,Paid
PAY005912,INV05912,2026-05-08,6341.79,Paid
PAY005913,INV05913,2026-04-06,6701.2,Paid
PAY005914,INV05914,2026-03-19,141120.0,Paid
PAY005915,INV05915,2026-04-09,2137080.3,Paid
PAY005916,INV05916,2026-04-27,37590.84,Paid
PAY005917,INV05917,2026-04-18,787427.6,Paid
PAY005918,INV05918,2026-03-28,81166.3,Paid
PAY005919,INV05919,2026-04-14,99350.89,Paid
PAY005920,INV05920,2026-04-23,4991.85,Paid
PAY005921,INV05921,2026-05-21,6658.44,Paid
PAY005922,INV05922,2026-07-07,1091715.35,Paid
PAY005923,INV05923,2026-06-15,20402.44,Paid
PAY005924,INV05924,2026-04-13,7680.68,Paid
PAY005925,INV05925,2026-03-31,91966.67,Paid
PAY005926,INV05926,2026-07-21,47702.0,Paid
PAY005927,INV05927,2026-06-12,49487.97,Paid
PAY005928,INV05928,2026-07-22,1982801.2,Paid
PAY005929,INV05929,2026-09-10,2524.04,Paid
PAY005930,INV05930,2026-08-01,621288.64,Paid
PAY005931,INV05931,2026-06-03,606719.4,Paid
PAY005932,INV05932,2026-05-18,20222.96,Paid
PAY005933,INV05933,2026-09-16,2938412.4,Paid
PAY005934,INV05934,2026-03-16,43626.0,Paid
PAY005935,INV05935,2026-07-31,1641.77,Paid
PAY005936,INV05936,2026-10-04,10037354.25,Paid
PAY005937,INV05937,2026-05-25,5266.01,Paid
PAY005938,INV05938,2026-05-28,475175.0,Paid
PAY005939,INV05939,2026-03-29,1375.86,Paid
PAY005940,INV05940,2026-08-05,2505300.0,Paid
PAY005941,INV05941,2026-06-05,8801522.65,Paid
PAY005942,INV05942,2026-04-28,374710.88,Paid
PAY005943,INV05943,2026-07-22,473893.9,Paid
PAY005944,INV05944,2026-06-01,230493.54,Paid
PAY005945,INV05945,2026-05-05,52028.8,Paid
PAY005946,INV05946,2026-08-15,240250.95,Paid
PAY005947,INV05947,2026-06-12,5753.03,Paid
PAY005948,INV05948,2026-06-21,766356.15,Paid
PAY005949,INV05949,2026-09-12,22079.03,Paid
PAY005950,INV05950,2026-07-04,343953.57,Paid
PAY005951,INV05951,2026-03-10,2776042.5,Paid
PAY005952,INV05952,2026-05-15,20749.06,Paid
PAY005953,INV05953,2026-04-30,3716900.25,Paid
PAY005954,INV05954,2026-08-24,1925574.0,Paid
PAY005955,INV05955,2026-08-18,416573.0,Paid
PAY005956,INV05956,2026-09-26,445111.81,Paid
PAY005957,INV05957,2026-06-17,14647.76,Paid
PAY005958,INV05958,2026-09-01,4631.05,Paid
PAY005959,INV05959,2026-04-10,713184.92,Paid
PAY005960,INV05960,2026-08-23,59629.5,Paid
PAY005961,INV05961,2026-06-03,8363.93,Paid
PAY005962,INV05962,2026-06-04,4515010.5,Paid
PAY005963,INV05963,2026-05-31,730184.0,Paid
PAY005964,INV05964,2026-05-16,2035992.0,Paid
PAY005965,INV05965,2026-07-27,606.57,Paid
PAY005966,INV05966,2026-06-12,493112.55,Paid
PAY005967,INV05967,2026-05-29,996430.4,Paid
PAY005968,INV05968,2026-05-20,14088.06,Paid
PAY005969,INV05969,2026-06-07,10617.22,Paid
PAY005970,INV05970,2026-06-08,5397.38,Paid
PAY005971,INV05971,2026-09-04,3487.37,Paid
PAY005972,INV05972,2026-08-11,5916209.6,Paid
PAY005973,INV05973,2026-04-06,37234.94,Paid
PAY005974,INV05974,2026-06-24,6965752.5,Paid
PAY005975,INV05975,2026-05-12,2194.21,Paid
PAY005976,INV05976,2026-04-06,36071.84,Paid
PAY005977,INV05977,2026-04-30,945977.76,Paid
PAY005978,INV05978,2026-05-19,507793.53,Paid
PAY005979,INV05979,2026-04-14,25678.6,Paid
PAY005980,INV05980,2026-08-02,2020962.5,Paid
PAY005981,INV05981,2026-10-16,63295.9,Paid
PAY005982,INV05982,2026-06-19,2852776.5,Paid
PAY005983,INV05983,2026-06-30,554228.33,Paid
PAY005984,INV05984,2026-04-30,465894.8,Paid
PAY005985,INV05985,2026-06-06,916966.2,Paid
PAY005986,INV05986,2026-05-07,252105.95,Paid
PAY005987,INV05987,2026-07-12,23609.67,Paid
PAY005988,INV05988,2026-04-28,849182.25,Paid
PAY005989,INV05989,2026-06-24,556614.85,Paid
PAY005990,INV05990,2026-08-07,4951.74,Paid
PAY005991,INV05991,2026-05-13,319247.0,Paid
PAY005992,INV05992,2026-04-17,58528.94,Paid
PAY005993,INV05993,2026-08-19,394347.5,Paid
PAY005994,INV05994,2026-10-02,28098.95,Paid
PAY005995,INV05995,2026-03-15,418321.4,Paid
PAY005996,INV05996,2026-05-21,85524.08,Paid
PAY005997,INV05997,2026-03-29,359073.75,Paid
PAY005998,INV05998,2026-04-04,31783.19,Paid
PAY005999,INV05999,2026-07-21,6123.71,Paid
PAY006000,INV06000,2026-09-10,90479.66,Paid
PAY006001,INV06001,2026-06-02,247070.88,Paid
PAY006002,INV06002,2026-03-16,69184.5,Paid
PAY006003,INV06003,2026-05-11,25530.44,Paid
PAY006004,INV06004,2026-05-02,831233.3,Paid
PAY006005,INV06005,2026-10-10,141055.96,Paid
PAY006006,INV06006,2026-08-17,5722.55,Paid
PAY006007,INV06007,2026-06-09,3678920.0,Paid
PAY006008,INV06008,2026-07-17,2614.02,Paid
PAY006009,INV06009,2026-04-07,5398.4,Paid
PAY006010,INV06010,2026-05-14,894700.0,Paid
PAY006011,INV06011,2026-03-23,43254.86,Paid
PAY006012,INV06012,2026-06-11,507759.0,Paid
PAY006013,INV06013,2026-04-24,22162.6,Paid
PAY006014,INV06014,2026-02-02,620.08,Paid
PAY006015,INV06015,2026-08-02,3026415.0,Paid
PAY006016,INV06016,2026-06-30,9053.26,Paid
PAY006017,INV06017,2026-06-19,148838.83,Paid
PAY006018,INV06018,2026-04-26,21342.25,Paid
PAY006019,INV06019,2026-06-07,235496.1,Paid
PAY006020,INV06020,2026-08-07,4591.42,Paid
PAY006021,INV06021,2026-09-21,34902.53,Paid
PAY006022,INV06022,2026-07-13,522986.8,Paid
PAY006023,INV06023,2026-09-03,17176.74,Paid
PAY006024,INV06024,2026-10-13,40692.6,Paid
PAY006025,INV06025,2026-07-16,1166754.5,Paid
PAY006026,INV06026,2026-05-04,20368.43,Paid
PAY006027,INV06027,2026-02-22,6802.58,Paid
PAY006028,INV06028,2026-06-13,110795.0,Paid
PAY006029,INV06029,2026-07-13,150117.03,Paid
PAY006030,INV06030,2026-05-07,9142899.6,Paid
PAY006031,INV06031,2026-08-15,138820.2,Paid
PAY006032,INV06032,2026-07-26,611310.8,Paid
PAY006033,INV06033,2026-04-23,67304.32,Paid
PAY006034,INV06034,2026-02-19,37478.28,Paid
PAY006035,INV06035,2026-05-14,50315.58,Paid
PAY006036,INV06036,2026-04-29,67969.35,Paid
PAY006037,INV06037,2026-04-12,67304.32,Paid
PAY006038,INV06038,2026-07-07,17203.0,Paid
PAY006039,INV06039,2026-10-09,259273.14,Paid
PAY006040,INV06040,2026-04-25,8626.62,Paid
PAY006041,INV06041,2026-05-21,163341.6,Paid
PAY006042,INV06042,2026-04-28,13662.03,Paid
PAY006043,INV06043,2026-06-14,7200.1,Paid
PAY006044,INV06044,2026-08-07,9665.67,Paid
PAY006045,INV06045,2026-10-03,154250.25,Paid
PAY006046,INV06046,2026-07-09,3544897.5,Paid
PAY006047,INV06047,2026-11-09,11486.2,Paid
PAY006048,INV06048,2026-06-06,4822.35,Paid
PAY006049,INV06049,2026-07-16,1980258.3,Paid
PAY006050,INV06050,2026-08-30,128526.83,Paid
PAY006051,INV06051,2026-08-30,219137.2,Paid
PAY006052,INV06052,2026-04-23,506786.4,Paid
PAY006053,INV06053,2026-07-07,389118.24,Paid
PAY006054,INV06054,2026-05-13,6483625.05,Paid
PAY006055,INV06055,2026-03-16,7613.65,Paid
PAY006056,INV06056,2026-08-21,1785.51,Paid
PAY006057,INV06057,2026-05-31,13558.2,Paid
PAY006058,INV06058,2026-08-04,5790.79,Paid
PAY006059,INV06059,2026-08-17,117992.7,Paid
PAY006060,INV06060,2026-05-10,117908.11,Paid
PAY006061,INV06061,2026-04-15,314816.25,Paid
PAY006062,INV06062,2026-07-11,2012010.92,Paid
PAY006063,INV06063,2026-09-17,7927.77,Paid
PAY006064,INV06064,2026-04-07,787150.86,Paid
PAY006065,INV06065,2026-06-26,398560.0,Paid
PAY006066,INV06066,2026-08-07,27061.06,Paid
PAY006067,INV06067,2026-08-17,6999.85,Paid
PAY006068,INV06068,2026-07-29,3729974.1,Paid
PAY006069,INV06069,2026-05-18,171374.5,Paid
PAY006070,INV06070,2026-05-09,171109.0,Paid
PAY006071,INV06071,2026-03-17,54135.76,Paid
PAY006072,INV06072,2026-06-09,550093.5,Paid
PAY006073,INV06073,2026-04-17,1363560.8,Paid
PAY006074,INV06074,2026-06-16,57711.7,Paid
PAY006075,INV06075,2026-05-20,202368.82,Paid
PAY006076,INV06076,2026-03-08,146336.5,Paid
PAY006077,INV06077,2026-07-27,2532.99,Paid
PAY006078,INV06078,2026-06-26,985.13,Paid
PAY006079,INV06079,2026-03-22,44051.38,Paid
PAY006080,INV06080,2026-05-25,764974.0,Paid
PAY006081,INV06081,2026-10-24,583133.25,Paid
PAY006082,INV06082,2026-09-10,39094.76,Paid
PAY006083,INV06083,2026-03-16,4426.8,Paid
PAY006084,INV06084,2026-10-14,3401.64,Paid
PAY006085,INV06085,2026-07-29,4449.79,Paid
PAY006086,INV06086,2026-05-13,21540.75,Paid
PAY006087,INV06087,2026-09-13,55275.8,Paid
PAY006088,INV06088,2026-03-24,6157.35,Paid
PAY006089,INV06089,2026-03-22,709.06,Paid
PAY006090,INV06090,2026-05-22,3428441.62,Paid
PAY006091,INV06091,2026-09-16,670118.4,Paid
PAY006092,INV06092,2026-02-17,1801592.8,Paid
PAY006093,INV06093,2026-04-11,2268834.4,Paid
PAY006094,INV06094,2026-09-01,19461.27,Paid
PAY006095,INV06095,2026-04-28,266982.32,Paid
PAY006096,INV06096,2026-05-10,228289.0,Paid
PAY006097,INV06097,2026-03-29,853194.28,Paid
PAY006098,INV06098,2026-10-24,2236799.6,Paid
PAY006099,INV06099,2026-06-28,116721.12,Paid
PAY006100,INV06100,2026-07-24,17931.2,Paid
PAY006101,INV06101,2026-06-15,562408.06,Paid
PAY006102,INV06102,2026-04-21,52926.72,Paid
PAY006103,INV06103,2026-08-11,8789838.75,Paid
PAY006104,INV06104,2026-07-16,35832.81,Paid
PAY006105,INV06105,2026-07-23,875741.44,Paid
PAY006106,INV06106,2026-06-24,1937.96,Paid
PAY006107,INV06107,2026-07-11,69428.91,Paid
PAY006108,INV06108,2026-04-23,86805.28,Paid
PAY006109,INV06109,2026-06-11,124434.13,Paid
PAY006110,INV06110,2026-08-10,975284.75,Paid
PAY006111,INV06111,2026-04-25,14603.44,Paid
PAY006112,INV06112,2026-03-25,911618.4,Paid
PAY006113,INV06113,2026-06-26,4834905.0,Paid
PAY006114,INV06114,2026-05-30,2676.66,Paid
PAY006115,INV06115,2026-09-01,6590858.4,Paid
PAY006116,INV06116,2026-05-01,1635428.55,Paid
PAY006117,INV06117,2026-08-04,543.66,Paid
PAY006118,INV06118,2026-05-30,9815.0,Paid
PAY006119,INV06119,2026-09-15,901.59,Paid
PAY006120,INV06120,2026-04-20,88494.57,Paid
PAY006121,INV06121,2026-07-23,36260.91,Paid
PAY006122,INV06122,2026-08-08,90752.5,Paid
PAY006123,INV06123,2026-08-31,11574.71,Paid
PAY006124,INV06124,2026-06-01,439845.0,Paid
PAY006125,INV06125,2026-05-15,113331.23,Paid
PAY006126,INV06126,2026-03-18,415297.05,Paid
PAY006127,INV06127,2026-04-29,3535.92,Paid
PAY006128,INV06128,2026-07-02,5856.82,Paid
PAY006129,INV06129,2026-07-24,45298.34,Paid
PAY006130,INV06130,2026-07-22,26959.52,Paid
PAY006131,INV06131,2026-10-08,8789838.75,Paid
PAY006132,INV06132,2026-03-23,21798.44,Paid
PAY006133,INV06133,2026-04-28,7298547.5,Paid
PAY006134,INV06134,2026-03-06,47594.96,Paid
PAY006135,INV06135,2026-03-25,409010.7,Paid
PAY006136,INV06136,2026-06-01,28057.8,Paid
PAY006137,INV06137,2026-05-05,5173.36,Paid
PAY006138,INV06138,2026-05-05,172404.9,Paid
PAY006139,INV06139,2026-10-28,14761.15,Paid
PAY006140,INV06140,2026-09-05,6193.72,Paid
PAY006141,INV06141,2026-04-16,8218.35,Paid
PAY006142,INV06142,2026-06-27,2991916.0,Paid
PAY006143,INV06143,2026-02-25,40491.46,Paid
PAY006144,INV06144,2026-03-20,370640.48,Paid
PAY006145,INV06145,2026-06-21,70704.59,Paid
PAY006146,INV06146,2026-01-17,4648969.9,Paid
PAY006147,INV06147,2026-06-11,223855.59,Paid
PAY006148,INV06148,2026-03-02,464235.0,Paid
PAY006149,INV06149,2026-03-17,84126.22,Paid
PAY006150,INV06150,2026-07-13,2342947.5,Paid
PAY006151,INV06151,2026-08-05,6252.3,Paid
PAY006152,INV06152,2026-03-11,16967.48,Paid
PAY006153,INV06153,2026-07-26,44942.6,Paid
PAY006154,INV06154,2026-06-20,36233.35,Paid
PAY006155,INV06155,2026-07-30,19117.8,Paid
PAY006156,INV06156,2026-06-22,3729974.1,Paid
PAY006157,INV06157,2026-04-25,3738220.5,Paid
PAY006158,INV06158,2026-08-03,3551661.94,Paid
PAY006159,INV06159,2026-03-28,185609.55,Paid
PAY006160,INV06160,2026-06-11,12665.92,Paid
PAY006161,INV06161,2026-05-27,14509.8,Paid
PAY006162,INV06162,2026-04-05,2765.77,Paid
PAY006163,INV06163,2026-04-25,3418490.0,Paid
PAY006164,INV06164,2026-05-11,110865.25,Paid
PAY006165,INV06165,2026-06-29,3873.47,Paid
PAY006166,INV06166,2026-05-26,5822444.5,Paid
PAY006167,INV06167,2026-08-04,2497.45,Paid
PAY006168,INV06168,2026-07-06,74444.55,Paid
PAY006169,INV06169,2026-06-13,31047.2,Paid
PAY006170,INV06170,2026-02-03,603929.9,Paid
PAY006171,INV06171,2026-07-07,24720.19,Paid
PAY006172,INV06172,2026-06-08,1720860.0,Paid
PAY006173,INV06173,2026-03-24,353739.54,Paid
PAY006174,INV06174,2026-08-08,7437.0,Paid
PAY006175,INV06175,2026-02-20,1552351.5,Paid
PAY006176,INV06176,2026-07-10,606.57,Paid
PAY006177,INV06177,2026-04-13,276479.43,Paid
PAY006178,INV06178,2026-02-25,3096.9,Paid
PAY006179,INV06179,2026-09-09,8906387.5,Paid
PAY006180,INV06180,2026-06-06,45526.95,Paid
PAY006181,INV06181,2026-08-24,14172319.2,Paid
PAY006182,INV06182,2026-07-23,5752666.5,Paid
PAY006183,INV06183,2026-08-12,8720.77,Paid
PAY006184,INV06184,2026-03-04,8088.1,Paid
PAY006185,INV06185,2026-05-11,3533.65,Paid
PAY006186,INV06186,2026-06-24,202596.24,Paid
PAY006187,INV06187,2026-04-04,33468.6,Paid
PAY006188,INV06188,2026-06-06,440942.4,Paid
PAY006189,INV06189,2026-07-25,40997.69,Paid
PAY006190,INV06190,2026-08-09,404005.56,Paid
PAY006191,INV06191,2026-02-09,17848.99,Paid
PAY006192,INV06192,2026-08-01,149357.6,Paid
PAY006193,INV06193,2026-06-30,18844.5,Paid
PAY006194,INV06194,2026-07-17,2635789.6,Paid
PAY006195,INV06195,2026-09-23,7151.19,Paid
PAY006196,INV06196,2026-06-03,25395.61,Paid
PAY006197,INV06197,2026-08-22,1670.45,Paid
PAY006198,INV06198,2026-08-26,208592.78,Paid
PAY006199,INV06199,2026-04-25,121514.5,Paid
PAY006200,INV06200,2026-08-13,14314.54,Paid
PAY006201,INV06201,2026-04-12,1514420.85,Paid
PAY006202,INV06202,2026-03-06,21019.89,Paid
PAY006203,INV06203,2026-06-01,526026.38,Paid
PAY006204,INV06204,2026-05-01,1804.75,Paid
PAY006205,INV06205,2026-06-29,84358.65,Paid
PAY006206,INV06206,2026-08-07,419737.5,Paid
PAY006207,INV06207,2026-06-19,204236.02,Paid
PAY006208,INV06208,2026-02-12,9221.11,Paid
PAY006209,INV06209,2026-10-22,38883.2,Paid
PAY006210,INV06210,2026-09-02,6190.82,Paid
PAY006211,INV06211,2026-05-31,3642342.5,Paid
PAY006212,INV06212,2026-05-20,587276.55,Paid
PAY006213,INV06213,2026-06-23,500944.5,Paid
PAY006214,INV06214,2026-07-28,25957.57,Paid
PAY006215,INV06215,2026-06-09,6713.96,Paid
PAY006216,INV06216,2026-06-11,60084.19,Paid
PAY006217,INV06217,2026-07-14,208711.78,Paid
PAY006218,INV06218,2026-02-26,43708.22,Paid
PAY006219,INV06219,2026-07-08,36233.35,Paid
PAY006220,INV06220,2026-07-16,1772019.2,Paid
PAY006221,INV06221,2026-05-25,27731.45,Paid
PAY006222,INV06222,2026-03-17,12820422.7,Paid
PAY006223,INV06223,2026-03-24,5118.11,Paid
PAY006224,INV06224,2026-09-04,331228.36,Paid
PAY006225,INV06225,2026-06-04,6310.84,Paid
PAY006226,INV06226,2026-09-22,11621.4,Paid
PAY006227,INV06227,2026-03-29,37853.48,Paid
PAY006228,INV06228,2026-05-03,18034.02,Paid
PAY006229,INV06229,2026-07-20,18937.64,Paid
PAY006230,INV06230,2026-04-15,2211096.72,Paid
PAY006231,INV06231,2026-06-21,32958.05,Paid
PAY006232,INV06232,2026-06-20,2269273.0,Paid
PAY006233,INV06233,2026-05-02,5629148.7,Paid
PAY006234,INV06234,2026-03-19,985960.0,Paid
PAY006235,INV06235,2026-06-07,12259.13,Paid
PAY006236,INV06236,2026-07-16,35832.81,Paid
PAY006237,INV06237,2026-07-14,5409.76,Paid
PAY006238,INV06238,2026-07-14,42835.74,Paid
PAY006239,INV06239,2026-09-17,971.36,Paid
PAY006240,INV06240,2026-05-20,16528.9,Paid
PAY006241,INV06241,2026-04-26,55661.84,Paid
PAY006242,INV06242,2026-07-06,1777377.0,Paid
PAY006243,INV06243,2026-07-18,637445.0,Paid
PAY006244,INV06244,2026-05-13,131526.42,Paid
PAY006245,INV06245,2026-04-29,26760.51,Paid
PAY006246,INV06246,2026-04-18,849.68,Paid
PAY006247,INV06247,2026-07-18,128526.83,Paid
PAY006248,INV06248,2026-06-11,1138177.6,Paid
PAY006249,INV06249,2026-06-21,20046.32,Paid
PAY006250,INV06250,2026-09-28,1787328.3,Paid
PAY006251,INV06251,2026-04-28,28649.25,Paid
PAY006252,INV06252,2026-04-22,10840754.4,Paid
PAY006253,INV06253,2026-05-25,365260.0,Paid
PAY006254,INV06254,2026-08-10,123386.46,Paid
PAY006255,INV06255,2026-10-12,1952680.0,Paid
PAY006256,INV06256,2026-08-13,20114.22,Paid
PAY006257,INV06257,2026-03-02,7366.0,Paid
PAY006258,INV06258,2026-05-05,516196.8,Paid
PAY006259,INV06259,2026-04-05,11153.86,Paid
PAY006260,INV06260,2026-05-26,224222.25,Paid
PAY006261,INV06261,2026-09-09,138032.06,Paid
PAY006262,INV06262,2026-09-25,4972.4,Paid
PAY006263,INV06263,2026-08-03,22315.9,Paid
PAY006264,INV06264,2026-04-26,21645.1,Paid
PAY006265,INV06265,2026-04-23,437892.0,Paid
PAY006266,INV06266,2026-08-11,3435.55,Paid
PAY006267,INV06267,2026-12-04,35127.75,Paid
PAY006268,INV06268,2026-05-16,17581.54,Paid
PAY006269,INV06269,2026-09-09,75220.0,Paid
PAY006270,INV06270,2026-07-31,102566.1,Paid
PAY006271,INV06271,2026-10-22,3131118.0,Paid
PAY006272,INV06272,2026-10-21,1258.6,Paid
PAY006273,INV06273,2026-05-11,26843.32,Paid
PAY006274,INV06274,2026-09-19,84811.14,Paid
PAY006275,INV06275,2026-09-26,186467.12,Paid
PAY006276,INV06276,2026-03-05,1272505.0,Paid
PAY006277,INV06277,2026-09-14,668780.0,Paid
PAY006278,INV06278,2026-07-18,252150.15,Paid
PAY006279,INV06279,2026-09-30,7898.45,Paid
PAY006280,INV06280,2026-08-30,572772.26,Paid
PAY006281,INV06281,2026-04-30,1819223.7,Paid
PAY006282,INV06282,2026-03-16,692664.0,Paid
PAY006283,INV06283,2026-04-01,911618.4,Paid
PAY006284,INV06284,2026-05-22,15719.49,Paid
PAY006285,INV06285,2026-07-28,99679.44,Paid
PAY006286,INV06286,2026-05-01,5141.71,Paid
PAY006287,INV06287,2026-07-22,1853219.2,Paid
PAY006288,INV06288,2026-08-23,1885.42,Paid
PAY006289,INV06289,2026-07-03,1584498.1,Paid
PAY006290,INV06290,2026-06-18,501021.15,Paid
PAY006291,INV06291,2026-04-04,19317.14,Paid
PAY006292,INV06292,2026-07-15,3680185.0,Paid
PAY006293,INV06293,2026-06-05,792.39,Paid
PAY006294,INV06294,2026-02-28,41884.1,Paid
PAY006295,INV06295,2026-05-07,6908031.2,Paid
PAY006296,INV06296,2026-11-02,1804.1,Paid
PAY006297,INV06297,2026-02-18,6186208.88,Paid
PAY006298,INV06298,2026-03-10,311.16,Paid
PAY006299,INV06299,2026-06-22,23656.85,Paid
PAY006300,INV06300,2026-01-17,97540.59,Paid
PAY006301,INV06301,2026-04-06,4022891.4,Paid
PAY006302,INV06302,2026-06-25,18945.1,Paid
PAY006303,INV06303,2026-06-10,336834.5,Paid
PAY006304,INV06304,2026-06-06,1463224.19,Paid
PAY006305,INV06305,2026-08-24,155865.15,Paid
PAY006306,INV06306,2026-05-21,19465964.4,Paid
PAY006307,INV06307,2026-05-22,1103.95,Paid
PAY006308,INV06308,2026-05-30,7031.51,Paid
PAY006309,INV06309,2026-08-18,113727.6,Paid
PAY006310,INV06310,2026-05-18,25365.2,Paid
PAY006311,INV06311,2026-04-30,3238.53,Paid
PAY006312,INV06312,2026-05-27,2571862.12,Paid
PAY006313,INV06313,2026-05-24,472270.22,Paid
PAY006314,INV06314,2026-08-21,73380.66,Paid
PAY006315,INV06315,2026-04-30,9305.41,Paid
PAY006316,INV06316,2026-05-24,2128728.0,Paid
PAY006317,INV06317,2026-05-12,2658.32,Paid
PAY006318,INV06318,2026-06-27,446748.4,Paid
PAY006319,INV06319,2026-05-25,29366.5,Paid
PAY006320,INV06320,2026-06-06,34113.5,Paid
PAY006321,INV06321,2026-07-27,19032.3,Paid
PAY006322,INV06322,2026-07-23,308635.94,Paid
PAY006323,INV06323,2026-06-30,106076.0,Paid
PAY006324,INV06324,2026-06-05,2269273.0,Paid
PAY006325,INV06325,2026-06-07,1317949.5,Paid
PAY006326,INV06326,2026-06-09,497768.25,Paid
PAY006327,INV06327,2026-06-30,3026415.0,Paid
PAY006328,INV06328,2026-09-29,28658.8,Paid
PAY006329,INV06329,2026-05-09,749957.6,Paid
PAY006330,INV06330,2026-07-18,499805.04,Paid
PAY006331,INV06331,2026-10-14,36491.96,Paid
PAY006332,INV06332,2026-04-19,4495.0,Paid
PAY006333,INV06333,2026-08-23,4922962.5,Paid
PAY006334,INV06334,2026-05-10,4308.91,Paid
PAY006335,INV06335,2026-05-20,29441.15,Paid
PAY006336,INV06336,2026-10-02,11207.95,Paid
PAY006337,INV06337,2026-06-30,7191.68,Paid
PAY006338,INV06338,2026-04-08,8799254.62,Paid
PAY006339,INV06339,2026-04-15,3023.76,Paid
PAY006340,INV06340,2026-07-30,18047.35,Paid
PAY006341,INV06341,2026-08-28,223524.2,Paid
PAY006342,INV06342,2026-06-01,34555.36,Paid
PAY006343,INV06343,2026-08-20,8527.73,Paid
PAY006344,INV06344,2026-02-14,21825.99,Paid
PAY006345,INV06345,2026-08-22,1267.5,Paid
PAY006346,INV06346,2026-03-29,1949865.0,Paid
PAY006347,INV06347,2026-02-07,12776.35,Paid
PAY006348,INV06348,2026-03-03,6756332.62,Paid
PAY006349,INV06349,2026-06-08,74444.55,Paid
PAY006350,INV06350,2026-03-13,684306.8,Paid
PAY006351,INV06351,2026-07-02,89544.89,Paid
PAY006352,INV06352,2026-08-06,1706676.0,Paid
PAY006353,INV06353,2026-08-06,4415818.4,Paid
PAY006354,INV06354,2026-05-18,17518.79,Paid
PAY006355,INV06355,2026-08-03,9325806.0,Paid
PAY006356,INV06356,2026-05-21,654.95,Paid
PAY006357,INV06357,2026-03-14,4865.73,Paid
PAY006358,INV06358,2026-07-17,2402.24,Paid
PAY006359,INV06359,2026-03-16,397495.0,Paid
PAY006360,INV06360,2026-03-28,3302.76,Paid
PAY006361,INV06361,2026-07-13,11861.25,Paid
PAY006362,INV06362,2026-07-03,215694.36,Paid
PAY006363,INV06363,2026-05-23,2966105.0,Paid
PAY006364,INV06364,2026-04-11,650463.2,Paid
PAY006365,INV06365,2026-04-02,2076306.75,Paid
PAY006366,INV06366,2026-04-05,13785.02,Paid
PAY006367,INV06367,2026-05-27,25635.74,Paid
PAY006368,INV06368,2026-03-22,2052869.6,Paid
PAY006369,INV06369,2026-07-22,100297.8,Paid
PAY006370,INV06370,2026-03-15,3203.91,Paid
PAY006371,INV06371,2026-03-21,19249.71,Paid
PAY006372,INV06372,2026-10-22,12200.01,Paid
PAY006373,INV06373,2026-05-06,15486.88,Paid
PAY006374,INV06374,2026-04-14,183115.3,Paid
PAY006375,INV06375,2026-03-20,2249396.62,Paid
PAY006376,INV06376,2026-07-22,121361.74,Paid
PAY006377,INV06377,2026-05-01,413701.05,Paid
PAY006378,INV06378,2026-11-02,221589.69,Paid
PAY006379,INV06379,2026-05-08,12834.96,Paid
PAY006380,INV06380,2026-02-24,119967.12,Paid
PAY006381,INV06381,2026-07-07,60885.25,Paid
PAY006382,INV06382,2026-05-04,28649.25,Paid
PAY006383,INV06383,2026-10-06,364706.14,Paid
PAY006384,INV06384,2026-02-13,6968976.0,Paid
PAY006385,INV06385,2026-07-26,6747.15,Paid
PAY006386,INV06386,2026-07-14,25885.08,Paid
PAY006387,INV06387,2026-07-16,5752666.5,Paid
PAY006388,INV06388,2026-03-31,2027687.2,Paid
PAY006389,INV06389,2026-09-18,3078.66,Paid
PAY006390,INV06390,2026-05-10,21057.79,Paid
PAY006391,INV06391,2026-02-09,218648.64,Paid
PAY006392,INV06392,2026-06-07,8538417.5,Paid
PAY006393,INV06393,2026-03-01,5356630.0,Paid
PAY006394,INV06394,2026-06-08,3792482.5,Paid
PAY006395,INV06395,2026-08-23,639312.5,Paid
PAY006396,INV06396,2026-03-31,446530.0,Paid
PAY006397,INV06397,2026-05-22,57711.7,Paid
PAY006398,INV06398,2026-10-01,15923.82,Paid
PAY006399,INV06399,2026-11-24,128128.0,Paid
PAY006400,INV06400,2026-07-16,40217.87,Paid
PAY006401,INV06401,2026-09-10,184244.93,Paid
PAY006402,INV06402,2026-03-31,37217.7,Paid
PAY006403,INV06403,2026-05-10,1960301.28,Paid
PAY006404,INV06404,2026-04-02,5989.79,Paid
PAY006405,INV06405,2026-08-10,9654.96,Paid
PAY006406,INV06406,2026-04-10,61722.53,Paid
PAY006407,INV06407,2026-06-22,254975.0,Paid
PAY006408,INV06408,2026-08-24,10772143.2,Paid
PAY006409,INV06409,2026-05-02,916966.2,Paid
PAY006410,INV06410,2026-03-28,350817.54,Paid
PAY006411,INV06411,2026-04-05,1906550.0,Paid
PAY006412,INV06412,2026-06-23,10108.45,Paid
PAY006413,INV06413,2026-10-01,5714.1,Paid
PAY006414,INV06414,2026-11-16,113727.6,Paid
PAY006415,INV06415,2026-05-02,31783.19,Paid
PAY006416,INV06416,2026-09-05,197219.3,Paid
PAY006417,INV06417,2026-07-27,299592.0,Paid
PAY006418,INV06418,2026-01-28,2226.95,Paid
PAY006419,INV06419,2026-08-15,407981.06,Paid
PAY006420,INV06420,2026-04-22,1097010.6,Paid
PAY006421,INV06421,2026-06-03,58528.94,Paid
PAY006422,INV06422,2026-06-25,151897.86,Paid
PAY006423,INV06423,2026-08-27,127862.56,Paid
PAY006424,INV06424,2026-07-25,254230.0,Paid
PAY006425,INV06425,2026-05-25,17280120.0,Paid
PAY006426,INV06426,2026-03-22,6701.2,Paid
PAY006427,INV06427,2026-08-15,39094.76,Paid
PAY006428,INV06428,2026-04-17,507793.53,Paid
PAY006429,INV06429,2026-07-10,709222.5,Paid
PAY006430,INV06430,2026-09-28,24607.45,Paid
PAY006431,INV06431,2026-04-29,1087406.0,Paid
PAY006432,INV06432,2026-06-18,422312.8,Paid
PAY006433,INV06433,2026-05-01,1975840.0,Paid
PAY006434,INV06434,2026-07-29,19713.02,Paid
PAY006435,INV06435,2026-08-07,471002.5,Paid
PAY006436,INV06436,2026-03-02,154839.2,Paid
PAY006437,INV06437,2026-07-29,1430452.5,Paid
PAY006438,INV06438,2026-07-07,397182.0,Paid
PAY006439,INV06439,2026-07-31,60344.82,Paid
PAY006440,INV06440,2026-07-30,12219540.0,Paid
PAY006441,INV06441,2026-06-24,992.12,Paid
PAY006442,INV06442,2026-05-04,124434.13,Paid
PAY006443,INV06443,2026-05-16,2353165.5,Paid
PAY006444,INV06444,2026-06-30,14165570.0,Paid
PAY006445,INV06445,2026-04-03,167272.08,Paid
PAY006446,INV06446,2026-05-01,134082.25,Paid
PAY006447,INV06447,2026-07-31,172011.17,Paid
PAY006448,INV06448,2026-08-15,12219540.0,Paid
PAY006449,INV06449,2026-05-19,3322.73,Paid
PAY006450,INV06450,2026-08-16,2102044.0,Paid
PAY006451,INV06451,2026-08-07,33488.95,Paid
PAY006452,INV06452,2026-04-02,2925.43,Paid
PAY006453,INV06453,2026-04-03,6677.44,Paid
PAY006454,INV06454,2026-04-16,70629.61,Paid
PAY006455,INV06455,2026-05-23,4629635.0,Paid
PAY006456,INV06456,2026-03-12,7298547.5,Paid
PAY006457,INV06457,2026-04-13,23486.6,Paid
PAY006458,INV06458,2026-07-05,445111.81,Paid
PAY006459,INV06459,2026-11-13,76846.78,Paid
PAY006460,INV06460,2026-05-25,22370.75,Paid
PAY006461,INV06461,2026-09-01,9931.95,Paid
PAY006462,INV06462,2026-07-18,1842.56,Paid
PAY006463,INV06463,2026-08-14,147561.0,Paid
PAY006464,INV06464,2026-06-14,4012.94,Paid
PAY006465,INV06465,2026-07-12,67615.3,Paid
PAY006466,INV06466,2026-05-01,63379.68,Paid
PAY006467,INV06467,2026-06-07,2414188.0,Paid
PAY006468,INV06468,2026-04-14,37473.98,Paid
PAY006469,INV06469,2026-05-21,11674924.8,Paid
PAY006470,INV06470,2026-07-19,175234.53,Paid
PAY006471,INV06471,2026-07-25,368661.3,Paid
PAY006472,INV06472,2026-08-19,2685.0,Paid
PAY006473,INV06473,2026-10-07,36479.73,Paid
PAY006474,INV06474,2026-06-21,495611.2,Paid
PAY006475,INV06475,2026-03-17,1885.27,Paid
PAY006476,INV06476,2026-04-22,4498.95,Paid
PAY006477,INV06477,2026-03-22,5629148.7,Paid
PAY006478,INV06478,2026-04-27,4354.74,Paid
PAY006479,INV06479,2026-05-05,15065.5,Paid
PAY006480,INV06480,2026-06-18,57097.0,Paid
PAY006481,INV06481,2026-05-02,28581.28,Paid
PAY006482,INV06482,2026-05-21,134808.24,Paid
PAY006483,INV06483,2026-09-09,2287.9,Paid
PAY006484,INV06484,2026-06-28,1175.16,Paid
PAY006485,INV06485,2026-06-19,91245.28,Paid
PAY006486,INV06486,2026-06-22,25530.44,Paid
PAY006487,INV06487,2026-02-06,14472.1,Paid
PAY006488,INV06488,2026-10-03,3401.64,Paid
PAY006489,INV06489,2026-10-10,3805342.24,Paid
PAY006490,INV06490,2026-03-21,1482111.75,Paid
PAY006491,INV06491,2026-03-10,6776.5,Paid
PAY006492,INV06492,2026-08-19,16555.8,Paid
PAY006493,INV06493,2026-07-06,342339.71,Paid
PAY006494,INV06494,2026-04-26,2398.93,Paid
PAY006495,INV06495,2026-05-19,229386.0,Paid
PAY006496,INV06496,2026-08-12,91011.2,Paid
PAY006497,INV06497,2026-03-27,461876.8,Paid
PAY006498,INV06498,2026-10-05,7262298.2,Paid
PAY006499,INV06499,2026-08-19,81047.61,Paid
PAY006500,INV06500,2026-08-17,16163.25,Paid
PAY006501,INV06501,2026-05-20,14190.8,Paid
PAY006502,INV06502,2026-07-15,394347.5,Paid
PAY006503,INV06503,2026-07-21,21992.1,Paid
PAY006504,INV06504,2026-08-30,2894988.32,Paid
PAY006505,INV06505,2026-06-06,27597.13,Paid
PAY006506,INV06506,2026-08-06,19245.85,Paid
PAY006507,INV06507,2026-02-24,181525.58,Paid
PAY006508,INV06508,2026-10-08,113727.6,Paid
PAY006509,INV06509,2026-11-05,121802.24,Paid
PAY006510,INV06510,2026-05-14,293530.16,Paid
PAY006511,INV06511,2026-05-17,16062.56,Paid
PAY006512,INV06512,2026-07-17,4965.53,Paid
PAY006513,INV06513,2026-11-14,17334.34,Paid
PAY006514,INV06514,2026-04-10,8150.58,Paid
PAY006515,INV06515,2026-05-16,3738220.5,Paid
PAY006516,INV06516,2026-09-01,19539.55,Paid
PAY006517,INV06517,2026-06-25,29824.48,Paid
PAY006518,INV06518,2026-05-18,536360.0,Paid
PAY006519,INV06519,2026-07-12,1085302.4,Paid
PAY006520,INV06520,2026-08-19,750588.0,Paid
PAY006521,INV06521,2026-03-03,3237.61,Paid
PAY006522,INV06522,2026-03-09,64534.85,Paid
PAY006523,INV06523,2026-08-08,304067.9,Paid
PAY006524,INV06524,2026-06-19,6504.4,Paid
PAY006525,INV06525,2026-08-22,15973270.6,Paid
PAY006526,INV06526,2026-09-16,8013.13,Paid
PAY006527,INV06527,2026-08-07,3027.96,Paid
PAY006528,INV06528,2026-06-06,28374.98,Paid
PAY006529,INV06529,2026-09-21,56858.97,Paid
PAY006530,INV06530,2026-06-13,4936848.0,Paid
PAY006531,INV06531,2026-05-24,362490.45,Paid
PAY006532,INV06532,2026-09-17,4183.85,Paid
PAY006533,INV06533,2026-06-03,248984.13,Paid
PAY006534,INV06534,2026-09-13,31166.16,Paid
PAY006535,INV06535,2026-07-01,330856.68,Paid
PAY006536,INV06536,2026-06-23,88446.9,Paid
PAY006537,INV06537,2026-04-26,3438.88,Paid
PAY006538,INV06538,2026-04-25,25869.99,Paid
PAY006539,INV06539,2026-05-28,3602.45,Paid
PAY006540,INV06540,2026-08-11,9468.93,Paid
PAY006541,INV06541,2026-04-02,355491.92,Paid
PAY006542,INV06542,2026-04-23,193942.0,Paid
PAY006543,INV06543,2026-08-09,11132.83,Paid
PAY006544,INV06544,2026-09-13,4686.39,Paid
PAY006545,INV06545,2026-08-18,50566.43,Paid
PAY006546,INV06546,2026-05-23,37865.2,Paid
PAY006547,INV06547,2026-05-23,487861.92,Paid
PAY006548,INV06548,2026-07-17,1259.6,Paid
PAY006549,INV06549,2026-09-18,84.96,Paid
PAY006550,INV06550,2026-03-15,3767761.2,Paid
PAY006551,INV06551,2026-05-10,350817.54,Paid
PAY006552,INV06552,2026-10-28,3717.88,Paid
PAY006553,INV06553,2026-03-25,946531.69,Paid
PAY006554,INV06554,2026-07-14,416573.0,Paid
PAY006555,INV06555,2026-10-06,87191.6,Paid
PAY006556,INV06556,2026-06-12,676.59,Paid
PAY006557,INV06557,2026-03-30,174081.6,Paid
PAY006558,INV06558,2026-06-22,52599.12,Paid
PAY006559,INV06559,2026-07-08,364195.86,Paid
PAY006560,INV06560,2026-09-13,394347.5,Paid
PAY006561,INV06561,2026-05-17,647.84,Paid
PAY006562,INV06562,2026-03-02,9497.04,Paid
PAY006563,INV06563,2026-02-21,17288.71,Paid
PAY006564,INV06564,2026-06-27,1168896.75,Paid
PAY006565,INV06565,2026-05-25,11320.72,Paid
PAY006566,INV06566,2026-09-17,1630920.0,Paid
PAY006567,INV06567,2026-04-18,37115.8,Paid
PAY006568,INV06568,2026-03-21,97540.59,Paid
PAY006569,INV06569,2026-06-08,7814.62,Paid
PAY006570,INV06570,2026-03-01,4319047.8,Paid
PAY006571,INV06571,2026-06-27,49946.5,Paid
PAY006572,INV06572,2026-10-23,80268.83,Paid
PAY006573,INV06573,2026-09-12,1806493.5,Paid
PAY006574,INV06574,2026-09-21,206297.28,Paid
PAY006575,INV06575,2026-03-21,308848.0,Paid
PAY006576,INV06576,2026-07-14,4965.53,Paid
PAY006577,INV06577,2026-04-01,849216.38,Paid
PAY006578,INV06578,2026-08-05,919192.86,Paid
PAY006579,INV06579,2026-06-07,6032558.25,Paid
PAY006580,INV06580,2026-09-08,71326.75,Paid
PAY006581,INV06581,2026-02-22,11618073.6,Paid
PAY006582,INV06582,2026-06-08,3392.15,Paid
PAY006583,INV06583,2026-06-01,35278.7,Paid
PAY006584,INV06584,2026-04-14,167341.44,Paid
PAY006585,INV06585,2026-02-25,2076306.75,Paid
PAY006586,INV06586,2026-09-13,26375.2,Paid
PAY006587,INV06587,2026-05-05,1889357.5,Paid
PAY006588,INV06588,2026-07-01,15172050.0,Paid
PAY006589,INV06589,2026-04-20,6701.2,Paid
PAY006590,INV06590,2026-04-21,2207830.8,Paid
PAY006591,INV06591,2026-09-02,205.16,Paid
PAY006592,INV06592,2026-06-05,41532.85,Paid
PAY006593,INV06593,2026-09-18,7898.45,Paid
PAY006594,INV06594,2026-06-24,60885.25,Paid
PAY006595,INV06595,2026-05-31,2010.68,Paid
PAY006596,INV06596,2026-05-24,567535.75,Paid
PAY006597,INV06597,2026-07-21,1043010.0,Paid
PAY006598,INV06598,2026-08-09,856752.5,Paid
PAY006599,INV06599,2026-08-18,160943.0,Paid
PAY006600,INV06600,2026-06-04,2939531.04,Paid
PAY006601,INV06601,2026-09-14,3482650.82,Paid
PAY006602,INV06602,2026-06-25,342339.71,Paid
PAY006603,INV06603,2026-09-15,1076559.75,Paid
PAY006604,INV06604,2026-08-07,230603.86,Paid
PAY006605,INV06605,2026-10-07,22875.72,Paid
PAY006606,INV06606,2026-07-14,3464.03,Paid
PAY006607,INV06607,2026-09-27,4060.43,Paid
PAY006608,INV06608,2026-08-30,4364443.12,Paid
PAY006609,INV06609,2026-05-16,146494.6,Paid
PAY006610,INV06610,2026-11-05,2169.05,Paid
PAY006611,INV06611,2026-05-11,192593.11,Paid
PAY006612,INV06612,2026-07-25,67676.0,Paid
PAY006613,INV06613,2026-09-10,2232804.0,Paid
PAY006614,INV06614,2026-04-12,344.78,Paid
PAY006615,INV06615,2026-04-07,2757730.0,Paid
PAY006616,INV06616,2026-10-19,64429.2,Paid
PAY006617,INV06617,2026-10-25,58078.42,Paid
PAY006618,INV06618,2026-07-10,3175050.0,Paid
PAY006619,INV06619,2026-04-04,5442.78,Paid
PAY006620,INV06620,2026-05-11,10936.71,Paid
PAY006621,INV06621,2026-04-02,13834.91,Paid
PAY006622,INV06622,2026-06-20,650463.2,Paid
PAY006623,INV06623,2026-04-26,102692.35,Paid
PAY006624,INV06624,2026-07-23,368570.0,Paid
PAY006625,INV06625,2026-08-27,1201358.0,Paid
PAY006626,INV06626,2026-08-03,10610.73,Paid
PAY006627,INV06627,2026-10-13,4824.5,Paid
PAY006628,INV06628,2026-05-25,18306.18,Paid
PAY006629,INV06629,2026-04-15,54135.76,Paid
PAY006630,INV06630,2026-05-27,392.84,Paid
PAY006631,INV06631,2026-06-02,97467.8,Paid
PAY006632,INV06632,2026-03-19,40252.98,Paid
PAY006633,INV06633,2026-06-25,32448.1,Paid
PAY006634,INV06634,2026-05-29,3800842.0,Paid
PAY006635,INV06635,2026-07-03,156484.99,Paid
PAY006636,INV06636,2026-04-17,6157.35,Paid
PAY006637,INV06637,2026-07-27,20749.06,Paid
PAY006638,INV06638,2026-11-06,17780558.6,Paid
PAY006639,INV06639,2026-07-07,10096.72,Paid
PAY006640,INV06640,2026-04-25,489027.0,Paid
PAY006641,INV06641,2026-09-14,29848.15,Paid
PAY006642,INV06642,2026-08-06,943.48,Paid
PAY006643,INV06643,2026-04-10,5765.44,Paid
PAY006644,INV06644,2026-09-01,5890.18,Paid
PAY006645,INV06645,2026-03-14,79815.0,Paid
PAY006646,INV06646,2026-02-17,37853.48,Paid
PAY006647,INV06647,2026-06-22,11634.34,Paid
PAY006648,INV06648,2026-05-20,84636.67,Paid
PAY006649,INV06649,2026-08-27,7155.52,Paid
PAY006650,INV06650,2026-09-05,3261.44,Paid
PAY006651,INV06651,2026-07-07,45298.34,Paid
PAY006652,INV06652,2026-06-24,417608.8,Paid
PAY006653,INV06653,2026-06-01,52303.78,Paid
PAY006654,INV06654,2026-09-23,29157.2,Paid
PAY006655,INV06655,2026-05-17,246696.7,Paid
PAY006656,INV06656,2026-07-10,6747.15,Paid
PAY006657,INV06657,2026-05-15,31783.19,Paid
PAY006658,INV06658,2026-03-18,6328330.0,Paid
PAY006659,INV06659,2026-05-05,282074.31,Paid
PAY006660,INV06660,2026-10-04,17537.73,Paid
PAY006661,INV06661,2026-10-14,80268.83,Paid
PAY006662,INV06662,2026-06-06,8802.75,Paid
PAY006663,INV06663,2026-05-01,4178367.2,Paid
PAY006664,INV06664,2026-03-07,13662.03,Paid
PAY006665,INV06665,2026-06-13,5173.36,Paid
PAY006666,INV06666,2026-04-05,386852.5,Paid
PAY006667,INV06667,2026-08-30,38915.35,Paid
PAY006668,INV06668,2026-05-07,475790.0,Paid
PAY006669,INV06669,2026-04-17,383563.96,Paid
PAY006670,INV06670,2026-08-20,63058.96,Paid
PAY006671,INV06671,2026-06-21,2449180.0,Paid
PAY006672,INV06672,2026-04-22,5950.56,Paid
PAY006673,INV06673,2026-04-17,1095905.44,Paid
PAY006674,INV06674,2026-05-03,2305575.0,Paid
PAY006675,INV06675,2026-08-08,14314.54,Paid
PAY006676,INV06676,2026-07-10,21758.46,Paid
PAY006677,INV06677,2026-03-18,5588.1,Paid
PAY006678,INV06678,2026-10-31,147625.8,Paid
PAY006679,INV06679,2026-03-24,2268834.4,Paid
PAY006680,INV06680,2026-08-16,744183.4,Paid
PAY006681,INV06681,2026-05-09,7023.12,Paid
PAY006682,INV06682,2026-09-19,1595049.0,Paid
PAY006683,INV06683,2026-08-31,6193.72,Paid
PAY006684,INV06684,2026-04-28,16967.48,Paid
PAY006685,INV06685,2026-04-29,19181.67,Paid
PAY006686,INV06686,2026-02-14,165138.74,Paid
PAY006687,INV06687,2026-06-04,658847.84,Paid
PAY006688,INV06688,2026-09-18,48479.03,Paid
PAY006689,INV06689,2026-03-28,7366.0,Paid
PAY006690,INV06690,2026-06-25,119982.5,Paid
PAY006691,INV06691,2026-09-15,127697.36,Paid
PAY006692,INV06692,2026-07-16,5692.4,Paid
PAY006693,INV06693,2026-07-25,11750156.8,Paid
PAY006694,INV06694,2026-09-26,94305.13,Paid
PAY006695,INV06695,2026-07-20,44802.45,Paid
PAY006696,INV06696,2026-07-31,1042754.2,Paid
PAY006697,INV06697,2026-10-20,52811.22,Paid
PAY006698,INV06698,2026-04-30,4193861.6,Paid
PAY006699,INV06699,2026-08-15,23042.54,Paid
PAY006700,INV06700,2026-04-01,221045.0,Paid
PAY006701,INV06701,2026-04-12,48443.72,Paid
PAY006702,INV06702,2026-07-08,17227858.4,Paid
PAY006703,INV06703,2026-04-15,72866.15,Paid
PAY006704,INV06704,2026-08-02,9140.95,Paid
PAY006705,INV06705,2026-06-15,9117.36,Paid
PAY006706,INV06706,2026-08-06,611310.8,Paid
PAY006707,INV06707,2026-08-18,4503.59,Paid
PAY006708,INV06708,2026-06-05,34555.36,Paid
PAY006709,INV06709,2026-07-05,594258.6,Paid
PAY006710,INV06710,2026-02-18,3964.17,Paid
PAY006711,INV06711,2026-07-08,1381.04,Paid
PAY006712,INV06712,2026-04-08,1271547.2,Paid
PAY006713,INV06713,2026-07-13,69922.4,Paid
PAY006714,INV06714,2026-04-12,348506.5,Paid
PAY006715,INV06715,2026-05-20,678287.01,Paid
PAY006716,INV06716,2026-04-16,349026.3,Paid
PAY006717,INV06717,2026-04-06,1440744.6,Paid
PAY006718,INV06718,2026-07-28,45308.26,Paid
PAY006719,INV06719,2026-04-06,1138559.52,Paid
PAY006720,INV06720,2026-04-29,34113.5,Paid
PAY006721,INV06721,2026-08-04,670118.4,Paid
PAY006722,INV06722,2026-07-14,516628.0,Paid
PAY006723,INV06723,2026-09-09,566.54,Paid
PAY006724,INV06724,2026-07-24,17738.61,Paid
PAY006725,INV06725,2026-08-23,1824368.5,Paid
PAY006726,INV06726,2026-08-20,1173676.0,Paid
PAY006727,INV06727,2026-11-15,161249.36,Paid
PAY006728,INV06728,2026-05-30,11419833.6,Paid
PAY006729,INV06729,2026-07-03,2929320.0,Paid
PAY006730,INV06730,2026-04-06,245452.48,Paid
PAY006731,INV06731,2026-10-21,326290.6,Paid
PAY006732,INV06732,2026-07-20,3680010.0,Paid
PAY006733,INV06733,2026-04-01,3533.65,Paid
PAY006734,INV06734,2026-04-21,1714846.0,Paid
PAY006735,INV06735,2026-08-26,62433.0,Paid
PAY006736,INV06736,2026-01-22,692664.0,Paid
PAY006737,INV06737,2026-03-26,63948.8,Paid
PAY006738,INV06738,2026-07-10,3914.44,Paid
PAY006739,INV06739,2026-04-15,227661.39,Paid
PAY006740,INV06740,2026-07-06,18937.64,Paid
PAY006741,INV06741,2026-04-23,21810.01,Paid
PAY006742,INV06742,2026-07-17,21085.26,Paid
PAY006743,INV06743,2026-08-19,55874.34,Paid
PAY006744,INV06744,2026-03-15,860800.0,Paid
PAY006745,INV06745,2026-04-10,3792482.5,Paid
PAY006746,INV06746,2026-07-15,213886.8,Paid
PAY006747,INV06747,2026-08-22,167646.38,Paid
PAY006748,INV06748,2026-07-26,2894988.32,Paid
PAY006749,INV06749,2026-08-02,1795712.2,Paid
PAY006750,INV06750,2026-09-04,16555.8,Paid
PAY006751,INV06751,2026-05-01,1092600.6,Paid
PAY006752,INV06752,2026-07-07,18047.35,Paid
PAY006753,INV06753,2026-08-28,10273.2,Paid
PAY006754,INV06754,2026-07-26,543.66,Paid
PAY006755,INV06755,2026-04-29,67304.32,Paid
PAY006756,INV06756,2026-04-14,228289.0,Paid
PAY006757,INV06757,2026-07-21,13638.26,Paid
PAY006758,INV06758,2026-03-26,148848.53,Paid
PAY006759,INV06759,2026-04-03,4009136.25,Paid
PAY006760,INV06760,2026-04-24,416976.0,Paid
PAY006761,INV06761,2026-05-04,34614.0,Paid
PAY006762,INV06762,2026-06-15,32598.33,Paid
PAY006763,INV06763,2026-09-18,357601.12,Paid
PAY006764,INV06764,2026-08-12,456943.87,Paid
PAY006765,INV06765,2026-06-06,11968.4,Paid
PAY006766,INV06766,2026-09-02,312525.02,Paid
PAY006767,INV06767,2026-07-12,99477.11,Paid
PAY006768,INV06768,2026-05-08,1353988.05,Paid
PAY006769,INV06769,2026-11-18,682.75,Paid
PAY006770,INV06770,2026-06-09,390685.02,Paid
PAY006771,INV06771,2026-06-06,12299.96,Paid
PAY006772,INV06772,2026-01-29,860800.0,Paid
PAY006773,INV06773,2026-05-19,439099.92,Paid
PAY006774,INV06774,2026-03-12,729.1,Paid
PAY006775,INV06775,2026-05-23,10326957.38,Paid
PAY006776,INV06776,2026-06-25,7560466.5,Paid
PAY006777,INV06777,2026-05-21,9757.77,Paid
PAY006778,INV06778,2026-08-28,696130.4,Paid
PAY006779,INV06779,2026-05-03,200614.4,Paid
PAY006780,INV06780,2026-08-27,11207.95,Paid
PAY006781,INV06781,2026-05-23,4495.0,Paid
PAY006782,INV06782,2026-05-22,647186.4,Paid
PAY006783,INV06783,2026-02-07,225461.6,Paid
PAY006784,INV06784,2026-07-09,3805342.24,Paid
PAY006785,INV06785,2026-06-01,243521.0,Paid
PAY006786,INV06786,2026-05-17,4159.47,Paid
PAY006787,INV06787,2026-04-04,9305.41,Paid
PAY006788,INV06788,2026-03-05,193139.0,Paid
PAY006789,INV06789,2026-05-13,1016253.0,Paid
PAY006790,INV06790,2026-04-21,59285.94,Paid
PAY006791,INV06791,2026-05-05,417508.0,Paid
PAY006792,INV06792,2026-04-01,1193748.0,Paid
PAY006793,INV06793,2026-10-03,58403.1,Paid
PAY006794,INV06794,2026-07-30,58078.42,Paid
PAY006795,INV06795,2026-05-14,303860.0,Paid
PAY006796,INV06796,2026-05-02,9053.1,Paid
PAY006797,INV06797,2026-09-28,34693.65,Paid
PAY006798,INV06798,2026-07-17,3029864.25,Paid
PAY006799,INV06799,2026-05-01,770415.52,Paid
PAY006800,INV06800,2026-08-24,274866.84,Paid
PAY006801,INV06801,2026-09-07,40112.68,Paid
PAY006802,INV06802,2026-09-06,360843.06,Paid
PAY006803,INV06803,2026-02-01,97540.59,Paid
PAY006804,INV06804,2026-07-22,79480.55,Paid
PAY006805,INV06805,2026-04-11,21342.25,Paid
PAY006806,INV06806,2026-04-22,67109.79,Paid
PAY006807,INV06807,2026-05-29,5208.11,Paid
PAY006808,INV06808,2026-08-28,1098182.4,Paid
PAY006809,INV06809,2026-09-19,17182.76,Paid
PAY006810,INV06810,2026-02-26,1318332.96,Paid
PAY006811,INV06811,2026-04-08,3486.0,Paid
PAY006812,INV06812,2026-08-02,724561.6,Paid
PAY006813,INV06813,2026-06-29,645865.5,Paid
PAY006814,INV06814,2026-02-26,66422.5,Paid
PAY006815,INV06815,2026-06-01,37234.94,Paid
PAY006816,INV06816,2026-06-29,40827.14,Paid
PAY006817,INV06817,2026-05-22,1825372.68,Paid
PAY006818,INV06818,2026-10-19,35552.93,Paid
PAY006819,INV06819,2026-07-18,181764.8,Paid
PAY006820,INV06820,2026-04-28,2518.47,Paid
PAY006821,INV06821,2026-07-05,2106465.9,Paid
PAY006822,INV06822,2026-05-15,2488165.7,Paid
PAY006823,INV06823,2026-09-07,140518.56,Paid
PAY006824,INV06824,2026-04-26,3303.62,Paid
PAY006825,INV06825,2026-08-30,91910.79,Paid
PAY006826,INV06826,2026-10-20,116823.0,Paid
PAY006827,INV06827,2026-05-15,1440744.6,Paid
PAY006828,INV06828,2026-07-11,181535.2,Paid
PAY006829,INV06829,2026-07-26,716249.1,Paid
PAY006830,INV06830,2026-09-14,15309.39,Paid
PAY006831,INV06831,2026-06-10,27182.03,Paid
PAY006832,INV06832,2026-07-17,3695.16,Paid
PAY006833,INV06833,2026-10-31,1173676.0,Paid
PAY006834,INV06834,2026-06-01,10289.62,Paid
PAY006835,INV06835,2026-03-04,171280.73,Paid
PAY006836,INV06836,2026-10-20,664688.1,Paid
PAY006837,INV06837,2026-06-08,119982.5,Paid
PAY006838,INV06838,2026-03-22,5505.5,Paid
PAY006839,INV06839,2026-03-01,6956.0,Paid
PAY006840,INV06840,2026-11-03,59885.24,Paid
PAY006841,INV06841,2026-03-08,409010.7,Paid
PAY006842,INV06842,2026-05-26,17518.79,Paid
PAY006843,INV06843,2026-04-25,1776032.75,Paid
PAY006844,INV06844,2026-09-07,2052.61,Paid
PAY006845,INV06845,2026-08-28,19517.08,Paid
PAY006846,INV06846,2026-03-30,5588.1,Paid
PAY006847,INV06847,2026-07-18,4705710.2,Paid
PAY006848,INV06848,2026-09-13,9615.09,Paid
PAY006849,INV06849,2026-05-11,64411.2,Paid
PAY006850,INV06850,2026-03-18,7268182.5,Paid
PAY006851,INV06851,2026-03-29,8455.44,Paid
PAY006852,INV06852,2026-06-26,13092.66,Paid
PAY006853,INV06853,2026-06-28,1960301.28,Paid
PAY006854,INV06854,2026-04-01,2076306.75,Paid
PAY006855,INV06855,2026-08-31,258158.25,Paid
PAY006856,INV06856,2026-07-10,41713.94,Paid
PAY006857,INV06857,2026-06-26,2532.99,Paid
PAY006858,INV06858,2026-06-15,66951.68,Paid
PAY006859,INV06859,2026-02-25,16967.48,Paid
PAY006860,INV06860,2026-08-13,13132.93,Paid
PAY006861,INV06861,2026-07-13,134149.0,Paid
PAY006862,INV06862,2026-04-27,412678.45,Paid
PAY006863,INV06863,2026-06-06,367691.52,Paid
PAY006864,INV06864,2026-02-05,665613.9,Paid
PAY006865,INV06865,2026-02-22,152538.33,Paid
PAY006866,INV06866,2026-06-03,25429.0,Paid
PAY006867,INV06867,2026-04-15,235375.77,Paid
PAY006868,INV06868,2026-07-12,1259.6,Paid
PAY006869,INV06869,2026-03-26,3163.35,Paid
PAY006870,INV06870,2026-05-20,40064.54,Paid
PAY006871,INV06871,2026-07-18,7988.46,Paid
PAY006872,INV06872,2026-08-12,901.59,Paid
PAY006873,INV06873,2026-04-03,3211.31,Paid
PAY006874,INV06874,2026-08-16,3172.44,Paid
PAY006875,INV06875,2026-03-20,313518.8,Paid
PAY006876,INV06876,2026-04-18,1776032.75,Paid
PAY006877,INV06877,2026-11-23,1113141.2,Paid
PAY006878,INV06878,2026-02-22,35120.19,Paid
PAY006879,INV06879,2026-04-15,55661.84,Paid
PAY006880,INV06880,2026-08-04,99679.44,Paid
PAY006881,INV06881,2026-08-05,518472.64,Paid
PAY006882,INV06882,2026-09-05,43467.98,Paid
PAY006883,INV06883,2026-09-24,715216.88,Paid
PAY006884,INV06884,2026-03-25,70629.61,Paid
PAY006885,INV06885,2026-07-29,856752.5,Paid
PAY006886,INV06886,2026-03-12,9497.04,Paid
PAY006887,INV06887,2026-03-26,24358.72,Paid
PAY006888,INV06888,2026-06-13,383181.75,Paid
PAY006889,INV06889,2026-05-29,50315.58,Paid
PAY006890,INV06890,2026-07-22,7133931.9,Paid
PAY006891,INV06891,2026-07-15,452470.0,Paid
PAY006892,INV06892,2026-10-05,664688.1,Paid
PAY006893,INV06893,2026-03-21,91966.67,Paid
PAY006894,INV06894,2026-05-06,21057.79,Paid
PAY006895,INV06895,2026-04-13,590099.71,Paid
PAY006896,INV06896,2026-08-29,509328.75,Paid
PAY006897,INV06897,2026-10-29,9468.93,Paid
PAY006898,INV06898,2026-07-13,46866.06,Paid
PAY006899,INV06899,2026-09-22,1785159.46,Paid
PAY006900,INV06900,2026-04-14,1030181.04,Paid
PAY006901,INV06901,2026-08-17,1043010.0,Paid
PAY006902,INV06902,2026-08-06,233.4,Paid
PAY006903,INV06903,2026-08-29,89740.18,Paid
PAY006904,INV06904,2026-09-17,30137.63,Paid
PAY006905,INV06905,2026-04-15,29616.83,Paid
PAY006906,INV06906,2026-07-01,271508.56,Paid
PAY006907,INV06907,2026-05-08,102556.94,Paid
PAY006908,INV06908,2026-06-27,17039.25,Paid
PAY006909,INV06909,2026-04-30,2197.56,Paid
PAY006910,INV06910,2026-09-10,471002.5,Paid
PAY006911,INV06911,2026-07-26,84606.1,Paid
PAY006912,INV06912,2026-06-12,5135.9,Paid
PAY006913,INV06913,2026-09-22,5279174.25,Paid
PAY006914,INV06914,2026-07-11,3873.47,Paid
PAY006915,INV06915,2026-10-07,235137.0,Paid
PAY006916,INV06916,2026-06-20,709222.5,Paid
PAY006917,INV06917,2026-04-05,24382.89,Paid
PAY006918,INV06918,2026-08-04,513394.99,Paid
PAY006919,INV06919,2026-04-18,30042.77,Paid
PAY006920,INV06920,2026-08-31,594669.6,Paid
PAY006921,INV06921,2026-10-15,147625.8,Paid
PAY006922,INV06922,2026-07-15,48440.0,Paid
PAY006923,INV06923,2026-08-23,31243.38,Paid
PAY006924,INV06924,2026-10-06,1173676.0,Paid
PAY006925,INV06925,2026-10-01,368918.15,Paid
PAY006926,INV06926,2026-06-24,149376.44,Paid
PAY006927,INV06927,2026-06-06,940225.0,Paid
PAY006928,INV06928,2026-08-22,13592.41,Paid
PAY006929,INV06929,2026-07-27,18733.23,Paid
PAY006930,INV06930,2026-02-13,150309.58,Paid
PAY006931,INV06931,2026-08-10,21241.02,Paid
PAY006932,INV06932,2026-06-03,158456.55,Paid
PAY006933,INV06933,2026-07-27,1856989.58,Paid
PAY006934,INV06934,2026-07-05,1363560.8,Paid
PAY006935,INV06935,2026-08-20,1670231.0,Paid
PAY006936,INV06936,2026-05-15,1181861.52,Paid
PAY006937,INV06937,2026-09-20,681232.12,Paid
PAY006938,INV06938,2026-08-26,4938869.25,Paid
PAY006939,INV06939,2026-06-19,33080.05,Paid
PAY006940,INV06940,2026-04-18,7298547.5,Paid
PAY006941,INV06941,2026-01-26,10421.03,Paid
PAY006942,INV06942,2026-07-20,237986.0,Paid
PAY006943,INV06943,2026-05-21,2443568.4,Paid
PAY006944,INV06944,2026-05-29,19518.91,Paid
PAY006945,INV06945,2026-04-21,34596.25,Paid
PAY006946,INV06946,2026-06-08,12259.13,Paid
PAY006947,INV06947,2026-07-20,27432.8,Paid
PAY006948,INV06948,2026-05-06,7256.26,Paid
PAY006949,INV06949,2026-09-22,3227.73,Paid
PAY006950,INV06950,2026-05-22,10079495.1,Paid
PAY006951,INV06951,2026-08-13,2832335.52,Paid
PAY006952,INV06952,2026-04-28,22814.83,Paid
PAY006953,INV06953,2026-05-22,1011024.0,Paid
PAY006954,INV06954,2026-06-22,191355.0,Paid
PAY006955,INV06955,2026-07-09,13340.01,Paid
PAY006956,INV06956,2026-03-05,135929.4,Paid
PAY006957,INV06957,2026-07-24,153917.34,Paid
PAY006958,INV06958,2026-08-19,160943.0,Paid
PAY006959,INV06959,2026-02-17,111256.43,Paid
PAY006960,INV06960,2026-07-05,22331.53,Paid
PAY006961,INV06961,2026-05-10,749.65,Paid
PAY006962,INV06962,2026-05-22,10191.55,Paid
PAY006963,INV06963,2026-03-01,13753.95,Paid
PAY006964,INV06964,2026-05-08,546980.0,Paid
PAY006965,INV06965,2026-05-04,43840.23,Paid
PAY006966,INV06966,2026-02-26,3303.62,Paid
PAY006967,INV06967,2026-07-05,23609.67,Paid
PAY006968,INV06968,2026-07-03,36204.11,Paid
PAY006969,INV06969,2026-08-06,76325.6,Paid
PAY006970,INV06970,2026-04-04,3238.53,Paid
PAY006971,INV06971,2026-03-21,14342.86,Paid
PAY006972,INV06972,2026-06-25,4193075.25,Paid
PAY006973,INV06973,2026-03-02,411909.68,Paid
PAY006974,INV06974,2026-05-04,7023.12,Paid
PAY006975,INV06975,2026-10-02,2998.41,Paid
PAY006976,INV06976,2026-04-01,2974.4,Paid
PAY006977,INV06977,2026-05-13,2175874.4,Paid
PAY006978,INV06978,2026-04-30,260973.0,Paid
PAY006979,INV06979,2026-05-13,1879.02,Paid
PAY006980,INV06980,2026-04-16,44154.23,Paid
PAY006981,INV06981,2026-05-22,242013.28,Paid
PAY006982,INV06982,2026-06-06,84272.16,Paid
PAY006983,INV06983,2026-08-13,4012608.88,Paid
PAY006984,INV06984,2026-08-15,1401972.0,Paid
PAY006985,INV06985,2026-09-24,355094.25,Paid
PAY006986,INV06986,2026-10-31,14156.93,Paid
PAY006987,INV06987,2026-04-23,43254.86,Paid
PAY006988,INV06988,2026-04-06,849182.25,Paid
PAY006989,INV06989,2026-02-26,11942.18,Paid
PAY006990,INV06990,2026-09-05,30220.67,Paid
PAY006991,INV06991,2026-04-26,29855.24,Paid
PAY006992,INV06992,2026-08-15,2550744.0,Paid
PAY006993,INV06993,2026-04-26,424295.2,Paid
PAY006994,INV06994,2026-08-16,87449.6,Paid
PAY006995,INV06995,2026-01-29,225461.6,Paid
PAY006996,INV06996,2026-06-20,1980258.3,Paid
PAY006997,INV06997,2026-03-27,4358758.34,Paid
PAY006998,INV06998,2026-07-13,1163.32,Paid
PAY006999,INV06999,2026-05-20,1790396.3,Paid
PAY007000,INV07000,2026-05-12,651600.72,Paid
PAY007001,INV07001,2026-05-08,5950.56,Paid
PAY007002,INV07002,2026-04-29,377732.25,Paid
PAY007003,INV07003,2026-07-07,4006.17,Paid
PAY007004,INV07004,2026-06-13,7171.8,Paid
PAY007005,INV07005,2026-07-17,2884515.0,Paid
PAY007006,INV07006,2026-07-07,23457.46,Paid
PAY007007,INV07007,2026-11-04,90840.74,Paid
PAY007008,INV07008,2026-09-07,25306.0,Paid
PAY007009,INV07009,2026-05-10,1097010.6,Paid
PAY007010,INV07010,2026-04-02,6368.1,Paid
PAY007011,INV07011,2026-03-24,592194.8,Paid
PAY007012,INV07012,2026-10-05,138710.5,Paid
PAY007013,INV07013,2026-04-19,206800.65,Paid
PAY007014,INV07014,2026-04-26,453951.54,Paid
PAY007015,INV07015,2026-05-06,3387266.7,Paid
PAY007016,INV07016,2026-07-14,3948644.0,Paid
PAY007017,INV07017,2026-05-17,398560.0,Paid
PAY007018,INV07018,2026-05-07,1015006.0,Paid
PAY007019,INV07019,2026-05-02,843927.53,Paid
PAY007020,INV07020,2026-09-05,36450.5,Paid
PAY007021,INV07021,2026-05-03,163341.6,Paid
PAY007022,INV07022,2026-07-03,183975.22,Paid
PAY007023,INV07023,2026-03-06,75125.0,Paid
PAY007024,INV07024,2026-10-01,2397030.0,Paid
PAY007025,INV07025,2026-09-01,136822.35,Paid
PAY007026,INV07026,2026-09-14,206342.02,Paid
PAY007027,INV07027,2026-07-26,296103.3,Paid
PAY007028,INV07028,2026-08-22,6366.26,Paid
PAY007029,INV07029,2026-07-27,23670.99,Paid
PAY007030,INV07030,2026-03-01,411563.4,Paid
PAY007031,INV07031,2026-07-16,16339.0,Paid
PAY007032,INV07032,2026-05-14,390685.02,Paid
PAY007033,INV07033,2026-06-24,202596.24,Paid
PAY007034,INV07034,2026-09-15,83397.26,Paid
PAY007035,INV07035,2026-07-08,6747.15,Paid
PAY007036,INV07036,2026-03-24,36924.16,Paid
PAY007037,INV07037,2026-07-11,4400199.35,Paid
PAY007038,INV07038,2026-09-24,503531.8,Paid
PAY007039,INV07039,2026-08-29,471002.5,Paid
PAY007040,INV07040,2026-01-23,174081.6,Paid
PAY007041,INV07041,2026-11-12,1026.72,Paid
PAY007042,INV07042,2026-05-01,221045.0,Paid
PAY007043,INV07043,2026-05-25,63095.0,Paid
PAY007044,INV07044,2026-07-25,577880.62,Paid
PAY007045,INV07045,2026-07-17,3610.95,Paid
PAY007046,INV07046,2026-07-31,17931.2,Paid
PAY007047,INV07047,2026-07-06,11634.34,Paid
PAY007048,INV07048,2026-05-08,126253.0,Paid
PAY007049,INV07049,2026-08-27,537245.0,Paid
PAY007050,INV07050,2026-03-16,6310291.9,Paid
PAY007051,INV07051,2026-03-22,85734.21,Paid
PAY007052,INV07052,2026-05-17,2212660.8,Paid
PAY007053,INV07053,2026-06-10,709.63,Paid
PAY007054,INV07054,2026-08-26,2685.0,Paid
PAY007055,INV07055,2026-08-17,508761.12,Paid
PAY007056,INV07056,2026-04-06,3163.35,Paid
PAY007057,INV07057,2026-04-28,163417.96,Paid
PAY007058,INV07058,2026-09-08,4775.11,Paid
PAY007059,INV07059,2026-08-04,34646.83,Paid
PAY007060,INV07060,2026-06-18,507759.0,Paid
PAY007061,INV07061,2026-10-06,46814.0,Paid
PAY007062,INV07062,2026-07-31,409819.62,Paid
PAY007063,INV07063,2026-11-02,7898.45,Paid
PAY007064,INV07064,2026-06-03,889901.25,Paid
PAY007065,INV07065,2026-07-03,5135.9,Paid
PAY007066,INV07066,2026-09-09,84811.14,Paid
PAY007067,INV07067,2026-04-14,308767.06,Paid
PAY007068,INV07068,2026-03-29,24358.72,Paid
PAY007069,INV07069,2026-07-10,662313.35,Paid
PAY007070,INV07070,2026-03-02,110230.29,Paid
PAY007071,INV07071,2026-04-08,23457.46,Paid
PAY007072,INV07072,2026-08-07,4382.55,Paid
PAY007073,INV07073,2026-05-03,36420.11,Paid
PAY007074,INV07074,2026-08-21,9617.12,Paid
PAY007075,INV07075,2026-06-09,172485.0,Paid
PAY007076,INV07076,2026-04-13,33510.95,Paid
PAY007077,INV07077,2026-03-13,1776032.75,Paid
PAY007078,INV07078,2026-07-05,330742.12,Paid
PAY007079,INV07079,2026-08-27,8070.11,Paid
PAY007080,INV07080,2026-08-01,3216474.8,Paid
PAY007081,INV07081,2026-04-28,782315.97,Paid
PAY007082,INV07082,2026-08-15,3216474.8,Paid
PAY007083,INV07083,2026-10-08,1201358.0,Paid
PAY007084,INV07084,2026-05-27,9972.42,Paid
PAY007085,INV07085,2026-06-29,16252110.0,Paid
PAY007086,INV07086,2026-09-13,12178.79,Paid
PAY007087,INV07087,2026-06-20,34799.3,Paid
PAY007088,INV07088,2026-08-08,134.41,Paid
PAY007089,INV07089,2026-09-07,1535.05,Paid
PAY007090,INV07090,2026-06-14,283378.4,Paid
PAY007091,INV07091,2026-08-18,1641816.4,Paid
PAY007092,INV07092,2026-05-31,201728.62,Paid
PAY007093,INV07093,2026-03-31,4012.94,Paid
PAY007094,INV07094,2026-08-15,6123.71,Paid
PAY007095,INV07095,2026-05-28,19448.94,Paid
PAY007096,INV07096,2026-04-30,12297.9,Paid
PAY007097,INV07097,2026-07-06,33573.09,Paid
PAY007098,INV07098,2026-04-12,29394.54,Paid
PAY007099,INV07099,2026-08-18,110694.15,Paid
PAY007100,INV07100,2026-04-10,6171.24,Paid
PAY007101,INV07101,2026-09-27,77002.24,Paid
PAY007102,INV07102,2026-05-22,1906550.0,Paid
PAY007103,INV07103,2026-09-01,442022.7,Paid
PAY007104,INV07104,2026-10-07,7762.92,Paid
PAY007105,INV07105,2026-01-17,293682.9,Paid
PAY007106,INV07106,2026-07-15,33106.96,Paid
PAY007107,INV07107,2026-08-07,920175.0,Paid
PAY007108,INV07108,2026-04-16,1037.09,Paid
PAY007109,INV07109,2026-05-23,370640.48,Paid
PAY007110,INV07110,2026-11-06,856973.25,Paid
PAY007111,INV07111,2026-04-23,7282676.62,Paid
PAY007112,INV07112,2026-04-25,2503724.0,Paid
PAY007113,INV07113,2026-10-16,22875.72,Paid
PAY007114,INV07114,2026-07-02,1394263.81,Paid
PAY007115,INV07115,2026-04-29,31053.96,Paid
PAY007116,INV07116,2026-06-01,8538417.5,Paid
PAY007117,INV07117,2026-06-12,58702.56,Paid
PAY007118,INV07118,2026-09-26,75936.73,Paid
PAY007119,INV07119,2026-05-18,11829.54,Paid
PAY007120,INV07120,2026-10-14,11167.49,Paid
PAY007121,INV07121,2026-08-10,4951.74,Paid
PAY007122,INV07122,2026-06-06,881678.3,Paid
PAY007123,INV07123,2026-07-06,3999.65,Paid
PAY007124,INV07124,2026-03-18,6300.92,Paid
PAY007125,INV07125,2026-10-22,39508.8,Paid
PAY007126,INV07126,2026-04-21,4414.04,Paid
PAY007127,INV07127,2026-07-01,91363.66,Paid
PAY007128,INV07128,2026-06-14,78142.58,Paid
PAY007129,INV07129,2026-05-16,108442.22,Paid
PAY007130,INV07130,2026-04-20,21541.83,Paid
PAY007131,INV07131,2026-07-28,271508.56,Paid
PAY007132,INV07132,2026-07-13,924488.25,Paid
PAY007133,INV07133,2026-07-24,68149.84,Paid
PAY007134,INV07134,2026-05-20,1202041.22,Paid
PAY007135,INV07135,2026-09-14,32866.4,Paid
PAY007136,INV07136,2026-04-11,719890.0,Paid
PAY007137,INV07137,2026-03-23,164168.03,Paid
PAY007138,INV07138,2026-07-03,181532.97,Paid
PAY007139,INV07139,2026-05-15,44051.38,Paid
PAY007140,INV07140,2026-05-03,35655.9,Paid
PAY007141,INV07141,2026-06-13,230493.54,Paid
PAY007142,INV07142,2026-03-27,119072.86,Paid
PAY007143,INV07143,2026-06-16,110645.12,Paid
PAY007144,INV07144,2026-03-08,27056.84,Paid
PAY007145,INV07145,2026-09-07,59629.5,Paid
PAY007146,INV07146,2026-05-06,1927.89,Paid
PAY007147,INV07147,2026-07-21,117784.8,Paid
PAY007148,INV07148,2026-04-10,44207.6,Paid
PAY007149,INV07149,2026-09-26,1873.49,Paid
PAY007150,INV07150,2026-05-08,3577.67,Paid
PAY007151,INV07151,2026-08-14,37451.79,Paid
PAY007152,INV07152,2026-07-24,151897.86,Paid
PAY007153,INV07153,2026-06-01,35225.29,Paid
PAY007154,INV07154,2026-08-13,678101.2,Paid
PAY007155,INV07155,2026-09-13,28521.1,Paid
PAY007156,INV07156,2026-04-05,36378.09,Paid
PAY007157,INV07157,2026-08-03,194113.78,Paid
PAY007158,INV07158,2026-07-02,3311324.85,Paid
PAY007159,INV07159,2026-06-06,18034.02,Paid
PAY007160,INV07160,2026-03-19,108051.33,Paid
PAY007161,INV07161,2026-03-30,86340.0,Paid
PAY007162,INV07162,2026-05-20,15581.9,Paid
PAY007163,INV07163,2026-04-08,192693.2,Paid
PAY007164,INV07164,2026-09-27,1459421.6,Paid
PAY007165,INV07165,2026-09-05,909181.15,Paid
PAY007166,INV07166,2026-10-25,2505300.0,Paid
PAY007167,INV07167,2026-10-10,802809.5,Paid
PAY007168,INV07168,2026-05-04,350817.54,Paid
PAY007169,INV07169,2026-09-02,6591524.25,Paid
PAY007170,INV07170,2026-03-30,3811.47,Paid
PAY007171,INV07171,2026-08-23,34197.98,Paid
PAY007172,INV07172,2026-08-14,7560466.5,Paid
PAY007173,INV07173,2026-05-11,16636.31,Paid
PAY007174,INV07174,2026-03-18,11349.52,Paid
PAY007175,INV07175,2026-04-07,35315.95,Paid
PAY007176,INV07176,2026-05-17,1657016.48,Paid
PAY007177,INV07177,2026-09-30,58887.99,Paid
PAY007178,INV07178,2026-04-30,4238841.6,Paid
PAY007179,INV07179,2026-07-23,14325.36,Paid
PAY007180,INV07180,2026-04-04,11618073.6,Paid
PAY007181,INV07181,2026-09-10,215943.2,Paid
PAY007182,INV07182,2026-05-31,15800.86,Paid
PAY007183,INV07183,2026-08-08,1760992.8,Paid
PAY007184,INV07184,2026-06-09,39161.0,Paid
PAY007185,INV07185,2026-04-24,15100.89,Paid
PAY007186,INV07186,2026-07-15,883830.0,Paid
PAY007187,INV07187,2026-03-18,18218.24,Paid
PAY007188,INV07188,2026-03-28,4042794.0,Paid
PAY007189,INV07189,2026-04-02,146336.5,Paid
PAY007190,INV07190,2026-07-09,151006.5,Paid
PAY007191,INV07191,2026-08-07,155865.15,Paid
PAY007192,INV07192,2026-09-08,4365.5,Paid
PAY007193,INV07193,2026-08-28,43725.47,Paid
PAY007194,INV07194,2026-05-19,23151.74,Paid
PAY007195,INV07195,2026-06-13,70218.33,Paid
PAY007196,INV07196,2026-06-08,3914.44,Paid
PAY007197,INV07197,2026-04-17,3438.88,Paid
PAY007198,INV07198,2026-04-26,1346200.0,Paid
PAY007199,INV07199,2026-08-06,2301985.0,Paid
PAY007200,INV07200,2026-07-15,39237.23,Paid
PAY007201,INV07201,2026-07-23,54805.18,Paid
PAY007202,INV07202,2026-04-01,5304660.5,Paid
PAY007203,INV07203,,,Scheduled
PAY007204,INV07204,2026-05-03,13940.6,Paid
PAY007205,INV07205,,,Scheduled
PAY007206,INV07206,,,Scheduled
PAY007207,INV07207,,,Scheduled
PAY007208,INV07208,,,Scheduled
PAY007209,INV07209,2026-07-17,3009.74,Paid
PAY007210,INV07210,,,Scheduled
PAY007211,INV07211,2026-06-20,12868.8,Paid
PAY007212,INV07212,2026-09-21,9191.83,Paid
PAY007213,INV07213,,,Scheduled
PAY007214,INV07214,2026-03-27,203579.5,Paid
PAY007215,INV07215,,,Scheduled
PAY007216,INV07216,2026-06-02,59142.89,Paid
PAY007217,INV07217,,,Scheduled
PAY007218,INV07218,,,Scheduled
PAY007219,INV07219,,,Scheduled
PAY007220,INV07220,,,Scheduled
PAY007221,INV07221,2026-04-26,10328.11,Paid
PAY007222,INV07222,2026-08-28,1181.63,Paid
PAY007223,INV07223,2026-09-26,10761.32,Paid
PAY007224,INV07224,2026-05-01,49866.08,Paid
PAY007225,INV07225,2026-07-06,606812.5,Paid
PAY007226,INV07226,2026-05-27,4025145.6,Paid
PAY007227,INV07227,,,Scheduled
PAY007228,INV07228,,,Scheduled
PAY007229,INV07229,,,Scheduled
PAY007230,INV07230,2026-08-21,55174.0,Paid
PAY007231,INV07231,,,Scheduled
PAY007232,INV07232,2026-08-10,1039484.32,Paid
PAY007233,INV07233,,,Scheduled
PAY007234,INV07234,,,Scheduled
PAY007235,INV07235,2026-04-15,762378.4,Paid
PAY007236,INV07236,2026-05-28,122697.12,Paid
PAY007237,INV07237,,,Scheduled
PAY007238,INV07238,2026-04-12,15013.2,Paid
PAY007239,INV07239,,,Scheduled
PAY007240,INV07240,2026-08-24,3352.27,Paid
PAY007241,INV07241,2026-07-28,35635.53,Paid
PAY007242,INV07242,2026-08-07,1360162.0,Paid
PAY007243,INV07243,,,Scheduled
PAY007244,INV07244,2026-07-03,156509.92,Paid
PAY007245,INV07245,2026-07-08,20758.98,Paid
PAY007246,INV07246,,,Scheduled
PAY007247,INV07247,,,Scheduled
PAY007248,INV07248,,,Scheduled
PAY007249,INV07249,,,Scheduled
PAY007250,INV07250,,,Scheduled
PAY007251,INV07251,2026-07-14,504280.0,Paid
PAY007252,INV07252,2026-08-20,2076.03,Paid
PAY007253,INV07253,2026-04-15,2133.88,Paid
PAY007254,INV07254,,,Scheduled
PAY007255,INV07255,2026-09-16,9237135.0,Paid
PAY007256,INV07256,2026-04-04,3603.52,Paid
PAY007257,INV07257,,,Scheduled
PAY007258,INV07258,,,Scheduled
PAY007259,INV07259,,,Scheduled
PAY007260,INV07260,,,Scheduled
PAY007261,INV07261,,,Scheduled
PAY007262,INV07262,2026-03-07,24820.82,Paid
PAY007263,INV07263,,,Scheduled
PAY007264,INV07264,,,Scheduled
PAY007265,INV07265,2026-05-24,1184.3,Paid
PAY007266,INV07266,2026-03-27,8605.3,Paid
PAY007267,INV07267,,,Scheduled
PAY007268,INV07268,2026-04-21,931600.56,Paid
PAY007269,INV07269,2026-09-25,473718.0,Paid
PAY007270,INV07270,,,Scheduled
PAY007271,INV07271,2026-04-22,317965.76,Paid
PAY007272,INV07272,2026-04-09,2526.71,Paid
PAY007273,INV07273,2026-08-10,174196.0,Paid
PAY007274,INV07274,,,Scheduled
PAY007275,INV07275,2026-08-04,136719.52,Paid
PAY007276,INV07276,2026-04-15,49213.69,Paid
PAY007277,INV07277,2026-07-16,2775.78,Paid
PAY007278,INV07278,,,Scheduled
PAY007279,INV07279,2026-04-30,45600.97,Paid
PAY007280,INV07280,,,Scheduled
PAY007281,INV07281,2026-03-28,414603.0,Paid
PAY007282,INV07282,,,Scheduled
PAY007283,INV07283,2026-07-31,2167336.5,Paid
PAY007284,INV07284,2026-06-17,130375.0,Paid
PAY007285,INV07285,,,Scheduled
PAY007286,INV07286,,,Scheduled
PAY007287,INV07287,,,Scheduled
PAY007288,INV07288,2026-03-20,25246.79,Paid
PAY007289,INV07289,,,Scheduled
PAY007290,INV07290,2026-06-01,216484.4,Paid
PAY007291,INV07291,2026-05-11,530255.66,Paid
PAY007292,INV07292,,,Scheduled
PAY007293,INV07293,,,Scheduled
PAY007294,INV07294,2026-08-08,10807.38,Paid
PAY007295,INV07295,2026-07-02,2013.49,Paid
PAY007296,INV07296,,,Scheduled
PAY007297,INV07297,2026-07-07,9891993.1,Paid
PAY007298,INV07298,,,Scheduled
PAY007299,INV07299,2026-03-31,958384.0,Paid
PAY007300,INV07300,,,Scheduled
PAY007301,INV07301,,,Scheduled
PAY007302,INV07302,2026-05-17,3902.51,Paid
PAY007303,INV07303,2026-09-15,30212.49,Paid
PAY007304,INV07304,,,Scheduled
PAY007305,INV07305,2026-08-06,2212.53,Paid
PAY007306,INV07306,,,Scheduled
PAY007307,INV07307,,,Scheduled
PAY007308,INV07308,,,Scheduled
PAY007309,INV07309,2026-05-07,17655295.0,Paid
PAY007310,INV07310,,,Scheduled
PAY007311,INV07311,,,Scheduled
PAY007312,INV07312,,,Scheduled
PAY007313,INV07313,2026-09-04,188543.0,Paid
PAY007314,INV07314,,,Scheduled
PAY007315,INV07315,,,Scheduled
PAY007316,INV07316,,,Scheduled
PAY007317,INV07317,2026-07-21,719567.74,Paid
PAY007318,INV07318,,,Scheduled
PAY007319,INV07319,2026-05-05,28616.5,Paid
PAY007320,INV07320,,,Scheduled
PAY007321,INV07321,,,Scheduled
PAY007322,INV07322,,,Scheduled
PAY007323,INV07323,2026-07-16,12292537.9,Paid
PAY007324,INV07324,,,Scheduled
PAY007325,INV07325,2026-05-21,145758.9,Paid
PAY007326,INV07326,,,Scheduled
PAY007327,INV07327,2026-06-17,165753.73,Paid
PAY007328,INV07328,2026-07-02,616289.62,Paid
PAY007329,INV07329,,,Scheduled
PAY007330,INV07330,,,Scheduled
PAY007331,INV07331,2026-08-19,92738.09,Paid
PAY007332,INV07332,2026-03-12,973564.9,Paid
PAY007333,INV07333,,,Scheduled
PAY007334,INV07334,2026-04-27,147226.49,Paid
PAY007335,INV07335,2026-08-13,26551.25,Paid
PAY007336,INV07336,,,Scheduled
PAY007337,INV07337,2026-09-01,150805.0,Paid
PAY007338,INV07338,,,Scheduled
PAY007339,INV07339,2026-05-26,466872.56,Paid
PAY007340,INV07340,,,Scheduled
PAY007341,INV07341,,,Scheduled
PAY007342,INV07342,,,Scheduled
PAY007343,INV07343,,,Scheduled
PAY007344,INV07344,2026-03-27,2823275.0,Paid
PAY007345,INV07345,,,Scheduled
PAY007346,INV07346,2026-06-27,18919.7,Paid
PAY007347,INV07347,,,Scheduled
PAY007348,INV07348,2026-06-08,94516.8,Paid
PAY007349,INV07349,2026-07-12,29529.26,Paid
PAY007350,INV07350,,,Scheduled
PAY007351,INV07351,2026-03-24,3731624.4,Paid
PAY007352,INV07352,2026-04-02,230086.08,Paid
PAY007353,INV07353,,,Scheduled
PAY007354,INV07354,2026-04-10,1365681.0,Paid
PAY007355,INV07355,2026-09-26,3468152.75,Paid
PAY007356,INV07356,,,Scheduled
PAY007357,INV07357,2026-05-19,6977.25,Paid
PAY007358,INV07358,,,Scheduled
PAY007359,INV07359,,,Scheduled
PAY007360,INV07360,2026-08-11,1309504.0,Paid
PAY007361,INV07361,,,Scheduled
PAY007362,INV07362,,,Scheduled
PAY007363,INV07363,,,Scheduled
PAY007364,INV07364,2026-08-29,76153.35,Paid
PAY007365,INV07365,,,Scheduled
PAY007366,INV07366,2026-06-01,2675033.45,Paid
PAY007367,INV07367,,,Scheduled
PAY007368,INV07368,,,Scheduled
PAY007369,INV07369,2026-03-22,142052.61,Paid
PAY007370,INV07370,,,Scheduled
PAY007371,INV07371,,,Scheduled
PAY007372,INV07372,2026-09-03,5208.57,Paid
PAY007373,INV07373,2026-09-12,2057781.6,Paid
PAY007374,INV07374,2026-05-14,10754.45,Paid
PAY007375,INV07375,2026-03-19,314202.0,Paid
PAY007376,INV07376,,,Scheduled
PAY007377,INV07377,,,Scheduled
PAY007378,INV07378,2026-05-09,1595098.05,Paid
PAY007379,INV07379,2026-05-21,7355014.8,Paid
PAY007380,INV07380,2026-03-27,94041.2,Paid
PAY007381,INV07381,2026-05-25,3091413.15,Paid
PAY007382,INV07382,2026-09-18,822431.4,Paid
PAY007383,INV07383,2026-07-26,752956.4,Paid
PAY007384,INV07384,,,Scheduled
PAY007385,INV07385,,,Scheduled
PAY007386,INV07386,,,Scheduled
PAY007387,INV07387,,,Scheduled
PAY007388,INV07388,2026-07-24,525931.35,Paid
PAY007389,INV07389,,,Scheduled
PAY007390,INV07390,,,Scheduled
PAY007391,INV07391,,,Scheduled
PAY007392,INV07392,,,Scheduled
PAY007393,INV07393,,,Scheduled
PAY007394,INV07394,,,Scheduled
PAY007395,INV07395,2026-02-17,467613.44,Paid
PAY007396,INV07396,2026-05-09,6821780.0,Paid
PAY007397,INV07397,,,Scheduled
PAY007398,INV07398,,,Scheduled
PAY007399,INV07399,2026-06-27,221347.88,Paid
PAY007400,INV07400,2026-03-16,1988728.0,Paid
PAY007401,INV07401,2026-04-23,435830.0,Paid
PAY007402,INV07402,,,Scheduled
PAY007403,INV07403,2026-06-10,249869.55,Paid
PAY007404,INV07404,,,Scheduled
PAY007405,INV07405,2026-04-04,990326.8,Paid
PAY007406,INV07406,2026-07-19,24797.64,Paid
PAY007407,INV07407,2026-03-22,5878616.62,Paid
PAY007408,INV07408,,,Scheduled
PAY007409,INV07409,,,Scheduled
PAY007410,INV07410,,,Scheduled
PAY007411,INV07411,,,Scheduled
PAY007412,INV07412,2026-03-15,309580.67,Paid
PAY007413,INV07413,2026-10-06,49115.81,Paid
PAY007414,INV07414,,,Scheduled
PAY007415,INV07415,,,Scheduled
PAY007416,INV07416,,,Scheduled
PAY007417,INV07417,,,Scheduled
PAY007418,INV07418,,,Scheduled
PAY007419,INV07419,,,Scheduled
PAY007420,INV07420,,,Scheduled
PAY007421,INV07421,2026-06-08,3071476.8,Paid
PAY007422,INV07422,,,Scheduled
PAY007423,INV07423,2026-06-28,100267.2,Paid
PAY007424,INV07424,2026-09-29,44828.06,Paid
PAY007425,INV07425,,,Scheduled
PAY007426,INV07426,2026-10-04,11223850.4,Paid
PAY007427,INV07427,2026-09-29,1471087.8,Paid
PAY007428,INV07428,,,Scheduled
PAY007429,INV07429,2026-09-04,3777.4,Paid
PAY007430,INV07430,2026-07-01,108983.91,Paid
PAY007431,INV07431,2026-05-14,1088653.44,Paid
PAY007432,INV07432,,,Scheduled
PAY007433,INV07433,,,Scheduled
PAY007434,INV07434,,,Scheduled
PAY007435,INV07435,,,Scheduled
PAY007436,INV07436,2026-06-16,65408.11,Paid
PAY007437,INV07437,,,Scheduled
PAY007438,INV07438,2026-08-15,47331.38,Paid
PAY007439,INV07439,,,Scheduled
PAY007440,INV07440,2026-07-29,671580.0,Paid
PAY007441,INV07441,2026-07-25,25011.38,Paid
PAY007442,INV07442,2026-06-10,172999.0,Paid
PAY007443,INV07443,2026-07-22,4262.21,Paid
PAY007444,INV07444,2026-03-19,1259580.0,Paid
PAY007445,INV07445,,,Scheduled
PAY007446,INV07446,,,Scheduled
PAY007447,INV07447,,,Scheduled
PAY007448,INV07448,2026-04-25,190511.0,Paid
PAY007449,INV07449,2026-07-27,29834.53,Paid
PAY007450,INV07450,,,Scheduled
PAY007451,INV07451,,,Scheduled
PAY007452,INV07452,,,Scheduled
PAY007453,INV07453,,,Scheduled
PAY007454,INV07454,2026-06-04,17846.53,Paid
PAY007455,INV07455,,,Scheduled
PAY007456,INV07456,,,Scheduled
PAY007457,INV07457,2026-03-31,295014.72,Paid
PAY007458,INV07458,,,Scheduled
PAY007459,INV07459,2026-06-08,678252.75,Paid
PAY007460,INV07460,,,Scheduled
PAY007461,INV07461,2026-03-01,52170.94,Paid
PAY007462,INV07462,,,Scheduled
PAY007463,INV07463,,,Scheduled
PAY007464,INV07464,,,Scheduled
PAY007465,INV07465,,,Scheduled
PAY007466,INV07466,,,Scheduled
PAY007467,INV07467,2026-06-04,18486.05,Paid
PAY007468,INV07468,2026-08-10,653856.22,Paid
PAY007469,INV07469,,,Scheduled
PAY007470,INV07470,2026-08-16,360014.14,Paid
PAY007471,INV07471,,,Scheduled
PAY007472,INV07472,2026-03-09,32359.38,Paid
PAY007473,INV07473,,,Scheduled
PAY007474,INV07474,,,Scheduled
PAY007475,INV07475,,,Scheduled
PAY007476,INV07476,,,Scheduled
PAY007477,INV07477,,,Scheduled
PAY007478,INV07478,2026-07-20,49548.05,Paid
PAY007479,INV07479,,,Scheduled
PAY007480,INV07480,2026-05-28,69884.85,Paid
PAY007481,INV07481,,,Scheduled
PAY007482,INV07482,2026-03-01,1971669.0,Paid
PAY007483,INV07483,2026-04-30,23500.87,Paid
PAY007484,INV07484,2026-09-05,97177.92,Paid
PAY007485,INV07485,,,Scheduled
PAY007486,INV07486,2026-05-02,24813.51,Paid
PAY007487,INV07487,2026-09-29,2467903.2,Paid
PAY007488,INV07488,,,Scheduled
PAY007489,INV07489,2026-10-08,195570.5,Paid
PAY007490,INV07490,,,Scheduled
PAY007491,INV07491,,,Scheduled
PAY007492,INV07492,2026-04-26,184903.26,Paid
PAY007493,INV07493,,,Scheduled
PAY007494,INV07494,,,Scheduled
PAY007495,INV07495,,,Scheduled
PAY007496,INV07496,,,Scheduled
PAY007497,INV07497,2026-03-21,28511.22,Paid
PAY007498,INV07498,2026-04-01,9049.5,Paid
PAY007499,INV07499,,,Scheduled
PAY007500,INV07500,,,Scheduled
PAY007501,INV07501,,,Scheduled
PAY007502,INV07502,2026-08-10,43020.2,Paid
PAY007503,INV07503,2026-05-22,6812.53,Paid
PAY007504,INV07504,2026-06-24,35226.45,Paid
PAY007505,INV07505,,,Scheduled
PAY007506,INV07506,,,Scheduled
PAY007507,INV07507,,,Scheduled
PAY007508,INV07508,2026-06-15,354397.34,Paid
PAY007509,INV07509,2026-08-01,6538258.12,Paid
PAY007510,INV07510,,,Scheduled
PAY007511,INV07511,,,Scheduled
PAY007512,INV07512,2026-09-04,784823.9,Paid
PAY007513,INV07513,2026-02-11,51873.36,Paid
PAY007514,INV07514,,,Scheduled
PAY007515,INV07515,2026-05-16,496931.61,Paid
PAY007516,INV07516,2026-07-23,671094.37,Paid
PAY007517,INV07517,2026-06-14,34277.8,Paid
PAY007518,INV07518,,,Scheduled
PAY007519,INV07519,,,Scheduled
PAY007520,INV07520,,,Scheduled
PAY007521,INV07521,,,Scheduled
PAY007522,INV07522,2026-07-30,496262.5,Paid
PAY007523,INV07523,2026-10-14,281142.33,Paid
PAY007524,INV07524,,,Scheduled
PAY007525,INV07525,,,Scheduled
PAY007526,INV07526,,,Scheduled
PAY007527,INV07527,,,Scheduled
PAY007528,INV07528,2026-04-30,390172.16,Paid
PAY007529,INV07529,,,Scheduled
PAY007530,INV07530,,,Scheduled
PAY007531,INV07531,,,Scheduled
PAY007532,INV07532,2026-06-01,270043.2,Paid
PAY007533,INV07533,,,Scheduled
PAY007534,INV07534,2026-07-09,16033.06,Paid
PAY007535,INV07535,,,Scheduled
PAY007536,INV07536,,,Scheduled
PAY007537,INV07537,,,Scheduled
PAY007538,INV07538,2026-10-17,35898.0,Paid
PAY007539,INV07539,2026-03-30,1859.98,Paid
PAY007540,INV07540,,,Scheduled
PAY007541,INV07541,,,Scheduled
PAY007542,INV07542,2026-03-04,130014.8,Paid
PAY007543,INV07543,,,Scheduled
PAY007544,INV07544,,,Scheduled
PAY007545,INV07545,,,Scheduled
PAY007546,INV07546,2026-06-17,183.59,Paid
PAY007547,INV07547,,,Scheduled
PAY007548,INV07548,2026-09-06,488785.0,Paid
PAY007549,INV07549,,,Scheduled
PAY007550,INV07550,,,Scheduled
PAY007551,INV07551,,,Scheduled
PAY007552,INV07552,,,Scheduled
PAY007553,INV07553,2026-09-05,480700.14,Paid
PAY007554,INV07554,2026-05-26,357246.75,Paid
PAY007555,INV07555,2026-02-28,399847.88,Paid
PAY007556,INV07556,,,Scheduled
PAY007557,INV07557,2026-06-23,69061.35,Paid
PAY007558,INV07558,2026-06-10,1075860.0,Paid
PAY007559,INV07559,2026-04-05,2426.32,Paid
PAY007560,INV07560,,,Scheduled
PAY007561,INV07561,,,Scheduled
PAY007562,INV07562,,,Scheduled
PAY007563,INV07563,,,Scheduled
PAY007564,INV07564,,,Scheduled
PAY007565,INV07565,2026-07-26,1896738.0,Paid
PAY007566,INV07566,,,Scheduled
PAY007567,INV07567,2026-05-28,1112422.5,Paid
PAY007568,INV07568,2026-09-15,254937.2,Paid
PAY007569,INV07569,,,Scheduled
PAY007570,INV07570,,,Scheduled
PAY007571,INV07571,,,Scheduled
PAY007572,INV07572,,,Scheduled
PAY007573,INV07573,,,Scheduled
PAY007574,INV07574,,,Scheduled
PAY007575,INV07575,,,Scheduled
PAY007576,INV07576,2026-08-30,1307460.0,Paid
PAY007577,INV07577,2026-06-26,865228.0,Paid
PAY007578,INV07578,,,Scheduled
PAY007579,INV07579,2026-03-12,8576.72,Paid
PAY007580,INV07580,2026-04-27,5176430.0,Paid
PAY007581,INV07581,,,Scheduled
PAY007582,INV07582,,,Scheduled
PAY007583,INV07583,2026-05-03,5213580.75,Paid
PAY007584,INV07584,2026-06-13,76891.5,Paid
PAY007585,INV07585,,,Scheduled
PAY007586,INV07586,2026-06-15,1914.72,Paid
PAY007587,INV07587,,,Scheduled
PAY007588,INV07588,,,Scheduled
PAY007589,INV07589,,,Scheduled
PAY007590,INV07590,2026-08-07,1177021.12,Paid
PAY007591,INV07591,,,Scheduled
PAY007592,INV07592,,,Scheduled
PAY007593,INV07593,,,Scheduled
PAY007594,INV07594,,,Scheduled
PAY007595,INV07595,2026-04-15,191364.32,Paid
PAY007596,INV07596,2026-09-02,60406.75,Paid
PAY007597,INV07597,2026-09-16,7867827.0,Paid
PAY007598,INV07598,2026-03-11,15370.49,Paid
PAY007599,INV07599,,,Scheduled
PAY007600,INV07600,,,Scheduled
PAY007601,INV07601,,,Scheduled
PAY007602,INV07602,,,Scheduled
PAY007603,INV07603,2026-06-11,4183802.1,Paid
PAY007604,INV07604,,,Scheduled
PAY007605,INV07605,,,Scheduled
PAY007606,INV07606,2026-06-08,1909.1,Paid
PAY007607,INV07607,,,Scheduled
PAY007608,INV07608,,,Scheduled
PAY007609,INV07609,2026-04-29,274521.0,Paid
PAY007610,INV07610,2026-07-11,131792.85,Paid
PAY007611,INV07611,2026-07-03,1389193.12,Paid
PAY007612,INV07612,,,Scheduled
PAY007613,INV07613,2026-09-07,43488.55,Paid
PAY007614,INV07614,,,Scheduled
PAY007615,INV07615,2026-03-30,10478.95,Paid
PAY007616,INV07616,2026-05-18,77914.04,Paid
PAY007617,INV07617,2026-07-03,28235.9,Paid
PAY007618,INV07618,2026-05-13,6330.22,Paid
PAY007619,INV07619,2026-05-05,144933.5,Paid
PAY007620,INV07620,2026-10-03,190533.28,Paid
PAY007621,INV07621,,,Scheduled
PAY007622,INV07622,2026-05-07,14142.56,Paid
PAY007623,INV07623,,,Scheduled
PAY007624,INV07624,2026-08-03,222692.55,Paid
PAY007625,INV07625,,,Scheduled
PAY007626,INV07626,,,Scheduled
PAY007627,INV07627,,,Scheduled
PAY007628,INV07628,,,Scheduled
PAY007629,INV07629,,,Scheduled
PAY007630,INV07630,2026-04-11,1494269.28,Paid
PAY007631,INV07631,,,Scheduled
PAY007632,INV07632,,,Scheduled
PAY007633,INV07633,2026-03-02,303520.14,Paid
PAY007634,INV07634,2026-10-06,859230.75,Paid
PAY007635,INV07635,,,Scheduled
PAY007636,INV07636,2026-07-05,10099.03,Paid
PAY007637,INV07637,,,Scheduled
PAY007638,INV07638,2026-06-16,314824.83,Paid
PAY007639,INV07639,,,Scheduled
PAY007640,INV07640,2026-05-12,50525.36,Paid
PAY007641,INV07641,,,Scheduled
PAY007642,INV07642,,,Scheduled
PAY007643,INV07643,,,Scheduled
PAY007644,INV07644,,,Scheduled
PAY007645,INV07645,2026-09-09,270212.92,Paid
PAY007646,INV07646,2026-02-09,182740.4,Paid
PAY007647,INV07647,2026-03-29,67083.47,Paid
PAY007648,INV07648,,,Scheduled
PAY007649,INV07649,,,Scheduled
PAY007650,INV07650,,,Scheduled
PAY007651,INV07651,,,Scheduled
PAY007652,INV07652,,,Scheduled
PAY007653,INV07653,2026-06-13,3039820.0,Paid
PAY007654,INV07654,,,Scheduled
PAY007655,INV07655,,,Scheduled
PAY007656,INV07656,,,Scheduled
PAY007657,INV07657,2026-07-05,4473.52,Paid
PAY007658,INV07658,2026-07-26,1629201.0,Paid
PAY007659,INV07659,,,Scheduled
PAY007660,INV07660,2026-07-31,230700.29,Paid
PAY007661,INV07661,2026-06-03,378341.6,Paid
PAY007662,INV07662,2026-04-15,294438.9,Paid
PAY007663,INV07663,,,Scheduled
PAY007664,INV07664,,,Scheduled
PAY007665,INV07665,2026-04-29,30554.57,Paid
PAY007666,INV07666,,,Scheduled
PAY007667,INV07667,,,Scheduled
PAY007668,INV07668,,,Scheduled
PAY007669,INV07669,2026-08-07,355504.2,Paid
PAY007670,INV07670,,,Scheduled
PAY007671,INV07671,,,Scheduled
PAY007672,INV07672,,,Scheduled
PAY007673,INV07673,2026-07-12,167794.73,Paid
PAY007674,INV07674,,,Scheduled
PAY007675,INV07675,,,Scheduled
PAY007676,INV07676,,,Scheduled
PAY007677,INV07677,,,Scheduled
PAY007678,INV07678,2026-05-24,8988.99,Paid
PAY007679,INV07679,2026-04-19,265062.78,Paid
PAY007680,INV07680,,,Scheduled
PAY007681,INV07681,,,Scheduled
PAY007682,INV07682,,,Scheduled
PAY007683,INV07683,2026-07-14,3980928.0,Paid
PAY007684,INV07684,,,Scheduled
PAY007685,INV07685,,,Scheduled
PAY007686,INV07686,,,Scheduled
PAY007687,INV07687,2026-07-17,612357.2,Paid
PAY007688,INV07688,2026-10-08,157319.51,Paid
PAY007689,INV07689,,,Scheduled
PAY007690,INV07690,,,Scheduled
PAY007691,INV07691,,,Scheduled
PAY007692,INV07692,,,Scheduled
PAY007693,INV07693,2026-10-05,65781.03,Paid
PAY007694,INV07694,,,Scheduled
PAY007695,INV07695,,,Scheduled
PAY007696,INV07696,2026-08-24,43174.24,Paid
PAY007697,INV07697,,,Scheduled
PAY007698,INV07698,,,Scheduled
PAY007699,INV07699,2026-10-01,30589.02,Paid
PAY007700,INV07700,2026-06-19,2891.6,Paid
PAY007701,INV07701,2026-05-05,2230.48,Paid
PAY007702,INV07702,2026-02-16,2923735.5,Paid
PAY007703,INV07703,,,Scheduled
PAY007704,INV07704,2026-06-28,8454.45,Paid
PAY007705,INV07705,,,Scheduled
PAY007706,INV07706,2026-05-02,20381.76,Paid
PAY007707,INV07707,,,Scheduled
PAY007708,INV07708,2026-01-26,7045667.9,Paid
PAY007709,INV07709,2026-09-05,177013.6,Paid
PAY007710,INV07710,2026-04-11,98677.5,Paid
PAY007711,INV07711,,,Scheduled
PAY007712,INV07712,,,Scheduled
PAY007713,INV07713,2026-08-30,32496.45,Paid
PAY007714,INV07714,,,Scheduled
PAY007715,INV07715,,,Scheduled
PAY007716,INV07716,2026-06-21,103079.84,Paid
PAY007717,INV07717,2026-05-02,12037852.4,Paid
PAY007718,INV07718,,,Scheduled
PAY007719,INV07719,2026-05-02,3539315.0,Paid
PAY007720,INV07720,2026-04-18,12456738.0,Paid
PAY007721,INV07721,2026-05-20,6618310.25,Paid
PAY007722,INV07722,,,Scheduled
PAY007723,INV07723,2026-08-20,231189.85,Paid
PAY007724,INV07724,,,Scheduled
PAY007725,INV07725,2026-09-10,7921.36,Paid
PAY007726,INV07726,,,Scheduled
PAY007727,INV07727,,,Scheduled
PAY007728,INV07728,2026-07-12,32507.0,Paid
PAY007729,INV07729,,,Scheduled
PAY007730,INV07730,2026-08-07,1598448.32,Paid
PAY007731,INV07731,,,Scheduled
PAY007732,INV07732,,,Scheduled
PAY007733,INV07733,,,Scheduled
PAY007734,INV07734,,,Scheduled
PAY007735,INV07735,,,Scheduled
PAY007736,INV07736,,,Scheduled
PAY007737,INV07737,2026-08-22,2182.32,Paid
PAY007738,INV07738,,,Scheduled
PAY007739,INV07739,2026-08-05,36436.29,Paid
PAY007740,INV07740,,,Scheduled
PAY007741,INV07741,2026-08-15,1453510.8,Paid
PAY007742,INV07742,,,Scheduled
PAY007743,INV07743,2026-05-05,11707.98,Paid
PAY007744,INV07744,2026-08-12,1060.56,Paid
PAY007745,INV07745,,,Scheduled
PAY007746,INV07746,2026-07-26,67480.0,Paid
PAY007747,INV07747,,,Scheduled
PAY007748,INV07748,2026-05-30,160765.19,Paid
PAY007749,INV07749,,,Scheduled
PAY007750,INV07750,2026-05-10,947870.4,Paid
PAY007751,INV07751,,,Scheduled
PAY007752,INV07752,2026-08-16,23676.37,Paid
PAY007753,INV07753,2026-06-05,879603.2,Paid
PAY007754,INV07754,2026-09-01,791654.33,Paid
PAY007755,INV07755,,,Scheduled
PAY007756,INV07756,2026-08-08,9673.61,Paid
PAY007757,INV07757,2026-02-22,7063934.3,Paid
PAY007758,INV07758,,,Scheduled
PAY007759,INV07759,,,Scheduled
PAY007760,INV07760,,,Scheduled
PAY007761,INV07761,2026-05-21,38814.16,Paid
PAY007762,INV07762,,,Scheduled
PAY007763,INV07763,,,Scheduled
PAY007764,INV07764,,,Scheduled
PAY007765,INV07765,,,Scheduled
PAY007766,INV07766,2026-07-27,3928601.14,Paid
PAY007767,INV07767,,,Scheduled
PAY007768,INV07768,,,Scheduled
PAY007769,INV07769,,,Scheduled
PAY007770,INV07770,2026-06-30,35310.9,Paid
PAY007771,INV07771,2026-06-23,5659.36,Paid
PAY007772,INV07772,,,Scheduled
PAY007773,INV07773,,,Scheduled
PAY007774,INV07774,,,Scheduled
PAY007775,INV07775,,,Scheduled
PAY007776,INV07776,2026-10-09,2749569.92,Paid
PAY007777,INV07777,2026-02-06,1197983.2,Paid
PAY007778,INV07778,,,Scheduled
PAY007779,INV07779,,,Scheduled
PAY007780,INV07780,,,Scheduled
PAY007781,INV07781,,,Scheduled
PAY007782,INV07782,,,Scheduled
PAY007783,INV07783,,,Scheduled
PAY007784,INV07784,,,Scheduled
PAY007785,INV07785,2026-05-04,480938.5,Paid
PAY007786,INV07786,,,Scheduled
PAY007787,INV07787,,,Scheduled
PAY007788,INV07788,,,Scheduled
PAY007789,INV07789,,,Scheduled
PAY007790,INV07790,2026-06-13,448791.0,Paid
PAY007791,INV07791,,,Scheduled
PAY007792,INV07792,,,Scheduled
PAY007793,INV07793,2026-08-12,2519096.0,Paid
PAY007794,INV07794,,,Scheduled
PAY007795,INV07795,2026-08-02,3189.95,Paid
PAY007796,INV07796,,,Scheduled
PAY007797,INV07797,,,Scheduled
PAY007798,INV07798,2026-05-25,373154.2,Paid
PAY007799,INV07799,,,Scheduled
PAY007800,INV07800,,,Scheduled
PAY007801,INV07801,,,Scheduled
PAY007802,INV07802,,,Scheduled
PAY007803,INV07803,,,Scheduled
PAY007804,INV07804,,,Scheduled
PAY007805,INV07805,2026-02-23,471197.8,Paid
PAY007806,INV07806,2026-08-20,956034.24,Paid
PAY007807,INV07807,2026-06-15,461443.5,Paid
PAY007808,INV07808,2026-09-18,38444.0,Paid
PAY007809,INV07809,,,Scheduled
PAY007810,INV07810,2026-03-02,90189.07,Paid
PAY007811,INV07811,,,Scheduled
PAY007812,INV07812,2026-08-13,209783.28,Paid
PAY007813,INV07813,2026-04-20,12514.8,Paid
PAY007814,INV07814,,,Scheduled
PAY007815,INV07815,,,Scheduled
PAY007816,INV07816,2026-09-24,150.53,Paid
PAY007817,INV07817,2026-08-16,27934.2,Paid
PAY007818,INV07818,2026-03-14,4524408.0,Paid
PAY007819,INV07819,,,Scheduled
PAY007820,INV07820,,,Scheduled
PAY007821,INV07821,,,Scheduled
PAY007822,INV07822,2026-05-01,187649.28,Paid
PAY007823,INV07823,2026-06-30,169710.0,Paid
PAY007824,INV07824,2026-06-26,3055120.0,Paid
PAY007825,INV07825,2026-08-18,1075347.0,Paid
PAY007826,INV07826,,,Scheduled
PAY007827,INV07827,2026-07-07,289743.1,Paid
PAY007828,INV07828,2026-03-30,191487.07,Paid
PAY007829,INV07829,,,Scheduled
PAY007830,INV07830,,,Scheduled
PAY007831,INV07831,2026-07-21,225690.1,Paid
PAY007832,INV07832,,,Scheduled
PAY007833,INV07833,,,Scheduled
PAY007834,INV07834,,,Scheduled
PAY007835,INV07835,2026-09-09,22878.46,Paid
PAY007836,INV07836,2026-04-12,453895.0,Paid
PAY007837,INV07837,2026-01-19,139887.3,Paid
PAY007838,INV07838,2026-06-20,41885.66,Paid
PAY007839,INV07839,,,Scheduled
PAY007840,INV07840,,,Scheduled
PAY007841,INV07841,2026-08-07,18658472.7,Paid
PAY007842,INV07842,,,Scheduled
PAY007843,INV07843,,,Scheduled
PAY007844,INV07844,,,Scheduled
PAY007845,INV07845,2026-08-06,294484.4,Paid
PAY007846,INV07846,,,Scheduled
PAY007847,INV07847,,,Scheduled
PAY007848,INV07848,,,Scheduled
PAY007849,INV07849,2026-04-11,2826447.75,Paid
PAY007850,INV07850,2026-05-30,17962.64,Paid
PAY007851,INV07851,,,Scheduled
PAY007852,INV07852,,,Scheduled
PAY007853,INV07853,,,Scheduled
PAY007854,INV07854,,,Scheduled
PAY007855,INV07855,,,Scheduled
PAY007856,INV07856,2026-09-16,7864.3,Paid
PAY007857,INV07857,2026-06-04,11660.13,Paid
PAY007858,INV07858,,,Scheduled
PAY007859,INV07859,2026-03-31,72829.6,Paid
PAY007860,INV07860,2026-06-20,511330.4,Paid
PAY007861,INV07861,,,Scheduled
PAY007862,INV07862,2026-06-17,10938015.2,Paid
PAY007863,INV07863,,,Scheduled
PAY007864,INV07864,2026-03-08,329733.04,Paid
PAY007865,INV07865,,,Scheduled
PAY007866,INV07866,,,Scheduled
PAY007867,INV07867,,,Scheduled
PAY007868,INV07868,2026-09-21,27157.72,Paid
PAY007869,INV07869,2026-08-16,663950.34,Paid
PAY007870,INV07870,2026-07-19,569627.5,Paid
PAY007871,INV07871,2026-08-17,9761.96,Paid
PAY007872,INV07872,,,Scheduled
PAY007873,INV07873,,,Scheduled
PAY007874,INV07874,2026-04-20,90847.47,Paid
PAY007875,INV07875,,,Scheduled
PAY007876,INV07876,2026-06-08,66996.1,Paid
PAY007877,INV07877,,,Scheduled
PAY007878,INV07878,,,Scheduled
PAY007879,INV07879,2026-07-21,23003993.25,Paid
PAY007880,INV07880,,,Scheduled
PAY007881,INV07881,2026-06-21,117071.81,Paid
PAY007882,INV07882,,,Scheduled
PAY007883,INV07883,2026-06-12,93388.18,Paid
PAY007884,INV07884,2026-05-31,4397.14,Paid
PAY007885,INV07885,,,Scheduled
PAY007886,INV07886,2026-06-20,632268.0,Paid
PAY007887,INV07887,2026-09-07,1131379.5,Paid
PAY007888,INV07888,2026-04-23,1055160.75,Paid
PAY007889,INV07889,2026-08-09,68155.0,Paid
PAY007890,INV07890,2026-01-30,220521.35,Paid
PAY007891,INV07891,2026-08-17,843768.8,Paid
PAY007892,INV07892,,,Scheduled
PAY007893,INV07893,2026-02-27,6306069.0,Paid
PAY007894,INV07894,,,Scheduled
PAY007895,INV07895,2026-08-31,10154.26,Paid
PAY007896,INV07896,,,Scheduled
PAY007897,INV07897,2026-08-23,1104360.32,Paid
PAY007898,INV07898,2026-06-11,33751.7,Paid
PAY007899,INV07899,,,Scheduled
PAY007900,INV07900,2026-06-23,508589.8,Paid
PAY007901,INV07901,,,Scheduled
PAY007902,INV07902,,,Scheduled
PAY007903,INV07903,2026-05-09,216599.69,Paid
PAY007904,INV07904,2026-03-18,335397.37,Paid
PAY007905,INV07905,2026-05-03,994591.14,Paid
PAY007906,INV07906,,,Scheduled
PAY007907,INV07907,2026-07-06,1223351.1,Paid
PAY007908,INV07908,2026-08-01,278980.89,Paid
PAY007909,INV07909,,,Scheduled
PAY007910,INV07910,2026-04-14,5316.3,Paid
PAY007911,INV07911,2026-04-17,94526.33,Paid
PAY007912,INV07912,,,Scheduled
PAY007913,INV07913,2026-07-19,1133492.34,Paid
PAY007914,INV07914,2026-07-20,418206.51,Paid
PAY007915,INV07915,2026-02-25,516525.19,Paid
PAY007916,INV07916,2026-08-24,123522.76,Paid
PAY007917,INV07917,,,Scheduled
PAY007918,INV07918,,,Scheduled
PAY007919,INV07919,,,Scheduled
PAY007920,INV07920,,,Scheduled
PAY007921,INV07921,2026-07-11,1772.7,Paid
PAY007922,INV07922,,,Scheduled
PAY007923,INV07923,,,Scheduled
PAY007924,INV07924,2026-06-22,3746.11,Paid
PAY007925,INV07925,2026-08-02,229634.91,Paid
PAY007926,INV07926,2026-03-08,21215.35,Paid
PAY007927,INV07927,,,Scheduled
PAY007928,INV07928,,,Scheduled
PAY007929,INV07929,,,Scheduled
PAY007930,INV07930,2026-07-31,11792151.74,Paid
PAY007931,INV07931,,,Scheduled
PAY007932,INV07932,,,Scheduled
PAY007933,INV07933,,,Scheduled
PAY007934,INV07934,2026-07-07,81278.4,Paid
PAY007935,INV07935,,,Scheduled
PAY007936,INV07936,,,Scheduled
PAY007937,INV07937,2026-08-13,745863.04,Paid
PAY007938,INV07938,2026-05-30,12308.67,Paid
PAY007939,INV07939,,,Scheduled
PAY007940,INV07940,,,Scheduled
PAY007941,INV07941,2026-10-01,22736.46,Paid
PAY007942,INV07942,,,Scheduled
PAY007943,INV07943,,,Scheduled
PAY007944,INV07944,2026-09-17,1647462.43,Paid
PAY007945,INV07945,,,Scheduled
PAY007946,INV07946,,,Scheduled
PAY007947,INV07947,,,Scheduled
PAY007948,INV07948,,,Scheduled
PAY007949,INV07949,2026-07-25,305359.26,Paid
PAY007950,INV07950,,,Scheduled
PAY007951,INV07951,,,Scheduled
PAY007952,INV07952,,,Scheduled
PAY007953,INV07953,,,Scheduled
PAY007954,INV07954,,,Scheduled
PAY007955,INV07955,2026-04-14,3269.62,Paid
PAY007956,INV07956,,,Scheduled
PAY007957,INV07957,,,Scheduled
PAY007958,INV07958,,,Scheduled
PAY007959,INV07959,,,Scheduled
PAY007960,INV07960,2026-07-08,7000208.02,Paid
PAY007961,INV07961,,,Scheduled
PAY007962,INV07962,2026-04-20,693466.27,Paid
PAY007963,INV07963,,,Scheduled
PAY007964,INV07964,2026-03-29,90427.96,Paid
PAY007965,INV07965,,,Scheduled
PAY007966,INV07966,,,Scheduled
PAY007967,INV07967,2026-08-01,20135.32,Paid
PAY007968,INV07968,,,Scheduled
PAY007969,INV07969,2026-06-03,1037514.27,Paid
PAY007970,INV07970,2026-05-05,12307793.95,Paid
PAY007971,INV07971,,,Scheduled
PAY007972,INV07972,,,Scheduled
PAY007973,INV07973,,,Scheduled
PAY007974,INV07974,,,Scheduled
PAY007975,INV07975,,,Scheduled
PAY007976,INV07976,,,Scheduled
PAY007977,INV07977,2026-08-24,3097.95,Paid
PAY007978,INV07978,2026-04-08,43149.77,Paid
PAY007979,INV07979,2026-09-09,72549.64,Paid
PAY007980,INV07980,2026-05-26,20561176.34,Paid
PAY007981,INV07981,2026-09-27,606844.53,Paid
PAY007982,INV07982,2026-08-17,725744.84,Paid
PAY007983,INV07983,2026-03-11,1045343.18,Paid
PAY007984,INV07984,2026-05-04,2624726.78,Paid
PAY007985,INV07985,,,Scheduled
PAY007986,INV07986,2026-04-12,1737864.32,Paid
PAY007987,INV07987,2026-04-24,11975.45,Paid
PAY007988,INV07988,,,Scheduled
PAY007989,INV07989,,,Scheduled
PAY007990,INV07990,,,Scheduled
PAY007991,INV07991,,,Scheduled
PAY007992,INV07992,2026-10-01,396121.1,Paid
PAY007993,INV07993,2026-07-07,32374.09,Paid
PAY007994,INV07994,,,Scheduled
PAY007995,INV07995,2026-09-20,7298.18,Paid
PAY007996,INV07996,,,Scheduled
PAY007997,INV07997,2026-10-05,5021634.22,Paid
PAY007998,INV07998,,,Scheduled
PAY007999,INV07999,2026-05-29,845.35,Paid
PAY008000,INV08000,2026-03-17,2953.55,Paid
PAY008001,INV08001,2026-03-30,4798827.25,Paid
PAY008002,INV08002,2026-05-22,119928.12,Paid
PAY008003,INV08003,2026-10-20,1023930.11,Paid
PAY008004,INV08004,,,Scheduled
PAY008005,INV08005,2026-05-10,1851005.03,Paid
PAY008006,INV08006,,,Scheduled
PAY008007,INV08007,,,Scheduled
PAY008008,INV08008,,,Scheduled
PAY008009,INV08009,,,Scheduled
PAY008010,INV08010,,,Scheduled
PAY008011,INV08011,,,Scheduled
PAY008012,INV08012,,,Scheduled
PAY008013,INV08013,2026-08-21,984693.76,Paid
PAY008014,INV08014,,,Scheduled
PAY008015,INV08015,,,Scheduled
PAY008016,INV08016,,,Scheduled
PAY008017,INV08017,,,Scheduled
PAY008018,INV08018,,,Scheduled
PAY008019,INV08019,,,Scheduled
PAY008020,INV08020,,,Scheduled
PAY008021,INV08021,,,Scheduled
PAY008022,INV08022,2026-07-26,7557167.98,Paid
PAY008023,INV08023,2026-04-06,802606.02,Paid
PAY008024,INV08024,2026-09-23,48191.0,Paid
PAY008025,INV08025,,,Scheduled
PAY008026,INV08026,,,Scheduled
PAY008027,INV08027,,,Scheduled
PAY008028,INV08028,,,Scheduled
PAY008029,INV08029,,,Scheduled
PAY008030,INV08030,2026-06-23,67899.28,Paid
PAY008031,INV08031,2026-04-22,743262.97,Paid
PAY008032,INV08032,,,Scheduled
PAY008033,INV08033,,,Scheduled
PAY008034,INV08034,2026-07-01,11743.63,Paid
PAY008035,INV08035,2026-09-05,5754.32,Paid
PAY008036,INV08036,,,Scheduled
PAY008037,INV08037,2026-05-30,70184.85,Paid
PAY008038,INV08038,,,Scheduled
PAY008039,INV08039,2026-06-21,399236.3,Paid
PAY008040,INV08040,2026-05-27,1146612.12,Paid
PAY008041,INV08041,,,Scheduled
PAY008042,INV08042,2026-08-16,11457.4,Paid
PAY008043,INV08043,2026-08-26,14696.44,Paid
PAY008044,INV08044,2026-08-20,5203.68,Paid
PAY008045,INV08045,,,Scheduled
PAY008046,INV08046,,,Scheduled
PAY008047,INV08047,,,Scheduled
PAY008048,INV08048,2026-04-18,59977.6,Paid
PAY008049,INV08049,,,Scheduled
PAY008050,INV08050,,,Scheduled
PAY008051,INV08051,2026-04-28,660795.52,Paid
PAY008052,INV08052,2026-06-25,32978.74,Paid
PAY008053,INV08053,2026-08-23,15217.46,Paid
PAY008054,INV08054,2026-07-02,95348.05,Paid
PAY008055,INV08055,2026-09-15,12408954.09,Paid
PAY008056,INV08056,2026-06-10,348869.46,Paid
PAY008057,INV08057,,,Scheduled
PAY008058,INV08058,2026-07-28,272334.18,Paid
PAY008059,INV08059,,,Scheduled
PAY008060,INV08060,2026-03-31,120344.58,Paid
PAY008061,INV08061,2026-05-02,153896.78,Paid
PAY008062,INV08062,2026-03-12,12428109.05,Paid
PAY008063,INV08063,,,Scheduled
PAY008064,INV08064,,,Scheduled
PAY008065,INV08065,2026-05-17,91726.33,Paid
PAY008066,INV08066,,,Scheduled
PAY008067,INV08067,2026-07-18,2225732.74,Paid
PAY008068,INV08068,2026-04-04,865829.47,Paid
PAY008069,INV08069,2026-05-22,11049.44,Paid
PAY008070,INV08070,2026-04-06,43916.19,Paid
PAY008071,INV08071,2026-08-12,178302.51,Paid
PAY008072,INV08072,,,Scheduled
PAY008073,INV08073,,,Scheduled
PAY008074,INV08074,2026-08-21,5395.87,Paid
PAY008075,INV08075,,,Scheduled
PAY008076,INV08076,2026-08-31,2192.65,Paid
PAY008077,INV08077,2026-09-06,4904.42,Paid
PAY008078,INV08078,,,Scheduled
PAY008079,INV08079,,,Scheduled
PAY008080,INV08080,,,Scheduled
PAY008081,INV08081,,,Scheduled
PAY008082,INV08082,,,Scheduled
PAY008083,INV08083,2026-04-24,319323.98,Paid
PAY008084,INV08084,2026-04-20,89260.52,Paid
PAY008085,INV08085,2026-06-17,529281.96,Paid
PAY008086,INV08086,,,Scheduled
PAY008087,INV08087,2026-06-27,11072752.13,Paid
PAY008088,INV08088,,,Scheduled
PAY008089,INV08089,,,Scheduled
PAY008090,INV08090,2026-03-25,5422509.9,Paid
PAY008091,INV08091,2026-06-21,2440.22,Paid
PAY008092,INV08092,,,Scheduled
PAY008093,INV08093,2026-07-06,566376.61,Paid
PAY008094,INV08094,2026-07-05,501120.98,Paid
PAY008095,INV08095,2026-05-03,2606.28,Paid
PAY008096,INV08096,2026-06-23,1290137.83,Paid
PAY008097,INV08097,,,Scheduled
PAY008098,INV08098,2026-09-26,7971.7,Paid
PAY008099,INV08099,,,Scheduled
PAY008100,INV08100,2026-06-22,18604.38,Paid
PAY008101,INV08101,,,Scheduled
PAY008102,INV08102,2026-06-21,1429073.08,Paid
PAY008103,INV08103,,,Scheduled
PAY008104,INV08104,,,Scheduled
PAY008105,INV08105,,,Scheduled
PAY008106,INV08106,,,Scheduled
PAY008107,INV08107,,,Scheduled
PAY008108,INV08108,,,Scheduled
PAY008109,INV08109,,,Scheduled
PAY008110,INV08110,2026-04-26,3165776.92,Paid
PAY008111,INV08111,,,Scheduled
PAY008112,INV08112,,,Scheduled
PAY008113,INV08113,2026-05-05,613778.12,Paid
PAY008114,INV08114,2026-06-25,116592.23,Paid
PAY008115,INV08115,2026-10-07,63814.74,Paid
PAY008116,INV08116,2026-08-01,222615.65,Paid
PAY008117,INV08117,2026-07-03,27365.81,Paid
PAY008118,INV08118,2026-05-29,3631530.88,Paid
PAY008119,INV08119,2026-10-06,129.57,Paid
PAY008120,INV08120,,,Scheduled
PAY008121,INV08121,,,Scheduled
PAY008122,INV08122,,,Scheduled
PAY008123,INV08123,2026-07-23,2901674.33,Paid
PAY008124,INV08124,,,Scheduled
PAY008125,INV08125,2026-10-10,146493.16,Paid
PAY008126,INV08126,,,Scheduled
PAY008127,INV08127,2026-07-10,38704.07,Paid
PAY008128,INV08128,,,Scheduled
PAY008129,INV08129,2026-08-17,30784.36,Paid
PAY008130,INV08130,2026-08-09,566019.76,Paid
PAY008131,INV08131,2026-07-31,481.11,Paid
PAY008132,INV08132,,,Scheduled
PAY008133,INV08133,2026-06-05,1808144.81,Paid
PAY008134,INV08134,2026-08-04,20389.33,Paid
PAY008135,INV08135,,,Scheduled
PAY008136,INV08136,,,Scheduled
PAY008137,INV08137,2026-04-16,41706.86,Paid
PAY008138,INV08138,,,Scheduled
PAY008139,INV08139,2026-09-20,47378.2,Paid
PAY008140,INV08140,2026-04-01,699966.62,Paid
PAY008141,INV08141,2026-05-27,90340.22,Paid
PAY008142,INV08142,,,Scheduled
PAY008143,INV08143,2026-08-25,10409.48,Paid
PAY008144,INV08144,2026-04-06,3190.58,Paid
PAY008145,INV08145,2026-06-30,2857.13,Paid
PAY008146,INV08146,2026-04-18,2459423.8,Paid
PAY008147,INV08147,2026-08-15,5295.2,Paid
PAY008148,INV08148,,,Scheduled
PAY008149,INV08149,,,Scheduled
PAY008150,INV08150,2026-07-02,9704.71,Paid
PAY008151,INV08151,2026-09-23,2321874.66,Paid
PAY008152,INV08152,2026-03-27,4423909.9,Paid
PAY008153,INV08153,,,Scheduled
PAY008154,INV08154,,,Scheduled
PAY008155,INV08155,,,Scheduled
PAY008156,INV08156,2026-06-02,13289.76,Paid
PAY008157,INV08157,2026-08-20,432.4,Paid
PAY008158,INV08158,,,Scheduled
PAY008159,INV08159,,,Scheduled
PAY008160,INV08160,,,Scheduled
PAY008161,INV08161,,,Scheduled
PAY008162,INV08162,,,Scheduled
PAY008163,INV08163,2026-06-04,2293497.67,Paid
PAY008164,INV08164,,,Scheduled
PAY008165,INV08165,2026-10-04,209924.65,Paid
PAY008166,INV08166,,,Scheduled
PAY008167,INV08167,2026-07-22,52037.53,Paid
PAY008168,INV08168,2026-09-16,16119.99,Paid
PAY008169,INV08169,2026-07-20,6857176.19,Paid
PAY008170,INV08170,,,Scheduled
PAY008171,INV08171,,,Scheduled
PAY008172,INV08172,,,Scheduled
PAY008173,INV08173,2026-08-31,87717.99,Paid
PAY008174,INV08174,,,Scheduled
PAY008175,INV08175,,,Scheduled
PAY008176,INV08176,2026-09-11,1148551.53,Paid
PAY008177,INV08177,,,Scheduled
PAY008178,INV08178,2026-09-04,1219695.89,Paid
PAY008179,INV08179,2026-10-15,1758491.26,Paid
PAY008180,INV08180,2026-09-23,3957.45,Paid
PAY008181,INV08181,2026-08-08,438584.97,Paid
PAY008182,INV08182,,,Scheduled
PAY008183,INV08183,2026-07-21,176637.63,Paid
PAY008184,INV08184,,,Scheduled
PAY008185,INV08185,,,Scheduled
PAY008186,INV08186,,,Scheduled
PAY008187,INV08187,2026-05-21,296343.77,Paid
PAY008188,INV08188,,,Scheduled
PAY008189,INV08189,2026-04-11,15455.82,Paid
PAY008190,INV08190,,,Scheduled
PAY008191,INV08191,2026-05-08,60713.92,Paid
PAY008192,INV08192,,,Scheduled
PAY008193,INV08193,,,Scheduled
PAY008194,INV08194,,,Scheduled
PAY008195,INV08195,,,Scheduled
PAY008196,INV08196,2026-08-29,49341.52,Paid
PAY008197,INV08197,,,Scheduled
PAY008198,INV08198,,,Scheduled
PAY008199,INV08199,,,Scheduled
PAY008200,INV08200,,,Scheduled
PAY008201,INV08201,2026-03-17,17853.6,Paid
PAY008202,INV08202,,,Scheduled
PAY008203,INV08203,,,Scheduled
PAY008204,INV08204,,,Scheduled
PAY008205,INV08205,2026-06-19,20715.5,Paid
PAY008206,INV08206,,,Scheduled
PAY008207,INV08207,,,Scheduled
PAY008208,INV08208,2026-03-06,2329145.3,Paid
PAY008209,INV08209,2026-03-29,21642.34,Paid
PAY008210,INV08210,2026-05-07,22651.7,Paid
PAY008211,INV08211,2026-06-25,953689.94,Paid
PAY008212,INV08212,2026-04-27,662670.57,Paid
PAY008213,INV08213,,,Scheduled
PAY008214,INV08214,,,Scheduled
PAY008215,INV08215,2026-05-06,9929.15,Paid
PAY008216,INV08216,,,Scheduled
PAY008217,INV08217,,,Scheduled
PAY008218,INV08218,2026-04-18,1047.68,Paid
PAY008219,INV08219,,,Scheduled
PAY008220,INV08220,2026-06-23,8050.1,Paid
PAY008221,INV08221,,,Scheduled
PAY008222,INV08222,,,Scheduled
PAY008223,INV08223,2026-04-17,123693.23,Paid
PAY008224,INV08224,,,Scheduled
PAY008225,INV08225,,,Scheduled
PAY008226,INV08226,2026-08-12,35514.32,Paid
PAY008227,INV08227,,,Scheduled
PAY008228,INV08228,,,Scheduled
PAY008229,INV08229,2026-07-07,1884425.6,Paid
PAY008230,INV08230,,,Scheduled
PAY008231,INV08231,2026-09-12,254174.93,Paid
PAY008232,INV08232,2026-04-21,25484.8,Paid
PAY008233,INV08233,2026-07-29,115728.86,Paid
PAY008234,INV08234,,,Scheduled
PAY008235,INV08235,,,Scheduled
PAY008236,INV08236,2026-06-01,4994589.12,Paid
PAY008237,INV08237,,,Scheduled
PAY008238,INV08238,2026-07-06,3739891.4,Paid
PAY008239,INV08239,2026-05-25,927755.11,Paid
PAY008240,INV08240,,,Scheduled
PAY008241,INV08241,2026-08-20,335106.03,Paid
PAY008242,INV08242,,,Scheduled
PAY008243,INV08243,,,Scheduled
PAY008244,INV08244,2026-04-17,81171.0,Paid
PAY008245,INV08245,2026-05-27,105613.22,Paid
PAY008246,INV08246,,,Scheduled
PAY008247,INV08247,2026-07-27,20730.44,Paid
PAY008248,INV08248,,,Scheduled
PAY008249,INV08249,,,Scheduled
PAY008250,INV08250,2026-09-05,2160806.15,Paid
PAY008251,INV08251,,,Scheduled
PAY008252,INV08252,2026-06-29,47557.18,Paid
PAY008253,INV08253,,,Scheduled
PAY008254,INV08254,2026-08-22,253323.15,Paid
PAY008255,INV08255,,,Scheduled
PAY008256,INV08256,2026-02-25,244587.56,Paid
PAY008257,INV08257,,,Scheduled
PAY008258,INV08258,,,Scheduled
PAY008259,INV08259,2026-05-29,205194.1,Paid
PAY008260,INV08260,,,Scheduled
PAY008261,INV08261,,,Scheduled
PAY008262,INV08262,,,Scheduled
PAY008263,INV08263,2026-04-01,83165.91,Paid
PAY008264,INV08264,2026-08-18,51111.55,Paid
PAY008265,INV08265,,,Scheduled
PAY008266,INV08266,2026-05-14,1160549.65,Paid
PAY008267,INV08267,2026-06-05,142801.72,Paid
PAY008268,INV08268,2026-04-25,376460.56,Paid
PAY008269,INV08269,,,Scheduled
PAY008270,INV08270,,,Scheduled
PAY008271,INV08271,2026-05-16,111581.96,Paid
PAY008272,INV08272,,,Scheduled
PAY008273,INV08273,,,Scheduled
PAY008274,INV08274,,,Scheduled
PAY008275,INV08275,,,Scheduled
PAY008276,INV08276,2026-07-26,8587678.07,Paid
PAY008277,INV08277,2026-04-07,71580.49,Paid
PAY008278,INV08278,,,Scheduled
PAY008279,INV08279,,,Scheduled
PAY008280,INV08280,2026-08-12,6085.26,Paid
PAY008281,INV08281,2026-07-05,35499.73,Paid
PAY008282,INV08282,,,Scheduled
PAY008283,INV08283,2026-08-22,1885037.87,Paid
PAY008284,INV08284,,,Scheduled
PAY008285,INV08285,2026-07-01,622860.31,Paid
PAY008286,INV08286,2026-04-08,41080.27,Paid
PAY008287,INV08287,2026-06-08,283488.11,Paid
PAY008288,INV08288,,,Scheduled
PAY008289,INV08289,,,Scheduled
PAY008290,INV08290,,,Scheduled
PAY008291,INV08291,2026-07-07,1616122.73,Paid
PAY008292,INV08292,2026-03-21,1038810.43,Paid
PAY008293,INV08293,2026-09-12,4283.87,Paid
PAY008294,INV08294,,,Scheduled
PAY008295,INV08295,2026-06-25,1418.99,Paid
PAY008296,INV08296,2026-07-07,340949.2,Paid
PAY008297,INV08297,,,Scheduled
PAY008298,INV08298,,,Scheduled
PAY008299,INV08299,2026-05-25,733779.38,Paid
PAY008300,INV08300,,,Scheduled
PAY008301,INV08301,2026-07-03,63803.7,Paid
PAY008302,INV08302,,,Scheduled
PAY008303,INV08303,,,Scheduled
PAY008304,INV08304,,,Scheduled
PAY008305,INV08305,2026-08-12,3254974.9,Paid
PAY008306,INV08306,,,Scheduled
PAY008307,INV08307,,,Scheduled
PAY008308,INV08308,2026-07-28,67875.44,Paid
PAY008309,INV08309,2026-09-07,7383719.84,Paid
PAY008310,INV08310,2026-05-30,229655.56,Paid
PAY008311,INV08311,,,Scheduled
PAY008312,INV08312,,,Scheduled
PAY008313,INV08313,,,Scheduled
PAY008314,INV08314,,,Scheduled
PAY008315,INV08315,2026-06-23,492312.4,Paid
PAY008316,INV08316,2026-04-15,2611415.96,Paid
PAY008317,INV08317,,,Scheduled
PAY008318,INV08318,2026-09-04,14372315.4,Paid
PAY008319,INV08319,,,Scheduled
PAY008320,INV08320,2026-06-10,2185601.81,Paid
PAY008321,INV08321,,,Scheduled
PAY008322,INV08322,,,Scheduled
PAY008323,INV08323,,,Scheduled
PAY008324,INV08324,2026-04-27,1029166.19,Paid
PAY008325,INV08325,,,Scheduled
PAY008326,INV08326,,,Scheduled
PAY008327,INV08327,,,Scheduled
PAY008328,INV08328,,,Scheduled
PAY008329,INV08329,2026-09-08,1491481.25,Paid
PAY008330,INV08330,,,Scheduled
PAY008331,INV08331,,,Scheduled
PAY008332,INV08332,2026-09-21,465.6,Paid
PAY008333,INV08333,,,Scheduled
PAY008334,INV08334,2026-04-10,8713.76,Paid
PAY008335,INV08335,2026-04-27,941866.49,Paid
PAY008336,INV08336,,,Scheduled
PAY008337,INV08337,,,Scheduled
PAY008338,INV08338,2026-03-22,187835.0,Paid
PAY008339,INV08339,,,Scheduled
PAY008340,INV08340,2026-06-04,96138.94,Paid
PAY008341,INV08341,2026-03-29,144423.19,Paid
PAY008342,INV08342,,,Scheduled
PAY008343,INV08343,,,Scheduled
PAY008344,INV08344,,,Scheduled
PAY008345,INV08345,2026-07-15,32940.02,Paid
PAY008346,INV08346,2026-04-03,117239.05,Paid
PAY008347,INV08347,,,Scheduled
PAY008348,INV08348,,,Scheduled
PAY008349,INV08349,,,Scheduled
PAY008350,INV08350,2026-07-28,6130.38,Paid
PAY008351,INV08351,,,Scheduled
PAY008352,INV08352,,,Scheduled
PAY008353,INV08353,2026-03-15,16874.47,Paid
PAY008354,INV08354,,,Scheduled
PAY008355,INV08355,2026-09-03,1047587.32,Paid
PAY008356,INV08356,,,Scheduled
PAY008357,INV08357,2026-06-12,1301369.51,Paid
PAY008358,INV08358,,,Scheduled
PAY008359,INV08359,2026-07-01,605814.65,Paid
PAY008360,INV08360,,,Scheduled
PAY008361,INV08361,,,Scheduled
PAY008362,INV08362,2026-04-05,37691.3,Paid
PAY008363,INV08363,,,Scheduled
PAY008364,INV08364,2026-03-04,8097872.72,Paid
PAY008365,INV08365,,,Scheduled
PAY008366,INV08366,2026-03-30,88017.47,Paid
PAY008367,INV08367,,,Scheduled
PAY008368,INV08368,,,Scheduled
PAY008369,INV08369,,,Scheduled
PAY008370,INV08370,,,Scheduled
PAY008371,INV08371,,,Scheduled
PAY008372,INV08372,,,Scheduled
PAY008373,INV08373,2026-05-12,2575394.98,Paid
PAY008374,INV08374,,,Scheduled
PAY008375,INV08375,,,Scheduled
PAY008376,INV08376,,,Scheduled
PAY008377,INV08377,,,Scheduled
PAY008378,INV08378,2026-08-08,486786.26,Paid
PAY008379,INV08379,,,Scheduled
PAY008380,INV08380,,,Scheduled
PAY008381,INV08381,,,Scheduled
PAY008382,INV08382,,,Scheduled
PAY008383,INV08383,,,Scheduled
PAY008384,INV08384,2026-07-31,7957.66,Paid
PAY008385,INV08385,2026-04-25,87452.54,Paid
PAY008386,INV08386,2026-07-01,2252900.14,Paid
PAY008387,INV08387,2026-06-19,3196324.96,Paid
PAY008388,INV08388,,,Scheduled
PAY008389,INV08389,2026-05-22,15390.69,Paid
PAY008390,INV08390,2026-07-10,3192090.57,Paid
PAY008391,INV08391,,,Scheduled
PAY008392,INV08392,,,Scheduled
PAY008393,INV08393,,,Scheduled
PAY008394,INV08394,,,Scheduled
PAY008395,INV08395,,,Scheduled
PAY008396,INV08396,2026-09-10,3829.83,Paid
PAY008397,INV08397,,,Scheduled
PAY008398,INV08398,,,Scheduled
PAY008399,INV08399,2026-06-17,4979814.83,Paid
PAY008400,INV08400,2026-10-29,10899.81,Paid
PAY008401,INV08401,2026-09-30,3647.67,Paid
PAY008402,INV08402,,,Scheduled
PAY008403,INV08403,2026-04-27,42547.37,Paid
PAY008404,INV08404,2026-06-13,468661.98,Paid
PAY008405,INV08405,,,Scheduled
PAY008406,INV08406,2026-07-25,880744.18,Paid
PAY008407,INV08407,,,Scheduled
PAY008408,INV08408,2026-08-20,4132380.13,Paid
PAY008409,INV08409,,,Scheduled
PAY008410,INV08410,,,Scheduled
PAY008411,INV08411,,,Scheduled
PAY008412,INV08412,,,Scheduled
PAY008413,INV08413,2026-08-22,16908729.34,Paid
PAY008414,INV08414,2026-09-12,31522.13,Paid
PAY008415,INV08415,,,Scheduled
PAY008416,INV08416,,,Scheduled
PAY008417,INV08417,,,Scheduled
PAY008418,INV08418,,,Scheduled
PAY008419,INV08419,2026-08-02,54808.82,Paid
PAY008420,INV08420,2026-08-05,4105.53,Paid
PAY008421,INV08421,2026-09-28,29600.5,Paid
PAY008422,INV08422,,,Scheduled
PAY008423,INV08423,2026-06-24,2588869.05,Paid
PAY008424,INV08424,2026-07-02,632992.82,Paid
PAY008425,INV08425,2026-02-15,266649.36,Paid
PAY008426,INV08426,,,Scheduled
PAY008427,INV08427,,,Scheduled
PAY008428,INV08428,2026-05-18,6969934.68,Paid
PAY008429,INV08429,,,Scheduled
PAY008430,INV08430,,,Scheduled
PAY008431,INV08431,,,Scheduled
PAY008432,INV08432,2026-05-12,17711.95,Paid
PAY008433,INV08433,,,Scheduled
PAY008434,INV08434,,,Scheduled
PAY008435,INV08435,,,Scheduled
PAY008436,INV08436,2026-07-22,8356.23,Paid
PAY008437,INV08437,2026-05-15,144429.34,Paid
PAY008438,INV08438,,,Scheduled
PAY008439,INV08439,2026-08-06,3099424.14,Paid
PAY008440,INV08440,2026-09-01,170.71,Paid
PAY008441,INV08441,,,Scheduled
PAY008442,INV08442,,,Scheduled
PAY008443,INV08443,,,Scheduled
PAY008444,INV08444,2026-02-04,3922.55,Paid
PAY008445,INV08445,2026-09-27,4740.96,Paid
PAY008446,INV08446,2026-10-24,2416548.81,Paid
PAY008447,INV08447,2026-07-01,782.65,Paid
PAY008448,INV08448,,,Scheduled
PAY008449,INV08449,,,Scheduled
PAY008450,INV08450,,,Scheduled
PAY008451,INV08451,2026-07-28,95190.6,Paid
PAY008452,INV08452,,,Scheduled
PAY008453,INV08453,,,Scheduled
PAY008454,INV08454,,,Scheduled
PAY008455,INV08455,,,Scheduled
PAY008456,INV08456,,,Scheduled
PAY008457,INV08457,,,Scheduled
PAY008458,INV08458,2026-08-10,68659.01,Paid
PAY008459,INV08459,2026-08-20,97375.02,Paid
PAY008460,INV08460,,,Scheduled
PAY008461,INV08461,2026-10-11,10458.75,Paid
PAY008462,INV08462,2026-10-24,197729.53,Paid
PAY008463,INV08463,2026-09-22,15524.55,Paid
PAY008464,INV08464,2026-08-06,33793.14,Paid
PAY008465,INV08465,2026-07-12,35278.7,Paid
PAY008466,INV08466,,,Scheduled
PAY008467,INV08467,2026-09-22,38076.71,Paid
PAY008468,INV08468,,,Scheduled
PAY008469,INV08469,2026-09-24,205881.21,Paid
PAY008470,INV08470,,,Scheduled
PAY008471,INV08471,,,Scheduled
PAY008472,INV08472,2026-08-15,57246.76,Paid
PAY008473,INV08473,,,Scheduled
PAY008474,INV08474,,,Scheduled
PAY008475,INV08475,,,Scheduled
PAY008476,INV08476,,,Scheduled
PAY008477,INV08477,,,Scheduled
PAY008478,INV08478,,,Scheduled
PAY008479,INV08479,,,Scheduled
PAY008480,INV08480,,,Scheduled
PAY008481,INV08481,,,Scheduled
PAY008482,INV08482,2026-10-01,112513.0,Paid
PAY008483,INV08483,2026-08-27,119079.23,Paid
PAY008484,INV08484,2026-07-17,21685.57,Paid
PAY008485,INV08485,,,Scheduled
PAY008486,INV08486,,,Scheduled
PAY008487,INV08487,,,Scheduled
PAY008488,INV08488,,,Scheduled
PAY008489,INV08489,,,Scheduled
PAY008490,INV08490,,,Scheduled
PAY008491,INV08491,2026-08-14,14916.14,Paid
PAY008492,INV08492,,,Scheduled
PAY008493,INV08493,2026-09-12,49951.05,Paid
PAY008494,INV08494,2026-09-14,52576.26,Paid
PAY008495,INV08495,2026-08-29,155521.4,Paid
PAY008496,INV08496,2026-09-18,11780.0,Paid
PAY008497,INV08497,,,Scheduled
PAY008498,INV08498,,,Scheduled
PAY008499,INV08499,,,Scheduled
PAY008500,INV08500,2026-09-01,27375.0,Paid
PAY008501,INV08501,,,Scheduled
PAY008502,INV08502,,,Scheduled
PAY008503,INV08503,2026-09-10,114464.13,Paid
PAY008504,INV08504,,,Scheduled
PAY008505,INV08505,2026-08-28,94571.34,Paid
PAY008506,INV08506,,,Scheduled
PAY008507,INV08507,2026-08-04,19734.5,Paid
PAY008508,INV08508,,,Scheduled
PAY008509,INV08509,,,Scheduled
PAY008510,INV08510,,,Scheduled
PAY008511,INV08511,,,Scheduled
PAY008512,INV08512,,,Scheduled
PAY008513,INV08513,,,Scheduled
PAY008514,INV08514,,,Scheduled
PAY008515,INV08515,,,Scheduled
PAY008516,INV08516,,,Scheduled
PAY008517,INV08517,,,Scheduled
PAY008518,INV08518,2026-10-04,16365.24,Paid
PAY008519,INV08519,2026-08-18,7883.76,Paid
PAY008520,INV08520,2026-08-27,82253.79,Paid
PAY008521,INV08521,,,Scheduled
PAY008522,INV08522,,,Scheduled
PAY008523,INV08523,,,Scheduled
PAY008524,INV08524,,,Scheduled
PAY008525,INV08525,,,Scheduled
PAY008526,INV08526,2026-10-22,110583.82,Paid
PAY008527,INV08527,2026-09-20,19904.0,Paid
PAY008528,INV08528,,,Scheduled
PAY008529,INV08529,,,Scheduled
PAY008530,INV08530,2026-07-26,19368.05,Paid
PAY008531,INV08531,,,Scheduled
PAY008532,INV08532,2026-08-19,24945.49,Paid
PAY008533,INV08533,2026-08-16,17943.37,Paid
PAY008534,INV08534,,,Scheduled
PAY008535,INV08535,,,Scheduled
PAY008536,INV08536,,,Scheduled
PAY008537,INV08537,2026-08-01,16694.88,Paid
PAY008538,INV08538,,,Scheduled
PAY008539,INV08539,,,Scheduled
PAY008540,INV08540,,,Scheduled
PAY008541,INV08541,2026-09-28,5407.92,Paid
PAY008542,INV08542,,,Scheduled
PAY008543,INV08543,,,Scheduled
PAY008544,INV08544,,,Scheduled
PAY008545,INV08545,2026-09-08,19112.52,Paid
PAY008546,INV08546,2026-09-19,17245.23,Paid
PAY008547,INV08547,2026-07-20,30097.14,Paid
PAY008548,INV08548,2026-08-10,86170.44,Paid
PAY008549,INV08549,,,Scheduled
PAY008550,INV08550,2026-09-09,2405.02,Paid
PAY008551,INV08551,,,Scheduled
PAY008552,INV08552,,,Scheduled
PAY008553,INV08553,,,Scheduled
PAY008554,INV08554,2026-09-07,3446.31,Paid
PAY008555,INV08555,,,Scheduled
PAY008556,INV08556,,,Scheduled
PAY008557,INV08557,2026-08-02,58288.81,Paid
PAY008558,INV08558,2026-09-03,53278.65,Paid
PAY008559,INV08559,,,Scheduled
PAY008560,INV08560,,,Scheduled
PAY008561,INV08561,,,Scheduled
PAY008562,INV08562,2026-08-26,8827.17,Paid
PAY008563,INV08563,2026-09-11,7932.48,Paid
PAY008564,INV08564,2026-07-20,7863.63,Paid
PAY008565,INV08565,2026-09-13,48144.71,Paid
PAY008566,INV08566,,,Scheduled
PAY008567,INV08567,,,Scheduled
PAY008568,INV08568,,,Scheduled
PAY008569,INV08569,2026-08-02,231554.94,Paid
PAY008570,INV08570,2026-07-15,41517.12,Paid
PAY008571,INV08571,,,Scheduled
PAY008572,INV08572,2026-07-27,7932.74,Paid
PAY008573,INV08573,2026-08-16,37470.07,Paid
PAY008574,INV08574,,,Scheduled
PAY008575,INV08575,,,Scheduled
PAY008576,INV08576,2026-08-17,92024.42,Paid
PAY008577,INV08577,2026-08-25,5310.21,Paid
PAY008578,INV08578,2026-08-06,101935.95,Paid
PAY008579,INV08579,,,Scheduled
PAY008580,INV08580,,,Scheduled
PAY008581,INV08581,2026-07-27,9564.76,Paid
PAY008582,INV08582,,,Scheduled
PAY008583,INV08583,2026-10-04,945.73,Paid
PAY008584,INV08584,,,Scheduled
PAY008585,INV08585,,,Scheduled
PAY008586,INV08586,,,Scheduled
PAY008587,INV08587,,,Scheduled
PAY008588,INV08588,,,Scheduled
PAY008589,INV08589,,,Scheduled
PAY008590,INV08590,,,Scheduled
PAY008591,INV08591,,,Scheduled
PAY008592,INV08592,2026-10-17,37455.68,Paid
PAY008593,INV08593,2026-09-08,29437.93,Paid
PAY008594,INV08594,2026-10-27,37198.14,Paid
PAY008595,INV08595,2026-08-07,9096.03,Paid
PAY008596,INV08596,2026-07-21,11961.9,Paid
PAY008597,INV08597,,,Scheduled
PAY008598,INV08598,2026-09-03,1377.07,Paid
PAY008599,INV08599,2026-08-09,17157.49,Paid
PAY008600,INV08600,2026-09-17,46623.04,Paid
PAY008601,INV08601,,,Scheduled
PAY008602,INV08602,2026-10-07,6957.81,Paid
PAY008603,INV08603,2026-10-01,9126.25,Paid
PAY008604,INV08604,,,Scheduled
PAY008605,INV08605,,,Scheduled
PAY008606,INV08606,,,Scheduled
PAY008607,INV08607,,,Scheduled
PAY008608,INV08608,,,Scheduled
PAY008609,INV08609,,,Scheduled
PAY008610,INV08610,2026-08-15,146747.63,Paid
PAY008611,INV08611,2026-07-17,53646.81,Paid
PAY008612,INV08612,,,Scheduled
PAY008613,INV08613,,,Scheduled
PAY008614,INV08614,2026-08-07,22532.87,Paid
PAY008615,INV08615,,,Scheduled
PAY008616,INV08616,,,Scheduled
PAY008617,INV08617,,,Scheduled
PAY008618,INV08618,2026-08-18,108297.92,Paid
PAY008619,INV08619,2026-09-02,6434.66,Paid
PAY008620,INV08620,,,Scheduled
PAY008621,INV08621,,,Scheduled
PAY008622,INV08622,2026-09-17,77387.59,Paid
PAY008623,INV08623,2026-08-13,23891.22,Paid
PAY008624,INV08624,2026-08-16,140126.18,Paid
PAY008625,INV08625,,,Scheduled
PAY008626,INV08626,2026-09-20,71559.21,Paid
PAY008627,INV08627,,,Scheduled
PAY008628,INV08628,,,Scheduled
PAY008629,INV08629,,,Scheduled
PAY008630,INV08630,2026-08-26,92067.97,Paid
PAY008631,INV08631,,,Scheduled
PAY008632,INV08632,,,Scheduled
PAY008633,INV08633,2026-08-26,167250.13,Paid
PAY008634,INV08634,,,Scheduled
PAY008635,INV08635,2026-09-28,104922.65,Paid
PAY008636,INV08636,,,Scheduled
PAY008637,INV08637,,,Scheduled
PAY008638,INV08638,2026-08-07,59238.95,Paid
PAY008639,INV08639,2026-09-26,123067.86,Paid
PAY008640,INV08640,,,Scheduled
PAY008641,INV08641,2026-08-30,228286.34,Paid
PAY008642,INV08642,,,Scheduled
PAY008643,INV08643,,,Scheduled
PAY008644,INV08644,,,Scheduled
PAY008645,INV08645,2026-08-04,85537.73,Paid
PAY008646,INV08646,2026-09-23,4537.29,Paid
PAY008647,INV08647,2026-08-26,31929.27,Paid
PAY008648,INV08648,,,Scheduled
PAY008649,INV08649,2026-09-07,5073.95,Paid
PAY008650,INV08650,2026-09-13,100978.26,Paid
PAY008651,INV08651,,,Scheduled
PAY008652,INV08652,2026-08-26,7261.96,Paid
PAY008653,INV08653,2026-09-01,4339.87,Paid
PAY008654,INV08654,2026-07-24,9681.52,Paid
PAY008655,INV08655,,,Scheduled
PAY008656,INV08656,2026-08-25,24857.76,Paid
PAY008657,INV08657,2026-09-07,15935.72,Paid
PAY008658,INV08658,2026-09-09,90651.73,Paid
PAY008659,INV08659,,,Scheduled
PAY008660,INV08660,2026-08-27,72978.52,Paid
PAY008661,INV08661,,,Scheduled
PAY008662,INV08662,,,Scheduled
PAY008663,INV08663,2026-08-01,56020.03,Paid
PAY008664,INV08664,,,Scheduled
PAY008665,INV08665,2026-08-14,5085.73,Paid
PAY008666,INV08666,,,Scheduled
PAY008667,INV08667,,,Scheduled
PAY008668,INV08668,,,Scheduled
PAY008669,INV08669,,,Scheduled
PAY008670,INV08670,,,Scheduled
PAY008671,INV08671,2026-09-07,54363.43,Paid
PAY008672,INV08672,,,Scheduled
PAY008673,INV08673,,,Scheduled
PAY008674,INV08674,2026-08-16,31365.4,Paid
PAY008675,INV08675,,,Scheduled
PAY008676,INV08676,2026-08-16,7136.58,Paid
PAY008677,INV08677,2026-09-02,34728.7,Paid
PAY008678,INV08678,,,Scheduled
PAY008679,INV08679,2026-09-11,7535.96,Paid
PAY008680,INV08680,2026-07-28,40144.07,Paid
PAY008681,INV08681,2026-08-01,52341.85,Paid
PAY008682,INV08682,2026-09-01,14947.24,Paid
PAY008683,INV08683,,,Scheduled
PAY008684,INV08684,2026-08-16,17415.62,Paid
PAY008685,INV08685,,,Scheduled
PAY008686,INV08686,,,Scheduled
PAY008687,INV08687,2026-09-07,13510.35,Paid
PAY008688,INV08688,2026-08-07,73005.07,Paid
PAY008689,INV08689,2026-08-13,29419.52,Paid
PAY008690,INV08690,,,Scheduled
PAY008691,INV08691,2026-08-20,175036.48,Paid
PAY008692,INV08692,,,Scheduled
PAY008693,INV08693,2026-09-05,177436.13,Paid
PAY008694,INV08694,2026-07-29,105659.56,Paid
PAY008695,INV08695,,,Scheduled
PAY008696,INV08696,2026-08-24,88780.13,Paid
PAY008697,INV08697,2026-09-12,29637.71,Paid
PAY008698,INV08698,,,Scheduled
PAY008699,INV08699,2026-08-16,29440.65,Paid
PAY008700,INV08700,2026-07-11,15925.28,Paid
PAY008701,INV08701,2026-07-31,7057.93,Paid
PAY008702,INV08702,2026-08-17,299086.0,Paid
PAY008703,INV08703,,,Scheduled
PAY008704,INV08704,2026-09-22,54691.88,Paid
PAY008705,INV08705,2026-09-12,155402.62,Paid
PAY008706,INV08706,2026-07-28,1777377.0,Paid
PAY008707,INV08707,,,Scheduled
PAY008708,INV08708,,,Scheduled
PAY008709,INV08709,2026-07-29,945573.0,Paid
PAY008710,INV08710,2026-09-07,1785.57,Paid
PAY008711,INV08711,,,Scheduled
PAY008712,INV08712,,,Scheduled
PAY008713,INV08713,,,Scheduled
PAY008714,INV08714,2026-09-29,293682.9,Paid
PAY008715,INV08715,,,Scheduled
PAY008716,INV08716,2026-08-26,705794.25,Paid
PAY008717,INV08717,,,Scheduled
PAY008718,INV08718,,,Scheduled
PAY008719,INV08719,,,Scheduled
PAY008720,INV08720,2026-09-05,6130.17,Paid
PAY008721,INV08721,,,Scheduled
PAY008722,INV08722,2026-08-07,202596.24,Paid
PAY008723,INV08723,,,Scheduled
PAY008724,INV08724,,,Scheduled
PAY008725,INV08725,,,Scheduled
PAY008726,INV08726,,,Scheduled
PAY008727,INV08727,2026-09-04,84413.19,Paid
PAY008728,INV08728,,,Scheduled
PAY008729,INV08729,2026-09-05,764974.0,Paid
PAY008730,INV08730,2026-08-10,129692.86,Paid
PAY008731,INV08731,2026-08-16,6032558.25,Paid
PAY008732,INV08732,2026-08-24,118382.4,Paid
PAY008733,INV08733,2026-08-31,20484.68,Paid
PAY008734,INV08734,,,Scheduled
PAY008735,INV08735,2026-09-21,270782.4,Paid
PAY008736,INV08736,,,Scheduled
PAY008737,INV08737,,,Scheduled
PAY008738,INV08738,2026-09-13,51773.93,Paid
PAY008739,INV08739,2026-09-01,22315.9,Paid
PAY008740,INV08740,2026-09-13,1776115.94,Paid
PAY008741,INV08741,,,Scheduled
PAY008742,INV08742,,,Scheduled
PAY008743,INV08743,2026-08-30,45218.19,Paid
PAY008744,INV08744,2026-07-21,1552871.25,Paid
PAY008745,INV08745,2026-07-11,14295.38,Paid
PAY008746,INV08746,,,Scheduled
PAY008747,INV08747,2026-08-21,18733.23,Paid
PAY008748,INV08748,,,Scheduled
PAY008749,INV08749,,,Scheduled
PAY008750,INV08750,2026-08-12,5118.11,Paid
PAY008751,INV08751,,,Scheduled
PAY008752,INV08752,2026-09-02,369140.0,Paid
PAY008753,INV08753,,,Scheduled
PAY008754,INV08754,2026-09-11,68510.9,Paid
PAY008755,INV08755,,,Scheduled
PAY008756,INV08756,,,Scheduled
PAY008757,INV08757,,,Scheduled
PAY008758,INV08758,2026-09-04,4226394.2,Paid
PAY008759,INV08759,2026-08-07,766356.15,Paid
PAY008760,INV08760,,,Scheduled
PAY008761,INV08761,2026-09-09,1907630.0,Paid
PAY008762,INV08762,,,Scheduled
PAY008763,INV08763,,,Scheduled
PAY008764,INV08764,,,Scheduled
PAY008765,INV08765,,,Scheduled
PAY008766,INV08766,,,Scheduled
PAY008767,INV08767,2026-08-24,88446.9,Paid
PAY008768,INV08768,2026-08-20,3302.76,Paid
PAY008769,INV08769,,,Scheduled
PAY008770,INV08770,2026-08-20,208047.0,Paid
PAY008771,INV08771,,,Scheduled
PAY008772,INV08772,2026-08-03,1909.15,Paid
PAY008773,INV08773,2026-10-04,10587.36,Paid
PAY008774,INV08774,,,Scheduled
PAY008775,INV08775,,,Scheduled
PAY008776,INV08776,2026-09-26,389407.2,Paid
PAY008777,INV08777,2026-08-19,44803.92,Paid
PAY008778,INV08778,2026-09-13,2433965.1,Paid
PAY008779,INV08779,,,Scheduled
PAY008780,INV08780,2026-08-06,9114420.3,Paid
PAY008781,INV08781,2026-09-20,9613.63,Paid
PAY008782,INV08782,,,Scheduled
PAY008783,INV08783,,,Scheduled
PAY008784,INV08784,2026-08-11,1137.74,Paid
PAY008785,INV08785,,,Scheduled
PAY008786,INV08786,,,Scheduled
PAY008787,INV08787,,,Scheduled
PAY008788,INV08788,,,Scheduled
PAY008789,INV08789,,,Scheduled
PAY008790,INV08790,,,Scheduled
PAY008791,INV08791,2026-09-05,430202.85,Paid
PAY008792,INV08792,,,Scheduled
PAY008793,INV08793,,,Scheduled
PAY008794,INV08794,,,Scheduled
PAY008795,INV08795,,,Scheduled
PAY008796,INV08796,,,Scheduled
PAY008797,INV08797,,,Scheduled
PAY008798,INV08798,,,Scheduled
PAY008799,INV08799,,,Scheduled
PAY008800,INV08800,,,Scheduled
PAY008801,INV08801,,,Scheduled
PAY008802,INV08802,2026-08-05,3535.92,Paid
PAY008803,INV08803,,,Scheduled
PAY008804,INV08804,2026-09-14,1436729.65,Paid
PAY008805,INV08805,2026-08-11,302929.2,Paid
PAY008806,INV08806,,,Scheduled
PAY008807,INV08807,,,Scheduled
PAY008808,INV08808,,,Scheduled
PAY008809,INV08809,,,Scheduled
PAY008810,INV08810,2026-09-02,74507.4,Paid
PAY008811,INV08811,,,Scheduled
PAY008812,INV08812,,,Scheduled
PAY008813,INV08813,,,Scheduled
PAY008814,INV08814,,,Scheduled
PAY008815,INV08815,,,Scheduled
PAY008816,INV08816,2026-09-11,1515753.75,Paid
PAY008817,INV08817,,,Scheduled
PAY008818,INV08818,,,Scheduled
PAY008819,INV08819,,,Scheduled
PAY008820,INV08820,2026-08-15,163145.33,Paid
PAY008821,INV08821,2026-08-23,2005073.11,Paid
PAY008822,INV08822,,,Scheduled
PAY008823,INV08823,,,Scheduled
PAY008824,INV08824,,,Scheduled
PAY008825,INV08825,,,Scheduled
PAY008826,INV08826,2026-07-24,60900.0,Paid
PAY008827,INV08827,2026-08-09,16812.99,Paid
PAY008828,INV08828,2026-08-17,215967.36,Paid
PAY008829,INV08829,,,Scheduled
PAY008830,INV08830,2026-09-03,8785.86,Paid
PAY008831,INV08831,,,Scheduled
PAY008832,INV08832,2026-08-09,151482.45,Paid
PAY008833,INV08833,2026-10-01,12922.6,Paid
PAY008834,INV08834,,,Scheduled
PAY008835,INV08835,,,Scheduled
PAY008836,INV08836,2026-08-24,18105.25,Paid
PAY008837,INV08837,,,Scheduled
PAY008838,INV08838,2026-09-03,57977.35,Paid
PAY008839,INV08839,,,Scheduled
PAY008840,INV08840,,,Scheduled
PAY008841,INV08841,,,Scheduled
PAY008842,INV08842,,,Scheduled
PAY008843,INV08843,,,Scheduled
PAY008844,INV08844,,,Scheduled
PAY008845,INV08845,2026-09-11,146014.0,Paid
PAY008846,INV08846,2026-08-16,678310.02,Paid
PAY008847,INV08847,2026-07-09,15655.37,Paid
PAY008848,INV08848,,,Scheduled
PAY008849,INV08849,2026-08-11,184244.93,Paid
PAY008850,INV08850,,,Scheduled
PAY008851,INV08851,2026-05-08,4603.41,Paid
PAY008852,INV08852,2026-04-03,431006.8,Paid
PAY008853,INV08853,,,Scheduled
PAY008854,INV08854,,,Scheduled
PAY008855,INV08855,,,Scheduled
PAY008856,INV08856,2026-06-16,22783.57,Paid
PAY008857,INV08857,2026-02-11,139351.06,Paid
PAY008858,INV08858,2026-05-23,51338.08,Paid
PAY008859,INV08859,2026-04-25,84610.79,Paid
PAY008860,INV08860,,,Scheduled
PAY008861,INV08861,2026-08-22,125706.46,Paid
PAY008862,INV08862,2026-06-19,471181.08,Paid
PAY008863,INV08863,,,Scheduled
PAY008864,INV08864,,,Scheduled
PAY008865,INV08865,,,Scheduled
PAY008866,INV08866,2026-03-18,23144.28,Paid
PAY008867,INV08867,,,Scheduled
PAY008868,INV08868,2026-03-24,19399.2,Paid
PAY008869,INV08869,2026-05-26,18457.3,Paid
PAY008870,INV08870,2026-04-13,98651.28,Paid
PAY008871,INV08871,,,Scheduled
PAY008872,INV08872,2026-07-29,1017.04,Paid
PAY008873,INV08873,,,Scheduled
PAY008874,INV08874,,,Scheduled
PAY008875,INV08875,2026-08-05,24079.75,Paid
PAY008876,INV08876,2026-04-07,4663.95,Paid
PAY008877,INV08877,2026-07-15,2310.44,Paid
PAY008878,INV08878,,,Scheduled
PAY008879,INV08879,,,Scheduled
PAY008880,INV08880,2026-02-15,617647.4,Paid
PAY008881,INV08881,,,Scheduled
PAY008882,INV08882,2026-09-04,3471951.0,Paid
PAY008883,INV08883,2026-07-24,371691.15,Paid
PAY008884,INV08884,2026-02-16,97798.64,Paid
PAY008885,INV08885,2026-06-15,18680.23,Paid
PAY008886,INV08886,2026-05-06,7930.25,Paid
PAY008887,INV08887,,,Scheduled
PAY008888,INV08888,2026-06-21,3309.4,Paid
PAY008889,INV08889,2026-04-08,11302.44,Paid
PAY008890,INV08890,,,Scheduled
PAY008891,INV08891,,,Scheduled
PAY008892,INV08892,,,Scheduled
PAY008893,INV08893,2026-10-06,84463.99,Paid
PAY008894,INV08894,,,Scheduled
PAY008895,INV08895,2026-07-27,3725.61,Paid
PAY008896,INV08896,,,Scheduled
PAY008897,INV08897,,,Scheduled
PAY008898,INV08898,,,Scheduled
PAY008899,INV08899,,,Scheduled
PAY008900,INV08900,,,Scheduled
PAY008901,INV08901,2026-04-07,160972.3,Paid
PAY008902,INV08902,2026-07-30,491556.14,Paid
PAY008903,INV08903,2026-04-16,505512.0,Paid
PAY008904,INV08904,2026-05-01,38866.25,Paid
PAY008905,INV08905,2026-07-28,365.61,Paid
PAY008906,INV08906,2026-04-11,46298.98,Paid
PAY008907,INV08907,,,Scheduled
PAY008908,INV08908,2026-07-23,3189.21,Paid
PAY008909,INV08909,,,Scheduled
PAY008910,INV08910,,,Scheduled
PAY008911,INV08911,2026-06-27,123743.06,Paid
PAY008912,INV08912,,,Scheduled
PAY008913,INV08913,,,Scheduled
PAY008914,INV08914,2026-07-24,90985.86,Paid
PAY008915,INV08915,2026-09-06,374183.19,Paid
PAY008916,INV08916,,,Scheduled
PAY008917,INV08917,,,Scheduled
PAY008918,INV08918,,,Scheduled
PAY008919,INV08919,2026-08-07,65225.44,Paid
PAY008920,INV08920,2026-07-30,2728976.25,Paid
PAY008921,INV08921,2026-04-25,148192.66,Paid
PAY008922,INV08922,,,Scheduled
PAY008923,INV08923,,,Scheduled
PAY008924,INV08924,,,Scheduled
PAY008925,INV08925,2026-06-25,154585.66,Paid
PAY008926,INV08926,2026-04-06,119198.88,Paid
PAY008927,INV08927,2026-05-05,287527.65,Paid
PAY008928,INV08928,2026-03-25,20484.83,Paid
PAY008929,INV08929,,,Scheduled
PAY008930,INV08930,2026-03-06,4694900.22,Paid
PAY008931,INV08931,,,Scheduled
PAY008932,INV08932,2026-09-06,165903.28,Paid
PAY008933,INV08933,2026-09-17,4945.76,Paid
PAY008934,INV08934,,,Scheduled
PAY008935,INV08935,2026-06-21,295800.75,Paid
PAY008936,INV08936,,,Scheduled
PAY008937,INV08937,,,Scheduled
PAY008938,INV08938,2026-08-27,25472.42,Paid
PAY008939,INV08939,,,Scheduled
PAY008940,INV08940,2026-09-02,40554.48,Paid
PAY008941,INV08941,,,Scheduled
PAY008942,INV08942,2026-07-24,59111.39,Paid
PAY008943,INV08943,,,Scheduled
PAY008944,INV08944,2026-04-25,2110.95,Paid
PAY008945,INV08945,2026-07-05,1912878.53,Paid
PAY008946,INV08946,,,Scheduled
PAY008947,INV08947,2026-03-12,435662.85,Paid
PAY008948,INV08948,2026-09-03,431805.07,Paid
PAY008949,INV08949,2026-05-05,1566578.03,Paid
PAY008950,INV08950,,,Scheduled
PAY008951,INV08951,2026-05-27,143722.7,Paid
PAY008952,INV08952,2026-03-23,25890.14,Paid
PAY008953,INV08953,,,Scheduled
PAY008954,INV08954,,,Scheduled
PAY008955,INV08955,,,Scheduled
PAY008956,INV08956,,,Scheduled
PAY008957,INV08957,,,Scheduled
PAY008958,INV08958,,,Scheduled
PAY008959,INV08959,,,Scheduled
PAY008960,INV08960,,,Scheduled
PAY008961,INV08961,,,Scheduled
PAY008962,INV08962,,,Scheduled
PAY008963,INV08963,2026-04-17,7278104.3,Paid
PAY008964,INV08964,,,Scheduled
PAY008965,INV08965,,,Scheduled
PAY008966,INV08966,,,Scheduled
PAY008967,INV08967,2026-06-14,3309.4,Paid
PAY008968,INV08968,2026-03-01,133750.05,Paid
PAY008969,INV08969,2026-06-19,480973.9,Paid
PAY008970,INV08970,2026-06-24,2969508.35,Paid
PAY008971,INV08971,,,Scheduled
PAY008972,INV08972,2026-06-06,12172.02,Paid
PAY008973,INV08973,2026-04-17,55612.74,Paid
PAY008974,INV08974,2026-09-03,85338.43,Paid
PAY008975,INV08975,2026-07-20,58716.56,Paid
PAY008976,INV08976,2026-06-19,3408179.25,Paid
PAY008977,INV08977,,,Scheduled
PAY008978,INV08978,2026-04-10,791945.2,Paid
PAY008979,INV08979,,,Scheduled
PAY008980,INV08980,,,Scheduled
PAY008981,INV08981,,,Scheduled
PAY008982,INV08982,2026-09-02,10531.03,Paid
PAY008983,INV08983,2026-04-13,40823.57,Paid
PAY008984,INV08984,,,Scheduled
PAY008985,INV08985,2026-05-17,1912878.53,Paid
PAY008986,INV08986,,,Scheduled
PAY008987,INV08987,2026-08-22,19535.84,Paid
PAY008988,INV08988,,,Scheduled
PAY008989,INV08989,2026-08-19,175162.74,Paid
PAY008990,INV08990,,,Scheduled
PAY008991,INV08991,2026-05-21,10649.97,Paid
PAY008992,INV08992,2026-06-27,6218.06,Paid
PAY008993,INV08993,,,Scheduled
PAY008994,INV08994,,,Scheduled
PAY008995,INV08995,,,Scheduled
PAY008996,INV08996,2026-06-25,89163.16,Paid
PAY008997,INV08997,,,Scheduled
PAY008998,INV08998,,,Scheduled
PAY008999,INV08999,2026-06-07,1923928.05,Paid
PAY009000,INV09000,,,Scheduled
PAY009001,INV09001,,,Scheduled
PAY009002,INV09002,,,Scheduled
PAY009003,INV09003,,,Scheduled
PAY009004,INV09004,,,Scheduled
PAY009005,INV09005,2026-07-01,70162.8,Paid
PAY009006,INV09006,2026-04-12,20301.33,Paid
PAY009007,INV09007,2026-06-28,17517.33,Paid
PAY009008,INV09008,,,Scheduled
PAY009009,INV09009,,,Scheduled
PAY009010,INV09010,,,Scheduled
PAY009011,INV09011,,,Scheduled
PAY009012,INV09012,2026-08-25,5932786.3,Paid
PAY009013,INV09013,2026-10-09,477653.38,Paid
PAY009014,INV09014,2026-05-07,2764678.05,Paid
PAY009015,INV09015,2026-03-05,2300840.7,Paid
PAY009016,INV09016,2026-03-26,116004.03,Paid
PAY009017,INV09017,,,Scheduled
PAY009018,INV09018,,,Scheduled
PAY009019,INV09019,2026-09-19,3563.57,Paid
PAY009020,INV09020,2026-06-08,1736.63,Paid
PAY009021,INV09021,2026-06-03,87918.73,Paid
PAY009022,INV09022,,,Scheduled
PAY009023,INV09023,2026-06-06,13338.22,Paid
PAY009024,INV09024,2026-08-07,70860.65,Paid
PAY009025,INV09025,,,Scheduled
PAY009026,INV09026,,,Scheduled
PAY009027,INV09027,2026-08-25,20210.62,Paid
PAY009028,INV09028,2026-09-13,250359.42,Paid
PAY009029,INV09029,,,Scheduled
PAY009030,INV09030,2026-09-09,642140.66,Paid
PAY009031,INV09031,2026-06-27,5311.83,Paid
PAY009032,INV09032,2026-09-18,1818541.66,Paid
PAY009033,INV09033,,,Scheduled
PAY009034,INV09034,,,Scheduled
PAY009035,INV09035,,,Scheduled
PAY009036,INV09036,,,Scheduled
PAY009037,INV09037,,,Scheduled
PAY009038,INV09038,,,Scheduled
PAY009039,INV09039,2026-06-02,1281948.46,Paid
PAY009040,INV09040,2026-04-03,122631.32,Paid
PAY009041,INV09041,,,Scheduled
PAY009042,INV09042,2026-02-06,5609.89,Paid
PAY009043,INV09043,,,Scheduled
PAY009044,INV09044,2026-07-02,25830.15,Paid
PAY009045,INV09045,2026-07-02,491556.14,Paid
PAY009046,INV09046,,,Scheduled
PAY009047,INV09047,2026-05-03,26595.41,Paid
PAY009048,INV09048,,,Scheduled
PAY009049,INV09049,,,Scheduled
PAY009050,INV09050,2026-07-03,2946517.88,Paid
PAY009051,INV09051,2026-06-11,7377.71,Paid
PAY009052,INV09052,2026-04-01,1331270.1,Paid
PAY009053,INV09053,2026-03-19,176878.93,Paid
PAY009054,INV09054,2026-06-03,33272.22,Paid
PAY009055,INV09055,,,Scheduled
PAY009056,INV09056,2026-05-07,19746.53,Paid
PAY009057,INV09057,,,Scheduled
PAY009058,INV09058,2026-08-20,154953.75,Paid
PAY009059,INV09059,,,Scheduled
PAY009060,INV09060,,,Scheduled
PAY009061,INV09061,,,Scheduled
PAY009062,INV09062,,,Scheduled
PAY009063,INV09063,,,Scheduled
PAY009064,INV09064,,,Scheduled
PAY009065,INV09065,,,Scheduled
PAY009066,INV09066,2026-03-19,36689.74,Paid
PAY009067,INV09067,2026-03-28,315101.3,Paid
PAY009068,INV09068,,,Scheduled
PAY009069,INV09069,,,Scheduled
PAY009070,INV09070,,,Scheduled
PAY009071,INV09071,2026-05-23,371819.89,Paid
PAY009072,INV09072,,,Scheduled
PAY009073,INV09073,,,Scheduled
PAY009074,INV09074,,,Scheduled
PAY009075,INV09075,,,Scheduled
PAY009076,INV09076,,,Scheduled
PAY009077,INV09077,2026-09-06,13094.46,Paid
PAY009078,INV09078,2026-02-20,245719.42,Paid
PAY009079,INV09079,,,Scheduled
PAY009080,INV09080,,,Scheduled
PAY009081,INV09081,2026-04-16,9352.27,Paid
PAY009082,INV09082,2026-07-06,224983.08,Paid
PAY009083,INV09083,,,Scheduled
PAY009084,INV09084,,,Scheduled
PAY009085,INV09085,2026-08-06,2037.27,Paid
PAY009086,INV09086,2026-07-04,1601284.78,Paid
PAY009087,INV09087,2026-10-25,8909.31,Paid
PAY009088,INV09088,,,Scheduled
PAY009089,INV09089,,,Scheduled
PAY009090,INV09090,2026-03-30,62843.6,Paid
PAY009091,INV09091,,,Scheduled
PAY009092,INV09092,,,Scheduled
PAY009093,INV09093,2026-08-04,6367.2,Paid
PAY009094,INV09094,,,Scheduled
PAY009095,INV09095,,,Scheduled
PAY009096,INV09096,2026-09-19,62091.6,Paid
PAY009097,INV09097,2026-03-21,20019.94,Paid
PAY009098,INV09098,2026-08-28,583467.52,Paid
PAY009099,INV09099,2026-07-10,48097.04,Paid
PAY009100,INV09100,,,Scheduled
PAY009101,INV09101,2026-04-19,503570.9,Paid
PAY009102,INV09102,,,Scheduled
PAY009103,INV09103,2026-05-20,62238.44,Paid
PAY009104,INV09104,,,Scheduled
PAY009105,INV09105,,,Scheduled
PAY009106,INV09106,,,Scheduled
PAY009107,INV09107,,,Scheduled
PAY009108,INV09108,,,Scheduled
PAY009109,INV09109,2026-05-24,22903.33,Paid
PAY009110,INV09110,,,Scheduled
PAY009111,INV09111,,,Scheduled
PAY009112,INV09112,,,Scheduled
PAY009113,INV09113,2026-05-02,22677.69,Paid
PAY009114,INV09114,,,Scheduled
PAY009115,INV09115,2026-07-30,8416.41,Paid
PAY009116,INV09116,2026-09-22,128327.36,Paid
PAY009117,INV09117,2026-09-14,1561653.3,Paid
PAY009118,INV09118,,,Scheduled
PAY009119,INV09119,2026-06-18,10778.12,Paid
PAY009120,INV09120,,,Scheduled
PAY009121,INV09121,,,Scheduled
PAY009122,INV09122,2026-06-16,17681.24,Paid
PAY009123,INV09123,,,Scheduled
PAY009124,INV09124,2026-09-04,23018.26,Paid
PAY009125,INV09125,,,Scheduled
PAY009126,INV09126,,,Scheduled
PAY009127,INV09127,2026-05-19,242841.4,Paid
PAY009128,INV09128,,,Scheduled
PAY009129,INV09129,,,Scheduled
PAY009130,INV09130,,,Scheduled
PAY009131,INV09131,,,Scheduled
PAY009132,INV09132,2026-05-19,4297964.15,Paid
PAY009133,INV09133,,,Scheduled
PAY009134,INV09134,2026-03-28,50721.83,Paid
PAY009135,INV09135,,,Scheduled
PAY009136,INV09136,,,Scheduled
PAY009137,INV09137,2026-05-08,1192767.6,Paid
PAY009138,INV09138,2026-05-24,252370.38,Paid
PAY009139,INV09139,2026-07-19,3947.04,Paid
PAY009140,INV09140,2026-05-29,71844.59,Paid
PAY009141,INV09141,,,Scheduled
PAY009142,INV09142,,,Scheduled
PAY009143,INV09143,2026-04-05,10201586.75,Paid
PAY009144,INV09144,,,Scheduled
PAY009145,INV09145,,,Scheduled
PAY009146,INV09146,2026-08-22,115869.29,Paid
PAY009147,INV09147,,,Scheduled
PAY009148,INV09148,,,Scheduled
PAY009149,INV09149,,,Scheduled
PAY009150,INV09150,2026-05-31,47534.71,Paid
PAY009151,INV09151,,,Scheduled
PAY009152,INV09152,,,Scheduled
PAY009153,INV09153,2026-06-06,36721.64,Paid
PAY009154,INV09154,,,Scheduled
PAY009155,INV09155,,,Scheduled
PAY009156,INV09156,,,Scheduled
PAY009157,INV09157,,,Scheduled
PAY009158,INV09158,,,Scheduled
PAY009159,INV09159,,,Scheduled
PAY009160,INV09160,2026-05-13,8242901.62,Paid
PAY009161,INV09161,,,Scheduled
PAY009162,INV09162,2026-09-25,1027251.5,Paid
PAY009163,INV09163,2026-07-31,243082.42,Paid
PAY009164,INV09164,,,Scheduled
PAY009165,INV09165,2026-05-16,4513667.2,Paid
PAY009166,INV09166,,,Scheduled
PAY009167,INV09167,2026-06-22,1252927.54,Paid
PAY009168,INV09168,,,Scheduled
PAY009169,INV09169,,,Scheduled
PAY009170,INV09170,,,Scheduled
PAY009171,INV09171,2026-08-04,2223133.5,Paid
PAY009172,INV09172,,,Scheduled
PAY009173,INV09173,2026-06-25,2313161.55,Paid
PAY009174,INV09174,,,Scheduled
PAY009175,INV09175,,,Scheduled
PAY009176,INV09176,,,Scheduled
PAY009177,INV09177,2026-07-19,89193338.5,Paid
PAY009178,INV09178,,,Scheduled
PAY009179,INV09179,2026-02-14,46726.44,Paid
PAY009180,INV09180,2026-07-22,1198310.4,Paid
PAY009181,INV09181,2026-08-13,16650640.0,Paid
PAY009182,INV09182,,,Scheduled
PAY009183,INV09183,2026-07-20,924550.89,Paid
PAY009184,INV09184,2026-04-19,4482457.0,Paid
PAY009185,INV09185,,,Scheduled
PAY009186,INV09186,2026-03-11,10001249.3,Paid
PAY009187,INV09187,,,Scheduled
PAY009188,INV09188,,,Scheduled
PAY009189,INV09189,,,Scheduled
PAY009190,INV09190,,,Scheduled
PAY009191,INV09191,,,Scheduled
PAY009192,INV09192,,,Scheduled
PAY009193,INV09193,,,Scheduled
PAY009194,INV09194,2026-05-20,89103.4,Paid
PAY009195,INV09195,2026-03-04,898202.03,Paid
PAY009196,INV09196,,,Scheduled
PAY009197,INV09197,,,Scheduled
PAY009198,INV09198,,,Scheduled
PAY009199,INV09199,2026-03-08,407820.0,Paid
PAY009200,INV09200,,,Scheduled
PAY009201,INV09201,,,Scheduled
PAY009202,INV09202,,,Scheduled
PAY009203,INV09203,2026-03-10,247178.4,Paid
PAY009204,INV09204,,,Scheduled
PAY009205,INV09205,,,Scheduled
PAY009206,INV09206,2026-03-21,46982.78,Paid
PAY009207,INV09207,,,Scheduled
PAY009208,INV09208,,,Scheduled
PAY009209,INV09209,,,Scheduled
PAY009210,INV09210,,,Scheduled
PAY009211,INV09211,2026-05-31,87416.1,Paid
PAY009212,INV09212,,,Scheduled
PAY009213,INV09213,2026-09-17,1167474.0,Paid
PAY009214,INV09214,2026-08-02,6307534.0,Paid
PAY009215,INV09215,,,Scheduled
PAY009216,INV09216,,,Scheduled
PAY009217,INV09217,,,Scheduled
PAY009218,INV09218,,,Scheduled
PAY009219,INV09219,2026-07-18,2408624.4,Paid
PAY009220,INV09220,2026-08-15,6069697.0,Paid
PAY009221,INV09221,,,Scheduled
PAY009222,INV09222,,,Scheduled
PAY009223,INV09223,,,Scheduled
PAY009224,INV09224,,,Scheduled
PAY009225,INV09225,,,Scheduled
PAY009226,INV09226,,,Scheduled
PAY009227,INV09227,2026-08-03,411674.37,Paid
PAY009228,INV09228,2026-10-09,3986658.38,Paid
PAY009229,INV09229,,,Scheduled
PAY009230,INV09230,,,Scheduled
PAY009231,INV09231,,,Scheduled
PAY009232,INV09232,2026-06-26,23316.04,Paid
PAY009233,INV09233,,,Scheduled
PAY009234,INV09234,2026-09-07,16921790.0,Paid
PAY009235,INV09235,2026-06-12,267303.81,Paid
PAY009236,INV09236,,,Scheduled
PAY009237,INV09237,2026-04-25,13217.88,Paid
PAY009238,INV09238,,,Scheduled
PAY009239,INV09239,2026-04-03,551385.45,Paid
PAY009240,INV09240,,,Scheduled
PAY009241,INV09241,,,Scheduled
PAY009242,INV09242,,,Scheduled
PAY009243,INV09243,,,Scheduled
PAY009244,INV09244,2026-07-30,1218626.85,Paid
PAY009245,INV09245,,,Scheduled
PAY009246,INV09246,2026-08-04,1507322.32,Paid
PAY009247,INV09247,,,Scheduled
PAY009248,INV09248,2026-11-01,44195.19,Paid
PAY009249,INV09249,2026-06-09,923241.38,Paid
PAY009250,INV09250,,,Scheduled
PAY009251,INV09251,,,Scheduled
PAY009252,INV09252,2026-08-20,18913445.0,Paid
PAY009253,INV09253,2026-07-26,8410309.95,Paid
PAY009254,INV09254,,,Scheduled
PAY009255,INV09255,2026-05-15,855661.6,Paid
PAY009256,INV09256,,,Scheduled
PAY009257,INV09257,,,Scheduled
PAY009258,INV09258,2026-03-16,1957276.02,Paid
PAY009259,INV09259,2026-03-31,902367.2,Paid
PAY009260,INV09260,,,Scheduled
PAY009261,INV09261,2026-05-07,11461653.28,Paid
PAY009262,INV09262,,,Scheduled
PAY009263,INV09263,,,Scheduled
PAY009264,INV09264,2026-05-02,538639.5,Paid
PAY009265,INV09265,,,Scheduled
PAY009266,INV09266,2026-05-25,79365.62,Paid
PAY009267,INV09267,,,Scheduled
PAY009268,INV09268,,,Scheduled
PAY009269,INV09269,2026-05-31,492319.25,Paid
PAY009270,INV09270,2026-04-21,17969676.38,Paid
PAY009271,INV09271,,,Scheduled
PAY009272,INV09272,,,Scheduled
PAY009273,INV09273,,,Scheduled
PAY009274,INV09274,,,Scheduled
PAY009275,INV09275,,,Scheduled
PAY009276,INV09276,,,Scheduled
PAY009277,INV09277,2026-06-08,1574375.25,Paid
PAY009278,INV09278,2026-08-18,210800.48,Paid
PAY009279,INV09279,2026-05-27,24454.38,Paid
PAY009280,INV09280,,,Scheduled
PAY009281,INV09281,2026-07-16,30477.06,Paid
PAY009282,INV09282,2026-08-27,26595.5,Paid
PAY009283,INV09283,2026-05-01,805811.67,Paid
PAY009284,INV09284,,,Scheduled
PAY009285,INV09285,,,Scheduled
PAY009286,INV09286,2026-05-10,88511.85,Paid
PAY009287,INV09287,2026-08-17,74779.21,Paid
PAY009288,INV09288,,,Scheduled
PAY009289,INV09289,,,Scheduled
PAY009290,INV09290,2026-10-29,978703.53,Paid
PAY009291,INV09291,,,Scheduled
PAY009292,INV09292,,,Scheduled
PAY009293,INV09293,,,Scheduled
PAY009294,INV09294,,,Scheduled
PAY009295,INV09295,,,Scheduled
PAY009296,INV09296,,,Scheduled
PAY009297,INV09297,2026-08-04,29346.1,Paid
PAY009298,INV09298,,,Scheduled
PAY009299,INV09299,2026-05-07,1545514.95,Paid
PAY009300,INV09300,2026-04-29,120088.22,Paid
PAY009301,INV09301,,,Scheduled
PAY009302,INV09302,,,Scheduled
PAY009303,INV09303,2026-08-17,323412.39,Paid
PAY009304,INV09304,,,Scheduled
PAY009305,INV09305,,,Scheduled
PAY009306,INV09306,,,Scheduled
PAY009307,INV09307,2026-05-21,140792.46,Paid
PAY009308,INV09308,2026-06-08,128983.6,Paid
PAY009309,INV09309,,,Scheduled
PAY009310,INV09310,2026-10-16,282028.5,Paid
PAY009311,INV09311,2026-07-22,33487844.25,Paid
PAY009312,INV09312,,,Scheduled
PAY009313,INV09313,,,Scheduled
PAY009314,INV09314,,,Scheduled
PAY009315,INV09315,2026-08-15,37863488.95,Paid
PAY009316,INV09316,,,Scheduled
PAY009317,INV09317,2026-05-06,31672.48,Paid
PAY009318,INV09318,,,Scheduled
PAY009319,INV09319,2026-03-27,25526.04,Paid
PAY009320,INV09320,,,Scheduled
PAY009321,INV09321,,,Scheduled
PAY009322,INV09322,,,Scheduled
PAY009323,INV09323,2026-06-11,12306810.0,Paid
PAY009324,INV09324,,,Scheduled
PAY009325,INV09325,,,Scheduled
PAY009326,INV09326,,,Scheduled
PAY009327,INV09327,,,Scheduled
PAY009328,INV09328,2026-08-01,41986197.75,Paid
PAY009329,INV09329,2026-09-12,260717.07,Paid
PAY009330,INV09330,2026-05-19,66941.91,Paid
PAY009331,INV09331,,,Scheduled
PAY009332,INV09332,,,Scheduled
PAY009333,INV09333,,,Scheduled
PAY009334,INV09334,2026-04-07,286493.0,Paid
PAY009335,INV09335,,,Scheduled
PAY009336,INV09336,2026-08-31,65061.76,Paid
PAY009337,INV09337,2026-07-04,42875.62,Paid
PAY009338,INV09338,2026-10-13,980012.67,Paid
PAY009339,INV09339,2026-08-15,191877.3,Paid
PAY009340,INV09340,,,Scheduled
PAY009341,INV09341,2026-05-04,131446.22,Paid
PAY009342,INV09342,,,Scheduled
PAY009343,INV09343,,,Scheduled
PAY009344,INV09344,,,Scheduled
PAY009345,INV09345,,,Scheduled
PAY009346,INV09346,2026-07-21,1634574.35,Paid
PAY009347,INV09347,2026-09-05,47127075.0,Paid
PAY009348,INV09348,2026-06-11,338583.62,Paid
PAY009349,INV09349,2026-08-13,2697576.0,Paid
PAY009350,INV09350,,,Scheduled
PAY009351,INV09351,,,Scheduled
PAY009352,INV09352,,,Scheduled
PAY009353,INV09353,2026-08-04,2442393.97,Paid
PAY009354,INV09354,,,Scheduled
PAY009355,INV09355,,,Scheduled
PAY009356,INV09356,,,Scheduled
PAY009357,INV09357,,,Scheduled
PAY009358,INV09358,2026-10-04,576140.0,Paid
PAY009359,INV09359,,,Scheduled
PAY009360,INV09360,2026-07-21,828414.3,Paid
PAY009361,INV09361,,,Scheduled
PAY009362,INV09362,2026-03-28,15159819.92,Paid
PAY009363,INV09363,,,Scheduled
PAY009364,INV09364,2026-08-13,2235255.75,Paid
PAY009365,INV09365,,,Scheduled
PAY009366,INV09366,,,Scheduled
PAY009367,INV09367,2026-05-16,596471.4,Paid
PAY009368,INV09368,,,Scheduled
PAY009369,INV09369,,,Scheduled
PAY009370,INV09370,,,Scheduled
PAY009371,INV09371,,,Scheduled
PAY009372,INV09372,2026-06-02,106634.59,Paid
PAY009373,INV09373,,,Scheduled
PAY009374,INV09374,2026-08-16,36588.1,Paid
PAY009375,INV09375,2026-04-05,6928230.76,Paid
PAY009376,INV09376,,,Scheduled
PAY009377,INV09377,2026-07-18,81742.42,Paid
PAY009378,INV09378,,,Scheduled
PAY009379,INV09379,,,Scheduled
PAY009380,INV09380,2026-06-18,197490.23,Paid
PAY009381,INV09381,,,Scheduled
PAY009382,INV09382,2026-07-04,2747558.91,Paid
PAY009383,INV09383,,,Scheduled
PAY009384,INV09384,,,Scheduled
PAY009385,INV09385,,,Scheduled
PAY009386,INV09386,,,Scheduled
PAY009387,INV09387,2026-09-14,42223.29,Paid
PAY009388,INV09388,,,Scheduled
PAY009389,INV09389,2026-04-25,7315.53,Paid
PAY009390,INV09390,2026-03-18,167840.6,Paid
PAY009391,INV09391,,,Scheduled
PAY009392,INV09392,,,Scheduled
PAY009393,INV09393,2026-03-11,40851940.5,Paid
PAY009394,INV09394,2026-10-07,63817.22,Paid
PAY009395,INV09395,,,Scheduled
PAY009396,INV09396,2026-08-16,378980.0,Paid
PAY009397,INV09397,,,Scheduled
PAY009398,INV09398,2026-07-21,1378547.62,Paid
PAY009399,INV09399,,,Scheduled
PAY009400,INV09400,,,Scheduled
PAY009401,INV09401,,,Scheduled
PAY009402,INV09402,2026-07-19,1184514.68,Paid
PAY009403,INV09403,,,Scheduled
PAY009404,INV09404,2026-06-05,112904.32,Paid
PAY009405,INV09405,2026-05-25,59016.87,Paid
PAY009406,INV09406,2026-09-17,94580.9,Paid
PAY009407,INV09407,,,Scheduled
PAY009408,INV09408,,,Scheduled
PAY009409,INV09409,2026-09-14,2575.05,Paid
PAY009410,INV09410,,,Scheduled
PAY009411,INV09411,,,Scheduled
PAY009412,INV09412,2026-07-11,3293864.0,Paid
PAY009413,INV09413,2026-02-24,32429.42,Paid
PAY009414,INV09414,,,Scheduled
PAY009415,INV09415,2026-03-20,59798.28,Paid
PAY009416,INV09416,,,Scheduled
PAY009417,INV09417,,,Scheduled
PAY009418,INV09418,2026-06-20,478515.45,Paid
PAY009419,INV09419,,,Scheduled
PAY009420,INV09420,2026-08-19,2397420.0,Paid
PAY009421,INV09421,,,Scheduled
PAY009422,INV09422,,,Scheduled
PAY009423,INV09423,2026-07-14,61538.74,Paid
PAY009424,INV09424,2026-03-17,11816784.0,Paid
PAY009425,INV09425,2026-07-23,4791503.85,Paid
PAY009426,INV09426,2026-06-03,1550018.4,Paid
PAY009427,INV09427,,,Scheduled
PAY009428,INV09428,2026-06-27,4194725.95,Paid
PAY009429,INV09429,,,Scheduled
PAY009430,INV09430,2026-04-02,1420278.0,Paid
PAY009431,INV09431,2026-05-03,69399740.0,Paid
PAY009432,INV09432,,,Scheduled
PAY009433,INV09433,2026-07-28,2619660.18,Paid
PAY009434,INV09434,2026-03-13,7881.73,Paid
PAY009435,INV09435,2026-05-30,425362.35,Paid
PAY009436,INV09436,,,Scheduled
PAY009437,INV09437,2026-08-22,43859.74,Paid
PAY009438,INV09438,,,Scheduled
PAY009439,INV09439,2026-02-26,61923.79,Paid
PAY009440,INV09440,2026-04-09,1173636.02,Paid
PAY009441,INV09441,2026-04-21,65526.17,Paid
PAY009442,INV09442,2026-03-14,8176315.88,Paid
PAY009443,INV09443,2026-05-06,2198524.12,Paid
PAY009444,INV09444,,,Scheduled
PAY009445,INV09445,,,Scheduled
PAY009446,INV09446,,,Scheduled
PAY009447,INV09447,,,Scheduled
PAY009448,INV09448,2026-09-27,147486.7,Paid
PAY009449,INV09449,2026-06-04,37575.84,Paid
PAY009450,INV09450,2026-08-23,13871.92,Paid
PAY009451,INV09451,,,Scheduled
PAY009452,INV09452,2027-04-01,3227662.85,Paid
PAY009453,INV09453,,,Scheduled
PAY009454,INV09454,2027-05-10,129601.8,Paid
PAY009455,INV09455,,,Scheduled
PAY009456,INV09456,,,Scheduled
PAY009457,INV09457,2026-12-23,7480.13,Paid
PAY009458,INV09458,2026-11-25,63095.0,Paid
PAY009459,INV09459,,,Scheduled
PAY009460,INV09460,,,Scheduled
PAY009461,INV09461,,,Scheduled
PAY009462,INV09462,2027-02-26,32265.96,Paid
PAY009463,INV09463,,,Scheduled
PAY009464,INV09464,,,Scheduled
PAY009465,INV09465,2026-11-19,2128728.0,Paid
PAY009466,INV09466,,,Scheduled
PAY009467,INV09467,,,Scheduled
PAY009468,INV09468,,,Scheduled
PAY009469,INV09469,2027-04-07,72667.88,Paid
PAY009470,INV09470,2027-01-08,185178.11,Paid
PAY009471,INV09471,,,Scheduled
PAY009472,INV09472,,,Scheduled
PAY009473,INV09473,2027-03-02,1981032.5,Paid
PAY009474,INV09474,2027-01-23,482939.62,Paid
PAY009475,INV09475,2027-02-20,29240.16,Paid
PAY009476,INV09476,,,Scheduled
PAY009477,INV09477,2026-12-05,123127.69,Paid
PAY009478,INV09478,2026-11-05,4534.2,Paid
PAY009479,INV09479,,,Scheduled
PAY009480,INV09480,2026-11-01,243106.5,Paid
PAY009481,INV09481,,,Scheduled
PAY009482,INV09482,,,Scheduled
PAY009483,INV09483,2027-04-06,400475.25,Paid
PAY009484,INV09484,,,Scheduled
PAY009485,INV09485,2027-01-07,34893.68,Paid
PAY009486,INV09486,,,Scheduled
PAY009487,INV09487,2026-11-06,5475.68,Paid
PAY009488,INV09488,2027-01-10,13218056.25,Paid
PAY009489,INV09489,,,Scheduled
PAY009490,INV09490,2027-02-10,23670.99,Paid
PAY009491,INV09491,,,Scheduled
PAY009492,INV09492,2027-03-20,3034827.25,Paid
PAY009493,INV09493,2027-04-12,3503.16,Paid
PAY009494,INV09494,,,Scheduled
PAY009495,INV09495,,,Scheduled
PAY009496,INV09496,,,Scheduled
PAY009497,INV09497,2026-12-05,9786.66,Paid
PAY009498,INV09498,,,Scheduled
PAY009499,INV09499,2026-11-02,658847.84,Paid
PAY009500,INV09500,2027-02-21,15659.34,Paid
PAY009501,INV09501,,,Scheduled
PAY009502,INV09502,,,Scheduled
PAY009503,INV09503,2026-12-25,1307605.6,Paid
PAY009504,INV09504,2026-09-30,2005.9,Paid
PAY009505,INV09505,,,Scheduled
PAY009506,INV09506,2027-01-17,12169.47,Paid
PAY009507,INV09507,2026-09-09,4443.78,Paid
PAY009508,INV09508,2026-11-28,160361.56,Paid
PAY009509,INV09509,2027-01-28,3730.65,Paid
PAY009510,INV09510,2026-12-04,1318332.96,Paid
PAY009511,INV09511,2026-12-02,13124.16,Paid
PAY009512,INV09512,2027-01-13,8802.75,Paid
PAY009513,INV09513,,,Scheduled
PAY009514,INV09514,2026-10-31,6157.35,Paid
PAY009515,INV09515,2026-09-22,106420.0,Paid
PAY009516,INV09516,2026-12-26,1515.66,Paid
PAY009517,INV09517,2026-12-14,1717379.5,Paid
PAY009518,INV09518,,,Scheduled
PAY009519,INV09519,2027-04-03,14291717.5,Paid
PAY009520,INV09520,,,Scheduled
PAY009521,INV09521,2026-12-07,7557374.9,Paid
PAY009522,INV09522,,,Scheduled
PAY009523,INV09523,,,Scheduled
PAY009524,INV09524,2027-02-15,4705710.2,Paid
PAY009525,INV09525,,,Scheduled
PAY009526,INV09526,,,Scheduled
PAY009527,INV09527,,,Scheduled
PAY009528,INV09528,2027-01-21,37386.24,Paid
PAY009529,INV09529,,,Scheduled
PAY009530,INV09530,2027-04-13,111893.98,Paid
PAY009531,INV09531,2027-02-17,2991916.0,Paid
PAY009532,INV09532,,,Scheduled
PAY009533,INV09533,,,Scheduled
PAY009534,INV09534,,,Scheduled
PAY009535,INV09535,2027-02-07,155865.15,Paid
PAY009536,INV09536,,,Scheduled
PAY009537,INV09537,2026-12-09,311722.88,Paid
PAY009538,INV09538,2027-04-28,4060.43,Paid
PAY009539,INV09539,,,Scheduled
PAY009540,INV09540,,,Scheduled
PAY009541,INV09541,,,Scheduled
PAY009542,INV09542,,,Scheduled
PAY009543,INV09543,,,Scheduled
PAY009544,INV09544,,,Scheduled
PAY009545,INV09545,,,Scheduled
PAY009546,INV09546,,,Scheduled
PAY009547,INV09547,2026-12-05,7284.78,Paid
PAY009548,INV09548,,,Scheduled
PAY009549,INV09549,,,Scheduled
PAY009550,INV09550,,,Scheduled
PAY009551,INV09551,2026-10-06,2706.39,Paid
PAY009552,INV09552,,,Scheduled
PAY009553,INV09553,,,Scheduled
PAY009554,INV09554,2027-01-13,797819.93,Paid
PAY009555,INV09555,,,Scheduled
PAY009556,INV09556,,,Scheduled
PAY009557,INV09557,,,Scheduled
PAY009558,INV09558,2027-02-27,930.95,Paid
PAY009559,INV09559,2026-10-20,109121.09,Paid
PAY009560,INV09560,,,Scheduled
PAY009561,INV09561,,,Scheduled
PAY009562,INV09562,2026-12-01,174490.34,Paid
PAY009563,INV09563,2027-03-16,11645.07,Paid
PAY009564,INV09564,,,Scheduled
PAY009565,INV09565,,,Scheduled
PAY009566,INV09566,,,Scheduled
PAY009567,INV09567,2027-01-16,55400.69,Paid
PAY009568,INV09568,,,Scheduled
PAY009569,INV09569,2027-05-11,15332409.75,Paid
PAY009570,INV09570,,,Scheduled
PAY009571,INV09571,2026-09-08,379995.28,Paid
PAY009572,INV09572,,,Scheduled
PAY009573,INV09573,2027-04-02,422349.38,Paid
PAY009574,INV09574,2026-07-18,93000.52,Paid
PAY009575,INV09575,,,Scheduled
PAY009576,INV09576,2026-11-09,13301.53,Paid
PAY009577,INV09577,2026-11-18,10670.1,Paid
PAY009578,INV09578,2027-02-08,28196.8,Paid
PAY009579,INV09579,,,Scheduled
PAY009580,INV09580,,,Scheduled
PAY009581,INV09581,,,Scheduled
PAY009582,INV09582,2026-11-19,2132.52,Paid
PAY009583,INV09583,2026-11-30,506097.5,Paid
PAY009584,INV09584,2026-10-04,2279046.56,Paid
PAY009585,INV09585,,,Scheduled
PAY009586,INV09586,,,Scheduled
PAY009587,INV09587,2027-03-14,113727.6,Paid
PAY009588,INV09588,2026-10-15,8739.0,Paid
PAY009589,INV09589,,,Scheduled
PAY009590,INV09590,,,Scheduled
PAY009591,INV09591,,,Scheduled
PAY009592,INV09592,2026-12-17,3934490.0,Paid
PAY009593,INV09593,,,Scheduled
PAY009594,INV09594,,,Scheduled
PAY009595,INV09595,2027-01-31,499576.88,Paid
PAY009596,INV09596,,,Scheduled
PAY009597,INV09597,,,Scheduled
PAY009598,INV09598,,,Scheduled
PAY009599,INV09599,2027-04-06,19713.02,Paid
PAY009600,INV09600,,,Scheduled
PAY009601,INV09601,2026-09-16,566.54,Paid
PAY009602,INV09602,,,Scheduled
PAY009603,INV09603,,,Scheduled
PAY009604,INV09604,,,Scheduled
PAY009605,INV09605,,,Scheduled
PAY009606,INV09606,,,Scheduled
PAY009607,INV09607,,,Scheduled
PAY009608,INV09608,2026-06-23,9629.59,Paid
PAY009609,INV09609,2026-05-28,4308.91,Paid
PAY009610,INV09610,,,Scheduled
PAY009611,INV09611,,,Scheduled
PAY009612,INV09612,2026-04-18,1030790.88,Paid
PAY009613,INV09613,2026-05-07,178092.68,Paid
PAY009614,INV09614,2026-05-05,1821291.68,Paid
PAY009615,INV09615,,,Scheduled
PAY009616,INV09616,,,Scheduled
PAY009617,INV09617,,,Scheduled
PAY009618,INV09618,2026-04-06,91107.97,Paid
PAY009619,INV09619,2026-08-05,101216.15,Paid
PAY009620,INV09620,,,Scheduled
PAY009621,INV09621,2026-05-23,5674177.5,Paid
PAY009622,INV09622,2026-06-27,60541.82,Paid
PAY009623,INV09623,2026-06-14,29326.48,Paid
PAY009624,INV09624,,,Scheduled
PAY009625,INV09625,2026-04-06,206800.65,Paid
PAY009626,INV09626,,,Scheduled
PAY009627,INV09627,2026-09-21,3261.44,Paid
PAY009628,INV09628,2026-08-22,943.48,Paid
PAY009629,INV09629,2026-10-21,343988.88,Paid
PAY009630,INV09630,2026-03-13,128558.01,Paid
PAY009631,INV09631,2026-07-22,38285.62,Paid
PAY009632,INV09632,,,Scheduled
PAY009633,INV09633,,,Scheduled
PAY009634,INV09634,,,Scheduled
PAY009635,INV09635,2026-04-19,146336.5,Paid
PAY009636,INV09636,2026-08-13,317715.8,Paid
PAY009637,INV09637,2026-09-23,15329.6,Paid
PAY009638,INV09638,,,Scheduled
PAY009639,INV09639,2026-05-01,37441.8,Paid
PAY009640,INV09640,,,Scheduled
PAY009641,INV09641,,,Scheduled
PAY009642,INV09642,,,Scheduled
PAY009643,INV09643,2026-04-10,119072.86,Paid
PAY009644,INV09644,,,Scheduled
PAY009645,INV09645,,,Scheduled
PAY009646,INV09646,,,Scheduled
PAY009647,INV09647,,,Scheduled
PAY009648,INV09648,,,Scheduled
PAY009649,INV09649,,,Scheduled
PAY009650,INV09650,,,Scheduled
PAY009651,INV09651,2026-04-04,7059.49,Paid
PAY009652,INV09652,,,Scheduled
PAY009653,INV09653,,,Scheduled
PAY009654,INV09654,2026-09-24,244104.0,Paid
PAY009655,INV09655,,,Scheduled
PAY009656,INV09656,2026-08-03,68149.84,Paid
PAY009657,INV09657,2026-09-15,205.16,Paid
PAY009658,INV09658,2026-10-30,237019.55,Paid
PAY009659,INV09659,,,Scheduled
PAY009660,INV09660,,,Scheduled
PAY009661,INV09661,2026-07-17,401329.95,Paid
PAY009662,INV09662,2026-07-18,21758.46,Paid
PAY009663,INV09663,,,Scheduled
PAY009664,INV09664,,,Scheduled
PAY009665,INV09665,2026-09-24,137280.68,Paid
PAY009666,INV09666,,,Scheduled
PAY009667,INV09667,,,Scheduled
PAY009668,INV09668,,,Scheduled
PAY009669,INV09669,,,Scheduled
PAY009670,INV09670,2026-07-16,15687890.4,Paid
PAY009671,INV09671,,,Scheduled
PAY009672,INV09672,,,Scheduled
PAY009673,INV09673,,,Scheduled
PAY009674,INV09674,,,Scheduled
PAY009675,INV09675,,,Scheduled
PAY009676,INV09676,2026-06-20,516196.8,Paid
PAY009677,INV09677,2026-09-18,348958.5,Paid
PAY009678,INV09678,2026-05-23,11674924.8,Paid
PAY009679,INV09679,2026-08-28,4364443.12,Paid
PAY009680,INV09680,2026-08-26,158975.67,Paid
PAY009681,INV09681,2026-04-02,616239.12,Paid
PAY009682,INV09682,,,Scheduled
PAY009683,INV09683,2026-04-05,55661.84,Paid
PAY009684,INV09684,,,Scheduled
PAY009685,INV09685,,,Scheduled
PAY009686,INV09686,2026-06-22,18034.02,Paid
PAY009687,INV09687,,,Scheduled
PAY009688,INV09688,,,Scheduled
PAY009689,INV09689,2026-07-04,1621083.5,Paid
PAY009690,INV09690,2026-07-24,43645.43,Paid
PAY009691,INV09691,,,Scheduled
PAY009692,INV09692,,,Scheduled
PAY009693,INV09693,,,Scheduled
PAY009694,INV09694,,,Scheduled
PAY009695,INV09695,,,Scheduled
PAY009696,INV09696,,,Scheduled
PAY009697,INV09697,2026-02-26,3724.88,Paid
PAY009698,INV09698,,,Scheduled
PAY009699,INV09699,2026-08-24,20069.44,Paid
PAY009700,INV09700,2026-09-10,17182.76,Paid
PAY009701,INV09701,2026-07-21,227587.5,Paid
PAY009702,INV09702,,,Scheduled
PAY009703,INV09703,2026-10-11,3126.39,Paid
PAY009704,INV09704,2026-03-31,185609.55,Paid
PAY009705,INV09705,,,Scheduled
PAY009706,INV09706,,,Scheduled
PAY009707,INV09707,,,Scheduled
PAY009708,INV09708,,,Scheduled
PAY009709,INV09709,,,Scheduled
PAY009710,INV09710,2026-08-12,48545.6,Paid
PAY009711,INV09711,2026-05-15,69468.72,Paid
PAY009712,INV09712,,,Scheduled
PAY009713,INV09713,,,Scheduled
PAY009714,INV09714,,,Scheduled
PAY009715,INV09715,,,Scheduled
PAY009716,INV09716,,,Scheduled
PAY009717,INV09717,,,Scheduled
PAY009718,INV09718,,,Scheduled
PAY009719,INV09719,,,Scheduled
PAY009720,INV09720,,,Scheduled
PAY009721,INV09721,,,Scheduled
PAY009722,INV09722,,,Scheduled
PAY009723,INV09723,2026-10-07,394427.04,Paid
PAY009724,INV09724,,,Scheduled
PAY009725,INV09725,,,Scheduled
PAY009726,INV09726,2026-03-05,216613.43,Paid
PAY009727,INV09727,,,Scheduled
PAY009728,INV09728,2026-08-19,789880.35,Paid
PAY009729,INV09729,,,Scheduled
PAY009730,INV09730,,,Scheduled
PAY009731,INV09731,,,Scheduled
PAY009732,INV09732,2026-07-28,60344.82,Paid
PAY009733,INV09733,,,Scheduled
PAY009734,INV09734,2026-11-05,459104.62,Paid
PAY009735,INV09735,,,Scheduled
PAY009736,INV09736,,,Scheduled
PAY009737,INV09737,,,Scheduled
PAY009738,INV09738,,,Scheduled
PAY009739,INV09739,2026-04-16,35507.81,Paid
PAY009740,INV09740,,,Scheduled
PAY009741,INV09741,,,Scheduled
PAY009742,INV09742,2026-03-30,25678.6,Paid
PAY009743,INV09743,2026-09-04,182671.08,Paid
PAY009744,INV09744,2026-03-05,1431381.3,Paid
PAY009745,INV09745,,,Scheduled
PAY009746,INV09746,2026-05-18,175166.25,Paid
PAY009747,INV09747,,,Scheduled
PAY009748,INV09748,,,Scheduled
PAY009749,INV09749,,,Scheduled
PAY009750,INV09750,2026-07-04,283378.4,Paid
PAY009751,INV09751,,,Scheduled
PAY009752,INV09752,2026-08-14,4882140.85,Paid
PAY009753,INV09753,,,Scheduled
PAY009754,INV09754,2026-04-27,17581.54,Paid
PAY009755,INV09755,,,Scheduled
PAY009756,INV09756,,,Scheduled
PAY009757,INV09757,,,Scheduled
PAY009758,INV09758,,,Scheduled
PAY009759,INV09759,,,Scheduled
PAY009760,INV09760,2026-07-17,16555.8,Paid
PAY009761,INV09761,,,Scheduled
PAY009762,INV09762,2026-03-03,9710.46,Paid
PAY009763,INV09763,,,Scheduled
PAY009764,INV09764,,,Scheduled
PAY009765,INV09765,,,Scheduled
PAY009766,INV09766,,,Scheduled
PAY009767,INV09767,,,Scheduled
PAY009768,INV09768,2026-09-01,86899.0,Paid
PAY009769,INV09769,,,Scheduled
PAY009770,INV09770,,,Scheduled
PAY009771,INV09771,,,Scheduled
PAY009772,INV09772,,,Scheduled
PAY009773,INV09773,,,Scheduled
PAY009774,INV09774,2026-09-26,24607.45,Paid
PAY009775,INV09775,2026-04-11,709.63,Paid
PAY009776,INV09776,,,Scheduled
PAY009777,INV09777,,,Scheduled
PAY009778,INV09778,2026-07-07,1801736.1,Paid
PAY009779,INV09779,2026-09-23,664688.1,Paid
PAY009780,INV09780,,,Scheduled
PAY009781,INV09781,2026-11-05,1918927.8,Paid
PAY009782,INV09782,,,Scheduled
PAY009783,INV09783,,,Scheduled
PAY009784,INV09784,,,Scheduled
PAY009785,INV09785,,,Scheduled
PAY009786,INV09786,2026-05-06,4193861.6,Paid
PAY009787,INV09787,2026-09-03,133379.0,Paid
PAY009788,INV09788,2026-04-25,33280.2,Paid
PAY009789,INV09789,,,Scheduled
PAY009790,INV09790,2026-06-27,67615.3,Paid
PAY009791,INV09791,,,Scheduled
PAY009792,INV09792,2026-08-03,16968.05,Paid
PAY009793,INV09793,2026-08-07,40997.69,Paid
PAY009794,INV09794,2026-09-29,1940821.12,Paid
PAY009795,INV09795,2026-07-12,4494997.5,Paid
PAY009796,INV09796,2026-05-04,1000241.76,Paid
PAY009797,INV09797,,,Scheduled
PAY009798,INV09798,,,Scheduled
PAY009799,INV09799,,,Scheduled
PAY009800,INV09800,,,Scheduled
PAY009801,INV09801,2026-08-11,3489.17,Paid
PAY009802,INV09802,,,Scheduled
PAY009803,INV09803,2026-03-19,2123824.5,Paid
PAY009804,INV09804,,,Scheduled
PAY009805,INV09805,2026-04-03,79815.0,Paid
PAY009806,INV09806,,,Scheduled
PAY009807,INV09807,,,Scheduled
PAY009808,INV09808,,,Scheduled
PAY009809,INV09809,,,Scheduled
PAY009810,INV09810,,,Scheduled
PAY009811,INV09811,2026-11-11,1911.56,Paid
PAY009812,INV09812,2026-10-06,56569.59,Paid
PAY009813,INV09813,,,Scheduled
PAY009814,INV09814,,,Scheduled
PAY009815,INV09815,,,Scheduled
PAY009816,INV09816,2026-05-24,21012.3,Paid
PAY009817,INV09817,,,Scheduled
PAY009818,INV09818,,,Scheduled
PAY009819,INV09819,2026-08-16,4938869.25,Paid
PAY009820,INV09820,,,Scheduled
PAY009821,INV09821,,,Scheduled
PAY009822,INV09822,2026-05-06,3428441.62,Paid
PAY009823,INV09823,2026-04-08,9142899.6,Paid
PAY009824,INV09824,,,Scheduled
PAY009825,INV09825,2026-06-04,2957875.2,Paid
PAY009826,INV09826,,,Scheduled
PAY009827,INV09827,2026-10-09,3344.92,Paid
PAY009828,INV09828,,,Scheduled
PAY009829,INV09829,2026-07-27,58106.98,Paid
PAY009830,INV09830,,,Scheduled
PAY009831,INV09831,2026-07-01,3428.19,Paid
PAY009832,INV09832,2026-06-05,57032.0,Paid
PAY009833,INV09833,2026-06-28,7795.01,Paid
PAY009834,INV09834,,,Scheduled
PAY009835,INV09835,2026-09-13,7429.22,Paid
PAY009836,INV09836,2026-09-04,328466.57,Paid
PAY009837,INV09837,,,Scheduled
PAY009838,INV09838,2026-10-15,28678.1,Paid
PAY009839,INV09839,,,Scheduled
PAY009840,INV09840,2026-04-03,238479.18,Paid
PAY009841,INV09841,,,Scheduled
PAY009842,INV09842,,,Scheduled
PAY009843,INV09843,2026-09-09,30869.33,Paid
PAY009844,INV09844,2026-07-01,2685.0,Paid
PAY009845,INV09845,2026-05-12,3177571.6,Paid
PAY009846,INV09846,2026-08-23,1517385.6,Paid
PAY009847,INV09847,2026-05-30,195694.5,Paid
PAY009848,INV09848,2026-07-31,39237.23,Paid
PAY009849,INV09849,2026-09-21,13722.91,Paid
PAY009850,INV09850,2026-05-17,18156.77,Paid
PAY009851,INV09851,2026-03-10,4426.8,Paid
PAY009852,INV09852,,,Scheduled
PAY009853,INV09853,,,Scheduled
PAY009854,INV09854,2026-04-16,165548.69,Paid
PAY009855,INV09855,2026-07-11,121361.74,Paid
PAY009856,INV09856,2026-08-14,2550744.0,Paid
PAY009857,INV09857,,,Scheduled
PAY009858,INV09858,,,Scheduled
PAY009859,INV09859,,,Scheduled
PAY009860,INV09860,2026-08-08,852017.6,Paid
PAY009861,INV09861,2026-03-31,1125.19,Paid
PAY009862,INV09862,,,Scheduled
PAY009863,INV09863,2026-08-26,1317949.5,Paid
PAY009864,INV09864,,,Scheduled
PAY009865,INV09865,,,Scheduled
PAY009866,INV09866,2026-05-24,21012.3,Paid
PAY009867,INV09867,2026-08-25,276690.96,Paid
PAY009868,INV09868,,,Scheduled
PAY009869,INV09869,2026-08-02,1648.33,Paid
PAY009870,INV09870,,,Scheduled
PAY009871,INV09871,,,Scheduled
PAY009872,INV09872,,,Scheduled
PAY009873,INV09873,2026-05-31,2382.81,Paid
PAY009874,INV09874,,,Scheduled
PAY009875,INV09875,,,Scheduled
PAY009876,INV09876,,,Scheduled
PAY009877,INV09877,,,Scheduled
PAY009878,INV09878,2026-07-11,330742.12,Paid
PAY009879,INV09879,2026-08-28,63662.01,Paid
PAY009880,INV09880,2026-04-03,409010.7,Paid
PAY009881,INV09881,,,Scheduled
PAY009882,INV09882,2026-05-27,203315.0,Paid
PAY009883,INV09883,2026-06-02,7989738.75,Paid
PAY009884,INV09884,,,Scheduled
PAY009885,INV09885,,,Scheduled
PAY009886,INV09886,2026-07-30,3946.91,Paid
PAY009887,INV09887,,,Scheduled
PAY009888,INV09888,,,Scheduled
PAY009889,INV09889,,,Scheduled
PAY009890,INV09890,2026-05-21,185040.0,Paid
PAY009891,INV09891,,,Scheduled
PAY009892,INV09892,,,Scheduled
PAY009893,INV09893,,,Scheduled
PAY009894,INV09894,,,Scheduled
PAY009895,INV09895,,,Scheduled
PAY009896,INV09896,,,Scheduled
PAY009897,INV09897,,,Scheduled
PAY009898,INV09898,2026-02-28,44207.6,Paid
PAY009899,INV09899,,,Scheduled
PAY009900,INV09900,,,Scheduled
PAY009901,INV09901,,,Scheduled
PAY009902,INV09902,,,Scheduled
PAY009903,INV09903,,,Scheduled
PAY009904,INV09904,,,Scheduled
PAY009905,INV09905,2026-04-03,871456.55,Paid
PAY009906,INV09906,2026-06-19,52525.93,Paid
PAY009907,INV09907,2026-09-29,4668.54,Paid
PAY009908,INV09908,,,Scheduled
PAY009909,INV09909,2026-05-03,141120.0,Paid
PAY009910,INV09910,,,Scheduled
PAY009911,INV09911,2026-06-25,60496.7,Paid
PAY009912,INV09912,2026-08-09,223524.2,Paid
PAY009913,INV09913,,,Scheduled
PAY009914,INV09914,,,Scheduled
PAY009915,INV09915,2026-04-26,894700.0,Paid
PAY009916,INV09916,,,Scheduled
PAY009917,INV09917,,,Scheduled
PAY009918,INV09918,,,Scheduled
PAY009919,INV09919,2026-07-21,2354890.12,Paid
PAY009920,INV09920,2026-04-23,8031.08,Paid
PAY009921,INV09921,2026-07-07,60366.12,Paid
PAY009922,INV09922,,,Scheduled
PAY009923,INV09923,,,Scheduled
PAY009924,INV09924,,,Scheduled
PAY009925,INV09925,2026-04-02,17581.54,Paid
PAY009926,INV09926,,,Scheduled
PAY009927,INV09927,2026-10-04,210061.24,Paid
PAY009928,INV09928,,,Scheduled
PAY009929,INV09929,2026-05-26,6233.6,Paid
PAY009930,INV09930,2026-06-08,40688.05,Paid
PAY009931,INV09931,2026-07-21,752509.8,Paid
PAY009932,INV09932,,,Scheduled
PAY009933,INV09933,,,Scheduled
PAY009934,INV09934,2026-08-06,137061.72,Paid
PAY009935,INV09935,,,Scheduled
PAY009936,INV09936,,,Scheduled
PAY009937,INV09937,2026-08-12,2146036.5,Paid
PAY009938,INV09938,2026-04-09,782315.97,Paid
PAY009939,INV09939,,,Scheduled
PAY009940,INV09940,2026-04-20,2643944.8,Paid
PAY009941,INV09941,,,Scheduled
PAY009942,INV09942,2026-05-12,949830.0,Paid
PAY009943,INV09943,,,Scheduled
PAY009944,INV09944,2026-07-19,18478440.75,Paid
PAY009945,INV09945,,,Scheduled
PAY009946,INV09946,,,Scheduled
PAY009947,INV09947,,,Scheduled
PAY009948,INV09948,2026-10-07,21919.11,Paid
PAY009949,INV09949,,,Scheduled
PAY009950,INV09950,,,Scheduled
PAY009951,INV09951,2026-05-09,52009.8,Paid
PAY009952,INV09952,,,Scheduled
PAY009953,INV09953,,,Scheduled
PAY009954,INV09954,2026-06-01,63095.0,Paid
PAY009955,INV09955,,,Scheduled
PAY009956,INV09956,2026-08-08,304067.9,Paid
PAY009957,INV09957,2026-04-21,849.68,Paid
PAY009958,INV09958,,,Scheduled
PAY009959,INV09959,2026-04-27,647186.4,Paid
PAY009960,INV09960,2026-05-21,60808.0,Paid
PAY009961,INV09961,,,Scheduled
PAY009962,INV09962,,,Scheduled
PAY009963,INV09963,,,Scheduled
PAY009964,INV09964,,,Scheduled
PAY009965,INV09965,2026-06-05,69242.57,Paid
PAY009966,INV09966,,,Scheduled
PAY009967,INV09967,,,Scheduled
PAY009968,INV09968,,,Scheduled
PAY009969,INV09969,,,Scheduled
PAY009970,INV09970,,,Scheduled
PAY009971,INV09971,2026-10-23,63937.12,Paid
PAY009972,INV09972,,,Scheduled
PAY009973,INV09973,,,Scheduled
PAY009974,INV09974,2026-06-28,560374.5,Paid
PAY009975,INV09975,,,Scheduled
PAY009976,INV09976,2026-05-12,546980.0,Paid
PAY009977,INV09977,2026-08-07,3602.45,Paid
PAY009978,INV09978,2026-07-31,2831940.0,Paid
PAY009979,INV09979,,,Scheduled
PAY009980,INV09980,,,Scheduled
PAY009981,INV09981,,,Scheduled
PAY009982,INV09982,,,Scheduled
PAY009983,INV09983,,,Scheduled
PAY009984,INV09984,,,Scheduled
PAY009985,INV09985,,,Scheduled
PAY009986,INV09986,2026-08-26,12716.34,Paid
PAY009987,INV09987,,,Scheduled
PAY009988,INV09988,,,Scheduled
PAY009989,INV09989,,,Scheduled
PAY009990,INV09990,2026-09-05,26760.61,Paid
PAY009991,INV09991,,,Scheduled
PAY009992,INV09992,2026-05-16,115158.56,Paid
PAY009993,INV09993,2026-06-09,36890.0,Paid
PAY009994,INV09994,2026-07-19,6999.21,Paid
PAY009995,INV09995,,,Scheduled
PAY009996,INV09996,2026-06-29,6151.47,Paid
PAY009997,INV09997,2026-05-10,596327.75,Paid
PAY009998,INV09998,,,Scheduled
PAY009999,INV09999,,,Scheduled
PAY010000,INV10000,,,Scheduled
