po_id,po_line_id,vendor_id,po_date,item_id,ordered_quantity,unit_price,tax_rate,currency
PO00001,POL000001,V0122,2026-06-05,PRO-095,20,25176.59,0.0,INR
PO00002,POL000002,V0339,2026-05-26,OFF-045,5,1698.38,0.12,INR
PO00003,POL000003,V0106,2026-03-04,PRO-134,5,2420.76,0.05,INR
PO00004,POL000004,V0077,2026-03-30,MAR-120,1,12430.1,0.18,INR
PO00005,POL000005,V0395,2026-03-18,MAN-131,500,3278.46,0.18,INR
PO00006,POL000006,V0373,2026-05-05,IT -088,20,6927.72,0.05,INR
PO00007,POL000007,V0162,2026-06-19,PRO-074,500,24720.92,0.05,INR
PO00008,POL000008,V0122,2026-04-10,PRO-085,2,20876.3,0.05,INR
PO00009,POL000009,V0096,2026-01-01,OFF-007,2,1497.97,0.05,INR
PO00010,POL000010,V0069,2026-01-16,LOG-095,2,8499.52,0.05,INR
PO00011,POL000011,V0226,2026-01-29,IT -046,1,6887.58,0.05,INR
PO00012,POL000012,V0212,2026-07-06,FAC-109,50,1208.5,0.12,INR
PO00013,POL000013,V0068,2026-06-02,PRO-139,1,26936.69,0.05,INR
PO00014,POL000014,V0387,2026-02-17,MAN-151,20,88.12,0.18,INR
PO00015,POL000015,V0148,2026-06-13,IT -152,10,3933.52,0.18,INR
PO00016,POL000016,V0177,2026-07-06,UTI-019,2,2678.47,0.18,INR
PO00017,POL000017,V0415,2026-01-13,MAR-136,10,6116.8,0.12,INR
PO00018,POL000018,V0093,2026-07-06,FAC-001,500,7103.32,0.18,INR
PO00019,POL000019,V0389,2026-01-04,LOG-077,50,6303.88,0.0,INR
PO00020,POL000020,V0487,2026-01-29,LOG-097,500,7877.69,0.18,INR
PO00021,POL000021,V0177,2026-07-25,UTI-067,1,4850.4,0.12,INR
PO00022,POL000022,V0207,2026-06-14,UTI-096,50,4385.64,0.05,INR
PO00023,POL000023,V0254,2026-06-11,FAC-143,50,5665.83,0.12,INR
PO00024,POL000024,V0031,2026-06-13,IT -007,10,23356.02,0.05,INR
PO00025,POL000025,V0320,2026-05-17,MAN-071,5,1351.81,0.05,INR
PO00026,POL000026,V0360,2026-01-17,FAC-152,50,5307.18,0.05,INR
PO00027,POL000027,V0127,2026-01-10,LOG-069,500,3483.95,0.12,INR
PO00028,POL000028,V0196,2026-05-14,MAN-023,250,1259.97,0.05,INR
PO00029,POL000029,V0368,2026-07-12,FAC-121,2,989.3,0.18,INR
PO00030,POL000030,V0371,2026-06-05,MAN-096,100,2885.04,0.05,INR
PO00031,POL000031,V0475,2026-04-04,PRO-045,250,28285.59,0.18,INR
PO00032,POL000032,V0284,2026-03-31,LOG-143,100,4002.29,0.18,INR
PO00033,POL000033,V0281,2026-02-09,IT -102,10,22076.98,0.12,INR
PO00034,POL000034,V0362,2026-06-02,MAN-087,20,1318.76,0.0,INR
PO00035,POL000035,V0391,2026-07-17,MAN-040,20,1526.56,0.12,INR
PO00036,POL000036,V0177,2026-01-09,UTI-131,500,3954.87,0.05,INR
PO00037,POL000037,V0257,2026-06-25,PRO-156,5,6948.52,0.05,INR
PO00038,POL000038,V0462,2026-01-29,MAR-085,5,859.58,0.05,INR
PO00039,POL000039,V0461,2026-07-06,OFF-062,1,76.71,0.12,INR
PO00040,POL000040,V0078,2026-05-02,PRO-158,20,31085.7,0.18,INR
PO00041,POL000041,V0263,2026-06-21,OFF-084,1,882.45,0.18,INR
PO00042,POL000042,V0129,2026-04-11,LOG-156,20,2571.85,0.0,INR
PO00043,POL000043,V0345,2026-03-14,UTI-139,2,924.58,0.12,INR
PO00044,POL000044,V0269,2026-01-02,IT -020,50,5378.99,0.0,INR
PO00045,POL000045,V0207,2026-03-23,UTI-138,250,4622.24,0.18,INR
PO00046,POL000046,V0009,2026-04-30,FAC-009,50,7031.09,0.12,INR
PO00047,POL000047,V0028,2026-04-24,OFF-144,5,1828.25,0.0,INR
PO00048,POL000048,V0247,2026-06-03,IT -031,1,21661.22,0.05,INR
PO00049,POL000049,V0250,2026-07-06,IT -029,100,13093.16,0.18,INR
PO00050,POL000050,V0430,2026-01-28,PRO-134,20,17663.51,0.05,INR
PO00051,POL000051,V0276,2026-04-27,LOG-059,250,8514.85,0.0,INR
PO00052,POL000052,V0084,2026-05-25,PRO-078,2,4132.27,0.0,INR
PO00053,POL000053,V0437,2026-03-10,UTI-067,1,302.13,0.05,INR
PO00054,POL000054,V0247,2026-01-02,IT -070,5,11524.08,0.12,INR
PO00055,POL000055,V0133,2026-02-13,UTI-051,500,1917.5,0.12,INR
PO00056,POL000056,V0340,2026-02-17,MAR-147,5,13479.64,0.18,INR
PO00057,POL000057,V0292,2026-01-03,OFF-090,1,330.67,0.12,INR
PO00058,POL000058,V0045,2026-05-20,MAN-111,1,2391.01,0.0,INR
PO00059,POL000059,V0074,2026-05-30,MAN-071,5,1556.76,0.18,INR
PO00060,POL000060,V0150,2026-05-06,OFF-083,20,1158.82,0.12,INR
PO00061,POL000061,V0442,2026-06-20,UTI-009,2,1467.81,0.18,INR
PO00062,POL000062,V0102,2026-07-12,PRO-155,20,11000.64,0.18,INR
PO00063,POL000063,V0270,2026-03-09,IT -037,500,20814.8,0.0,INR
PO00064,POL000064,V0031,2026-03-13,IT -124,100,2759.22,0.0,INR
PO00065,POL000065,V0015,2026-06-18,FAC-126,20,3933.99,0.05,INR
PO00066,POL000066,V0035,2026-01-30,FAC-056,1,1509.74,0.0,INR
PO00067,POL000067,V0140,2026-01-18,OFF-089,5,559.79,0.18,INR
PO00068,POL000068,V0448,2026-07-07,IT -018,500,24223.25,0.18,INR
PO00069,POL000069,V0196,2026-02-27,MAN-084,100,2750.4,0.05,INR
PO00070,POL000070,V0121,2026-07-19,LOG-052,50,2614.87,0.05,INR
PO00071,POL000071,V0318,2026-04-02,IT -130,50,17535.53,0.05,INR
PO00072,POL000072,V0261,2026-07-11,PRO-151,1,7257.28,0.05,INR
PO00073,POL000073,V0081,2026-02-15,PRO-058,10,11308.3,0.18,INR
PO00074,POL000074,V0198,2026-03-26,MAR-077,1,16753.59,0.05,INR
PO00075,POL000075,V0229,2026-03-10,OFF-031,2,1825.81,0.18,INR
PO00076,POL000076,V0185,2026-06-29,MAR-058,100,13490.93,0.18,INR
PO00077,POL000077,V0100,2026-04-20,LOG-076,50,8682.34,0.05,INR
PO00078,POL000078,V0485,2026-05-13,OFF-004,100,586.47,0.05,INR
PO00079,POL000079,V0116,2026-03-26,LOG-013,250,3310.79,0.05,INR
PO00080,POL000080,V0055,2026-06-25,MAR-160,50,9600.98,0.12,INR
PO00081,POL000081,V0121,2026-05-12,LOG-097,50,10394.43,0.0,INR
PO00082,POL000082,V0202,2026-07-01,MAN-154,1,3281.23,0.12,INR
PO00083,POL000083,V0497,2026-06-20,LOG-081,100,579.29,0.12,INR
PO00084,POL000084,V0278,2026-06-17,OFF-074,10,1087.29,0.0,INR
PO00085,POL000085,V0413,2026-01-24,UTI-006,100,2233.26,0.0,INR
PO00086,POL000086,V0318,2026-06-19,IT -131,2,8409.08,0.0,INR
PO00087,POL000087,V0308,2026-01-17,MAR-041,10,8474.43,0.05,INR
PO00088,POL000088,V0113,2026-06-08,FAC-121,250,5857.08,0.0,INR
PO00089,POL000089,V0453,2026-04-24,UTI-024,2,3460.54,0.05,INR
PO00090,POL000090,V0178,2026-04-08,MAR-033,20,12960.99,0.12,INR
PO00091,POL000091,V0272,2026-04-21,UTI-133,50,3824.89,0.0,INR
PO00092,POL000092,V0463,2026-01-02,IT -027,20,20916.07,0.0,INR
PO00093,POL000093,V0378,2026-01-29,IT -006,5,8239.02,0.05,INR
PO00094,POL000094,V0202,2026-07-29,MAN-070,5,921.22,0.18,INR
PO00095,POL000095,V0129,2026-04-27,LOG-110,5,11908.69,0.18,INR
PO00096,POL000096,V0230,2026-05-09,IT -143,5,20927.53,0.12,INR
PO00097,POL000097,V0086,2026-06-30,IT -118,10,17625.16,0.12,INR
PO00098,POL000098,V0353,2026-07-09,PRO-049,50,32467.66,0.18,INR
PO00099,POL000099,V0323,2026-02-11,FAC-018,20,3320.65,0.18,INR
PO00100,POL000100,V0270,2026-01-19,IT -139,5,11292.56,0.05,INR
PO00101,POL000101,V0171,2026-06-05,MAN-040,10,195.8,0.0,INR
PO00102,POL000102,V0429,2026-03-24,PRO-068,5,7634.82,0.05,INR
PO00103,POL000103,V0035,2026-03-23,FAC-011,100,5522.04,0.18,INR
PO00104,POL000104,V0145,2026-04-08,UTI-094,250,4134.35,0.0,INR
PO00105,POL000105,V0172,2026-02-19,PRO-084,20,14954.3,0.0,INR
PO00106,POL000106,V0497,2026-07-18,LOG-049,50,8292.77,0.18,INR
PO00107,POL000107,V0482,2026-04-20,IT -030,20,13757.54,0.12,INR
PO00108,POL000108,V0467,2026-05-07,LOG-024,500,2394.8,0.0,INR
PO00109,POL000109,V0443,2026-01-07,LOG-006,250,7768.52,0.05,INR
PO00110,POL000110,V0081,2026-06-23,PRO-131,100,25288.71,0.12,INR
PO00111,POL000111,V0353,2026-05-23,PRO-133,100,28967.21,0.12,INR
PO00112,POL000112,V0309,2026-07-02,UTI-133,100,4769.98,0.0,INR
PO00113,POL000113,V0345,2026-01-31,UTI-154,250,616.04,0.12,INR
PO00114,POL000114,V0318,2026-05-04,IT -141,20,16689.43,0.12,INR
PO00115,POL000115,V0044,2026-02-02,OFF-036,20,677.16,0.18,INR
PO00116,POL000116,V0046,2026-03-15,OFF-063,500,119.02,0.18,INR
PO00117,POL000117,V0386,2026-01-01,MAN-001,20,2907.02,0.18,INR
PO00118,POL000118,V0082,2026-06-26,LOG-128,250,7349.71,0.0,INR
PO00119,POL000119,V0377,2026-06-18,MAN-075,5,549.76,0.12,INR
PO00120,POL000120,V0389,2026-02-22,LOG-075,100,5597.62,0.12,INR
PO00121,POL000121,V0498,2026-01-03,MAN-050,10,2129.66,0.18,INR
PO00122,POL000122,V0459,2026-02-17,OFF-158,2,876.73,0.05,INR
PO00123,POL000123,V0178,2026-01-22,MAR-130,1,11682.22,0.18,INR
PO00124,POL000124,V0010,2026-01-28,PRO-135,250,34359.86,0.12,INR
PO00125,POL000125,V0023,2026-02-23,PRO-077,250,29043.82,0.12,INR
PO00126,POL000126,V0010,2026-03-04,PRO-083,250,38400.49,0.12,INR
PO00127,POL000127,V0053,2026-04-22,PRO-061,500,30344.1,0.0,INR
PO00128,POL000128,V0435,2026-05-09,MAN-152,500,2342.36,0.05,INR
PO00129,POL000129,V0127,2026-07-07,LOG-064,10,512.27,0.18,INR
PO00130,POL000130,V0059,2026-06-07,IT -038,100,20733.12,0.18,INR
PO00131,POL000131,V0253,2026-04-11,PRO-022,10,17100.92,0.12,INR
PO00132,POL000132,V0498,2026-04-13,MAN-065,2,1130.8,0.12,INR
PO00133,POL000133,V0496,2026-03-09,MAR-145,10,3977.23,0.12,INR
PO00134,POL000134,V0401,2026-01-17,LOG-034,250,9442.66,0.12,INR
PO00135,POL000135,V0193,2026-01-04,PRO-032,500,6990.32,0.0,INR
PO00136,POL000136,V0378,2026-06-14,IT -050,5,19822.12,0.18,INR
PO00137,POL000137,V0345,2026-02-23,UTI-012,10,4928.82,0.12,INR
PO00138,POL000138,V0327,2026-05-16,MAN-120,250,2549.78,0.0,INR
PO00139,POL000139,V0284,2026-07-07,LOG-038,2,8179.4,0.05,INR
PO00140,POL000140,V0482,2026-04-01,IT -019,250,9610.55,0.18,INR
PO00141,POL000141,V0307,2026-03-19,MAR-145,20,16363.38,0.12,INR
PO00142,POL000142,V0370,2026-04-09,IT -068,100,9111.95,0.05,INR
PO00143,POL000143,V0256,2026-01-13,UTI-132,250,4141.84,0.18,INR
PO00144,POL000144,V0452,2026-04-08,FAC-087,1,2430.77,0.12,INR
PO00145,POL000145,V0036,2026-06-06,FAC-145,250,4635.89,0.12,INR
PO00146,POL000146,V0176,2026-07-16,IT -023,1,11324.42,0.12,INR
PO00147,POL000147,V0435,2026-04-26,MAN-043,500,2405.62,0.05,INR
PO00148,POL000148,V0178,2026-07-13,MAR-013,2,13780.95,0.12,INR
PO00149,POL000149,V0341,2026-01-02,UTI-140,500,3620.87,0.12,INR
PO00150,POL000150,V0105,2026-03-25,PRO-005,20,32289.09,0.18,INR
PO00151,POL000151,V0206,2026-03-21,MAN-033,5,257.99,0.18,INR
PO00152,POL000152,V0061,2026-07-17,OFF-092,100,1083.12,0.05,INR
PO00153,POL000153,V0429,2026-07-13,PRO-021,10,13813.0,0.0,INR
PO00154,POL000154,V0411,2026-07-29,OFF-115,1,99.67,0.0,INR
PO00155,POL000155,V0162,2026-06-07,PRO-088,10,39030.44,0.05,INR
PO00156,POL000156,V0477,2026-05-04,MAN-090,100,1475.61,0.0,INR
PO00157,POL000157,V0100,2026-05-16,LOG-112,20,7656.25,0.12,INR
PO00158,POL000158,V0398,2026-05-22,PRO-031,10,13100.48,0.12,INR
PO00159,POL000159,V0113,2026-05-29,FAC-062,2,2650.27,0.18,INR
PO00160,POL000160,V0424,2026-05-26,MAN-137,250,2739.39,0.0,INR
PO00161,POL000161,V0346,2026-06-25,OFF-147,250,1515.69,0.12,INR
PO00162,POL000162,V0279,2026-06-10,PRO-120,20,18549.04,0.0,INR
PO00163,POL000163,V0324,2026-07-24,UTI-083,5,1810.2,0.05,INR
PO00164,POL000164,V0035,2026-05-14,FAC-009,50,954.04,0.0,INR
PO00165,POL000165,V0413,2026-04-27,UTI-054,2,1933.51,0.18,INR
PO00166,POL000166,V0003,2026-04-22,LOG-100,500,2685.59,0.18,INR
PO00167,POL000167,V0479,2026-01-01,FAC-099,20,4007.32,0.05,INR
PO00168,POL000168,V0334,2026-05-24,MAR-078,500,9376.03,0.12,INR
PO00169,POL000169,V0338,2026-05-01,OFF-079,2,1367.78,0.12,INR
PO00170,POL000170,V0408,2026-03-16,FAC-104,250,5552.56,0.0,INR
PO00171,POL000171,V0245,2026-03-23,OFF-079,5,413.37,0.05,INR
PO00172,POL000172,V0098,2026-04-22,IT -147,10,22640.86,0.18,INR
PO00173,POL000173,V0123,2026-07-22,IT -053,50,9088.75,0.0,INR
PO00174,POL000174,V0383,2026-03-05,PRO-092,250,19389.1,0.18,INR
PO00175,POL000175,V0066,2026-04-25,UTI-141,500,3356.37,0.18,INR
PO00176,POL000176,V0134,2026-01-30,MAR-019,100,10150.06,0.0,INR
PO00177,POL000177,V0145,2026-01-19,UTI-055,20,4823.72,0.12,INR
PO00178,POL000178,V0307,2026-06-12,MAR-118,500,14900.81,0.12,INR
PO00179,POL000179,V0457,2026-03-04,LOG-004,20,1732.29,0.05,INR
PO00180,POL000180,V0101,2026-05-01,IT -039,100,2757.71,0.12,INR
PO00181,POL000181,V0197,2026-05-11,MAR-045,5,4308.48,0.18,INR
PO00182,POL000182,V0189,2026-05-04,OFF-112,50,768.2,0.12,INR
PO00183,POL000183,V0229,2026-03-31,OFF-117,10,1940.96,0.0,INR
PO00184,POL000184,V0335,2026-03-28,PRO-038,10,15787.53,0.12,INR
PO00185,POL000185,V0413,2026-01-05,UTI-109,2,1719.44,0.0,INR
PO00186,POL000186,V0039,2026-05-13,IT -131,5,1724.1,0.12,INR
PO00187,POL000187,V0184,2026-01-04,MAR-043,50,10083.12,0.0,INR
PO00188,POL000188,V0474,2026-03-07,OFF-087,250,275.14,0.18,INR
PO00189,POL000189,V0145,2026-07-27,UTI-158,2,4133.92,0.05,INR
PO00190,POL000190,V0060,2026-02-01,MAR-081,100,4335.03,0.0,INR
PO00191,POL000191,V0169,2026-04-13,IT -147,50,10556.73,0.05,INR
PO00192,POL000192,V0361,2026-01-14,MAR-027,10,16462.48,0.18,INR
PO00193,POL000193,V0364,2026-02-27,OFF-016,50,1444.72,0.05,INR
PO00194,POL000194,V0086,2026-02-21,IT -094,2,12811.75,0.12,INR
PO00195,POL000195,V0374,2026-05-18,LOG-053,2,7345.64,0.0,INR
PO00196,POL000196,V0443,2026-01-29,LOG-135,5,11174.14,0.05,INR
PO00197,POL000197,V0335,2026-03-31,PRO-122,5,32389.16,0.18,INR
PO00198,POL000198,V0059,2026-05-10,IT -092,50,15011.76,0.0,INR
PO00199,POL000199,V0319,2026-04-22,FAC-032,10,4637.04,0.12,INR
PO00200,POL000200,V0438,2026-03-24,OFF-018,250,1599.24,0.0,INR
PO00201,POL000201,V0114,2026-07-09,IT -118,50,9594.54,0.05,INR
PO00202,POL000202,V0461,2026-06-27,OFF-027,20,1127.19,0.05,INR
PO00203,POL000203,V0487,2026-07-15,LOG-118,20,7103.66,0.18,INR
PO00204,POL000204,V0332,2026-02-20,OFF-147,100,1466.29,0.12,INR
PO00205,POL000205,V0250,2026-05-29,IT -035,100,7819.12,0.12,INR
PO00206,POL000206,V0179,2026-01-19,FAC-073,100,1159.63,0.18,INR
PO00207,POL000207,V0291,2026-02-13,IT -089,10,5707.92,0.0,INR
PO00208,POL000208,V0227,2026-04-20,FAC-007,5,2405.5,0.12,INR
PO00209,POL000209,V0475,2026-04-27,PRO-054,5,25436.3,0.05,INR
PO00210,POL000210,V0176,2026-05-31,IT -003,50,8644.43,0.18,INR
PO00211,POL000211,V0150,2026-04-17,OFF-033,100,826.15,0.12,INR
PO00212,POL000212,V0200,2026-05-07,LOG-151,50,8346.44,0.18,INR
PO00213,POL000213,V0219,2026-01-07,MAN-038,100,255.19,0.12,INR
PO00214,POL000214,V0463,2026-04-16,IT -147,500,12339.04,0.12,INR
PO00215,POL000215,V0432,2026-01-07,PRO-021,100,13462.0,0.0,INR
PO00216,POL000216,V0461,2026-03-13,OFF-107,1,670.23,0.12,INR
PO00217,POL000217,V0133,2026-07-26,UTI-068,10,758.05,0.0,INR
PO00218,POL000218,V0400,2026-01-05,MAN-121,500,1421.44,0.18,INR
PO00219,POL000219,V0406,2026-06-17,FAC-116,20,6194.97,0.12,INR
PO00220,POL000220,V0298,2026-06-15,MAN-060,250,814.41,0.18,INR
PO00221,POL000221,V0498,2026-02-02,MAN-160,1,2065.87,0.0,INR
PO00222,POL000222,V0160,2026-07-26,LOG-119,50,701.13,0.12,INR
PO00223,POL000223,V0282,2026-02-13,FAC-146,250,6832.08,0.12,INR
PO00224,POL000224,V0244,2026-04-27,PRO-152,50,10121.95,0.0,INR
PO00225,POL000225,V0323,2026-04-30,FAC-027,10,3343.91,0.12,INR
PO00226,POL000226,V0369,2026-03-24,IT -128,250,20472.4,0.05,INR
PO00227,POL000227,V0030,2026-05-24,IT -126,500,15999.33,0.05,INR
PO00228,POL000228,V0450,2026-02-10,FAC-004,250,1692.13,0.0,INR
PO00229,POL000229,V0422,2026-03-24,MAR-042,250,12134.07,0.12,INR
PO00230,POL000230,V0300,2026-06-21,UTI-077,250,4792.53,0.12,INR
PO00231,POL000231,V0198,2026-03-30,MAR-115,1,9292.5,0.12,INR
PO00232,POL000232,V0406,2026-04-24,FAC-022,2,3212.93,0.05,INR
PO00233,POL000233,V0486,2026-03-02,MAR-089,10,4407.61,0.18,INR
PO00234,POL000234,V0384,2026-07-05,FAC-005,50,7672.66,0.0,INR
PO00235,POL000235,V0328,2026-03-07,PRO-064,2,10278.2,0.12,INR
PO00236,POL000236,V0289,2026-01-03,MAN-108,20,3006.39,0.12,INR
PO00237,POL000237,V0452,2026-05-23,FAC-157,500,3305.68,0.12,INR
PO00238,POL000238,V0268,2026-07-18,OFF-056,250,1158.12,0.05,INR
PO00239,POL000239,V0413,2026-01-17,UTI-160,20,2292.67,0.12,INR
PO00240,POL000240,V0395,2026-03-14,MAN-029,100,642.7,0.0,INR
PO00241,POL000241,V0115,2026-02-07,MAR-133,5,4862.78,0.05,INR
PO00242,POL000242,V0313,2026-01-29,OFF-120,20,810.57,0.12,INR
PO00243,POL000243,V0285,2026-03-07,IT -071,50,20811.44,0.05,INR
PO00244,POL000244,V0477,2026-04-08,MAN-003,20,864.51,0.18,INR
PO00245,POL000245,V0472,2026-02-10,PRO-064,5,23589.14,0.0,INR
PO00246,POL000246,V0075,2026-07-02,MAN-093,250,3264.66,0.05,INR
PO00247,POL000247,V0247,2026-01-04,IT -062,20,4097.11,0.0,INR
PO00248,POL000248,V0033,2026-07-13,FAC-119,1,3027.96,0.0,INR
PO00249,POL000249,V0487,2026-05-30,LOG-070,500,3003.73,0.05,INR
PO00250,POL000250,V0338,2026-01-12,OFF-103,500,893.06,0.0,INR
PO00251,POL000251,V0044,2026-06-26,OFF-051,20,1436.24,0.18,INR
PO00252,POL000252,V0349,2026-07-02,UTI-025,100,1116.81,0.0,INR
PO00253,POL000253,V0451,2026-06-19,IT -086,50,9515.75,0.05,INR
PO00254,POL000254,V0432,2026-01-10,PRO-040,1,31152.49,0.0,INR
PO00255,POL000255,V0114,2026-01-20,IT -089,5,5641.3,0.05,INR
PO00256,POL000256,V0408,2026-06-28,FAC-080,50,3690.03,0.0,INR
PO00257,POL000257,V0035,2026-01-16,FAC-113,250,3447.82,0.0,INR
PO00258,POL000258,V0157,2026-05-02,MAN-044,20,1473.5,0.12,INR
PO00259,POL000259,V0396,2026-02-17,FAC-084,1,3365.38,0.05,INR
PO00260,POL000260,V0232,2026-03-06,LOG-121,100,10874.06,0.0,INR
PO00261,POL000261,V0039,2026-06-04,IT -129,250,4853.04,0.18,INR
PO00262,POL000262,V0149,2026-04-11,LOG-003,250,10760.65,0.18,INR
PO00263,POL000263,V0235,2026-06-27,UTI-121,50,2432.69,0.0,INR
PO00264,POL000264,V0139,2026-02-04,MAN-007,5,3301.75,0.12,INR
PO00265,POL000265,V0371,2026-02-17,MAN-055,50,1559.91,0.05,INR
PO00266,POL000266,V0355,2026-04-29,PRO-099,1,5809.4,0.05,INR
PO00267,POL000267,V0177,2026-07-15,UTI-106,250,2659.05,0.05,INR
PO00268,POL000268,V0462,2026-06-07,MAR-004,10,4582.83,0.18,INR
PO00269,POL000269,V0478,2026-02-19,UTI-147,1,3573.49,0.18,INR
PO00270,POL000270,V0316,2026-07-24,MAR-110,50,6059.42,0.18,INR
PO00271,POL000271,V0228,2026-01-11,PRO-053,250,8009.99,0.05,INR
PO00272,POL000272,V0172,2026-07-23,PRO-131,10,18737.83,0.05,INR
PO00273,POL000273,V0060,2026-03-09,MAR-090,5,17852.13,0.0,INR
PO00274,POL000274,V0290,2026-02-21,MAR-134,500,15440.66,0.12,INR
PO00275,POL000275,V0015,2026-03-10,FAC-131,50,5427.32,0.12,INR
PO00276,POL000276,V0039,2026-05-15,IT -143,250,10233.54,0.18,INR
PO00277,POL000277,V0195,2026-05-15,FAC-037,2,3333.26,0.05,INR
PO00278,POL000278,V0177,2026-04-25,UTI-049,1,2215.27,0.18,INR
PO00279,POL000279,V0132,2026-07-19,PRO-007,500,29204.59,0.05,INR
PO00280,POL000280,V0300,2026-03-18,UTI-105,100,3827.71,0.05,INR
PO00281,POL000281,V0163,2026-04-12,LOG-125,2,7189.85,0.18,INR
PO00282,POL000282,V0210,2026-07-25,MAR-060,500,7613.59,0.05,INR
PO00283,POL000283,V0170,2026-03-29,UTI-126,10,1713.81,0.18,INR
PO00284,POL000284,V0255,2026-02-22,LOG-158,250,7938.19,0.18,INR
PO00285,POL000285,V0485,2026-03-14,OFF-041,50,1019.15,0.18,INR
PO00286,POL000286,V0422,2026-07-22,MAR-133,100,9362.13,0.12,INR
PO00287,POL000287,V0177,2026-01-24,UTI-142,1,383.05,0.0,INR
PO00288,POL000288,V0303,2026-02-01,LOG-134,5,6381.78,0.18,INR
PO00289,POL000289,V0278,2026-01-05,OFF-024,250,1181.7,0.05,INR
PO00290,POL000290,V0098,2026-06-04,IT -048,10,9857.87,0.12,INR
PO00291,POL000291,V0247,2026-05-04,IT -010,5,19046.37,0.05,INR
PO00292,POL000292,V0340,2026-01-14,MAR-099,100,8109.72,0.05,INR
PO00293,POL000293,V0335,2026-06-08,PRO-098,1,12683.29,0.0,INR
PO00294,POL000294,V0126,2026-03-25,OFF-083,500,808.58,0.0,INR
PO00295,POL000295,V0439,2026-07-08,PRO-117,50,19953.16,0.0,INR
PO00296,POL000296,V0263,2026-01-28,OFF-138,500,1075.42,0.0,INR
PO00297,POL000297,V0304,2026-06-07,IT -063,250,21452.93,0.18,INR
PO00298,POL000298,V0230,2026-06-22,IT -037,100,10591.65,0.12,INR
PO00299,POL000299,V0447,2026-05-23,OFF-122,20,1948.87,0.05,INR
PO00300,POL000300,V0108,2026-02-20,LOG-099,100,4738.95,0.05,INR
PO00301,POL000301,V0032,2026-05-15,MAN-031,500,2917.58,0.0,INR
PO00302,POL000302,V0065,2026-01-26,MAR-079,100,14665.84,0.18,INR
PO00303,POL000303,V0111,2026-01-25,PRO-123,500,8548.26,0.18,INR
PO00304,POL000304,V0389,2026-01-07,LOG-013,5,3471.98,0.18,INR
PO00305,POL000305,V0223,2026-07-14,OFF-077,5,1847.9,0.0,INR
PO00306,POL000306,V0416,2026-03-19,IT -147,1,14487.7,0.12,INR
PO00307,POL000307,V0108,2026-07-17,LOG-020,10,7718.82,0.05,INR
PO00308,POL000308,V0127,2026-06-05,LOG-055,100,1822.51,0.0,INR
PO00309,POL000309,V0068,2026-04-25,PRO-001,2,8363.05,0.12,INR
PO00310,POL000310,V0157,2026-01-16,MAN-110,1,2289.3,0.0,INR
PO00311,POL000311,V0242,2026-07-11,PRO-101,50,24201.34,0.05,INR
PO00312,POL000312,V0356,2026-02-16,MAR-031,100,7070.99,0.12,INR
PO00313,POL000313,V0229,2026-02-01,OFF-154,100,472.56,0.12,INR
PO00314,POL000314,V0049,2026-03-06,MAR-095,5,16250.79,0.18,INR
PO00315,POL000315,V0212,2026-03-13,FAC-108,20,7770.3,0.0,INR
PO00316,POL000316,V0007,2026-07-21,PRO-011,5,26787.4,0.18,INR
PO00317,POL000317,V0292,2026-01-15,OFF-040,50,1105.63,0.0,INR
PO00318,POL000318,V0106,2026-07-23,PRO-141,1,34693.65,0.0,INR
PO00319,POL000319,V0075,2026-02-19,MAN-095,500,2341.31,0.12,INR
PO00320,POL000320,V0356,2026-06-14,MAR-035,20,1096.15,0.05,INR
PO00321,POL000321,V0114,2026-06-12,IT -061,250,24052.13,0.12,INR
PO00322,POL000322,V0095,2026-04-26,IT -151,5,6672.14,0.12,INR
PO00323,POL000323,V0476,2026-05-27,PRO-144,500,20075.38,0.05,INR
PO00324,POL000324,V0173,2026-06-01,UTI-021,20,2737.56,0.0,INR
PO00325,POL000325,V0313,2026-01-21,OFF-059,1,925.97,0.12,INR
PO00326,POL000326,V0434,2026-01-12,UTI-044,50,849.91,0.12,INR
PO00327,POL000327,V0188,2026-07-27,MAR-092,500,1886.68,0.18,INR
PO00328,POL000328,V0309,2026-07-26,UTI-081,5,852.69,0.0,INR
PO00329,POL000329,V0061,2026-07-07,OFF-135,1,183.56,0.05,INR
PO00330,POL000330,V0117,2026-02-17,OFF-113,10,1608.78,0.05,INR
PO00331,POL000331,V0062,2026-02-26,UTI-047,2,4020.53,0.12,INR
PO00332,POL000332,V0049,2026-04-28,MAR-135,500,15218.55,0.05,INR
PO00333,POL000333,V0138,2026-04-03,OFF-089,10,137.14,0.0,INR
PO00334,POL000334,V0476,2026-05-15,PRO-030,500,7453.03,0.18,INR
PO00335,POL000335,V0419,2026-04-20,UTI-052,20,2943.59,0.18,INR
PO00336,POL000336,V0096,2026-06-10,OFF-060,500,995.42,0.05,INR
PO00337,POL000337,V0463,2026-02-22,IT -019,50,5267.68,0.0,INR
PO00338,POL000338,V0448,2026-03-11,IT -142,500,20848.08,0.12,INR
PO00339,POL000339,V0476,2026-03-15,PRO-009,250,4129.51,0.12,INR
PO00340,POL000340,V0413,2026-07-29,UTI-125,5,1450.59,0.0,INR
PO00341,POL000341,V0253,2026-05-26,PRO-052,500,12700.77,0.12,INR
PO00342,POL000342,V0126,2026-02-11,OFF-030,500,1353.08,0.12,INR
PO00343,POL000343,V0217,2026-06-30,PRO-108,250,18412.98,0.12,INR
PO00344,POL000344,V0478,2026-07-10,UTI-060,100,2329.38,0.18,INR
PO00345,POL000345,V0038,2026-03-09,MAR-026,100,14328.92,0.12,INR
PO00346,POL000346,V0440,2026-02-20,PRO-006,1,7676.86,0.18,INR
PO00347,POL000347,V0239,2026-01-25,OFF-132,2,1726.12,0.18,INR
PO00348,POL000348,V0371,2026-06-21,MAN-077,2,1351.36,0.12,INR
PO00349,POL000349,V0386,2026-03-15,MAN-045,100,3065.18,0.12,INR
PO00350,POL000350,V0326,2026-04-23,PRO-040,20,15743.5,0.12,INR
PO00351,POL000351,V0059,2026-06-09,IT -123,250,18494.07,0.0,INR
PO00352,POL000352,V0450,2026-02-12,FAC-107,50,7910.42,0.05,INR
PO00353,POL000353,V0145,2026-06-29,UTI-024,20,1664.33,0.05,INR
PO00354,POL000354,V0448,2026-02-15,IT -157,250,24744.14,0.12,INR
PO00355,POL000355,V0393,2026-04-18,UTI-012,10,1546.54,0.0,INR
PO00356,POL000356,V0197,2026-07-14,MAR-038,20,12691.07,0.05,INR
PO00357,POL000357,V0413,2026-03-25,UTI-144,100,3176.28,0.05,INR
PO00358,POL000358,V0332,2026-07-16,OFF-026,50,523.41,0.18,INR
PO00359,POL000359,V0467,2026-02-08,LOG-046,10,3721.77,0.0,INR
PO00360,POL000360,V0402,2026-06-30,MAN-054,100,2040.69,0.12,INR
PO00361,POL000361,V0460,2026-03-06,LOG-049,50,5485.59,0.0,INR
PO00362,POL000362,V0316,2026-02-04,MAR-034,50,8711.1,0.12,INR
PO00363,POL000363,V0209,2026-03-12,IT -155,100,6760.1,0.05,INR
PO00364,POL000364,V0220,2026-04-13,MAN-121,2,3458.99,0.18,INR
PO00365,POL000365,V0198,2026-05-17,MAR-097,20,17203.86,0.0,INR
PO00366,POL000366,V0339,2026-02-12,OFF-092,500,1228.55,0.18,INR
PO00367,POL000367,V0450,2026-04-16,FAC-090,500,7975.78,0.18,INR
PO00368,POL000368,V0121,2026-01-20,LOG-091,20,8174.79,0.12,INR
PO00369,POL000369,V0478,2026-07-19,UTI-064,20,1230.61,0.12,INR
PO00370,POL000370,V0477,2026-01-18,MAN-031,20,2591.46,0.05,INR
PO00371,POL000371,V0431,2026-01-06,UTI-160,250,4541.24,0.12,INR
PO00372,POL000372,V0448,2026-02-24,IT -068,20,13432.11,0.05,INR
PO00373,POL000373,V0060,2026-05-10,MAR-071,500,12814.35,0.18,INR
PO00374,POL000374,V0121,2026-05-30,LOG-042,500,1677.65,0.18,INR
PO00375,POL000375,V0260,2026-03-24,OFF-059,10,1603.68,0.12,INR
PO00376,POL000376,V0197,2026-04-28,MAR-099,1,16040.01,0.0,INR
PO00377,POL000377,V0236,2026-05-14,PRO-150,10,15152.24,0.05,INR
PO00378,POL000378,V0073,2026-03-21,UTI-106,100,1615.56,0.12,INR
PO00379,POL000379,V0425,2026-05-13,OFF-009,50,1463.89,0.12,INR
PO00380,POL000380,V0189,2026-04-20,OFF-078,5,568.59,0.05,INR
PO00381,POL000381,V0089,2026-07-12,PRO-123,100,33618.71,0.05,INR
PO00382,POL000382,V0287,2026-06-18,MAR-109,5,10775.86,0.12,INR
PO00383,POL000383,V0277,2026-03-10,IT -036,1,2120.9,0.05,INR
PO00384,POL000384,V0016,2026-03-12,LOG-089,10,3776.44,0.12,INR
PO00385,POL000385,V0084,2026-04-27,PRO-126,1,30934.67,0.12,INR
PO00386,POL000386,V0446,2026-03-13,MAN-005,100,2282.89,0.0,INR
PO00387,POL000387,V0075,2026-06-14,MAN-093,250,1818.47,0.0,INR
PO00388,POL000388,V0081,2026-01-02,PRO-058,10,14763.64,0.18,INR
PO00389,POL000389,V0316,2026-05-24,MAR-055,100,7522.67,0.05,INR
PO00390,POL000390,V0333,2026-07-03,FAC-152,10,5897.95,0.18,INR
PO00391,POL000391,V0187,2026-05-26,FAC-108,250,2557.25,0.0,INR
PO00392,POL000392,V0479,2026-04-07,FAC-057,50,5300.56,0.12,INR
PO00393,POL000393,V0417,2026-06-17,OFF-059,10,1027.32,0.0,INR
PO00394,POL000394,V0270,2026-07-14,IT -002,50,24170.46,0.12,INR
PO00395,POL000395,V0256,2026-02-07,UTI-120,500,1826.72,0.12,INR
PO00396,POL000396,V0374,2026-05-08,LOG-141,10,4688.54,0.12,INR
PO00397,POL000397,V0209,2026-03-24,IT -037,5,23572.47,0.18,INR
PO00398,POL000398,V0333,2026-06-22,FAC-067,250,2123.82,0.12,INR
PO00399,POL000399,V0228,2026-05-28,PRO-089,1,18911.78,0.18,INR
PO00400,POL000400,V0175,2026-02-08,FAC-147,100,1292.25,0.12,INR
PO00401,POL000401,V0288,2026-06-14,FAC-134,100,2324.8,0.05,INR
PO00402,POL000402,V0185,2026-05-06,MAR-019,20,15575.34,0.18,INR
PO00403,POL000403,V0425,2026-05-26,OFF-078,250,1930.43,0.18,INR
PO00404,POL000404,V0157,2026-01-15,MAN-072,250,2954.09,0.18,INR
PO00405,POL000405,V0069,2026-03-17,LOG-066,1,3896.92,0.05,INR
PO00406,POL000406,V0185,2026-02-01,MAR-046,10,12909.17,0.18,INR
PO00407,POL000407,V0445,2026-05-17,IT -122,1,6159.42,0.05,INR
PO00408,POL000408,V0105,2026-05-15,PRO-028,250,31566.32,0.0,INR
PO00409,POL000409,V0319,2026-01-03,FAC-127,20,4324.97,0.12,INR
PO00410,POL000410,V0353,2026-05-24,PRO-083,20,18655.85,0.18,INR
PO00411,POL000411,V0188,2026-03-20,MAR-073,100,2401.43,0.05,INR
PO00412,POL000412,V0476,2026-05-10,PRO-123,100,13660.64,0.05,INR
PO00413,POL000413,V0132,2026-01-19,PRO-143,250,20060.75,0.05,INR
PO00414,POL000414,V0172,2026-04-09,PRO-118,500,23162.67,0.18,INR
PO00415,POL000415,V0453,2026-05-11,UTI-040,500,3441.72,0.0,INR
PO00416,POL000416,V0003,2026-05-13,LOG-055,50,9532.34,0.18,INR
PO00417,POL000417,V0261,2026-06-04,PRO-015,100,3586.67,0.12,INR
PO00418,POL000418,V0316,2026-04-07,MAR-097,5,11504.24,0.18,INR
PO00419,POL000419,V0429,2026-03-28,PRO-067,500,26531.43,0.18,INR
PO00420,POL000420,V0056,2026-03-01,MAN-050,2,1032.14,0.0,INR
PO00421,POL000421,V0420,2026-07-01,FAC-014,5,6950.85,0.05,INR
PO00422,POL000422,V0173,2026-04-13,UTI-083,500,4284.17,0.12,INR
PO00423,POL000423,V0332,2026-06-06,OFF-058,50,664.41,0.12,INR
PO00424,POL000424,V0454,2026-07-26,IT -086,50,2811.92,0.05,INR
PO00425,POL000425,V0415,2026-04-03,MAR-102,10,14293.25,0.05,INR
PO00426,POL000426,V0464,2026-04-13,OFF-064,5,100.15,0.12,INR
PO00427,POL000427,V0352,2026-03-15,IT -134,20,9463.63,0.0,INR
PO00428,POL000428,V0321,2026-07-22,PRO-010,5,9694.1,0.18,INR
PO00429,POL000429,V0434,2026-01-19,UTI-047,20,1239.08,0.18,INR
PO00430,POL000430,V0009,2026-01-12,FAC-068,20,4153.4,0.05,INR
PO00431,POL000431,V0270,2026-04-03,IT -087,10,3293.75,0.12,INR
PO00432,POL000432,V0349,2026-04-29,UTI-096,20,1772.72,0.18,INR
PO00433,POL000433,V0349,2026-06-25,UTI-025,1,3912.99,0.12,INR
PO00434,POL000434,V0408,2026-05-08,FAC-039,10,3097.27,0.05,INR
PO00435,POL000435,V0331,2026-05-23,LOG-022,2,7155.59,0.12,INR
PO00436,POL000436,V0457,2026-01-16,LOG-112,2,1463.96,0.12,INR
PO00437,POL000437,V0202,2026-05-15,MAN-040,50,3173.95,0.12,INR
PO00438,POL000438,V0207,2026-05-23,UTI-100,1,1951.9,0.05,INR
PO00439,POL000439,V0172,2026-07-27,PRO-017,1,34246.75,0.0,INR
PO00440,POL000440,V0323,2026-02-13,FAC-111,20,6239.22,0.0,INR
PO00441,POL000441,V0319,2026-04-16,FAC-156,2,5955.36,0.12,INR
PO00442,POL000442,V0217,2026-01-31,PRO-039,1,3421.72,0.0,INR
PO00443,POL000443,V0163,2026-03-23,LOG-032,500,5430.84,0.0,INR
PO00444,POL000444,V0366,2026-05-20,PRO-118,10,10568.35,0.05,INR
PO00445,POL000445,V0478,2026-03-23,UTI-066,2,2994.83,0.05,INR
PO00446,POL000446,V0384,2026-05-15,FAC-103,500,4603.97,0.0,INR
PO00447,POL000447,V0289,2026-05-12,MAN-086,10,94.68,0.12,INR
PO00448,POL000448,V0056,2026-06-11,MAN-067,50,1521.02,0.18,INR
PO00449,POL000449,V0106,2026-01-10,PRO-093,1,9972.9,0.12,INR
PO00450,POL000450,V0362,2026-02-27,MAN-022,10,3396.55,0.12,INR
PO00451,POL000451,V0290,2026-01-12,MAR-026,500,1037.21,0.0,INR
PO00452,POL000452,V0109,2026-01-18,FAC-141,20,3062.23,0.18,INR
PO00453,POL000453,V0076,2026-05-28,MAN-124,500,2472.87,0.05,INR
PO00454,POL000454,V0150,2026-02-16,OFF-038,5,1133.44,0.05,INR
PO00455,POL000455,V0038,2026-06-16,MAR-084,10,12316.94,0.0,INR
PO00456,POL000456,V0219,2026-05-20,MAN-090,500,1895.77,0.18,INR
PO00457,POL000457,V0406,2026-07-12,FAC-045,100,1241.59,0.12,INR
PO00458,POL000458,V0133,2026-06-26,UTI-099,10,285.38,0.0,INR
PO00459,POL000459,V0257,2026-04-19,PRO-005,50,33321.46,0.12,INR
PO00460,POL000460,V0285,2026-02-12,IT -074,10,14106.95,0.0,INR
PO00461,POL000461,V0323,2026-07-02,FAC-041,50,5634.76,0.0,INR
PO00462,POL000462,V0270,2026-04-12,IT -070,10,5667.85,0.12,INR
PO00463,POL000463,V0319,2026-03-08,FAC-152,50,5451.72,0.18,INR
PO00464,POL000464,V0085,2026-07-08,LOG-095,5,8298.08,0.12,INR
PO00465,POL000465,V0379,2026-04-27,MAN-152,250,3407.92,0.12,INR
PO00466,POL000466,V0347,2026-05-19,OFF-112,5,976.88,0.0,INR
PO00467,POL000467,V0015,2026-07-04,FAC-156,100,4974.76,0.05,INR
PO00468,POL000468,V0128,2026-04-30,OFF-087,1,1075.1,0.05,INR
PO00469,POL000469,V0062,2026-03-05,UTI-089,2,2066.95,0.12,INR
PO00470,POL000470,V0169,2026-02-09,IT -088,1,16673.61,0.05,INR
PO00471,POL000471,V0179,2026-02-15,FAC-128,500,1536.06,0.0,INR
PO00472,POL000472,V0179,2026-01-29,FAC-020,10,3328.02,0.0,INR
PO00473,POL000473,V0098,2026-04-14,IT -141,50,2877.78,0.18,INR
PO00474,POL000474,V0052,2026-06-14,UTI-103,2,1328.08,0.0,INR
PO00475,POL000475,V0172,2026-06-06,PRO-074,100,15268.95,0.18,INR
PO00476,POL000476,V0197,2026-05-30,MAR-031,50,998.93,0.0,INR
PO00477,POL000477,V0072,2026-06-02,OFF-073,500,1958.1,0.0,INR
PO00478,POL000478,V0247,2026-06-21,IT -157,500,18902.96,0.0,INR
PO00479,POL000479,V0069,2026-04-12,LOG-028,50,3890.21,0.05,INR
PO00480,POL000480,V0398,2026-06-06,PRO-029,50,26825.55,0.0,INR
PO00481,POL000481,V0467,2026-02-14,LOG-072,250,6020.45,0.18,INR
PO00482,POL000482,V0306,2026-03-24,PRO-028,10,33802.23,0.0,INR
PO00483,POL000483,V0274,2026-05-18,MAN-126,250,3056.73,0.18,INR
PO00484,POL000484,V0208,2026-03-13,OFF-050,500,1754.62,0.05,INR
PO00485,POL000485,V0451,2026-01-04,IT -133,2,10874.43,0.12,INR
PO00486,POL000486,V0152,2026-01-31,FAC-139,10,1967.35,0.12,INR
PO00487,POL000487,V0469,2026-05-30,LOG-142,500,6767.98,0.05,INR
PO00488,POL000488,V0092,2026-03-15,IT -095,5,7104.52,0.12,INR
PO00489,POL000489,V0403,2026-02-14,OFF-147,1,1683.28,0.12,INR
PO00490,POL000490,V0479,2026-06-09,FAC-139,250,849.37,0.12,INR
PO00491,POL000491,V0008,2026-01-03,UTI-088,10,4927.8,0.05,INR
PO00492,POL000492,V0327,2026-03-03,MAN-073,100,2557.91,0.05,INR
PO00493,POL000493,V0035,2026-04-20,FAC-138,2,5914.77,0.0,INR
PO00494,POL000494,V0380,2026-07-22,PRO-052,20,7345.25,0.05,INR
PO00495,POL000495,V0103,2026-03-18,OFF-127,5,1585.13,0.12,INR
PO00496,POL000496,V0255,2026-01-28,LOG-038,500,4518.61,0.18,INR
PO00497,POL000497,V0101,2026-06-03,IT -055,5,21313.14,0.05,INR
PO00498,POL000498,V0461,2026-06-19,OFF-120,1,222.29,0.05,INR
PO00499,POL000499,V0419,2026-05-17,UTI-039,100,1820.03,0.18,INR
PO00500,POL000500,V0046,2026-05-06,OFF-134,500,729.93,0.12,INR
PO00501,POL000501,V0361,2026-02-03,MAR-001,2,6725.67,0.12,INR
PO00502,POL000502,V0260,2026-01-05,OFF-116,100,285.41,0.12,INR
PO00503,POL000503,V0497,2026-05-13,LOG-021,2,5686.95,0.05,INR
PO00504,POL000504,V0349,2026-02-15,UTI-101,1,2890.72,0.12,INR
PO00505,POL000505,V0270,2026-06-17,IT -149,50,22668.44,0.0,INR
PO00506,POL000506,V0101,2026-05-24,IT -023,20,7834.65,0.18,INR
PO00507,POL000507,V0056,2026-07-03,MAN-035,50,805.94,0.05,INR
PO00508,POL000508,V0196,2026-02-08,MAN-091,2,1904.66,0.18,INR
PO00509,POL000509,V0004,2026-02-10,UTI-142,10,489.64,0.12,INR
PO00510,POL000510,V0170,2026-03-19,UTI-124,5,4755.56,0.18,INR
PO00511,POL000511,V0349,2026-07-04,UTI-037,20,3583.51,0.05,INR
PO00512,POL000512,V0022,2026-06-12,MAN-105,100,1484.43,0.05,INR
PO00513,POL000513,V0419,2026-02-11,UTI-131,2,2812.91,0.12,INR
PO00514,POL000514,V0099,2026-01-09,PRO-043,2,12641.02,0.0,INR
PO00515,POL000515,V0154,2026-01-25,LOG-065,100,4049.2,0.18,INR
PO00516,POL000516,V0060,2026-06-02,MAR-022,1,14974.1,0.12,INR
PO00517,POL000517,V0418,2026-01-07,OFF-099,50,1645.8,0.05,INR
PO00518,POL000518,V0107,2026-01-07,UTI-005,2,2956.31,0.0,INR
PO00519,POL000519,V0017,2026-01-01,LOG-047,250,10726.18,0.12,INR
PO00520,POL000520,V0193,2026-06-02,PRO-091,10,28299.28,0.05,INR
PO00521,POL000521,V0169,2026-07-22,IT -073,1,1556.5,0.05,INR
PO00522,POL000522,V0352,2026-03-15,IT -054,2,18814.29,0.05,INR
PO00523,POL000523,V0179,2026-06-06,FAC-124,10,7665.65,0.0,INR
PO00524,POL000524,V0251,2026-06-16,IT -020,100,19295.59,0.18,INR
PO00525,POL000525,V0349,2026-04-10,UTI-024,20,1468.9,0.0,INR
PO00526,POL000526,V0308,2026-04-29,MAR-081,20,11176.21,0.0,INR
PO00527,POL000527,V0230,2026-02-01,IT -077,50,5241.61,0.12,INR
PO00528,POL000528,V0041,2026-07-22,FAC-027,5,2598.22,0.12,INR
PO00529,POL000529,V0349,2026-04-07,UTI-157,20,3725.37,0.0,INR
PO00530,POL000530,V0004,2026-05-12,UTI-073,5,4304.53,0.18,INR
PO00531,POL000531,V0051,2026-07-14,LOG-084,5,7272.11,0.05,INR
PO00532,POL000532,V0448,2026-07-12,IT -023,250,18814.74,0.05,INR
PO00533,POL000533,V0384,2026-03-23,FAC-068,500,5769.03,0.0,INR
PO00534,POL000534,V0265,2026-06-18,MAN-060,100,1460.14,0.0,INR
PO00535,POL000535,V0419,2026-01-27,UTI-035,100,436.26,0.0,INR
PO00536,POL000536,V0485,2026-02-17,OFF-102,10,585.74,0.12,INR
PO00537,POL000537,V0100,2026-01-18,LOG-062,1,3663.2,0.05,INR
PO00538,POL000538,V0418,2026-06-08,OFF-020,20,1841.79,0.18,INR
PO00539,POL000539,V0282,2026-01-11,FAC-076,1,2502.85,0.0,INR
PO00540,POL000540,V0428,2026-05-27,LOG-146,500,3337.94,0.05,INR
PO00541,POL000541,V0472,2026-03-18,PRO-024,10,22805.84,0.18,INR
PO00542,POL000542,V0101,2026-01-02,IT -158,1,3303.62,0.0,INR
PO00543,POL000543,V0191,2026-04-24,IT -122,1,15641.78,0.12,INR
PO00544,POL000544,V0287,2026-06-17,MAR-054,500,10487.42,0.05,INR
PO00545,POL000545,V0176,2026-05-27,IT -060,5,4049.21,0.18,INR
PO00546,POL000546,V0033,2026-03-31,FAC-023,500,2372.21,0.18,INR
PO00547,POL000547,V0078,2026-04-18,PRO-145,2,22162.62,0.18,INR
PO00548,POL000548,V0447,2026-05-12,OFF-015,20,1448.28,0.12,INR
PO00549,POL000549,V0115,2026-02-12,MAR-141,2,13421.66,0.0,INR
PO00550,POL000550,V0236,2026-05-14,PRO-085,50,39963.67,0.05,INR
PO00551,POL000551,V0220,2026-04-11,MAN-145,1,1083.56,0.05,INR
PO00552,POL000552,V0171,2026-05-03,MAN-152,50,2293.07,0.05,INR
PO00553,POL000553,V0214,2026-07-30,FAC-131,100,4095.01,0.05,INR
PO00554,POL000554,V0008,2026-04-11,UTI-111,250,443.18,0.0,INR
PO00555,POL000555,V0172,2026-07-30,PRO-038,2,2188.74,0.12,INR
PO00556,POL000556,V0115,2026-04-07,MAR-054,500,8770.54,0.0,INR
PO00557,POL000557,V0360,2026-01-28,FAC-106,2,3479.43,0.05,INR
PO00558,POL000558,V0036,2026-03-02,FAC-126,100,7761.47,0.05,INR
PO00559,POL000559,V0452,2026-01-11,FAC-118,500,1789.4,0.0,INR
PO00560,POL000560,V0078,2026-03-16,PRO-116,20,7324.73,0.0,INR
PO00561,POL000561,V0306,2026-02-28,PRO-066,500,25177.25,0.05,INR
PO00562,POL000562,V0383,2026-03-12,PRO-085,20,3493.29,0.12,INR
PO00563,POL000563,V0005,2026-04-16,IT -091,2,10338.12,0.0,INR
PO00564,POL000564,V0321,2026-01-06,PRO-151,10,35253.43,0.0,INR
PO00565,POL000565,V0206,2026-06-06,MAN-149,100,2825.24,0.05,INR
PO00566,POL000566,V0350,2026-03-09,PRO-019,5,7092.37,0.05,INR
PO00567,POL000567,V0079,2026-05-05,LOG-066,10,4266.9,0.05,INR
PO00568,POL000568,V0156,2026-02-07,OFF-022,50,940.47,0.12,INR
PO00569,POL000569,V0344,2026-06-09,UTI-013,500,2544.23,0.12,INR
PO00570,POL000570,V0003,2026-04-04,LOG-057,10,1246.42,0.0,INR
PO00571,POL000571,V0014,2026-03-15,MAN-111,20,275.49,0.0,INR
PO00572,POL000572,V0346,2026-07-13,OFF-055,100,744.4,0.0,INR
PO00573,POL000573,V0273,2026-07-19,FAC-135,500,4359.14,0.18,INR
PO00574,POL000574,V0001,2026-03-19,PRO-135,500,34028.44,0.18,INR
PO00575,POL000575,V0429,2026-05-17,PRO-127,20,29247.04,0.18,INR
PO00576,POL000576,V0431,2026-07-24,UTI-121,20,1718.41,0.12,INR
PO00577,POL000577,V0138,2026-04-22,OFF-150,20,800.77,0.0,INR
PO00578,POL000578,V0012,2026-03-29,MAN-070,5,840.77,0.05,INR
PO00579,POL000579,V0448,2026-07-10,IT -110,50,6181.46,0.18,INR
PO00580,POL000580,V0249,2026-01-16,LOG-103,1,6248.91,0.0,INR
PO00581,POL000581,V0339,2026-04-14,OFF-008,50,890.27,0.18,INR
PO00582,POL000582,V0494,2026-01-21,OFF-020,50,1020.49,0.0,INR
PO00583,POL000583,V0028,2026-05-22,OFF-136,2,349.27,0.12,INR
PO00584,POL000584,V0076,2026-05-07,MAN-111,100,1872.87,0.12,INR
PO00585,POL000585,V0032,2026-07-18,MAN-077,10,2867.81,0.0,INR
PO00586,POL000586,V0458,2026-04-21,LOG-126,100,4174.0,0.05,INR
PO00587,POL000587,V0215,2026-01-23,OFF-097,10,1137.35,0.05,INR
PO00588,POL000588,V0486,2026-01-21,MAR-012,50,6176.96,0.0,INR
PO00589,POL000589,V0241,2026-02-19,UTI-135,500,1465.17,0.05,INR
PO00590,POL000590,V0313,2026-03-19,OFF-099,250,1717.92,0.18,INR
PO00591,POL000591,V0076,2026-05-28,MAN-025,500,2156.56,0.12,INR
PO00592,POL000592,V0429,2026-05-02,PRO-015,5,30202.4,0.05,INR
PO00593,POL000593,V0411,2026-02-18,OFF-012,100,1781.33,0.18,INR
PO00594,POL000594,V0411,2026-01-17,OFF-073,100,1795.94,0.0,INR
PO00595,POL000595,V0415,2026-07-20,MAR-003,20,8225.16,0.18,INR
PO00596,POL000596,V0308,2026-06-27,MAR-083,20,15885.79,0.0,INR
PO00597,POL000597,V0334,2026-06-03,MAR-068,100,9425.28,0.05,INR
PO00598,POL000598,V0445,2026-04-18,IT -022,250,3271.34,0.12,INR
PO00599,POL000599,V0121,2026-04-08,LOG-091,500,4656.08,0.05,INR
PO00600,POL000600,V0258,2026-05-26,IT -017,100,9844.42,0.0,INR
PO00601,POL000601,V0117,2026-03-26,OFF-158,10,759.38,0.05,INR
PO00602,POL000602,V0251,2026-06-27,IT -036,500,12778.92,0.0,INR
PO00603,POL000603,V0434,2026-04-15,UTI-078,5,4970.59,0.18,INR
PO00604,POL000604,V0021,2026-05-12,LOG-144,100,3772.81,0.18,INR
PO00605,POL000605,V0307,2026-06-29,MAR-152,10,16326.39,0.05,INR
PO00606,POL000606,V0450,2026-04-06,FAC-154,250,6986.78,0.12,INR
PO00607,POL000607,V0198,2026-04-16,MAR-037,5,7572.8,0.0,INR
PO00608,POL000608,V0377,2026-05-18,MAN-131,20,1694.49,0.18,INR
PO00609,POL000609,V0160,2026-04-11,LOG-090,50,5975.99,0.12,INR
PO00610,POL000610,V0027,2026-03-09,FAC-002,2,6172.69,0.0,INR
PO00611,POL000611,V0079,2026-01-19,LOG-014,10,11509.44,0.18,INR
PO00612,POL000612,V0044,2026-02-09,OFF-144,5,596.05,0.18,INR
PO00613,POL000613,V0342,2026-03-15,UTI-159,5,1616.54,0.12,INR
PO00614,POL000614,V0486,2026-07-12,MAR-006,20,2921.05,0.0,INR
PO00615,POL000615,V0102,2026-06-20,PRO-036,50,6811.45,0.05,INR
PO00616,POL000616,V0466,2026-01-30,FAC-070,20,4392.45,0.18,INR
PO00617,POL000617,V0130,2026-06-15,PRO-102,5,29990.95,0.0,INR
PO00618,POL000618,V0060,2026-01-25,MAR-015,250,11656.91,0.12,INR
PO00619,POL000619,V0009,2026-07-19,FAC-100,10,5562.2,0.05,INR
PO00620,POL000620,V0443,2026-05-02,LOG-098,2,3929.8,0.12,INR
PO00621,POL000621,V0354,2026-01-26,IT -053,50,18228.13,0.12,INR
PO00622,POL000622,V0080,2026-05-28,PRO-014,50,14133.01,0.18,INR
PO00623,POL000623,V0417,2026-07-12,OFF-026,1,113.91,0.18,INR
PO00624,POL000624,V0321,2026-06-19,PRO-159,500,24020.88,0.18,INR
PO00625,POL000625,V0026,2026-06-07,LOG-009,50,3308.78,0.05,INR
PO00626,POL000626,V0449,2026-02-07,IT -042,250,15401.12,0.05,INR
PO00627,POL000627,V0032,2026-04-17,MAN-086,500,1494.37,0.18,INR
PO00628,POL000628,V0166,2026-06-20,MAR-083,10,4069.26,0.0,INR
PO00629,POL000629,V0213,2026-07-30,OFF-004,10,1063.57,0.05,INR
PO00630,POL000630,V0138,2026-04-06,OFF-020,250,813.26,0.0,INR
PO00631,POL000631,V0476,2026-04-21,PRO-046,500,24829.06,0.05,INR
PO00632,POL000632,V0123,2026-07-02,IT -045,100,23180.62,0.05,INR
PO00633,POL000633,V0483,2026-07-25,LOG-127,100,9861.91,0.12,INR
PO00634,POL000634,V0169,2026-04-27,IT -119,2,9795.8,0.05,INR
PO00635,POL000635,V0165,2026-04-02,PRO-117,5,31105.04,0.0,INR
PO00636,POL000636,V0099,2026-01-03,PRO-058,100,20348.63,0.12,INR
PO00637,POL000637,V0327,2026-07-28,MAN-004,500,2604.19,0.05,INR
PO00638,POL000638,V0171,2026-03-09,MAN-046,1,2057.4,0.05,INR
PO00639,POL000639,V0271,2026-02-26,OFF-102,250,932.97,0.05,INR
PO00640,POL000640,V0086,2026-06-16,IT -096,50,14778.73,0.12,INR
PO00641,POL000641,V0390,2026-05-13,IT -111,10,10927.95,0.12,INR
PO00642,POL000642,V0276,2026-05-19,LOG-133,100,3989.21,0.05,INR
PO00643,POL000643,V0070,2026-05-26,LOG-032,500,3168.33,0.18,INR
PO00644,POL000644,V0101,2026-01-05,IT -148,1,16432.87,0.0,INR
PO00645,POL000645,V0143,2026-06-23,FAC-090,1,303.77,0.05,INR
PO00646,POL000646,V0423,2026-04-08,IT -039,250,7032.85,0.18,INR
PO00647,POL000647,V0198,2026-01-05,MAR-137,250,11104.17,0.0,INR
PO00648,POL000648,V0102,2026-03-23,PRO-111,100,9760.14,0.12,INR
PO00649,POL000649,V0195,2026-01-17,FAC-120,50,2119.17,0.05,INR
PO00650,POL000650,V0408,2026-01-22,FAC-073,50,1677.64,0.18,INR
PO00651,POL000651,V0436,2026-02-27,OFF-099,500,1003.72,0.18,INR
PO00652,POL000652,V0279,2026-06-10,PRO-110,500,28409.19,0.05,INR
PO00653,POL000653,V0463,2026-03-04,IT -070,2,5518.64,0.0,INR
PO00654,POL000654,V0086,2026-01-14,IT -019,500,14865.0,0.12,INR
PO00655,POL000655,V0434,2026-02-22,UTI-094,1,3889.11,0.05,INR
PO00656,POL000656,V0442,2026-07-28,UTI-040,20,2716.29,0.05,INR
PO00657,POL000657,V0317,2026-02-16,IT -025,20,15426.95,0.18,INR
PO00658,POL000658,V0076,2026-06-15,MAN-085,2,1064.41,0.0,INR
PO00659,POL000659,V0447,2026-01-09,OFF-053,10,1849.66,0.18,INR
PO00660,POL000660,V0210,2026-05-19,MAR-083,500,17763.44,0.05,INR
PO00661,POL000661,V0195,2026-06-17,FAC-044,1,3141.33,0.0,INR
PO00662,POL000662,V0118,2026-07-19,LOG-149,250,8994.62,0.12,INR
PO00663,POL000663,V0344,2026-02-16,UTI-129,500,3462.67,0.12,INR
PO00664,POL000664,V0068,2026-01-07,PRO-091,250,36530.57,0.12,INR
PO00665,POL000665,V0424,2026-04-27,MAN-119,250,305.88,0.12,INR
PO00666,POL000666,V0200,2026-07-05,LOG-147,20,10782.74,0.0,INR
PO00667,POL000667,V0443,2026-04-27,LOG-120,5,1875.98,0.0,INR
PO00668,POL000668,V0019,2026-04-13,UTI-117,500,2814.8,0.12,INR
PO00669,POL000669,V0159,2026-06-21,MAN-090,500,1414.38,0.18,INR
PO00670,POL000670,V0337,2026-01-24,OFF-116,500,1971.92,0.0,INR
PO00671,POL000671,V0215,2026-04-24,OFF-078,5,957.19,0.0,INR
PO00672,POL000672,V0377,2026-03-10,MAN-159,10,859.35,0.18,INR
PO00673,POL000673,V0213,2026-02-23,OFF-034,5,792.28,0.05,INR
PO00674,POL000674,V0477,2026-03-22,MAN-017,10,655.47,0.0,INR
PO00675,POL000675,V0128,2026-03-01,OFF-016,2,1642.42,0.0,INR
PO00676,POL000676,V0004,2026-03-15,UTI-135,2,3642.39,0.0,INR
PO00677,POL000677,V0482,2026-01-27,IT -069,2,17829.43,0.05,INR
PO00678,POL000678,V0110,2026-04-22,PRO-158,10,26101.27,0.12,INR
PO00679,POL000679,V0280,2026-03-15,UTI-139,100,636.89,0.05,INR
PO00680,POL000680,V0115,2026-02-10,MAR-084,250,3217.58,0.18,INR
PO00681,POL000681,V0306,2026-01-12,PRO-040,10,33192.79,0.05,INR
PO00682,POL000682,V0360,2026-04-03,FAC-076,500,2398.94,0.0,INR
PO00683,POL000683,V0138,2026-02-14,OFF-007,1,619.47,0.0,INR
PO00684,POL000684,V0009,2026-03-25,FAC-018,100,2949.89,0.0,INR
PO00685,POL000685,V0288,2026-07-25,FAC-014,10,1938.62,0.18,INR
PO00686,POL000686,V0232,2026-02-19,LOG-004,50,560.28,0.18,INR
PO00687,POL000687,V0071,2026-05-12,MAR-013,2,15779.06,0.05,INR
PO00688,POL000688,V0114,2026-01-27,IT -049,20,18433.84,0.12,INR
PO00689,POL000689,V0077,2026-07-22,MAR-091,1,14263.27,0.0,INR
PO00690,POL000690,V0280,2026-07-03,UTI-064,50,3006.96,0.12,INR
PO00691,POL000691,V0015,2026-04-04,FAC-093,500,2996.39,0.12,INR
PO00692,POL000692,V0189,2026-03-27,OFF-079,1,1594.26,0.12,INR
PO00693,POL000693,V0469,2026-06-25,LOG-088,10,8719.16,0.0,INR
PO00694,POL000694,V0048,2026-04-06,UTI-078,100,2965.03,0.0,INR
PO00695,POL000695,V0406,2026-02-26,FAC-094,50,5275.83,0.0,INR
PO00696,POL000696,V0334,2026-03-09,MAR-020,20,13976.25,0.12,INR
PO00697,POL000697,V0355,2026-04-22,PRO-006,10,33511.99,0.0,INR
PO00698,POL000698,V0349,2026-05-31,UTI-096,1,1046.12,0.12,INR
PO00699,POL000699,V0353,2026-05-28,PRO-056,250,35137.02,0.0,INR
PO00700,POL000700,V0067,2026-05-28,OFF-109,100,1780.18,0.18,INR
PO00701,POL000701,V0084,2026-05-13,PRO-050,500,20684.12,0.18,INR
PO00702,POL000702,V0500,2026-05-28,UTI-087,1,4116.11,0.12,INR
PO00703,POL000703,V0116,2026-04-07,LOG-064,50,1488.43,0.05,INR
PO00704,POL000704,V0306,2026-01-16,PRO-015,500,8656.73,0.05,INR
PO00705,POL000705,V0247,2026-03-14,IT -061,5,2234.69,0.12,INR
PO00706,POL000706,V0162,2026-07-23,PRO-129,250,20955.92,0.12,INR
PO00707,POL000707,V0175,2026-04-11,FAC-065,250,7565.72,0.12,INR
PO00708,POL000708,V0227,2026-07-05,FAC-123,20,6115.05,0.0,INR
PO00709,POL000709,V0410,2026-05-02,UTI-063,100,1509.11,0.05,INR
PO00710,POL000710,V0448,2026-01-31,IT -100,10,7104.72,0.0,INR
PO00711,POL000711,V0206,2026-04-12,MAN-062,5,581.05,0.18,INR
PO00712,POL000712,V0287,2026-02-15,MAR-025,5,13553.38,0.18,INR
PO00713,POL000713,V0093,2026-05-08,FAC-046,5,2225.92,0.18,INR
PO00714,POL000714,V0042,2026-02-27,MAN-055,50,2511.74,0.12,INR
PO00715,POL000715,V0492,2026-04-23,UTI-052,1,1155.06,0.05,INR
PO00716,POL000716,V0195,2026-03-17,FAC-087,5,6932.68,0.18,INR
PO00717,POL000717,V0028,2026-03-22,OFF-131,2,1393.06,0.05,INR
PO00718,POL000718,V0175,2026-04-09,FAC-140,250,2416.66,0.18,INR
PO00719,POL000719,V0112,2026-06-01,MAR-087,1,15178.55,0.12,INR
PO00720,POL000720,V0171,2026-03-11,MAN-102,500,3114.6,0.18,INR
PO00721,POL000721,V0178,2026-02-13,MAR-138,20,10163.97,0.18,INR
PO00722,POL000722,V0096,2026-02-10,OFF-055,100,439.18,0.05,INR
PO00723,POL000723,V0055,2026-04-15,MAR-052,100,10425.19,0.05,INR
PO00724,POL000724,V0141,2026-06-15,PRO-086,10,5900.73,0.0,INR
PO00725,POL000725,V0316,2026-02-26,MAR-105,10,9887.26,0.18,INR
PO00726,POL000726,V0491,2026-06-08,PRO-078,2,33043.06,0.12,INR
PO00727,POL000727,V0217,2026-01-31,PRO-092,20,32723.74,0.0,INR
PO00728,POL000728,V0170,2026-06-07,UTI-091,5,1593.56,0.18,INR
PO00729,POL000729,V0279,2026-07-30,PRO-028,100,31311.18,0.0,INR
PO00730,POL000730,V0386,2026-06-14,MAN-128,20,3074.24,0.0,INR
PO00731,POL000731,V0300,2026-05-22,UTI-114,50,4444.39,0.12,INR
PO00732,POL000732,V0132,2026-04-08,PRO-094,20,8555.45,0.0,INR
PO00733,POL000733,V0098,2026-02-26,IT -132,10,4960.08,0.18,INR
PO00734,POL000734,V0161,2026-05-06,IT -002,500,19915.52,0.18,INR
PO00735,POL000735,V0116,2026-04-01,LOG-004,250,8622.1,0.12,INR
PO00736,POL000736,V0338,2026-06-29,OFF-135,2,904.42,0.0,INR
PO00737,POL000737,V0357,2026-07-04,OFF-077,500,1074.49,0.0,INR
PO00738,POL000738,V0448,2026-03-19,IT -079,100,3597.45,0.05,INR
PO00739,POL000739,V0021,2026-01-05,LOG-082,10,10384.85,0.0,INR
PO00740,POL000740,V0107,2026-05-31,UTI-116,10,1045.81,0.12,INR
PO00741,POL000741,V0323,2026-05-10,FAC-068,1,2729.17,0.18,INR
PO00742,POL000742,V0230,2026-03-11,IT -080,5,7771.27,0.12,INR
PO00743,POL000743,V0200,2026-01-09,LOG-082,10,8752.01,0.05,INR
PO00744,POL000744,V0289,2026-06-24,MAN-121,10,654.07,0.12,INR
PO00745,POL000745,V0051,2026-01-06,LOG-030,50,9821.39,0.18,INR
PO00746,POL000746,V0127,2026-03-09,LOG-057,2,7902.24,0.05,INR
PO00747,POL000747,V0387,2026-03-15,MAN-114,100,2242.82,0.05,INR
PO00748,POL000748,V0038,2026-07-11,MAR-094,2,10653.24,0.12,INR
PO00749,POL000749,V0491,2026-05-01,PRO-036,5,21062.65,0.12,INR
PO00750,POL000750,V0368,2026-04-03,FAC-155,2,6206.68,0.18,INR
PO00751,POL000751,V0066,2026-04-03,UTI-084,250,4171.67,0.18,INR
PO00752,POL000752,V0099,2026-02-12,PRO-034,2,12670.78,0.0,INR
PO00753,POL000753,V0104,2026-04-06,OFF-075,2,1422.93,0.0,INR
PO00754,POL000754,V0345,2026-01-27,UTI-056,20,1494.07,0.12,INR
PO00755,POL000755,V0005,2026-05-19,IT -057,10,15358.14,0.12,INR
PO00756,POL000756,V0464,2026-06-13,OFF-058,50,540.56,0.05,INR
PO00757,POL000757,V0324,2026-04-14,UTI-062,50,2525.06,0.0,INR
PO00758,POL000758,V0298,2026-06-24,MAN-160,20,2184.24,0.12,INR
PO00759,POL000759,V0182,2026-07-22,IT -136,2,16132.98,0.0,INR
PO00760,POL000760,V0279,2026-05-31,PRO-069,20,18269.31,0.18,INR
PO00761,POL000761,V0313,2026-02-22,OFF-148,500,1344.37,0.05,INR
PO00762,POL000762,V0310,2026-01-23,LOG-035,2,10508.78,0.05,INR
PO00763,POL000763,V0449,2026-07-20,IT -062,10,8617.11,0.05,INR
PO00764,POL000764,V0035,2026-07-16,FAC-003,10,1277.99,0.18,INR
PO00765,POL000765,V0123,2026-03-27,IT -142,10,19678.54,0.12,INR
PO00766,POL000766,V0435,2026-06-22,MAN-125,50,1737.98,0.0,INR
PO00767,POL000767,V0467,2026-07-11,LOG-144,2,8828.91,0.12,INR
PO00768,POL000768,V0355,2026-06-27,PRO-010,50,3527.35,0.12,INR
PO00769,POL000769,V0378,2026-06-27,IT -110,20,4285.45,0.18,INR
PO00770,POL000770,V0453,2026-05-20,UTI-023,5,3209.77,0.18,INR
PO00771,POL000771,V0483,2026-06-24,LOG-031,2,5283.13,0.12,INR
PO00772,POL000772,V0349,2026-05-12,UTI-142,5,3437.59,0.05,INR
PO00773,POL000773,V0230,2026-07-20,IT -127,100,2915.16,0.18,INR
PO00774,POL000774,V0361,2026-01-03,MAR-021,50,13795.05,0.0,INR
PO00775,POL000775,V0166,2026-03-26,MAR-148,2,13812.85,0.18,INR
PO00776,POL000776,V0270,2026-01-18,IT -025,10,2413.32,0.0,INR
PO00777,POL000777,V0262,2026-03-25,PRO-128,250,7499.03,0.18,INR
PO00778,POL000778,V0245,2026-05-15,OFF-092,50,1779.99,0.12,INR
PO00779,POL000779,V0095,2026-01-21,IT -082,2,14707.08,0.0,INR
PO00780,POL000780,V0453,2026-04-05,UTI-064,500,4103.31,0.18,INR
PO00781,POL000781,V0247,2026-06-22,IT -073,1,24549.81,0.05,INR
PO00782,POL000782,V0447,2026-05-21,OFF-157,250,696.11,0.18,INR
PO00783,POL000783,V0397,2026-06-19,PRO-011,50,26627.14,0.18,INR
PO00784,POL000784,V0198,2026-07-10,MAR-079,500,13368.29,0.12,INR
PO00785,POL000785,V0308,2026-04-23,MAR-039,50,1029.47,0.05,INR
PO00786,POL000786,V0371,2026-05-03,MAN-132,20,456.7,0.12,INR
PO00787,POL000787,V0115,2026-05-27,MAR-041,50,12916.8,0.0,INR
PO00788,POL000788,V0401,2026-05-24,LOG-126,100,2453.25,0.0,INR
PO00789,POL000789,V0072,2026-04-23,OFF-066,50,1790.39,0.12,INR
PO00790,POL000790,V0390,2026-05-04,IT -148,2,19285.2,0.18,INR
PO00791,POL000791,V0396,2026-02-16,FAC-049,100,5674.26,0.18,INR
PO00792,POL000792,V0072,2026-03-21,OFF-070,10,967.14,0.12,INR
PO00793,POL000793,V0262,2026-05-24,PRO-157,1,38302.73,0.05,INR
PO00794,POL000794,V0034,2026-03-17,MAN-032,2,1342.75,0.0,INR
PO00795,POL000795,V0020,2026-01-23,MAN-101,50,460.55,0.18,INR
PO00796,POL000796,V0337,2026-07-03,OFF-007,500,860.33,0.0,INR
PO00797,POL000797,V0425,2026-05-17,OFF-129,1,517.77,0.05,INR
PO00798,POL000798,V0092,2026-01-10,IT -046,500,20392.56,0.12,INR
PO00799,POL000799,V0353,2026-01-27,PRO-051,2,27096.95,0.18,INR
PO00800,POL000800,V0321,2026-06-12,PRO-069,250,21914.92,0.05,INR
PO00801,POL000801,V0316,2026-06-07,MAR-106,100,16267.24,0.0,INR
PO00802,POL000802,V0123,2026-05-13,IT -143,20,23082.42,0.12,INR
PO00803,POL000803,V0071,2026-07-16,MAR-053,100,8288.8,0.0,INR
PO00804,POL000804,V0319,2026-07-04,FAC-046,5,1950.49,0.12,INR
PO00805,POL000805,V0241,2026-05-05,UTI-145,10,400.81,0.0,INR
PO00806,POL000806,V0184,2026-01-26,MAR-098,1,9452.42,0.18,INR
PO00807,POL000807,V0345,2026-01-13,UTI-133,100,3010.92,0.12,INR
PO00808,POL000808,V0467,2026-03-18,LOG-084,1,7946.5,0.05,INR
PO00809,POL000809,V0111,2026-01-15,PRO-114,2,11723.42,0.12,INR
PO00810,POL000810,V0371,2026-06-26,MAN-130,5,2589.03,0.05,INR
PO00811,POL000811,V0466,2026-05-01,FAC-049,20,2757.11,0.0,INR
PO00812,POL000812,V0270,2026-06-23,IT -087,100,19462.29,0.12,INR
PO00813,POL000813,V0287,2026-05-16,MAR-009,20,7179.95,0.12,INR
PO00814,POL000814,V0362,2026-07-21,MAN-062,50,2280.31,0.12,INR
PO00815,POL000815,V0271,2026-07-07,OFF-008,10,1532.96,0.0,INR
PO00816,POL000816,V0108,2026-01-23,LOG-031,100,1767.71,0.05,INR
PO00817,POL000817,V0111,2026-06-18,PRO-088,50,34524.31,0.18,INR
PO00818,POL000818,V0361,2026-02-13,MAR-071,250,4792.92,0.12,INR
PO00819,POL000819,V0285,2026-05-13,IT -142,5,15626.01,0.05,INR
PO00820,POL000820,V0334,2026-03-09,MAR-015,100,12055.87,0.05,INR
PO00821,POL000821,V0440,2026-04-22,PRO-078,20,10693.66,0.05,INR
PO00822,POL000822,V0454,2026-07-29,IT -065,500,24519.33,0.05,INR
PO00823,POL000823,V0113,2026-03-21,FAC-059,2,1498.27,0.18,INR
PO00824,POL000824,V0145,2026-06-28,UTI-043,20,3200.43,0.18,INR
PO00825,POL000825,V0097,2026-07-13,UTI-051,2,4343.42,0.05,INR
PO00826,POL000826,V0162,2026-04-01,PRO-082,250,35998.81,0.0,INR
PO00827,POL000827,V0357,2026-03-24,OFF-066,5,1666.0,0.05,INR
PO00828,POL000828,V0151,2026-03-16,OFF-025,1,948.38,0.05,INR
PO00829,POL000829,V0201,2026-01-04,OFF-051,10,452.06,0.05,INR
PO00830,POL000830,V0162,2026-04-02,PRO-105,2,39890.82,0.18,INR
PO00831,POL000831,V0180,2026-02-04,FAC-097,50,5190.21,0.05,INR
PO00832,POL000832,V0347,2026-03-07,OFF-154,2,692.82,0.0,INR
PO00833,POL000833,V0402,2026-04-05,MAN-033,50,693.2,0.12,INR
PO00834,POL000834,V0362,2026-03-01,MAN-116,10,1939.85,0.05,INR
PO00835,POL000835,V0279,2026-01-11,PRO-006,5,18853.09,0.18,INR
PO00836,POL000836,V0332,2026-04-26,OFF-157,5,1628.1,0.12,INR
PO00837,POL000837,V0359,2026-07-30,IT -058,20,20991.05,0.18,INR
PO00838,POL000838,V0447,2026-03-31,OFF-075,500,1093.96,0.0,INR
PO00839,POL000839,V0117,2026-02-26,OFF-026,500,1831.18,0.0,INR
PO00840,POL000840,V0027,2026-04-02,FAC-002,100,5546.53,0.12,INR
PO00841,POL000841,V0106,2026-05-09,PRO-127,10,18930.18,0.18,INR
PO00842,POL000842,V0280,2026-06-28,UTI-115,5,3028.37,0.18,INR
PO00843,POL000843,V0391,2026-01-19,MAN-135,250,1652.02,0.12,INR
PO00844,POL000844,V0060,2026-07-09,MAR-073,10,1366.91,0.12,INR
PO00845,POL000845,V0397,2026-04-14,PRO-110,500,22215.53,0.05,INR
PO00846,POL000846,V0010,2026-04-19,PRO-143,1,28636.67,0.12,INR
PO00847,POL000847,V0384,2026-03-05,FAC-118,5,1210.22,0.18,INR
PO00848,POL000848,V0236,2026-03-17,PRO-116,2,20684.56,0.0,INR
PO00849,POL000849,V0114,2026-03-24,IT -045,2,5654.43,0.12,INR
PO00850,POL000850,V0091,2026-07-08,FAC-024,20,2693.79,0.05,INR
PO00851,POL000851,V0151,2026-05-16,OFF-078,1,518.19,0.0,INR
PO00852,POL000852,V0059,2026-04-26,IT -061,1,7923.16,0.18,INR
PO00853,POL000853,V0485,2026-07-16,OFF-139,50,457.7,0.0,INR
PO00854,POL000854,V0377,2026-07-09,MAN-088,2,2169.4,0.05,INR
PO00855,POL000855,V0417,2026-02-14,OFF-130,1,498.07,0.05,INR
PO00856,POL000856,V0362,2026-01-29,MAN-061,2,1831.78,0.12,INR
PO00857,POL000857,V0440,2026-05-28,PRO-033,250,24537.4,0.0,INR
PO00858,POL000858,V0056,2026-06-16,MAN-095,100,1841.94,0.12,INR
PO00859,POL000859,V0365,2026-06-08,MAR-036,2,5967.1,0.05,INR
PO00860,POL000860,V0143,2026-01-12,FAC-149,100,817.73,0.18,INR
PO00861,POL000861,V0449,2026-05-20,IT -115,2,10944.98,0.0,INR
PO00862,POL000862,V0457,2026-05-15,LOG-059,100,4612.75,0.12,INR
PO00863,POL000863,V0291,2026-04-12,IT -147,500,5886.6,0.05,INR
PO00864,POL000864,V0052,2026-05-24,UTI-082,100,2286.34,0.05,INR
PO00865,POL000865,V0398,2026-04-22,PRO-052,50,37911.69,0.0,INR
PO00866,POL000866,V0041,2026-05-17,FAC-138,20,357.29,0.05,INR
PO00867,POL000867,V0263,2026-03-10,OFF-080,20,1595.41,0.0,INR
PO00868,POL000868,V0413,2026-04-08,UTI-093,100,2405.1,0.12,INR
PO00869,POL000869,V0500,2026-07-19,UTI-157,2,1659.77,0.12,INR
PO00870,POL000870,V0448,2026-02-28,IT -017,100,2050.96,0.18,INR
PO00871,POL000871,V0191,2026-04-14,IT -051,500,11494.06,0.12,INR
PO00872,POL000872,V0069,2026-05-03,LOG-082,250,7917.97,0.05,INR
PO00873,POL000873,V0003,2026-01-18,LOG-149,250,3920.17,0.05,INR
PO00874,POL000874,V0243,2026-02-18,MAN-137,100,303.91,0.12,INR
PO00875,POL000875,V0261,2026-05-15,PRO-028,1,31809.16,0.18,INR
PO00876,POL000876,V0177,2026-06-08,UTI-137,20,4549.78,0.12,INR
PO00877,POL000877,V0223,2026-05-02,OFF-129,20,1156.91,0.18,INR
PO00878,POL000878,V0031,2026-05-16,IT -128,1,21984.59,0.12,INR
PO00879,POL000879,V0170,2026-03-05,UTI-037,500,3218.68,0.12,INR
PO00880,POL000880,V0076,2026-03-01,MAN-041,10,603.98,0.05,INR
PO00881,POL000881,V0040,2026-01-28,FAC-130,50,6901.37,0.05,INR
PO00882,POL000882,V0121,2026-02-21,LOG-021,100,846.69,0.05,INR
PO00883,POL000883,V0410,2026-06-23,UTI-064,2,629.3,0.0,INR
PO00884,POL000884,V0112,2026-01-02,MAR-116,100,6721.98,0.12,INR
PO00885,POL000885,V0081,2026-06-12,PRO-061,20,5744.81,0.12,INR
PO00886,POL000886,V0250,2026-04-27,IT -051,10,6094.41,0.05,INR
PO00887,POL000887,V0459,2026-01-13,OFF-125,10,412.35,0.18,INR
PO00888,POL000888,V0166,2026-06-10,MAR-145,100,6380.51,0.18,INR
PO00889,POL000889,V0152,2026-02-04,FAC-007,2,7808.72,0.12,INR
PO00890,POL000890,V0393,2026-02-02,UTI-026,500,597.12,0.18,INR
PO00891,POL000891,V0247,2026-02-14,IT -083,1,23574.13,0.05,INR
PO00892,POL000892,V0246,2026-02-06,IT -077,20,24017.73,0.05,INR
PO00893,POL000893,V0083,2026-07-10,FAC-077,1,7603.78,0.0,INR
PO00894,POL000894,V0270,2026-03-26,IT -129,20,20094.01,0.05,INR
PO00895,POL000895,V0058,2026-05-28,FAC-044,50,6654.65,0.0,INR
PO00896,POL000896,V0273,2026-06-30,FAC-155,1,5109.42,0.12,INR
PO00897,POL000897,V0093,2026-04-26,FAC-146,2,2788.96,0.05,INR
PO00898,POL000898,V0117,2026-01-19,OFF-112,20,1894.05,0.12,INR
PO00899,POL000899,V0285,2026-05-10,IT -112,20,2328.97,0.0,INR
PO00900,POL000900,V0118,2026-07-19,LOG-113,2,6547.82,0.0,INR
PO00901,POL000901,V0419,2026-05-29,UTI-100,100,1201.27,0.05,INR
PO00902,POL000902,V0178,2026-06-11,MAR-015,500,15000.44,0.18,INR
PO00903,POL000903,V0170,2026-06-22,UTI-020,20,2979.06,0.12,INR
PO00904,POL000904,V0312,2026-05-21,PRO-037,50,33984.29,0.18,INR
PO00905,POL000905,V0371,2026-05-16,MAN-052,50,3429.45,0.12,INR
PO00906,POL000906,V0367,2026-01-04,IT -159,500,21729.53,0.18,INR
PO00907,POL000907,V0098,2026-02-07,IT -070,50,15935.98,0.05,INR
PO00908,POL000908,V0270,2026-07-30,IT -083,500,17015.89,0.0,INR
PO00909,POL000909,V0052,2026-04-26,UTI-091,5,706.42,0.0,INR
PO00910,POL000910,V0095,2026-05-15,IT -156,1,20074.29,0.0,INR
PO00911,POL000911,V0466,2026-07-14,FAC-150,20,7464.03,0.18,INR
PO00912,POL000912,V0117,2026-01-13,OFF-083,250,677.72,0.18,INR
PO00913,POL000913,V0458,2026-07-19,LOG-010,20,9060.72,0.0,INR
PO00914,POL000914,V0193,2026-07-02,PRO-137,2,15848.95,0.18,INR
PO00915,POL000915,V0035,2026-06-24,FAC-123,500,5397.36,0.05,INR
PO00916,POL000916,V0429,2026-06-08,PRO-009,2,38621.13,0.0,INR
PO00917,POL000917,V0340,2026-04-25,MAR-159,50,729.25,0.05,INR
PO00918,POL000918,V0125,2026-04-11,LOG-115,500,9868.55,0.18,INR
PO00919,POL000919,V0299,2026-03-08,MAN-100,1,3411.39,0.12,INR
PO00920,POL000920,V0238,2026-05-14,MAN-030,5,1638.25,0.18,INR
PO00921,POL000921,V0380,2026-04-29,PRO-051,500,18547.49,0.0,INR
PO00922,POL000922,V0003,2026-06-03,LOG-019,50,1716.63,0.12,INR
PO00923,POL000923,V0279,2026-04-28,PRO-023,1,34243.1,0.12,INR
PO00924,POL000924,V0111,2026-06-24,PRO-030,250,20818.84,0.18,INR
PO00925,POL000925,V0121,2026-05-11,LOG-114,500,6052.83,0.0,INR
PO00926,POL000926,V0478,2026-06-16,UTI-061,50,221.36,0.05,INR
PO00927,POL000927,V0420,2026-02-13,FAC-078,100,3306.88,0.0,INR
PO00928,POL000928,V0362,2026-02-24,MAN-156,1,2310.69,0.05,INR
PO00929,POL000929,V0106,2026-06-18,PRO-092,10,23737.84,0.12,INR
PO00930,POL000930,V0277,2026-07-28,IT -031,50,8015.74,0.18,INR
PO00931,POL000931,V0175,2026-02-17,FAC-146,5,7823.84,0.18,INR
PO00932,POL000932,V0427,2026-01-28,PRO-132,1,11546.85,0.05,INR
PO00933,POL000933,V0475,2026-02-21,PRO-139,2,29845.46,0.0,INR
PO00934,POL000934,V0180,2026-03-02,FAC-107,20,1283.55,0.18,INR
PO00935,POL000935,V0278,2026-06-03,OFF-012,100,1442.69,0.05,INR
PO00936,POL000936,V0068,2026-03-15,PRO-070,50,35436.74,0.18,INR
PO00937,POL000937,V0077,2026-06-30,MAR-146,10,16118.02,0.12,INR
PO00938,POL000938,V0387,2026-03-28,MAN-008,500,1675.19,0.05,INR
PO00939,POL000939,V0403,2026-03-25,OFF-105,100,1575.64,0.0,INR
PO00940,POL000940,V0324,2026-06-04,UTI-008,100,950.03,0.05,INR
PO00941,POL000941,V0271,2026-05-13,OFF-125,20,518.6,0.18,INR
PO00942,POL000942,V0411,2026-06-23,OFF-093,250,1078.2,0.12,INR
PO00943,POL000943,V0413,2026-04-23,UTI-073,1,3344.84,0.18,INR
PO00944,POL000944,V0305,2026-07-15,IT -155,20,22694.07,0.0,INR
PO00945,POL000945,V0375,2026-03-11,IT -145,10,9461.99,0.05,INR
PO00946,POL000946,V0402,2026-01-22,MAN-139,50,3127.01,0.05,INR
PO00947,POL000947,V0122,2026-04-12,PRO-096,250,11327.76,0.0,INR
PO00948,POL000948,V0457,2026-06-01,LOG-075,5,5969.63,0.0,INR
PO00949,POL000949,V0156,2026-06-21,OFF-041,2,1216.19,0.12,INR
PO00950,POL000950,V0010,2026-02-28,PRO-039,20,34496.91,0.0,INR
PO00951,POL000951,V0152,2026-06-14,FAC-154,250,7653.38,0.18,INR
PO00952,POL000952,V0377,2026-02-15,MAN-017,1,2827.59,0.12,INR
PO00953,POL000953,V0455,2026-05-16,UTI-012,50,1912.94,0.0,INR
PO00954,POL000954,V0073,2026-06-11,UTI-122,2,3010.86,0.18,INR
PO00955,POL000955,V0334,2026-07-22,MAR-112,50,6932.06,0.18,INR
PO00956,POL000956,V0342,2026-03-21,UTI-126,2,4411.05,0.12,INR
PO00957,POL000957,V0326,2026-03-06,PRO-159,5,13593.87,0.0,INR
PO00958,POL000958,V0400,2026-04-20,MAN-028,10,3391.13,0.05,INR
PO00959,POL000959,V0345,2026-02-08,UTI-005,5,4733.5,0.0,INR
PO00960,POL000960,V0280,2026-07-05,UTI-017,50,667.94,0.05,INR
PO00961,POL000961,V0477,2026-01-20,MAN-104,20,1673.43,0.0,INR
PO00962,POL000962,V0118,2026-04-07,LOG-118,20,8554.34,0.12,INR
PO00963,POL000963,V0244,2026-06-14,PRO-044,20,3968.09,0.12,INR
PO00964,POL000964,V0287,2026-07-22,MAR-037,2,16788.66,0.18,INR
PO00965,POL000965,V0327,2026-01-20,MAN-035,250,3010.47,0.18,INR
PO00966,POL000966,V0129,2026-02-14,LOG-081,500,9912.01,0.05,INR
PO00967,POL000967,V0452,2026-05-29,FAC-108,1,4219.5,0.05,INR
PO00968,POL000968,V0251,2026-06-30,IT -132,50,8267.96,0.12,INR
PO00969,POL000969,V0453,2026-07-26,UTI-126,2,4790.08,0.12,INR
PO00970,POL000970,V0337,2026-01-02,OFF-055,1,770.11,0.05,INR
PO00971,POL000971,V0244,2026-03-31,PRO-108,500,11230.32,0.12,INR
PO00972,POL000972,V0062,2026-02-09,UTI-117,5,3289.28,0.18,INR
PO00973,POL000973,V0303,2026-07-13,LOG-027,5,10082.52,0.18,INR
PO00974,POL000974,V0498,2026-07-02,MAN-036,20,3062.74,0.0,INR
PO00975,POL000975,V0166,2026-05-19,MAR-071,5,3608.59,0.05,INR
PO00976,POL000976,V0316,2026-01-10,MAR-123,2,3100.23,0.0,INR
PO00977,POL000977,V0205,2026-02-20,LOG-054,20,7769.03,0.12,INR
PO00978,POL000978,V0134,2026-01-04,MAR-063,1,5877.37,0.05,INR
PO00979,POL000979,V0236,2026-02-03,PRO-012,1,6677.44,0.0,INR
PO00980,POL000980,V0312,2026-07-27,PRO-051,500,4391.76,0.18,INR
PO00981,POL000981,V0443,2026-01-03,LOG-122,1,10187.06,0.12,INR
PO00982,POL000982,V0276,2026-06-23,LOG-069,20,10780.27,0.12,INR
PO00983,POL000983,V0114,2026-03-05,IT -042,1,4498.95,0.0,INR
PO00984,POL000984,V0177,2026-02-09,UTI-138,50,2835.21,0.05,INR
PO00985,POL000985,V0015,2026-03-10,FAC-122,5,3695.47,0.18,INR
PO00986,POL000986,V0402,2026-07-02,MAN-139,100,1583.6,0.05,INR
PO00987,POL000987,V0197,2026-01-10,MAR-049,2,3476.6,0.12,INR
PO00988,POL000988,V0445,2026-05-08,IT -038,2,4543.55,0.05,INR
PO00989,POL000989,V0315,2026-07-10,UTI-122,5,1690.88,0.12,INR
PO00990,POL000990,V0483,2026-05-04,LOG-017,100,3578.33,0.0,INR
PO00991,POL000991,V0273,2026-01-19,FAC-017,20,5502.09,0.0,INR
PO00992,POL000992,V0064,2026-06-21,OFF-074,250,294.79,0.12,INR
PO00993,POL000993,V0294,2026-05-13,PRO-076,5,29751.68,0.05,INR
PO00994,POL000994,V0060,2026-07-13,MAR-088,500,1054.86,0.18,INR
PO00995,POL000995,V0266,2026-05-27,FAC-043,500,3309.32,0.12,INR
PO00996,POL000996,V0250,2026-03-05,IT -129,250,8515.35,0.05,INR
PO00997,POL000997,V0262,2026-06-18,PRO-067,1,23438.98,0.12,INR
PO00998,POL000998,V0470,2026-06-20,FAC-075,1,6443.8,0.12,INR
PO00999,POL000999,V0288,2026-02-16,FAC-057,10,7190.24,0.12,INR
PO01000,POL001000,V0227,2026-01-31,FAC-103,250,5633.64,0.05,INR
PO01001,POL001001,V0156,2026-04-13,OFF-059,500,1539.02,0.0,INR
PO01002,POL001002,V0073,2026-05-29,UTI-037,50,4272.71,0.18,INR
PO01003,POL001003,V0013,2026-03-02,FAC-010,250,5133.63,0.18,INR
PO01004,POL001004,V0118,2026-02-12,LOG-015,500,4611.15,0.0,INR
PO01005,POL001005,V0189,2026-07-11,OFF-041,1,1230.56,0.12,INR
PO01006,POL001006,V0117,2026-02-28,OFF-084,100,329.68,0.12,INR
PO01007,POL001007,V0361,2026-04-29,MAR-088,2,13923.58,0.0,INR
PO01008,POL001008,V0228,2026-01-04,PRO-094,50,30855.72,0.0,INR
PO01009,POL001009,V0188,2026-03-08,MAR-020,1,6961.52,0.12,INR
PO01010,POL001010,V0250,2026-01-26,IT -087,20,12149.59,0.0,INR
PO01011,POL001011,V0257,2026-03-15,PRO-151,1,17151.08,0.18,INR
PO01012,POL001012,V0353,2026-06-20,PRO-146,100,32042.82,0.0,INR
PO01013,POL001013,V0443,2026-02-18,LOG-044,10,7050.76,0.12,INR
PO01014,POL001014,V0402,2026-02-26,MAN-035,5,2084.39,0.18,INR
PO01015,POL001015,V0259,2026-02-02,LOG-141,10,9841.99,0.12,INR
PO01016,POL001016,V0247,2026-03-19,IT -153,250,20449.35,0.18,INR
PO01017,POL001017,V0465,2026-05-14,MAN-103,10,3322.46,0.0,INR
PO01018,POL001018,V0171,2026-01-27,MAN-094,500,824.78,0.12,INR
PO01019,POL001019,V0022,2026-02-10,MAN-045,20,1304.96,0.05,INR
PO01020,POL001020,V0317,2026-02-13,IT -127,100,9784.87,0.12,INR
PO01021,POL001021,V0443,2026-04-15,LOG-108,100,6621.4,0.18,INR
PO01022,POL001022,V0394,2026-06-16,OFF-048,10,266.63,0.0,INR
PO01023,POL001023,V0289,2026-02-24,MAN-088,250,1978.49,0.05,INR
PO01024,POL001024,V0462,2026-05-26,MAR-147,250,10095.84,0.12,INR
PO01025,POL001025,V0356,2026-04-14,MAR-026,10,3094.43,0.05,INR
PO01026,POL001026,V0355,2026-05-03,PRO-082,500,28380.1,0.0,INR
PO01027,POL001027,V0091,2026-05-06,FAC-093,250,4932.0,0.0,INR
PO01028,POL001028,V0022,2026-07-12,MAN-030,50,3111.08,0.0,INR
PO01029,POL001029,V0033,2026-03-09,FAC-005,20,5063.98,0.05,INR
PO01030,POL001030,V0165,2026-04-26,PRO-024,50,33160.84,0.12,INR
PO01031,POL001031,V0371,2026-04-07,MAN-049,500,2746.48,0.18,INR
PO01032,POL001032,V0310,2026-02-25,LOG-148,10,4615.02,0.12,INR
PO01033,POL001033,V0417,2026-01-01,OFF-070,20,490.44,0.0,INR
PO01034,POL001034,V0303,2026-07-29,LOG-147,5,5643.62,0.05,INR
PO01035,POL001035,V0353,2026-05-18,PRO-048,250,12047.76,0.18,INR
PO01036,POL001036,V0498,2026-05-09,MAN-092,1,3476.04,0.0,INR
PO01037,POL001037,V0469,2026-01-18,LOG-149,50,10001.69,0.18,INR
PO01038,POL001038,V0178,2026-02-19,MAR-128,10,16603.83,0.0,INR
PO01039,POL001039,V0010,2026-04-03,PRO-004,2,3603.0,0.05,INR
PO01040,POL001040,V0185,2026-06-16,MAR-022,500,2461.09,0.0,INR
PO01041,POL001041,V0359,2026-03-19,IT -064,10,18066.83,0.18,INR
PO01042,POL001042,V0397,2026-02-07,PRO-037,500,31410.16,0.05,INR
PO01043,POL001043,V0451,2026-07-11,IT -133,100,15960.74,0.12,INR
PO01044,POL001044,V0195,2026-03-29,FAC-112,50,7242.06,0.05,INR
PO01045,POL001045,V0288,2026-02-26,FAC-014,1,5348.67,0.12,INR
PO01046,POL001046,V0127,2026-02-08,LOG-092,20,2864.4,0.18,INR
PO01047,POL001047,V0458,2026-05-20,LOG-091,100,9603.22,0.05,INR
PO01048,POL001048,V0321,2026-05-09,PRO-159,5,12441.4,0.05,INR
PO01049,POL001049,V0329,2026-07-21,FAC-061,100,7889.78,0.12,INR
PO01050,POL001050,V0483,2026-06-24,LOG-134,500,5273.74,0.0,INR
PO01051,POL001051,V0478,2026-01-18,UTI-124,50,2805.91,0.18,INR
PO01052,POL001052,V0047,2026-01-29,MAN-040,100,3490.76,0.18,INR
PO01053,POL001053,V0111,2026-02-01,PRO-134,50,37806.23,0.18,INR
PO01054,POL001054,V0039,2026-07-09,IT -132,20,10551.89,0.05,INR
PO01055,POL001055,V0254,2026-02-26,FAC-089,5,3673.99,0.12,INR
PO01056,POL001056,V0166,2026-04-27,MAR-040,5,5177.53,0.05,INR
PO01057,POL001057,V0314,2026-05-17,MAR-002,20,15289.96,0.18,INR
PO01058,POL001058,V0112,2026-07-28,MAR-085,50,8239.65,0.12,INR
PO01059,POL001059,V0122,2026-06-19,PRO-054,20,15363.76,0.05,INR
PO01060,POL001060,V0091,2026-07-10,FAC-106,20,429.18,0.12,INR
PO01061,POL001061,V0292,2026-03-15,OFF-059,50,1951.84,0.18,INR
PO01062,POL001062,V0233,2026-04-04,OFF-044,100,1806.92,0.0,INR
PO01063,POL001063,V0079,2026-05-12,LOG-012,500,2131.81,0.05,INR
PO01064,POL001064,V0485,2026-01-20,OFF-071,50,1475.12,0.12,INR
PO01065,POL001065,V0289,2026-06-25,MAN-039,1,1914.83,0.05,INR
PO01066,POL001066,V0129,2026-07-18,LOG-043,2,578.82,0.0,INR
PO01067,POL001067,V0162,2026-03-23,PRO-096,20,32508.72,0.0,INR
PO01068,POL001068,V0045,2026-02-20,MAN-137,50,713.79,0.05,INR
PO01069,POL001069,V0125,2026-06-01,LOG-109,2,4571.74,0.0,INR
PO01070,POL001070,V0123,2026-06-25,IT -050,500,5010.6,0.0,INR
PO01071,POL001071,V0061,2026-01-30,OFF-018,10,598.13,0.18,INR
PO01072,POL001072,V0466,2026-06-13,FAC-156,100,7658.12,0.0,INR
PO01073,POL001073,V0155,2026-01-25,IT -041,50,3978.06,0.0,INR
PO01074,POL001074,V0237,2026-05-04,PRO-095,10,19670.22,0.0,INR
PO01075,POL001075,V0349,2026-02-13,UTI-027,20,3552.64,0.0,INR
PO01076,POL001076,V0377,2026-04-06,MAN-142,100,1194.64,0.0,INR
PO01077,POL001077,V0291,2026-04-15,IT -125,250,11096.39,0.12,INR
PO01078,POL001078,V0386,2026-04-14,MAN-042,1,3013.28,0.12,INR
PO01079,POL001079,V0367,2026-04-03,IT -155,5,2801.47,0.0,INR
PO01080,POL001080,V0037,2026-07-18,MAN-080,250,369.51,0.12,INR
PO01081,POL001081,V0091,2026-06-21,FAC-126,250,2475.21,0.05,INR
PO01082,POL001082,V0121,2026-07-14,LOG-153,20,10956.86,0.0,INR
PO01083,POL001083,V0004,2026-05-10,UTI-132,50,3617.79,0.12,INR
PO01084,POL001084,V0356,2026-04-11,MAR-030,2,17480.04,0.0,INR
PO01085,POL001085,V0032,2026-04-12,MAN-147,50,3076.83,0.18,INR
PO01086,POL001086,V0033,2026-02-27,FAC-074,250,3876.97,0.05,INR
PO01087,POL001087,V0395,2026-07-23,MAN-080,1,337.84,0.12,INR
PO01088,POL001088,V0155,2026-02-03,IT -042,500,4648.87,0.0,INR
PO01089,POL001089,V0327,2026-03-03,MAN-120,2,1372.26,0.18,INR
PO01090,POL001090,V0016,2026-06-02,LOG-019,100,7780.52,0.0,INR
PO01091,POL001091,V0466,2026-05-19,FAC-015,500,1938.04,0.12,INR
PO01092,POL001092,V0403,2026-05-14,OFF-157,100,293.45,0.12,INR
PO01093,POL001093,V0309,2026-02-14,UTI-089,10,1634.48,0.12,INR
PO01094,POL001094,V0019,2026-05-21,UTI-056,500,738.28,0.0,INR
PO01095,POL001095,V0188,2026-04-22,MAR-048,250,4452.94,0.05,INR
PO01096,POL001096,V0340,2026-05-18,MAR-059,250,2620.68,0.05,INR
PO01097,POL001097,V0123,2026-04-25,IT -126,1,13614.65,0.05,INR
PO01098,POL001098,V0001,2026-01-28,PRO-113,2,3486.6,0.18,INR
PO01099,POL001099,V0350,2026-01-26,PRO-128,500,3586.72,0.18,INR
PO01100,POL001100,V0172,2026-07-05,PRO-019,250,34726.81,0.05,INR
PO01101,POL001101,V0263,2026-04-07,OFF-118,250,804.16,0.05,INR
PO01102,POL001102,V0067,2026-01-20,OFF-044,250,1119.71,0.12,INR
PO01103,POL001103,V0386,2026-02-22,MAN-130,10,3153.21,0.12,INR
PO01104,POL001104,V0477,2026-01-26,MAN-109,20,2149.23,0.12,INR
PO01105,POL001105,V0402,2026-07-11,MAN-135,10,3399.38,0.18,INR
PO01106,POL001106,V0219,2026-05-25,MAN-141,1,3435.55,0.0,INR
PO01107,POL001107,V0009,2026-03-31,FAC-073,250,3700.73,0.18,INR
PO01108,POL001108,V0285,2026-05-13,IT -158,2,23122.38,0.12,INR
PO01109,POL001109,V0478,2026-01-14,UTI-012,2,3931.82,0.0,INR
PO01110,POL001110,V0485,2026-01-03,OFF-143,500,730.73,0.18,INR
PO01111,POL001111,V0103,2026-07-13,OFF-057,1,804.99,0.12,INR
PO01112,POL001112,V0187,2026-01-03,FAC-007,20,6211.4,0.12,INR
PO01113,POL001113,V0109,2026-01-29,FAC-096,10,1055.12,0.12,INR
PO01114,POL001114,V0344,2026-06-07,UTI-012,2,3151.27,0.18,INR
PO01115,POL001115,V0187,2026-06-25,FAC-071,1,4254.58,0.05,INR
PO01116,POL001116,V0336,2026-01-07,IT -020,250,21627.75,0.18,INR
PO01117,POL001117,V0282,2026-05-12,FAC-022,100,7166.76,0.05,INR
PO01118,POL001118,V0133,2026-07-02,UTI-141,50,2179.24,0.12,INR
PO01119,POL001119,V0167,2026-03-10,IT -051,250,24384.49,0.0,INR
PO01120,POL001120,V0115,2026-06-20,MAR-103,250,11487.41,0.12,INR
PO01121,POL001121,V0346,2026-05-14,OFF-087,1,1107.92,0.05,INR
PO01122,POL001122,V0060,2026-02-12,MAR-052,50,1443.47,0.18,INR
PO01123,POL001123,V0463,2026-03-09,IT -051,500,16477.69,0.0,INR
PO01124,POL001124,V0096,2026-07-06,OFF-091,5,1183.06,0.12,INR
PO01125,POL001125,V0133,2026-05-29,UTI-130,50,1877.24,0.05,INR
PO01126,POL001126,V0039,2026-03-01,IT -068,50,7328.8,0.0,INR
PO01127,POL001127,V0350,2026-05-30,PRO-087,1,37368.79,0.05,INR
PO01128,POL001128,V0363,2026-04-19,MAR-017,1,7746.57,0.18,INR
PO01129,POL001129,V0353,2026-03-12,PRO-095,50,36934.33,0.05,INR
PO01130,POL001130,V0459,2026-03-26,OFF-132,2,623.23,0.18,INR
PO01131,POL001131,V0340,2026-07-11,MAR-003,100,3676.27,0.05,INR
PO01132,POL001132,V0157,2026-04-26,MAN-014,2,495.34,0.18,INR
PO01133,POL001133,V0339,2026-05-09,OFF-159,20,1493.85,0.05,INR
PO01134,POL001134,V0437,2026-07-17,UTI-017,250,2417.25,0.0,INR
PO01135,POL001135,V0217,2026-07-14,PRO-147,5,2927.94,0.0,INR
PO01136,POL001136,V0167,2026-01-08,IT -085,2,19997.1,0.05,INR
PO01137,POL001137,V0118,2026-01-07,LOG-153,20,9563.6,0.05,INR
PO01138,POL001138,V0355,2026-03-15,PRO-049,250,29835.67,0.18,INR
PO01139,POL001139,V0466,2026-05-25,FAC-097,5,7518.1,0.12,INR
PO01140,POL001140,V0395,2026-06-17,MAN-040,1,1462.63,0.12,INR
PO01141,POL001141,V0270,2026-04-27,IT -011,2,12942.54,0.0,INR
PO01142,POL001142,V0021,2026-07-25,LOG-158,1,1619.97,0.18,INR
PO01143,POL001143,V0418,2026-01-01,OFF-001,50,1720.01,0.12,INR
PO01144,POL001144,V0466,2026-01-18,FAC-117,2,1944.08,0.12,INR
PO01145,POL001145,V0450,2026-04-03,FAC-035,1,2382.81,0.0,INR
PO01146,POL001146,V0134,2026-05-06,MAR-015,2,2436.57,0.12,INR
PO01147,POL001147,V0333,2026-05-26,FAC-065,250,1708.1,0.0,INR
PO01148,POL001148,V0172,2026-07-02,PRO-020,2,17880.5,0.05,INR
PO01149,POL001149,V0272,2026-01-04,UTI-068,20,351.27,0.12,INR
PO01150,POL001150,V0337,2026-01-29,OFF-143,2,308.94,0.18,INR
PO01151,POL001151,V0410,2026-01-15,UTI-045,2,4916.73,0.12,INR
PO01152,POL001152,V0401,2026-05-18,LOG-130,100,4522.91,0.12,INR
PO01153,POL001153,V0043,2026-06-20,IT -053,20,11203.9,0.12,INR
PO01154,POL001154,V0154,2026-03-19,LOG-076,500,6423.52,0.12,INR
PO01155,POL001155,V0394,2026-03-11,OFF-063,10,1320.77,0.05,INR
PO01156,POL001156,V0454,2026-03-11,IT -137,100,15469.26,0.18,INR
PO01157,POL001157,V0073,2026-07-11,UTI-101,500,1849.84,0.12,INR
PO01158,POL001158,V0339,2026-04-19,OFF-013,20,1826.92,0.18,INR
PO01159,POL001159,V0289,2026-06-16,MAN-015,250,2245.13,0.18,INR
PO01160,POL001160,V0396,2026-02-02,FAC-018,10,5294.7,0.18,INR
PO01161,POL001161,V0154,2026-05-26,LOG-133,10,5364.66,0.12,INR
PO01162,POL001162,V0375,2026-02-13,IT -040,500,15496.44,0.18,INR
PO01163,POL001163,V0103,2026-04-10,OFF-082,5,1262.99,0.05,INR
PO01164,POL001164,V0491,2026-01-31,PRO-070,1,36949.41,0.18,INR
PO01165,POL001165,V0065,2026-03-07,MAR-009,10,6016.26,0.05,INR
PO01166,POL001166,V0102,2026-06-01,PRO-136,100,36800.1,0.0,INR
PO01167,POL001167,V0162,2026-01-04,PRO-064,250,8839.02,0.18,INR
PO01168,POL001168,V0273,2026-05-01,FAC-074,1,1104.74,0.12,INR
PO01169,POL001169,V0056,2026-03-16,MAN-092,500,2592.12,0.05,INR
PO01170,POL001170,V0337,2026-07-27,OFF-004,50,676.91,0.05,INR
PO01171,POL001171,V0036,2026-05-09,FAC-009,2,7516.36,0.18,INR
PO01172,POL001172,V0046,2026-01-01,OFF-060,500,1046.86,0.0,INR
PO01173,POL001173,V0309,2026-01-12,UTI-121,250,2473.8,0.12,INR
PO01174,POL001174,V0081,2026-07-13,PRO-027,100,29079.86,0.18,INR
PO01175,POL001175,V0012,2026-02-09,MAN-082,10,810.25,0.05,INR
PO01176,POL001176,V0182,2026-06-20,IT -052,20,6630.72,0.18,INR
PO01177,POL001177,V0228,2026-01-18,PRO-048,250,26103.69,0.05,INR
PO01178,POL001178,V0323,2026-02-04,FAC-100,100,7114.77,0.05,INR
PO01179,POL001179,V0195,2026-05-13,FAC-127,100,1287.27,0.18,INR
PO01180,POL001180,V0308,2026-05-31,MAR-024,10,8577.64,0.18,INR
PO01181,POL001181,V0439,2026-03-29,PRO-075,5,20655.66,0.05,INR
PO01182,POL001182,V0279,2026-02-16,PRO-076,5,2038.11,0.0,INR
PO01183,POL001183,V0207,2026-05-18,UTI-050,2,4818.88,0.0,INR
PO01184,POL001184,V0270,2026-06-18,IT -122,250,20721.1,0.0,INR
PO01185,POL001185,V0369,2026-01-09,IT -057,2,12884.21,0.05,INR
PO01186,POL001186,V0028,2026-02-25,OFF-053,20,875.65,0.18,INR
PO01187,POL001187,V0084,2026-06-19,PRO-086,500,3341.34,0.12,INR
PO01188,POL001188,V0112,2026-04-03,MAR-126,10,3618.48,0.05,INR
PO01189,POL001189,V0179,2026-04-26,FAC-030,500,5831.48,0.12,INR
PO01190,POL001190,V0033,2026-03-02,FAC-158,5,3760.32,0.12,INR
PO01191,POL001191,V0116,2026-05-24,LOG-138,1,3194.72,0.18,INR
PO01192,POL001192,V0365,2026-05-29,MAR-151,2,17446.84,0.0,INR
PO01193,POL001193,V0106,2026-01-27,PRO-136,20,38484.23,0.12,INR
PO01194,POL001194,V0036,2026-05-03,FAC-087,5,5799.42,0.05,INR
PO01195,POL001195,V0047,2026-07-04,MAN-030,250,1400.43,0.0,INR
PO01196,POL001196,V0450,2026-07-02,FAC-114,2,2964.61,0.12,INR
PO01197,POL001197,V0357,2026-01-18,OFF-142,50,139.12,0.0,INR
PO01198,POL001198,V0438,2026-03-15,OFF-157,500,1102.48,0.18,INR
PO01199,POL001199,V0500,2026-05-09,UTI-080,20,429.18,0.12,INR
PO01200,POL001200,V0008,2026-05-22,UTI-159,10,2020.64,0.18,INR
PO01201,POL001201,V0314,2026-04-14,MAR-014,2,4061.23,0.0,INR
PO01202,POL001202,V0116,2026-03-22,LOG-122,1,11009.44,0.0,INR
PO01203,POL001203,V0232,2026-02-08,LOG-025,2,5390.82,0.05,INR
PO01204,POL001204,V0133,2026-07-19,UTI-090,500,3043.58,0.18,INR
PO01205,POL001205,V0096,2026-05-17,OFF-004,5,295.62,0.12,INR
PO01206,POL001206,V0015,2026-05-15,FAC-023,100,3822.19,0.05,INR
PO01207,POL001207,V0043,2026-04-27,IT -126,1,14676.89,0.12,INR
PO01208,POL001208,V0247,2026-01-07,IT -156,100,4642.35,0.0,INR
PO01209,POL001209,V0081,2026-07-19,PRO-014,20,12675.52,0.12,INR
PO01210,POL001210,V0196,2026-07-24,MAN-085,20,1515.29,0.18,INR
PO01211,POL001211,V0479,2026-02-13,FAC-089,5,697.2,0.0,INR
PO01212,POL001212,V0048,2026-04-30,UTI-014,250,3472.87,0.05,INR
PO01213,POL001213,V0166,2026-02-13,MAR-107,2,11269.24,0.12,INR
PO01214,POL001214,V0443,2026-02-21,LOG-138,50,680.62,0.0,INR
PO01215,POL001215,V0200,2026-03-29,LOG-110,250,6124.45,0.12,INR
PO01216,POL001216,V0185,2026-06-27,MAR-111,250,5915.7,0.05,INR
PO01217,POL001217,V0470,2026-03-03,FAC-159,500,4045.38,0.05,INR
PO01218,POL001218,V0442,2026-05-06,UTI-055,50,1601.83,0.12,INR
PO01219,POL001219,V0180,2026-07-23,FAC-051,100,6599.57,0.12,INR
PO01220,POL001220,V0468,2026-04-01,MAR-111,1,5266.01,0.0,INR
PO01221,POL001221,V0060,2026-02-06,MAR-057,10,15387.2,0.05,INR
PO01222,POL001222,V0463,2026-04-10,IT -064,5,13386.02,0.0,INR
PO01223,POL001223,V0111,2026-01-14,PRO-114,250,24307.76,0.12,INR
PO01224,POL001224,V0447,2026-03-03,OFF-005,20,1516.19,0.18,INR
PO01225,POL001225,V0284,2026-03-16,LOG-144,5,2041.6,0.12,INR
PO01226,POL001226,V0279,2026-07-02,PRO-132,500,14928.19,0.18,INR
PO01227,POL001227,V0381,2026-07-03,MAR-088,50,12122.32,0.18,INR
PO01228,POL001228,V0384,2026-07-26,FAC-092,2,3775.13,0.05,INR
PO01229,POL001229,V0431,2026-04-07,UTI-035,10,2267.84,0.18,INR
PO01230,POL001230,V0249,2026-03-15,LOG-010,2,3348.34,0.05,INR
PO01231,POL001231,V0457,2026-02-17,LOG-124,100,10165.71,0.12,INR
PO01232,POL001232,V0419,2026-06-15,UTI-149,500,2086.02,0.0,INR
PO01233,POL001233,V0072,2026-05-18,OFF-041,250,1019.9,0.0,INR
PO01234,POL001234,V0381,2026-06-01,MAR-070,1,5388.8,0.05,INR
PO01235,POL001235,V0158,2026-06-11,LOG-033,5,8244.03,0.0,INR
PO01236,POL001236,V0232,2026-03-08,LOG-141,500,5892.15,0.12,INR
PO01237,POL001237,V0225,2026-04-15,FAC-075,5,6176.77,0.18,INR
PO01238,POL001238,V0034,2026-01-21,MAN-138,50,994.84,0.12,INR
PO01239,POL001239,V0326,2026-05-30,PRO-158,2,24626.27,0.18,INR
PO01240,POL001240,V0344,2026-04-08,UTI-142,100,1009.9,0.18,INR
PO01241,POL001241,V0022,2026-07-30,MAN-013,50,509.46,0.0,INR
PO01242,POL001242,V0187,2026-02-06,FAC-103,5,5571.55,0.05,INR
PO01243,POL001243,V0257,2026-07-16,PRO-146,250,14161.95,0.18,INR
PO01244,POL001244,V0498,2026-02-23,MAN-025,10,1976.71,0.18,INR
PO01245,POL001245,V0449,2026-04-29,IT -117,20,8800.47,0.18,INR
PO01246,POL001246,V0026,2026-05-05,LOG-015,20,6871.31,0.12,INR
PO01247,POL001247,V0218,2026-05-05,OFF-145,250,768.49,0.05,INR
PO01248,POL001248,V0260,2026-01-04,OFF-035,10,781.45,0.18,INR
PO01249,POL001249,V0363,2026-04-21,MAR-115,5,1675.67,0.0,INR
PO01250,POL001250,V0008,2026-05-18,UTI-148,2,3986.81,0.0,INR
PO01251,POL001251,V0101,2026-02-09,IT -145,1,8308.4,0.12,INR
PO01252,POL001252,V0262,2026-02-25,PRO-013,250,22696.71,0.0,INR
PO01253,POL001253,V0491,2026-02-14,PRO-131,20,29459.19,0.18,INR
PO01254,POL001254,V0372,2026-01-04,LOG-021,20,10411.84,0.05,INR
PO01255,POL001255,V0303,2026-02-06,LOG-153,250,2532.19,0.18,INR
PO01256,POL001256,V0225,2026-01-13,FAC-020,250,2028.38,0.12,INR
PO01257,POL001257,V0042,2026-02-16,MAN-018,1,1479.12,0.18,INR
PO01258,POL001258,V0270,2026-05-26,IT -077,5,6079.67,0.0,INR
PO01259,POL001259,V0175,2026-04-20,FAC-143,2,3510.88,0.0,INR
PO01260,POL001260,V0483,2026-03-27,LOG-113,250,1973.19,0.0,INR
PO01261,POL001261,V0122,2026-07-29,PRO-015,2,25148.2,0.05,INR
PO01262,POL001262,V0337,2026-04-11,OFF-045,250,1770.04,0.12,INR
PO01263,POL001263,V0033,2026-04-18,FAC-087,10,3645.28,0.12,INR
PO01264,POL001264,V0445,2026-01-02,IT -050,250,19158.86,0.12,INR
PO01265,POL001265,V0405,2026-02-23,FAC-130,10,2660.8,0.18,INR
PO01266,POL001266,V0443,2026-03-05,LOG-010,2,8372.16,0.05,INR
PO01267,POL001267,V0381,2026-03-04,MAR-035,50,2282.56,0.05,INR
PO01268,POL001268,V0091,2026-06-06,FAC-106,2,6520.41,0.18,INR
PO01269,POL001269,V0413,2026-02-03,UTI-085,5,947.37,0.12,INR
PO01270,POL001270,V0335,2026-05-10,PRO-145,10,18280.48,0.05,INR
PO01271,POL001271,V0026,2026-04-05,LOG-027,2,6053.61,0.12,INR
PO01272,POL001272,V0241,2026-06-20,UTI-064,2,2541.25,0.12,INR
PO01273,POL001273,V0229,2026-06-07,OFF-106,1,520.56,0.05,INR
PO01274,POL001274,V0428,2026-02-17,LOG-024,100,658.9,0.05,INR
PO01275,POL001275,V0263,2026-07-25,OFF-018,50,334.53,0.12,INR
PO01276,POL001276,V0483,2026-03-21,LOG-107,5,11854.94,0.18,INR
PO01277,POL001277,V0443,2026-06-02,LOG-118,50,5567.23,0.18,INR
PO01278,POL001278,V0212,2026-06-04,FAC-051,20,4945.81,0.18,INR
PO01279,POL001279,V0323,2026-06-24,FAC-108,2,7138.75,0.12,INR
PO01280,POL001280,V0101,2026-04-20,IT -141,1,15288.22,0.0,INR
PO01281,POL001281,V0439,2026-03-09,PRO-146,250,36711.29,0.05,INR
PO01282,POL001282,V0333,2026-06-05,FAC-051,100,7709.28,0.12,INR
PO01283,POL001283,V0173,2026-07-28,UTI-041,20,612.63,0.12,INR
PO01284,POL001284,V0455,2026-05-09,UTI-014,2,2942.01,0.18,INR
PO01285,POL001285,V0410,2026-06-01,UTI-036,5,4894.14,0.12,INR
PO01286,POL001286,V0448,2026-03-18,IT -134,2,3929.08,0.18,INR
PO01287,POL001287,V0153,2026-03-14,LOG-008,50,8606.67,0.18,INR
PO01288,POL001288,V0254,2026-05-15,FAC-113,500,7986.81,0.05,INR
PO01289,POL001289,V0396,2026-04-21,FAC-042,10,815.01,0.18,INR
PO01290,POL001290,V0004,2026-06-13,UTI-018,1,4046.7,0.18,INR
PO01291,POL001291,V0013,2026-06-21,FAC-106,100,3471.43,0.18,INR
PO01292,POL001292,V0101,2026-01-05,IT -158,1,2225.05,0.0,INR
PO01293,POL001293,V0288,2026-02-24,FAC-111,50,1623.31,0.0,INR
PO01294,POL001294,V0095,2026-04-19,IT -147,2,17624.35,0.0,INR
PO01295,POL001295,V0326,2026-07-15,PRO-064,2,26748.5,0.0,INR
PO01296,POL001296,V0112,2026-04-18,MAR-133,100,5882.57,0.12,INR
PO01297,POL001297,V0368,2026-06-03,FAC-064,50,2760.01,0.05,INR
PO01298,POL001298,V0060,2026-06-09,MAR-086,20,1004.06,0.05,INR
PO01299,POL001299,V0321,2026-06-06,PRO-115,250,3741.2,0.05,INR
PO01300,POL001300,V0122,2026-03-30,PRO-155,20,26038.05,0.12,INR
PO01301,POL001301,V0305,2026-01-06,IT -144,50,10332.42,0.0,INR
PO01302,POL001302,V0134,2026-04-07,MAR-001,10,2476.67,0.12,INR
PO01303,POL001303,V0287,2026-07-03,MAR-134,20,3184.23,0.12,INR
PO01304,POL001304,V0084,2026-06-18,PRO-067,5,22588.0,0.0,INR
PO01305,POL001305,V0099,2026-06-05,PRO-007,2,28745.77,0.05,INR
PO01306,POL001306,V0105,2026-05-27,PRO-143,2,18599.05,0.18,INR
PO01307,POL001307,V0202,2026-03-31,MAN-100,1,174.57,0.18,INR
PO01308,POL001308,V0100,2026-05-26,LOG-120,100,4542.51,0.12,INR
PO01309,POL001309,V0340,2026-01-30,MAR-121,10,8490.19,0.0,INR
PO01310,POL001310,V0154,2026-01-21,LOG-069,500,11745.02,0.12,INR
PO01311,POL001311,V0346,2026-03-09,OFF-093,50,736.86,0.18,INR
PO01312,POL001312,V0064,2026-03-15,OFF-007,10,343.93,0.18,INR
PO01313,POL001313,V0043,2026-02-17,IT -126,2,4498.82,0.18,INR
PO01314,POL001314,V0165,2026-03-18,PRO-137,1,37391.62,0.12,INR
PO01315,POL001315,V0301,2026-04-14,FAC-017,250,1381.17,0.12,INR
PO01316,POL001316,V0339,2026-03-24,OFF-139,10,1542.55,0.18,INR
PO01317,POL001317,V0173,2026-01-23,UTI-115,10,4024.97,0.0,INR
PO01318,POL001318,V0262,2026-02-07,PRO-089,50,33835.37,0.18,INR
PO01319,POL001319,V0228,2026-01-19,PRO-021,250,29194.19,0.0,INR
PO01320,POL001320,V0398,2026-02-07,PRO-045,100,23081.57,0.0,INR
PO01321,POL001321,V0055,2026-01-31,MAR-086,1,16469.01,0.18,INR
PO01322,POL001322,V0395,2026-01-30,MAN-035,5,1231.47,0.0,INR
PO01323,POL001323,V0027,2026-07-01,FAC-070,50,2108.46,0.05,INR
PO01324,POL001324,V0291,2026-04-03,IT -073,10,17859.37,0.05,INR
PO01325,POL001325,V0197,2026-02-19,MAR-083,250,13456.29,0.12,INR
PO01326,POL001326,V0468,2026-02-13,MAR-085,5,11970.21,0.18,INR
PO01327,POL001327,V0081,2026-05-29,PRO-043,500,36633.44,0.18,INR
PO01328,POL001328,V0334,2026-02-17,MAR-035,250,13060.73,0.05,INR
PO01329,POL001329,V0204,2026-06-15,PRO-022,20,20320.8,0.0,INR
PO01330,POL001330,V0391,2026-02-12,MAN-095,5,3470.14,0.05,INR
PO01331,POL001331,V0414,2026-06-05,MAN-087,50,3245.8,0.12,INR
PO01332,POL001332,V0262,2026-01-28,PRO-157,10,9272.71,0.0,INR
PO01333,POL001333,V0133,2026-02-10,UTI-133,50,1047.83,0.05,INR
PO01334,POL001334,V0032,2026-04-15,MAN-157,250,2518.32,0.18,INR
PO01335,POL001335,V0133,2026-06-05,UTI-145,20,4272.99,0.12,INR
PO01336,POL001336,V0476,2026-02-21,PRO-118,5,32642.9,0.18,INR
PO01337,POL001337,V0195,2026-06-30,FAC-101,10,4661.74,0.12,INR
PO01338,POL001338,V0172,2026-06-14,PRO-101,20,12635.31,0.12,INR
PO01339,POL001339,V0220,2026-04-03,MAN-148,5,1628.88,0.18,INR
PO01340,POL001340,V0262,2026-02-01,PRO-130,500,4341.6,0.0,INR
PO01341,POL001341,V0087,2026-05-25,OFF-066,50,1538.56,0.05,INR
PO01342,POL001342,V0429,2026-02-17,PRO-141,20,26344.09,0.05,INR
PO01343,POL001343,V0487,2026-04-26,LOG-124,2,1492.5,0.18,INR
PO01344,POL001344,V0036,2026-03-02,FAC-129,250,4043.73,0.18,INR
PO01345,POL001345,V0173,2026-05-26,UTI-056,20,1726.71,0.05,INR
PO01346,POL001346,V0106,2026-01-30,PRO-156,100,36964.25,0.0,INR
PO01347,POL001347,V0084,2026-04-06,PRO-159,20,6413.04,0.0,INR
PO01348,POL001348,V0152,2026-05-19,FAC-001,5,7711.93,0.12,INR
PO01349,POL001349,V0169,2026-02-28,IT -085,250,16133.88,0.0,INR
PO01350,POL001350,V0062,2026-05-29,UTI-129,250,2160.73,0.0,INR
PO01351,POL001351,V0367,2026-02-22,IT -054,20,3207.02,0.05,INR
PO01352,POL001352,V0282,2026-06-25,FAC-115,100,4073.39,0.0,INR
PO01353,POL001353,V0169,2026-03-22,IT -076,2,23564.72,0.12,INR
PO01354,POL001354,V0095,2026-04-12,IT -028,500,3569.7,0.0,INR
PO01355,POL001355,V0375,2026-02-06,IT -031,2,14697.27,0.0,INR
PO01356,POL001356,V0467,2026-03-16,LOG-015,50,3747.68,0.0,INR
PO01357,POL001357,V0296,2026-04-18,UTI-148,250,3592.54,0.18,INR
PO01358,POL001358,V0087,2026-01-15,OFF-028,5,1928.49,0.18,INR
PO01359,POL001359,V0285,2026-03-18,IT -073,5,21790.75,0.18,INR
PO01360,POL001360,V0286,2026-05-21,OFF-101,250,1670.43,0.18,INR
PO01361,POL001361,V0329,2026-07-11,FAC-109,2,5436.96,0.12,INR
PO01362,POL001362,V0089,2026-02-04,PRO-075,500,38958.81,0.0,INR
PO01363,POL001363,V0486,2026-04-21,MAR-089,20,13193.55,0.12,INR
PO01364,POL001364,V0250,2026-01-22,IT -001,1,13988.18,0.05,INR
PO01365,POL001365,V0422,2026-03-03,MAR-012,100,7058.62,0.18,INR
PO01366,POL001366,V0166,2026-06-19,MAR-026,10,16450.44,0.12,INR
PO01367,POL001367,V0349,2026-02-19,UTI-142,250,1547.41,0.0,INR
PO01368,POL001368,V0415,2026-06-11,MAR-055,10,5051.43,0.18,INR
PO01369,POL001369,V0491,2026-02-15,PRO-110,10,7853.42,0.0,INR
PO01370,POL001370,V0152,2026-04-29,FAC-139,2,4753.07,0.0,INR
PO01371,POL001371,V0268,2026-05-23,OFF-090,250,1345.25,0.0,INR
PO01372,POL001372,V0251,2026-04-19,IT -039,50,16769.77,0.0,INR
PO01373,POL001373,V0284,2026-03-19,LOG-055,2,5930.79,0.05,INR
PO01374,POL001374,V0289,2026-01-28,MAN-121,50,3213.64,0.18,INR
PO01375,POL001375,V0479,2026-02-25,FAC-130,500,5741.13,0.18,INR
PO01376,POL001376,V0009,2026-03-28,FAC-028,5,5538.88,0.12,INR
PO01377,POL001377,V0260,2026-02-16,OFF-100,5,560.59,0.05,INR
PO01378,POL001378,V0361,2026-05-11,MAR-151,1,3510.43,0.05,INR
PO01379,POL001379,V0328,2026-06-16,PRO-153,1,2219.41,0.05,INR
PO01380,POL001380,V0013,2026-07-26,FAC-078,20,1944.16,0.0,INR
PO01381,POL001381,V0467,2026-01-11,LOG-040,500,11364.66,0.18,INR
PO01382,POL001382,V0169,2026-02-01,IT -047,20,3536.74,0.0,INR
PO01383,POL001383,V0414,2026-07-04,MAN-005,1,998.6,0.12,INR
PO01384,POL001384,V0129,2026-04-30,LOG-149,50,2904.57,0.05,INR
PO01385,POL001385,V0276,2026-01-14,LOG-069,20,6796.47,0.0,INR
PO01386,POL001386,V0184,2026-07-22,MAR-146,10,17163.79,0.18,INR
PO01387,POL001387,V0475,2026-07-14,PRO-113,10,3188.87,0.18,INR
PO01388,POL001388,V0313,2026-07-09,OFF-080,1,659.36,0.0,INR
PO01389,POL001389,V0318,2026-06-22,IT -087,100,22221.14,0.12,INR
PO01390,POL001390,V0405,2026-04-23,FAC-060,250,6521.79,0.05,INR
PO01391,POL001391,V0383,2026-06-03,PRO-001,100,6654.3,0.0,INR
PO01392,POL001392,V0202,2026-01-20,MAN-061,20,2970.8,0.05,INR
PO01393,POL001393,V0178,2026-06-03,MAR-132,10,6763.33,0.12,INR
PO01394,POL001394,V0360,2026-04-08,FAC-060,100,1714.99,0.18,INR
PO01395,POL001395,V0467,2026-03-19,LOG-132,1,9567.69,0.18,INR
PO01396,POL001396,V0239,2026-06-18,OFF-094,250,208.35,0.05,INR
PO01397,POL001397,V0177,2026-06-10,UTI-055,100,3658.24,0.12,INR
PO01398,POL001398,V0454,2026-03-07,IT -031,50,22055.65,0.12,INR
PO01399,POL001399,V0082,2026-01-01,LOG-021,2,1096.73,0.0,INR
PO01400,POL001400,V0450,2026-01-28,FAC-146,50,1054.53,0.0,INR
PO01401,POL001401,V0046,2026-06-07,OFF-030,500,1304.94,0.12,INR
PO01402,POL001402,V0417,2026-04-22,OFF-028,20,419.62,0.05,INR
PO01403,POL001403,V0420,2026-02-28,FAC-085,5,5861.44,0.12,INR
PO01404,POL001404,V0456,2026-01-30,IT -070,100,9034.98,0.18,INR
PO01405,POL001405,V0233,2026-05-11,OFF-051,500,1077.93,0.05,INR
PO01406,POL001406,V0299,2026-04-16,MAN-030,10,2296.19,0.12,INR
PO01407,POL001407,V0225,2026-01-07,FAC-016,100,688.32,0.12,INR
PO01408,POL001408,V0312,2026-03-16,PRO-001,50,22921.25,0.12,INR
PO01409,POL001409,V0245,2026-02-01,OFF-035,10,185.95,0.18,INR
PO01410,POL001410,V0291,2026-02-17,IT -075,5,18173.61,0.05,INR
PO01411,POL001411,V0242,2026-07-30,PRO-141,1,39716.28,0.18,INR
PO01412,POL001412,V0022,2026-06-19,MAN-153,50,1229.81,0.18,INR
PO01413,POL001413,V0272,2026-04-13,UTI-018,5,3939.59,0.18,INR
PO01414,POL001414,V0121,2026-04-13,LOG-071,500,5858.64,0.0,INR
PO01415,POL001415,V0170,2026-02-06,UTI-151,10,3595.33,0.0,INR
PO01416,POL001416,V0251,2026-07-11,IT -147,100,7789.77,0.18,INR
PO01417,POL001417,V0442,2026-02-05,UTI-042,250,1199.3,0.05,INR
PO01418,POL001418,V0079,2026-03-29,LOG-037,500,9259.27,0.0,INR
PO01419,POL001419,V0202,2026-02-06,MAN-018,5,130.99,0.0,INR
PO01420,POL001420,V0281,2026-05-07,IT -119,100,3474.27,0.12,INR
PO01421,POL001421,V0149,2026-02-24,LOG-032,500,607.72,0.0,INR
PO01422,POL001422,V0122,2026-01-20,PRO-106,100,36938.63,0.18,INR
PO01423,POL001423,V0178,2026-07-06,MAR-135,1,14245.9,0.05,INR
PO01424,POL001424,V0225,2026-04-14,FAC-110,20,6481.84,0.18,INR
PO01425,POL001425,V0389,2026-04-22,LOG-147,20,3496.12,0.0,INR
PO01426,POL001426,V0182,2026-07-10,IT -074,1,13494.76,0.18,INR
PO01427,POL001427,V0466,2026-03-27,FAC-095,100,5593.11,0.05,INR
PO01428,POL001428,V0357,2026-01-21,OFF-076,50,1344.12,0.0,INR
PO01429,POL001429,V0262,2026-04-29,PRO-050,10,29325.7,0.0,INR
PO01430,POL001430,V0459,2026-03-09,OFF-093,1,86.89,0.05,INR
PO01431,POL001431,V0298,2026-03-20,MAN-148,20,719.09,0.05,INR
PO01432,POL001432,V0262,2026-01-27,PRO-095,20,16844.74,0.05,INR
PO01433,POL001433,V0327,2026-01-22,MAN-097,5,1122.27,0.18,INR
PO01434,POL001434,V0178,2026-04-02,MAR-031,500,7270.93,0.05,INR
PO01435,POL001435,V0434,2026-02-25,UTI-156,250,4078.72,0.18,INR
PO01436,POL001436,V0095,2026-07-19,IT -085,250,10019.78,0.0,INR
PO01437,POL001437,V0417,2026-04-08,OFF-137,20,415.89,0.18,INR
PO01438,POL001438,V0139,2026-01-09,MAN-099,50,2184.35,0.05,INR
PO01439,POL001439,V0420,2026-07-25,FAC-112,10,7232.07,0.05,INR
PO01440,POL001440,V0461,2026-01-19,OFF-046,250,1495.25,0.05,INR
PO01441,POL001441,V0132,2026-03-03,PRO-126,5,18753.41,0.18,INR
PO01442,POL001442,V0381,2026-07-17,MAR-134,500,3637.35,0.18,INR
PO01443,POL001443,V0479,2026-07-06,FAC-023,50,7318.73,0.12,INR
PO01444,POL001444,V0357,2026-04-14,OFF-106,1,840.78,0.18,INR
PO01445,POL001445,V0289,2026-03-23,MAN-139,20,2662.12,0.05,INR
PO01446,POL001446,V0361,2026-06-03,MAR-076,10,13171.68,0.12,INR
PO01447,POL001447,V0104,2026-03-11,OFF-072,10,1580.2,0.18,INR
PO01448,POL001448,V0473,2026-05-07,PRO-138,100,39486.44,0.0,INR
PO01449,POL001449,V0118,2026-03-21,LOG-098,100,6205.89,0.0,INR
PO01450,POL001450,V0046,2026-05-04,OFF-056,10,52.56,0.05,INR
PO01451,POL001451,V0134,2026-06-21,MAR-008,2,16589.56,0.12,INR
PO01452,POL001452,V0202,2026-03-10,MAN-042,50,1796.12,0.12,INR
PO01453,POL001453,V0073,2026-05-20,UTI-147,500,4467.44,0.18,INR
PO01454,POL001454,V0284,2026-05-28,LOG-096,50,5963.9,0.12,INR
PO01455,POL001455,V0027,2026-07-19,FAC-035,5,7762.14,0.12,INR
PO01456,POL001456,V0226,2026-05-28,IT -001,50,2448.13,0.05,INR
PO01457,POL001457,V0454,2026-06-15,IT -022,500,16742.55,0.05,INR
PO01458,POL001458,V0098,2026-06-17,IT -077,100,6215.45,0.12,INR
PO01459,POL001459,V0401,2026-02-12,LOG-006,10,3795.51,0.18,INR
PO01460,POL001460,V0363,2026-02-03,MAR-027,50,4323.36,0.05,INR
PO01461,POL001461,V0104,2026-03-20,OFF-088,500,526.75,0.05,INR
PO01462,POL001462,V0173,2026-07-20,UTI-005,2,3522.68,0.18,INR
PO01463,POL001463,V0442,2026-06-09,UTI-098,100,4790.3,0.05,INR
PO01464,POL001464,V0377,2026-01-15,MAN-153,2,3151.56,0.12,INR
PO01465,POL001465,V0423,2026-02-11,IT -132,1,16334.79,0.18,INR
PO01466,POL001466,V0345,2026-06-27,UTI-046,50,4040.94,0.0,INR
PO01467,POL001467,V0340,2026-05-19,MAR-155,250,8083.85,0.0,INR
PO01468,POL001468,V0176,2026-07-17,IT -080,500,12308.98,0.18,INR
PO01469,POL001469,V0075,2026-07-27,MAN-046,5,3340.52,0.05,INR
PO01470,POL001470,V0273,2026-04-14,FAC-118,1,647.84,0.0,INR
PO01471,POL001471,V0305,2026-07-16,IT -053,10,6442.92,0.0,INR
PO01472,POL001472,V0346,2026-03-23,OFF-074,5,559.22,0.0,INR
PO01473,POL001473,V0378,2026-07-11,IT -008,2,5711.45,0.12,INR
PO01474,POL001474,V0089,2026-05-29,PRO-147,1,24992.45,0.0,INR
PO01475,POL001475,V0064,2026-05-20,OFF-094,1,985.13,0.0,INR
PO01476,POL001476,V0046,2026-03-11,OFF-057,100,779.06,0.05,INR
PO01477,POL001477,V0112,2026-04-20,MAR-137,250,3427.01,0.0,INR
PO01478,POL001478,V0364,2026-07-15,OFF-059,2,1322.89,0.12,INR
PO01479,POL001479,V0356,2026-04-16,MAR-136,100,14690.87,0.0,INR
PO01480,POL001480,V0107,2026-06-29,UTI-046,500,1521.46,0.12,INR
PO01481,POL001481,V0236,2026-06-13,PRO-081,20,27319.17,0.12,INR
PO01482,POL001482,V0412,2026-04-26,LOG-114,250,1595.53,0.12,INR
PO01483,POL001483,V0303,2026-04-01,LOG-013,2,5959.42,0.0,INR
PO01484,POL001484,V0439,2026-02-21,PRO-020,50,7478.78,0.05,INR
PO01485,POL001485,V0272,2026-06-20,UTI-057,1,1817.24,0.0,INR
PO01486,POL001486,V0071,2026-04-01,MAR-054,1,11968.4,0.0,INR
PO01487,POL001487,V0266,2026-07-05,FAC-090,2,5518.8,0.12,INR
PO01488,POL001488,V0301,2026-02-14,FAC-035,5,5962.58,0.05,INR
PO01489,POL001489,V0173,2026-01-17,UTI-085,10,3786.52,0.0,INR
PO01490,POL001490,V0202,2026-03-12,MAN-042,5,2189.13,0.12,INR
PO01491,POL001491,V0019,2026-07-23,UTI-016,500,365.06,0.0,INR
PO01492,POL001492,V0373,2026-02-26,IT -113,2,14861.76,0.12,INR
PO01493,POL001493,V0064,2026-05-17,OFF-061,20,134.25,0.0,INR
PO01494,POL001494,V0479,2026-03-01,FAC-145,5,6932.71,0.12,INR
PO01495,POL001495,V0420,2026-05-08,FAC-117,250,6346.23,0.18,INR
PO01496,POL001496,V0061,2026-06-04,OFF-048,2,477.65,0.18,INR
PO01497,POL001497,V0463,2026-04-16,IT -058,100,3081.14,0.18,INR
PO01498,POL001498,V0367,2026-06-15,IT -052,2,17604.28,0.18,INR
PO01499,POL001499,V0285,2026-03-06,IT -154,250,15169.93,0.0,INR
PO01500,POL001500,V0398,2026-03-31,PRO-065,5,10444.4,0.12,INR
PO01501,POL001501,V0152,2026-01-01,FAC-125,5,445.39,0.0,INR
PO01502,POL001502,V0305,2026-06-01,IT -133,100,9227.46,0.0,INR
PO01503,POL001503,V0258,2026-03-26,IT -118,10,20326.91,0.12,INR
PO01504,POL001504,V0298,2026-02-06,MAN-114,50,2020.32,0.12,INR
PO01505,POL001505,V0023,2026-03-19,PRO-067,500,32993.16,0.18,INR
PO01506,POL001506,V0115,2026-03-01,MAR-118,500,11375.02,0.05,INR
PO01507,POL001507,V0361,2026-04-18,MAR-101,20,12315.29,0.18,INR
PO01508,POL001508,V0047,2026-05-15,MAN-012,10,1891.49,0.12,INR
PO01509,POL001509,V0373,2026-06-15,IT -054,250,9717.12,0.05,INR
PO01510,POL001510,V0028,2026-02-05,OFF-032,10,57.46,0.18,INR
PO01511,POL001511,V0122,2026-05-12,PRO-025,1,16683.17,0.18,INR
PO01512,POL001512,V0361,2026-06-24,MAR-122,1,8360.4,0.18,INR
PO01513,POL001513,V0326,2026-03-04,PRO-050,50,15196.57,0.05,INR
PO01514,POL001514,V0453,2026-04-09,UTI-153,2,2702.51,0.18,INR
PO01515,POL001515,V0472,2026-04-16,PRO-014,10,31849.02,0.12,INR
PO01516,POL001516,V0461,2026-07-24,OFF-063,100,1333.79,0.0,INR
PO01517,POL001517,V0484,2026-07-22,MAR-082,100,15128.47,0.18,INR
PO01518,POL001518,V0287,2026-05-01,MAR-038,5,9774.79,0.12,INR
PO01519,POL001519,V0179,2026-01-27,FAC-106,500,5840.59,0.12,INR
PO01520,POL001520,V0233,2026-03-29,OFF-124,2,1245.53,0.12,INR
PO01521,POL001521,V0416,2026-04-19,IT -040,100,16413.32,0.0,INR
PO01522,POL001522,V0297,2026-05-13,LOG-144,2,5832.02,0.0,INR
PO01523,POL001523,V0136,2026-07-21,OFF-027,20,1457.86,0.0,INR
PO01524,POL001524,V0451,2026-02-24,IT -135,500,7569.36,0.12,INR
PO01525,POL001525,V0393,2026-05-21,UTI-093,1,1510.77,0.0,INR
PO01526,POL001526,V0059,2026-01-17,IT -137,10,14811.2,0.12,INR
PO01527,POL001527,V0004,2026-06-22,UTI-131,20,2017.91,0.18,INR
PO01528,POL001528,V0308,2026-01-09,MAR-014,5,2555.27,0.0,INR
PO01529,POL001529,V0035,2026-06-08,FAC-004,1,1366.49,0.05,INR
PO01530,POL001530,V0228,2026-06-27,PRO-134,1,16079.91,0.12,INR
PO01531,POL001531,V0458,2026-05-21,LOG-107,100,9575.86,0.0,INR
PO01532,POL001532,V0246,2026-04-21,IT -091,5,8801.52,0.12,INR
PO01533,POL001533,V0245,2026-03-22,OFF-116,250,1923.85,0.18,INR
PO01534,POL001534,V0260,2026-01-30,OFF-039,250,142.97,0.0,INR
PO01535,POL001535,V0400,2026-02-09,MAN-039,5,117.25,0.18,INR
PO01536,POL001536,V0121,2026-01-30,LOG-059,2,10299.03,0.12,INR
PO01537,POL001537,V0475,2026-05-02,PRO-088,50,9193.64,0.0,INR
PO01538,POL001538,V0470,2026-06-25,FAC-131,1,3486.49,0.12,INR
PO01539,POL001539,V0257,2026-04-29,PRO-038,10,35719.72,0.12,INR
PO01540,POL001540,V0249,2026-05-25,LOG-055,100,6701.63,0.05,INR
PO01541,POL001541,V0131,2026-01-21,FAC-002,20,3186.92,0.0,INR
PO01542,POL001542,V0132,2026-07-24,PRO-011,500,33205.3,0.0,INR
PO01543,POL001543,V0464,2026-03-05,OFF-151,250,1875.34,0.05,INR
PO01544,POL001544,V0376,2026-03-15,MAN-128,250,2019.07,0.18,INR
PO01545,POL001545,V0490,2026-04-09,UTI-129,100,708.08,0.12,INR
PO01546,POL001546,V0339,2026-03-04,OFF-078,5,1199.51,0.05,INR
PO01547,POL001547,V0136,2026-04-09,OFF-048,50,909.31,0.0,INR
PO01548,POL001548,V0127,2026-04-13,LOG-156,500,7074.73,0.0,INR
PO01549,POL001549,V0344,2026-07-28,UTI-048,2,1868.0,0.0,INR
PO01550,POL001550,V0233,2026-03-08,OFF-040,2,846.33,0.18,INR
PO01551,POL001551,V0345,2026-02-09,UTI-005,5,3728.84,0.18,INR
PO01552,POL001552,V0260,2026-06-18,OFF-043,100,291.72,0.05,INR
PO01553,POL001553,V0038,2026-05-12,MAR-106,250,5140.93,0.05,INR
PO01554,POL001554,V0191,2026-03-29,IT -117,2,1933.93,0.0,INR
PO01555,POL001555,V0170,2026-06-28,UTI-097,500,2050.59,0.05,INR
PO01556,POL001556,V0266,2026-07-09,FAC-137,1,3925.44,0.12,INR
PO01557,POL001557,V0273,2026-01-05,FAC-001,5,5256.42,0.18,INR
PO01558,POL001558,V0070,2026-01-18,LOG-097,2,8079.75,0.05,INR
PO01559,POL001559,V0251,2026-02-08,IT -007,250,7557.43,0.0,INR
PO01560,POL001560,V0234,2026-04-17,MAN-143,1,792.39,0.0,INR
PO01561,POL001561,V0228,2026-03-15,PRO-088,5,20952.03,0.05,INR
PO01562,POL001562,V0394,2026-05-22,OFF-136,5,752.35,0.0,INR
PO01563,POL001563,V0087,2026-07-22,OFF-077,50,1695.62,0.18,INR
PO01564,POL001564,V0303,2026-04-15,LOG-146,2,1428.77,0.12,INR
PO01565,POL001565,V0174,2026-02-02,OFF-111,1,525.84,0.18,INR
PO01566,POL001566,V0254,2026-04-22,FAC-090,20,4710.8,0.12,INR
PO01567,POL001567,V0401,2026-03-09,LOG-017,5,2829.81,0.05,INR
PO01568,POL001568,V0027,2026-06-26,FAC-059,10,3552.08,0.12,INR
PO01569,POL001569,V0361,2026-01-17,MAR-086,10,8159.09,0.05,INR
PO01570,POL001570,V0214,2026-06-10,FAC-024,5,5901.87,0.18,INR
PO01571,POL001571,V0328,2026-06-04,PRO-159,500,24439.08,0.0,INR
PO01572,POL001572,V0111,2026-03-29,PRO-046,100,4286.26,0.05,INR
PO01573,POL001573,V0127,2026-04-27,LOG-153,1,4584.54,0.18,INR
PO01574,POL001574,V0246,2026-04-01,IT -068,20,22573.98,0.0,INR
PO01575,POL001575,V0326,2026-01-17,PRO-020,250,30511.33,0.05,INR
PO01576,POL001576,V0288,2026-07-14,FAC-032,1,6353.64,0.05,INR
PO01577,POL001577,V0207,2026-04-02,UTI-073,100,3325.86,0.05,INR
PO01578,POL001578,V0077,2026-04-28,MAR-022,20,7148.43,0.05,INR
PO01579,POL001579,V0497,2026-01-13,LOG-119,2,7412.55,0.18,INR
PO01580,POL001580,V0496,2026-05-30,MAR-111,5,4539.5,0.18,INR
PO01581,POL001581,V0235,2026-06-06,UTI-025,2,3899.93,0.0,INR
PO01582,POL001582,V0225,2026-06-04,FAC-050,1,2428.94,0.0,INR
PO01583,POL001583,V0470,2026-04-12,FAC-093,100,7307.36,0.12,INR
PO01584,POL001584,V0201,2026-02-12,OFF-005,10,831.57,0.0,INR
PO01585,POL001585,V0150,2026-03-11,OFF-088,250,298.86,0.18,INR
PO01586,POL001586,V0377,2026-01-13,MAN-087,10,576.49,0.18,INR
PO01587,POL001587,V0196,2026-02-02,MAN-066,250,1394.47,0.0,INR
PO01588,POL001588,V0244,2026-02-01,PRO-108,20,35914.91,0.12,INR
PO01589,POL001589,V0207,2026-06-06,UTI-032,20,4552.97,0.05,INR
PO01590,POL001590,V0113,2026-04-09,FAC-018,2,5971.72,0.0,INR
PO01591,POL001591,V0317,2026-03-21,IT -030,250,17833.14,0.18,INR
PO01592,POL001592,V0096,2026-02-04,OFF-151,250,1563.9,0.12,INR
PO01593,POL001593,V0459,2026-07-17,OFF-141,20,1432.94,0.0,INR
PO01594,POL001594,V0276,2026-06-15,LOG-135,2,6868.56,0.05,INR
PO01595,POL001595,V0212,2026-05-24,FAC-043,5,4471.77,0.0,INR
PO01596,POL001596,V0309,2026-05-04,UTI-139,5,3823.56,0.0,INR
PO01597,POL001597,V0096,2026-05-21,OFF-045,500,1337.56,0.0,INR
PO01598,POL001598,V0289,2026-07-23,MAN-008,500,2904.83,0.05,INR
PO01599,POL001599,V0313,2026-06-25,OFF-110,50,1578.7,0.05,INR
PO01600,POL001600,V0212,2026-02-09,FAC-158,5,6053.94,0.05,INR
PO01601,POL001601,V0167,2026-04-24,IT -027,1,8260.52,0.12,INR
PO01602,POL001602,V0262,2026-06-19,PRO-074,250,29732.04,0.05,INR
PO01603,POL001603,V0243,2026-02-22,MAN-068,50,2850.07,0.18,INR
PO01604,POL001604,V0356,2026-05-22,MAR-051,500,12188.43,0.12,INR
PO01605,POL001605,V0386,2026-02-15,MAN-016,100,1390.32,0.18,INR
PO01606,POL001606,V0300,2026-01-20,UTI-072,5,2930.29,0.18,INR
PO01607,POL001607,V0356,2026-02-11,MAR-108,5,17192.33,0.0,INR
PO01608,POL001608,V0342,2026-04-06,UTI-149,2,672.98,0.12,INR
PO01609,POL001609,V0038,2026-05-28,MAR-107,500,17470.5,0.0,INR
PO01610,POL001610,V0186,2026-03-16,IT -091,2,19618.21,0.05,INR
PO01611,POL001611,V0279,2026-03-21,PRO-107,10,15021.53,0.0,INR
PO01612,POL001612,V0027,2026-05-28,FAC-067,250,2671.61,0.0,INR
PO01613,POL001613,V0391,2026-02-16,MAN-144,500,937.84,0.05,INR
PO01614,POL001614,V0083,2026-03-07,FAC-043,250,7139.35,0.12,INR
PO01615,POL001615,V0436,2026-03-22,OFF-132,100,1617.13,0.12,INR
PO01616,POL001616,V0099,2026-05-08,PRO-042,5,30656.18,0.12,INR
PO01617,POL001617,V0180,2026-06-25,FAC-120,1,7975.13,0.05,INR
PO01618,POL001618,V0447,2026-04-19,OFF-124,5,1724.43,0.05,INR
PO01619,POL001619,V0195,2026-03-14,FAC-094,50,4873.35,0.05,INR
PO01620,POL001620,V0165,2026-05-17,PRO-154,2,27677.76,0.12,INR
PO01621,POL001621,V0061,2026-02-18,OFF-061,100,339.53,0.18,INR
PO01622,POL001622,V0262,2026-06-14,PRO-055,100,7331.92,0.0,INR
PO01623,POL001623,V0285,2026-07-12,IT -033,5,6933.14,0.18,INR
PO01624,POL001624,V0449,2026-02-21,IT -089,20,21616.74,0.05,INR
PO01625,POL001625,V0041,2026-07-08,FAC-115,1,1535.44,0.0,INR
PO01626,POL001626,V0314,2026-05-03,MAR-120,50,10714.48,0.0,INR
PO01627,POL001627,V0015,2026-05-13,FAC-005,20,5258.25,0.12,INR
PO01628,POL001628,V0354,2026-03-24,IT -077,5,18470.39,0.0,INR
PO01629,POL001629,V0133,2026-05-28,UTI-068,10,3359.33,0.18,INR
PO01630,POL001630,V0207,2026-05-20,UTI-107,10,465.01,0.12,INR
PO01631,POL001631,V0072,2026-05-30,OFF-078,50,523.42,0.0,INR
PO01632,POL001632,V0312,2026-07-29,PRO-081,250,17294.93,0.05,INR
PO01633,POL001633,V0143,2026-07-27,FAC-147,5,3068.35,0.12,INR
PO01634,POL001634,V0498,2026-06-07,MAN-067,100,335.69,0.18,INR
PO01635,POL001635,V0056,2026-06-19,MAN-134,10,1930.37,0.12,INR
PO01636,POL001636,V0243,2026-05-22,MAN-137,20,1265.3,0.0,INR
PO01637,POL001637,V0335,2026-04-28,PRO-159,1,11798.54,0.12,INR
PO01638,POL001638,V0118,2026-02-09,LOG-109,10,5583.15,0.18,INR
PO01639,POL001639,V0305,2026-07-04,IT -111,100,15931.34,0.0,INR
PO01640,POL001640,V0262,2026-05-04,PRO-018,20,17806.99,0.0,INR
PO01641,POL001641,V0042,2026-06-01,MAN-125,500,1352.05,0.18,INR
PO01642,POL001642,V0209,2026-07-24,IT -113,250,7810.72,0.0,INR
PO01643,POL001643,V0212,2026-06-18,FAC-135,250,3680.7,0.0,INR
PO01644,POL001644,V0066,2026-06-22,UTI-008,250,391.44,0.05,INR
PO01645,POL001645,V0172,2026-03-16,PRO-063,250,2245.65,0.05,INR
PO01646,POL001646,V0167,2026-07-22,IT -097,1,10338.99,0.18,INR
PO01647,POL001647,V0054,2026-03-15,UTI-120,5,3419.77,0.18,INR
PO01648,POL001648,V0170,2026-05-08,UTI-091,100,2566.65,0.0,INR
PO01649,POL001649,V0216,2026-07-01,UTI-035,10,544.44,0.18,INR
PO01650,POL001650,V0121,2026-01-07,LOG-077,5,11374.54,0.18,INR
PO01651,POL001651,V0478,2026-03-05,UTI-042,500,2560.87,0.12,INR
PO01652,POL001652,V0458,2026-06-07,LOG-079,2,11091.14,0.05,INR
PO01653,POL001653,V0133,2026-03-28,UTI-048,2,4691.04,0.12,INR
PO01654,POL001654,V0032,2026-01-24,MAN-139,250,2605.59,0.0,INR
PO01655,POL001655,V0230,2026-02-04,IT -023,100,5301.39,0.18,INR
PO01656,POL001656,V0267,2026-03-19,FAC-108,2,5626.27,0.05,INR
PO01657,POL001657,V0300,2026-06-15,UTI-160,500,1025.21,0.0,INR
PO01658,POL001658,V0060,2026-02-06,MAR-077,50,8154.92,0.0,INR
PO01659,POL001659,V0314,2026-03-18,MAR-076,250,9297.78,0.18,INR
PO01660,POL001660,V0010,2026-06-13,PRO-051,1,7495.4,0.0,INR
PO01661,POL001661,V0003,2026-06-26,LOG-053,5,7029.23,0.18,INR
PO01662,POL001662,V0349,2026-05-25,UTI-143,20,1460.01,0.12,INR
PO01663,POL001663,V0208,2026-02-25,OFF-001,250,958.73,0.12,INR
PO01664,POL001664,V0380,2026-06-01,PRO-048,20,5833.67,0.0,INR
PO01665,POL001665,V0296,2026-04-20,UTI-072,100,4129.11,0.05,INR
PO01666,POL001666,V0303,2026-02-09,LOG-157,100,10376.05,0.18,INR
PO01667,POL001667,V0103,2026-01-30,OFF-119,10,377.54,0.05,INR
PO01668,POL001668,V0202,2026-05-27,MAN-155,250,3411.36,0.0,INR
PO01669,POL001669,V0411,2026-05-26,OFF-061,500,841.79,0.12,INR
PO01670,POL001670,V0144,2026-04-04,PRO-140,10,2633.99,0.05,INR
PO01671,POL001671,V0028,2026-02-14,OFF-134,100,1939.42,0.0,INR
PO01672,POL001672,V0143,2026-03-30,FAC-064,2,6602.5,0.18,INR
PO01673,POL001673,V0078,2026-01-02,PRO-088,5,3408.17,0.12,INR
PO01674,POL001674,V0381,2026-03-24,MAR-049,50,2995.53,0.12,INR
PO01675,POL001675,V0328,2026-02-03,PRO-008,100,27993.58,0.12,INR
PO01676,POL001676,V0357,2026-01-23,OFF-019,100,53.22,0.05,INR
PO01677,POL001677,V0194,2026-03-20,LOG-026,5,8056.73,0.12,INR
PO01678,POL001678,V0482,2026-06-06,IT -040,10,13145.91,0.05,INR
PO01679,POL001679,V0035,2026-02-09,FAC-124,50,2890.65,0.18,INR
PO01680,POL001680,V0435,2026-01-16,MAN-047,1,3403.1,0.12,INR
PO01681,POL001681,V0230,2026-04-18,IT -158,5,20204.58,0.05,INR
PO01682,POL001682,V0133,2026-06-28,UTI-070,50,3133.44,0.0,INR
PO01683,POL001683,V0081,2026-01-20,PRO-024,100,34925.2,0.05,INR
PO01684,POL001684,V0041,2026-03-11,FAC-137,500,1342.28,0.05,INR
PO01685,POL001685,V0097,2026-01-04,UTI-151,10,3572.82,0.18,INR
PO01686,POL001686,V0319,2026-06-02,FAC-127,250,2230.38,0.05,INR
PO01687,POL001687,V0188,2026-07-13,MAR-053,5,8428.23,0.12,INR
PO01688,POL001688,V0162,2026-02-09,PRO-158,20,22360.22,0.12,INR
PO01689,POL001689,V0464,2026-06-15,OFF-151,20,1749.41,0.05,INR
PO01690,POL001690,V0139,2026-05-13,MAN-088,2,1326.26,0.0,INR
PO01691,POL001691,V0245,2026-07-05,OFF-088,100,289.9,0.05,INR
PO01692,POL001692,V0416,2026-04-06,IT -105,250,7024.79,0.12,INR
PO01693,POL001693,V0054,2026-04-28,UTI-056,1,3914.44,0.0,INR
PO01694,POL001694,V0117,2026-03-18,OFF-034,100,346.14,0.0,INR
PO01695,POL001695,V0200,2026-06-01,LOG-105,2,7157.27,0.0,INR
PO01696,POL001696,V0251,2026-03-04,IT -108,20,11715.23,0.18,INR
PO01697,POL001697,V0003,2026-03-28,LOG-125,500,5932.21,0.0,INR
PO01698,POL001698,V0443,2026-05-11,LOG-041,1,8951.07,0.12,INR
PO01699,POL001699,V0323,2026-01-16,FAC-092,500,5795.65,0.05,INR
PO01700,POL001700,V0464,2026-03-12,OFF-034,1,1788.94,0.0,INR
PO01701,POL001701,V0494,2026-03-16,OFF-104,500,853.51,0.0,INR
PO01702,POL001702,V0140,2026-05-18,OFF-134,2,1612.24,0.18,INR
PO01703,POL001703,V0117,2026-04-13,OFF-089,5,359.05,0.12,INR
PO01704,POL001704,V0274,2026-06-01,MAN-079,100,2777.97,0.18,INR
PO01705,POL001705,V0316,2026-03-12,MAR-139,250,4295.89,0.12,INR
PO01706,POL001706,V0193,2026-03-12,PRO-042,250,2701.8,0.05,INR
PO01707,POL001707,V0251,2026-04-13,IT -020,5,20796.06,0.05,INR
PO01708,POL001708,V0087,2026-03-11,OFF-006,5,149.93,0.0,INR
PO01709,POL001709,V0462,2026-05-31,MAR-011,2,7046.32,0.0,INR
PO01710,POL001710,V0160,2026-07-20,LOG-014,20,6832.6,0.18,INR
PO01711,POL001711,V0232,2026-03-06,LOG-073,250,11557.64,0.18,INR
PO01712,POL001712,V0094,2026-01-24,MAN-085,500,287.57,0.18,INR
PO01713,POL001713,V0065,2026-04-20,MAR-127,250,17200.04,0.05,INR
PO01714,POL001714,V0478,2026-06-25,UTI-123,100,1712.72,0.05,INR
PO01715,POL001715,V0260,2026-03-15,OFF-120,1,334.47,0.05,INR
PO01716,POL001716,V0391,2026-05-19,MAN-032,10,1884.45,0.0,INR
PO01717,POL001717,V0273,2026-04-24,FAC-072,1,1471.72,0.12,INR
PO01718,POL001718,V0101,2026-05-06,IT -154,20,21687.39,0.18,INR
PO01719,POL001719,V0333,2026-05-05,FAC-098,500,4526.36,0.12,INR
PO01720,POL001720,V0454,2026-02-27,IT -104,20,17835.43,0.12,INR
PO01721,POL001721,V0435,2026-04-10,MAN-030,20,725.49,0.0,INR
PO01722,POL001722,V0285,2026-07-24,IT -063,5,11750.67,0.18,INR
PO01723,POL001723,V0015,2026-03-11,FAC-136,20,623.46,0.05,INR
PO01724,POL001724,V0003,2026-02-11,LOG-008,100,5387.51,0.12,INR
PO01725,POL001725,V0104,2026-02-24,OFF-126,100,880.94,0.12,INR
PO01726,POL001726,V0051,2026-04-08,LOG-147,5,10580.88,0.12,INR
PO01727,POL001727,V0386,2026-06-21,MAN-133,5,2383.99,0.18,INR
PO01728,POL001728,V0347,2026-04-15,OFF-036,100,1293.72,0.18,INR
PO01729,POL001729,V0301,2026-03-19,FAC-012,50,5387.38,0.18,INR
PO01730,POL001730,V0338,2026-01-04,OFF-059,500,70.99,0.18,INR
PO01731,POL001731,V0043,2026-04-20,IT -120,2,22923.71,0.18,INR
PO01732,POL001732,V0334,2026-01-12,MAR-011,500,17618.59,0.05,INR
PO01733,POL001733,V0451,2026-07-19,IT -072,1,19073.59,0.12,INR
PO01734,POL001734,V0328,2026-06-02,PRO-155,1,16483.52,0.18,INR
PO01735,POL001735,V0102,2026-06-22,PRO-040,100,7751.66,0.0,INR
PO01736,POL001736,V0001,2026-06-16,PRO-037,100,27289.93,0.18,INR
PO01737,POL001737,V0121,2026-04-11,LOG-082,500,8561.9,0.05,INR
PO01738,POL001738,V0051,2026-07-06,LOG-084,10,11166.48,0.05,INR
PO01739,POL001739,V0463,2026-04-27,IT -091,2,12086.2,0.18,INR
PO01740,POL001740,V0162,2026-07-10,PRO-103,250,27131.52,0.12,INR
PO01741,POL001741,V0366,2026-03-16,PRO-051,10,29113.78,0.12,INR
PO01742,POL001742,V0058,2026-03-30,FAC-115,10,2767.54,0.0,INR
PO01743,POL001743,V0291,2026-02-20,IT -085,100,21380.62,0.18,INR
PO01744,POL001744,V0317,2026-06-09,IT -142,50,10845.49,0.18,INR
PO01745,POL001745,V0224,2026-07-12,MAN-114,250,928.02,0.0,INR
PO01746,POL001746,V0339,2026-04-18,OFF-115,250,821.5,0.12,INR
PO01747,POL001747,V0245,2026-06-19,OFF-148,100,1842.82,0.12,INR
PO01748,POL001748,V0375,2026-06-11,IT -148,100,13391.66,0.05,INR
PO01749,POL001749,V0367,2026-01-10,IT -115,250,23566.51,0.05,INR
PO01750,POL001750,V0419,2026-05-21,UTI-064,500,3667.76,0.05,INR
PO01751,POL001751,V0488,2026-05-24,PRO-150,50,35371.23,0.05,INR
PO01752,POL001752,V0280,2026-04-15,UTI-101,250,2460.84,0.12,INR
PO01753,POL001753,V0067,2026-01-09,OFF-009,5,510.92,0.05,INR
PO01754,POL001754,V0094,2026-02-27,MAN-089,20,1273.15,0.05,INR
PO01755,POL001755,V0225,2026-07-25,FAC-038,100,1144.0,0.12,INR
PO01756,POL001756,V0255,2026-04-07,LOG-079,5,7124.05,0.18,INR
PO01757,POL001757,V0093,2026-05-12,FAC-126,50,2860.58,0.18,INR
PO01758,POL001758,V0039,2026-05-20,IT -064,50,5659.52,0.0,INR
PO01759,POL001759,V0428,2026-05-12,LOG-018,20,10271.16,0.05,INR
PO01760,POL001760,V0020,2026-05-05,MAN-033,10,1898.97,0.18,INR
PO01761,POL001761,V0303,2026-01-27,LOG-129,50,10727.2,0.0,INR
PO01762,POL001762,V0023,2026-01-01,PRO-014,10,13585.98,0.05,INR
PO01763,POL001763,V0410,2026-01-07,UTI-026,500,1859.34,0.18,INR
PO01764,POL001764,V0435,2026-07-06,MAN-128,100,2197.23,0.18,INR
PO01765,POL001765,V0073,2026-04-23,UTI-068,20,4307.94,0.0,INR
PO01766,POL001766,V0056,2026-01-30,MAN-007,50,1820.68,0.05,INR
PO01767,POL001767,V0027,2026-06-01,FAC-132,10,3203.45,0.0,INR
PO01768,POL001768,V0486,2026-07-04,MAR-085,250,7507.3,0.12,INR
PO01769,POL001769,V0336,2026-04-18,IT -053,2,3811.05,0.05,INR
PO01770,POL001770,V0020,2026-06-23,MAN-076,2,1475.04,0.18,INR
PO01771,POL001771,V0068,2026-05-04,PRO-160,250,6328.64,0.12,INR
PO01772,POL001772,V0247,2026-06-05,IT -075,250,22344.15,0.18,INR
PO01773,POL001773,V0413,2026-03-10,UTI-151,1,3887.91,0.0,INR
PO01774,POL001774,V0470,2026-06-20,FAC-109,20,7853.48,0.12,INR
PO01775,POL001775,V0368,2026-07-10,FAC-146,20,1194.67,0.12,INR
PO01776,POL001776,V0080,2026-01-07,PRO-064,1,31239.54,0.12,INR
PO01777,POL001777,V0042,2026-03-03,MAN-129,500,2256.39,0.05,INR
PO01778,POL001778,V0194,2026-07-29,LOG-019,1,11356.62,0.0,INR
PO01779,POL001779,V0377,2026-01-13,MAN-017,50,1870.53,0.18,INR
PO01780,POL001780,V0370,2026-06-08,IT -151,10,20589.63,0.12,INR
PO01781,POL001781,V0113,2026-05-01,FAC-147,10,6165.13,0.05,INR
PO01782,POL001782,V0140,2026-01-18,OFF-125,10,1929.93,0.05,INR
PO01783,POL001783,V0072,2026-06-07,OFF-007,100,1982.54,0.18,INR
PO01784,POL001784,V0354,2026-01-29,IT -140,500,18374.16,0.18,INR
PO01785,POL001785,V0272,2026-06-22,UTI-096,50,2094.57,0.0,INR
PO01786,POL001786,V0337,2026-04-11,OFF-076,1,893.76,0.0,INR
PO01787,POL001787,V0162,2026-03-23,PRO-071,100,6759.96,0.12,INR
PO01788,POL001788,V0308,2026-04-17,MAR-104,10,6591.81,0.18,INR
PO01789,POL001789,V0361,2026-07-06,MAR-129,5,1695.6,0.12,INR
PO01790,POL001790,V0268,2026-05-06,OFF-077,2,138.5,0.12,INR
PO01791,POL001791,V0140,2026-04-25,OFF-077,250,689.94,0.0,INR
PO01792,POL001792,V0253,2026-02-14,PRO-151,50,24892.11,0.12,INR
PO01793,POL001793,V0184,2026-04-10,MAR-109,50,17273.57,0.18,INR
PO01794,POL001794,V0391,2026-05-22,MAN-099,500,688.98,0.0,INR
PO01795,POL001795,V0175,2026-05-21,FAC-150,5,2577.42,0.18,INR
PO01796,POL001796,V0485,2026-04-01,OFF-073,50,1216.16,0.0,INR
PO01797,POL001797,V0073,2026-02-09,UTI-076,20,1638.01,0.12,INR
PO01798,POL001798,V0059,2026-04-02,IT -154,10,6390.24,0.18,INR
PO01799,POL001799,V0182,2026-05-13,IT -028,10,14074.7,0.0,INR
PO01800,POL001800,V0102,2026-06-13,PRO-155,250,35625.55,0.0,INR
PO01801,POL001801,V0194,2026-02-23,LOG-070,500,8095.29,0.05,INR
PO01802,POL001802,V0386,2026-02-06,MAN-068,5,2663.84,0.0,INR
PO01803,POL001803,V0261,2026-06-09,PRO-119,5,6949.17,0.12,INR
PO01804,POL001804,V0087,2026-07-10,OFF-040,250,276.83,0.05,INR
PO01805,POL001805,V0049,2026-05-23,MAR-147,250,12146.76,0.18,INR
PO01806,POL001806,V0123,2026-02-12,IT -106,100,3940.01,0.05,INR
PO01807,POL001807,V0423,2026-03-09,IT -108,250,2338.39,0.05,INR
PO01808,POL001808,V0436,2026-02-26,OFF-125,1,1197.64,0.0,INR
PO01809,POL001809,V0099,2026-04-08,PRO-054,1,15818.21,0.0,INR
PO01810,POL001810,V0428,2026-07-02,LOG-114,1,9809.08,0.18,INR
PO01811,POL001811,V0077,2026-06-03,MAR-130,250,1352.74,0.05,INR
PO01812,POL001812,V0280,2026-02-19,UTI-099,20,3064.14,0.0,INR
PO01813,POL001813,V0398,2026-06-22,PRO-079,250,23400.7,0.05,INR
PO01814,POL001814,V0080,2026-03-31,PRO-115,250,4271.77,0.05,INR
PO01815,POL001815,V0394,2026-03-17,OFF-136,50,411.82,0.12,INR
PO01816,POL001816,V0030,2026-07-11,IT -108,10,10167.76,0.18,INR
PO01817,POL001817,V0279,2026-07-14,PRO-126,500,28453.78,0.0,INR
PO01818,POL001818,V0246,2026-05-26,IT -002,1,10433.56,0.0,INR
PO01819,POL001819,V0360,2026-05-16,FAC-069,10,2876.93,0.05,INR
PO01820,POL001820,V0146,2026-07-02,MAN-144,100,3471.62,0.18,INR
PO01821,POL001821,V0016,2026-03-07,LOG-077,500,747.36,0.18,INR
PO01822,POL001822,V0364,2026-05-31,OFF-051,2,673.52,0.12,INR
PO01823,POL001823,V0394,2026-07-14,OFF-036,50,58.24,0.12,INR
PO01824,POL001824,V0443,2026-04-22,LOG-100,500,10350.34,0.18,INR
PO01825,POL001825,V0354,2026-03-01,IT -087,1,2518.47,0.0,INR
PO01826,POL001826,V0159,2026-02-17,MAN-077,10,223.78,0.18,INR
PO01827,POL001827,V0417,2026-04-27,OFF-111,50,57.04,0.18,INR
PO01828,POL001828,V0312,2026-05-12,PRO-065,20,7822.97,0.12,INR
PO01829,POL001829,V0228,2026-02-26,PRO-043,20,4051.07,0.0,INR
PO01830,POL001830,V0050,2026-04-05,MAN-095,500,2827.43,0.0,INR
PO01831,POL001831,V0356,2026-06-06,MAR-047,1,14537.68,0.18,INR
PO01832,POL001832,V0103,2026-06-17,OFF-017,250,1839.77,0.05,INR
PO01833,POL001833,V0166,2026-05-11,MAR-135,10,8157.47,0.12,INR
PO01834,POL001834,V0424,2026-03-26,MAN-136,500,1844.94,0.18,INR
PO01835,POL001835,V0305,2026-02-17,IT -004,2,5896.85,0.18,INR
PO01836,POL001836,V0316,2026-06-24,MAR-131,50,5479.76,0.12,INR
PO01837,POL001837,V0466,2026-01-11,FAC-026,5,7647.55,0.0,INR
PO01838,POL001838,V0345,2026-04-05,UTI-065,20,3537.99,0.0,INR
PO01839,POL001839,V0154,2026-04-03,LOG-046,50,9426.46,0.18,INR
PO01840,POL001840,V0132,2026-02-21,PRO-050,20,9894.99,0.12,INR
PO01841,POL001841,V0078,2026-01-06,PRO-047,1,36002.56,0.0,INR
PO01842,POL001842,V0353,2026-01-28,PRO-082,2,22010.28,0.18,INR
PO01843,POL001843,V0041,2026-07-17,FAC-156,250,5377.57,0.0,INR
PO01844,POL001844,V0271,2026-04-02,OFF-156,20,1542.65,0.12,INR
PO01845,POL001845,V0198,2026-01-28,MAR-069,500,8230.52,0.18,INR
PO01846,POL001846,V0122,2026-04-26,PRO-053,250,14738.67,0.05,INR
PO01847,POL001847,V0408,2026-07-20,FAC-018,100,5528.58,0.05,INR
PO01848,POL001848,V0058,2026-01-29,FAC-114,5,6661.98,0.0,INR
PO01849,POL001849,V0003,2026-07-07,LOG-020,10,1655.58,0.0,INR
PO01850,POL001850,V0386,2026-03-20,MAN-151,1,2028.35,0.05,INR
PO01851,POL001851,V0373,2026-02-04,IT -028,1,20114.74,0.0,INR
PO01852,POL001852,V0371,2026-04-24,MAN-045,500,2278.45,0.0,INR
PO01853,POL001853,V0273,2026-02-10,FAC-155,250,2505.06,0.12,INR
PO01854,POL001854,V0085,2026-01-18,LOG-015,100,7230.46,0.18,INR
PO01855,POL001855,V0338,2026-02-22,OFF-022,100,1769.27,0.0,INR
PO01856,POL001856,V0382,2026-01-06,LOG-116,500,4637.32,0.12,INR
PO01857,POL001857,V0016,2026-03-13,LOG-158,5,894.35,0.18,INR
PO01858,POL001858,V0371,2026-07-25,MAN-114,500,909.69,0.18,INR
PO01859,POL001859,V0274,2026-07-25,MAN-105,100,1113.97,0.0,INR
PO01860,POL001860,V0377,2026-07-26,MAN-122,500,3029.37,0.18,INR
PO01861,POL001861,V0260,2026-05-01,OFF-110,10,357.91,0.05,INR
PO01862,POL001862,V0440,2026-07-30,PRO-001,50,35413.72,0.05,INR
PO01863,POL001863,V0009,2026-04-21,FAC-061,50,2381.04,0.0,INR
PO01864,POL001864,V0045,2026-05-26,MAN-040,2,3253.05,0.0,INR
PO01865,POL001865,V0071,2026-04-17,MAR-094,2,7793.34,0.12,INR
PO01866,POL001866,V0327,2026-01-26,MAN-114,500,1474.72,0.12,INR
PO01867,POL001867,V0286,2026-01-20,OFF-057,10,977.59,0.12,INR
PO01868,POL001868,V0486,2026-07-02,MAR-056,2,4220.14,0.12,INR
PO01869,POL001869,V0073,2026-07-22,UTI-118,50,1243.74,0.18,INR
PO01870,POL001870,V0107,2026-05-02,UTI-024,100,1309.09,0.0,INR
PO01871,POL001871,V0073,2026-07-18,UTI-091,2,4037.39,0.0,INR
PO01872,POL001872,V0154,2026-07-25,LOG-071,1,5275.24,0.0,INR
PO01873,POL001873,V0045,2026-07-13,MAN-017,250,168.25,0.0,INR
PO01874,POL001874,V0122,2026-04-10,PRO-127,20,17008.4,0.18,INR
PO01875,POL001875,V0097,2026-02-28,UTI-140,1,4872.82,0.12,INR
PO01876,POL001876,V0082,2026-04-28,LOG-147,10,6847.14,0.18,INR
PO01877,POL001877,V0236,2026-03-24,PRO-157,20,11254.73,0.12,INR
PO01878,POL001878,V0323,2026-02-07,FAC-032,5,1328.39,0.18,INR
PO01879,POL001879,V0094,2026-07-06,MAN-128,10,1211.08,0.05,INR
PO01880,POL001880,V0064,2026-07-21,OFF-026,100,687.52,0.12,INR
PO01881,POL001881,V0396,2026-05-24,FAC-038,50,3904.76,0.05,INR
PO01882,POL001882,V0031,2026-06-25,IT -014,250,10494.33,0.12,INR
PO01883,POL001883,V0082,2026-06-10,LOG-141,20,10713.48,0.18,INR
PO01884,POL001884,V0309,2026-02-28,UTI-060,5,4371.31,0.0,INR
PO01885,POL001885,V0371,2026-07-10,MAN-146,10,977.49,0.0,INR
PO01886,POL001886,V0032,2026-07-28,MAN-096,2,2842.08,0.12,INR
PO01887,POL001887,V0453,2026-02-09,UTI-001,100,973.06,0.05,INR
PO01888,POL001888,V0251,2026-04-03,IT -135,20,20399.28,0.12,INR
PO01889,POL001889,V0422,2026-05-28,MAR-044,250,4895.83,0.05,INR
PO01890,POL001890,V0235,2026-02-23,UTI-100,500,2475.02,0.05,INR
PO01891,POL001891,V0443,2026-05-29,LOG-121,100,1318.74,0.05,INR
PO01892,POL001892,V0064,2026-06-11,OFF-112,250,1084.74,0.12,INR
PO01893,POL001893,V0170,2026-03-13,UTI-013,1,2625.99,0.18,INR
PO01894,POL001894,V0255,2026-01-08,LOG-082,2,3300.49,0.18,INR
PO01895,POL001895,V0080,2026-05-07,PRO-038,2,2316.85,0.05,INR
PO01896,POL001896,V0061,2026-01-31,OFF-008,50,170.97,0.0,INR
PO01897,POL001897,V0017,2026-05-20,LOG-033,250,7207.42,0.0,INR
PO01898,POL001898,V0101,2026-04-18,IT -117,500,12771.57,0.05,INR
PO01899,POL001899,V0415,2026-04-09,MAR-077,20,9382.7,0.0,INR
PO01900,POL001900,V0020,2026-05-09,MAN-105,5,1237.83,0.12,INR
PO01901,POL001901,V0496,2026-02-18,MAR-102,5,13189.06,0.05,INR
PO01902,POL001902,V0020,2026-05-08,MAN-069,2,2412.07,0.05,INR
PO01903,POL001903,V0340,2026-04-09,MAR-095,5,3705.19,0.12,INR
PO01904,POL001904,V0058,2026-04-14,FAC-052,50,953.94,0.05,INR
PO01905,POL001905,V0446,2026-07-24,MAN-140,250,2867.47,0.12,INR
PO01906,POL001906,V0343,2026-03-28,OFF-119,250,1946.04,0.0,INR
PO01907,POL001907,V0461,2026-07-09,OFF-101,2,665.86,0.05,INR
PO01908,POL001908,V0264,2026-06-27,UTI-152,1,3984.62,0.05,INR
PO01909,POL001909,V0065,2026-05-29,MAR-133,20,7570.27,0.05,INR
PO01910,POL001910,V0193,2026-03-03,PRO-022,1,14407.53,0.05,INR
PO01911,POL001911,V0132,2026-05-04,PRO-006,2,20963.64,0.18,INR
PO01912,POL001912,V0073,2026-06-19,UTI-041,2,4727.69,0.0,INR
PO01913,POL001913,V0213,2026-07-19,OFF-023,1,870.1,0.18,INR
PO01914,POL001914,V0160,2026-07-27,LOG-006,5,574.4,0.12,INR
PO01915,POL001915,V0081,2026-07-08,PRO-041,10,21699.27,0.12,INR
PO01916,POL001916,V0185,2026-06-01,MAR-052,250,16078.27,0.0,INR
PO01917,POL001917,V0324,2026-03-09,UTI-131,1,3376.82,0.05,INR
PO01918,POL001918,V0032,2026-05-19,MAN-099,50,1042.97,0.05,INR
PO01919,POL001919,V0420,2026-04-19,FAC-022,1,6049.45,0.0,INR
PO01920,POL001920,V0373,2026-01-02,IT -131,2,12556.01,0.0,INR
PO01921,POL001921,V0277,2026-01-19,IT -016,250,23978.96,0.0,INR
PO01922,POL001922,V0121,2026-07-21,LOG-038,1,4594.76,0.05,INR
PO01923,POL001923,V0384,2026-02-15,FAC-043,20,6905.04,0.05,INR
PO01924,POL001924,V0319,2026-03-24,FAC-021,20,3343.73,0.05,INR
PO01925,POL001925,V0178,2026-02-26,MAR-072,500,5416.1,0.18,INR
PO01926,POL001926,V0031,2026-04-18,IT -100,50,11186.32,0.18,INR
PO01927,POL001927,V0062,2026-06-24,UTI-159,500,2502.15,0.12,INR
PO01928,POL001928,V0246,2026-03-30,IT -037,2,11866.83,0.0,INR
PO01929,POL001929,V0114,2026-02-14,IT -027,10,4406.61,0.12,INR
PO01930,POL001930,V0182,2026-04-04,IT -050,500,2914.59,0.0,INR
PO01931,POL001931,V0266,2026-04-02,FAC-046,1,5034.54,0.18,INR
PO01932,POL001932,V0361,2026-06-10,MAR-063,50,12676.94,0.12,INR
PO01933,POL001933,V0055,2026-04-06,MAR-121,500,3360.68,0.18,INR
PO01934,POL001934,V0140,2026-01-26,OFF-033,5,1890.6,0.12,INR
PO01935,POL001935,V0073,2026-01-16,UTI-079,10,3955.24,0.12,INR
PO01936,POL001936,V0267,2026-02-01,FAC-035,1,5027.8,0.12,INR
PO01937,POL001937,V0452,2026-01-28,FAC-034,5,6301.34,0.0,INR
PO01938,POL001938,V0393,2026-02-05,UTI-084,100,4097.17,0.05,INR
PO01939,POL001939,V0318,2026-02-28,IT -137,1,2808.67,0.12,INR
PO01940,POL001940,V0070,2026-07-24,LOG-047,50,3329.77,0.12,INR
PO01941,POL001941,V0213,2026-03-19,OFF-112,50,1874.24,0.18,INR
PO01942,POL001942,V0281,2026-07-10,IT -144,5,15360.55,0.0,INR
PO01943,POL001943,V0493,2026-02-01,IT -096,500,9695.36,0.18,INR
PO01944,POL001944,V0189,2026-07-28,OFF-060,20,944.96,0.0,INR
PO01945,POL001945,V0367,2026-07-14,IT -007,5,13037.69,0.18,INR
PO01946,POL001946,V0430,2026-01-31,PRO-015,1,20018.94,0.05,INR
PO01947,POL001947,V0424,2026-07-24,MAN-007,50,2175.04,0.12,INR
PO01948,POL001948,V0497,2026-02-04,LOG-008,5,11214.08,0.05,INR
PO01949,POL001949,V0041,2026-02-11,FAC-035,250,7449.05,0.18,INR
PO01950,POL001950,V0067,2026-02-13,OFF-062,250,1469.14,0.0,INR
PO01951,POL001951,V0290,2026-03-28,MAR-141,250,3108.36,0.18,INR
PO01952,POL001952,V0346,2026-06-16,OFF-004,50,651.38,0.18,INR
PO01953,POL001953,V0400,2026-02-28,MAN-009,250,2140.07,0.0,INR
PO01954,POL001954,V0169,2026-04-22,IT -093,50,21763.84,0.12,INR
PO01955,POL001955,V0408,2026-06-15,FAC-156,5,860.06,0.18,INR
PO01956,POL001956,V0289,2026-01-07,MAN-132,5,2058.9,0.0,INR
PO01957,POL001957,V0291,2026-07-27,IT -019,100,20337.99,0.05,INR
PO01958,POL001958,V0008,2026-01-09,UTI-046,500,3882.8,0.0,INR
PO01959,POL001959,V0175,2026-04-26,FAC-140,100,4591.0,0.0,INR
PO01960,POL001960,V0314,2026-05-27,MAR-088,50,14448.71,0.12,INR
PO01961,POL001961,V0257,2026-05-13,PRO-152,20,39245.65,0.12,INR
PO01962,POL001962,V0360,2026-05-28,FAC-018,50,7224.1,0.05,INR
PO01963,POL001963,V0069,2026-07-03,LOG-112,10,10156.85,0.12,INR
PO01964,POL001964,V0096,2026-02-28,OFF-033,250,1491.0,0.18,INR
PO01965,POL001965,V0128,2026-02-26,OFF-133,1,1966.34,0.05,INR
PO01966,POL001966,V0050,2026-01-11,MAN-031,10,3176.98,0.18,INR
PO01967,POL001967,V0290,2026-05-29,MAR-064,10,4988.78,0.12,INR
PO01968,POL001968,V0004,2026-03-11,UTI-149,500,950.35,0.0,INR
PO01969,POL001969,V0264,2026-03-17,UTI-042,250,3354.59,0.0,INR
PO01970,POL001970,V0245,2026-06-02,OFF-078,250,460.79,0.05,INR
PO01971,POL001971,V0157,2026-02-19,MAN-065,100,2980.83,0.0,INR
PO01972,POL001972,V0381,2026-04-03,MAR-042,500,1230.22,0.05,INR
PO01973,POL001973,V0449,2026-04-01,IT -133,100,6496.54,0.12,INR
PO01974,POL001974,V0466,2026-03-08,FAC-050,100,4922.52,0.18,INR
PO01975,POL001975,V0264,2026-07-10,UTI-045,1,1512.16,0.18,INR
PO01976,POL001976,V0316,2026-07-06,MAR-082,20,2825.71,0.12,INR
PO01977,POL001977,V0032,2026-03-28,MAN-004,100,273.4,0.05,INR
PO01978,POL001978,V0319,2026-04-04,FAC-079,50,7072.41,0.18,INR
PO01979,POL001979,V0467,2026-01-23,LOG-043,500,931.41,0.0,INR
PO01980,POL001980,V0233,2026-07-04,OFF-111,500,1293.86,0.12,INR
PO01981,POL001981,V0038,2026-05-07,MAR-156,500,7001.46,0.05,INR
PO01982,POL001982,V0015,2026-02-03,FAC-134,10,5985.56,0.18,INR
PO01983,POL001983,V0079,2026-04-21,LOG-057,2,2299.36,0.0,INR
PO01984,POL001984,V0239,2026-02-08,OFF-154,20,1626.05,0.0,INR
PO01985,POL001985,V0411,2026-04-23,OFF-034,250,1307.75,0.0,INR
PO01986,POL001986,V0373,2026-03-19,IT -136,100,2293.86,0.0,INR
PO01987,POL001987,V0249,2026-02-27,LOG-148,10,655.98,0.0,INR
PO01988,POL001988,V0109,2026-03-11,FAC-046,50,1074.07,0.12,INR
PO01989,POL001989,V0178,2026-05-04,MAR-028,2,7003.77,0.18,INR
PO01990,POL001990,V0003,2026-06-25,LOG-042,20,6691.36,0.05,INR
PO01991,POL001991,V0390,2026-01-18,IT -002,10,16398.56,0.18,INR
PO01992,POL001992,V0095,2026-03-08,IT -149,2,3141.4,0.18,INR
PO01993,POL001993,V0277,2026-06-01,IT -048,250,3745.62,0.0,INR
PO01994,POL001994,V0118,2026-04-18,LOG-079,50,3856.56,0.12,INR
PO01995,POL001995,V0133,2026-03-29,UTI-149,500,3742.67,0.0,INR
PO01996,POL001996,V0105,2026-07-09,PRO-083,50,18491.1,0.18,INR
PO01997,POL001997,V0021,2026-01-30,LOG-050,20,11912.5,0.05,INR
PO01998,POL001998,V0309,2026-03-07,UTI-026,2,705.98,0.18,INR
PO01999,POL001999,V0355,2026-02-06,PRO-098,20,34924.82,0.12,INR
PO02000,POL002000,V0088,2026-01-02,FAC-069,250,1890.43,0.18,INR
PO02001,POL002001,V0331,2026-02-26,LOG-020,100,683.75,0.12,INR
PO02002,POL002002,V0395,2026-05-23,MAN-044,100,958.58,0.0,INR
PO02003,POL002003,V0030,2026-05-25,IT -040,5,2173.12,0.12,INR
PO02004,POL002004,V0010,2026-06-30,PRO-002,100,29513.99,0.18,INR
PO02005,POL002005,V0500,2026-05-01,UTI-099,1,3233.65,0.18,INR
PO02006,POL002006,V0430,2026-02-08,PRO-128,10,39302.71,0.05,INR
PO02007,POL002007,V0373,2026-04-05,IT -050,10,21010.48,0.05,INR
PO02008,POL002008,V0366,2026-03-31,PRO-152,5,31122.32,0.05,INR
PO02009,POL002009,V0453,2026-02-04,UTI-023,1,2163.57,0.0,INR
PO02010,POL002010,V0312,2026-05-06,PRO-063,50,22961.79,0.0,INR
PO02011,POL002011,V0062,2026-02-06,UTI-123,500,1406.6,0.0,INR
PO02012,POL002012,V0225,2026-04-26,FAC-089,20,4869.54,0.05,INR
PO02013,POL002013,V0145,2026-03-07,UTI-045,2,2352.99,0.05,INR
PO02014,POL002014,V0139,2026-01-15,MAN-018,2,1212.49,0.05,INR
PO02015,POL002015,V0395,2026-01-18,MAN-016,2,691.34,0.05,INR
PO02016,POL002016,V0434,2026-02-17,UTI-012,250,4923.56,0.0,INR
PO02017,POL002017,V0360,2026-05-09,FAC-001,5,6973.06,0.05,INR
PO02018,POL002018,V0077,2026-03-23,MAR-106,50,11001.87,0.0,INR
PO02019,POL002019,V0496,2026-07-11,MAR-147,2,7612.18,0.12,INR
PO02020,POL002020,V0196,2026-02-06,MAN-110,10,790.42,0.0,INR
PO02021,POL002021,V0291,2026-04-01,IT -055,1,19644.68,0.18,INR
PO02022,POL002022,V0070,2026-04-02,LOG-076,1,11988.54,0.05,INR
PO02023,POL002023,V0287,2026-01-07,MAR-141,50,7012.04,0.05,INR
PO02024,POL002024,V0162,2026-04-03,PRO-061,5,18157.68,0.0,INR
PO02025,POL002025,V0416,2026-06-19,IT -006,50,7022.12,0.05,INR
PO02026,POL002026,V0379,2026-02-01,MAN-113,50,2926.73,0.0,INR
PO02027,POL002027,V0005,2026-06-10,IT -066,500,13706.14,0.12,INR
PO02028,POL002028,V0151,2026-07-16,OFF-023,10,1653.99,0.18,INR
PO02029,POL002029,V0076,2026-01-19,MAN-142,500,1784.51,0.18,INR
PO02030,POL002030,V0332,2026-05-17,OFF-023,5,646.03,0.05,INR
PO02031,POL002031,V0139,2026-04-27,MAN-052,10,3244.81,0.0,INR
PO02032,POL002032,V0141,2026-01-23,PRO-090,1,28903.85,0.18,INR
PO02033,POL002033,V0124,2026-02-18,FAC-061,250,2804.06,0.05,INR
PO02034,POL002034,V0176,2026-01-22,IT -125,5,9814.87,0.18,INR
PO02035,POL002035,V0407,2026-02-27,MAR-113,50,2487.06,0.18,INR
PO02036,POL002036,V0280,2026-03-20,UTI-007,250,726.63,0.05,INR
PO02037,POL002037,V0102,2026-05-25,PRO-086,250,28771.34,0.12,INR
PO02038,POL002038,V0415,2026-05-06,MAR-090,100,13740.95,0.12,INR
PO02039,POL002039,V0285,2026-02-10,IT -077,20,13849.96,0.05,INR
PO02040,POL002040,V0354,2026-01-01,IT -075,20,8694.72,0.0,INR
PO02041,POL002041,V0110,2026-06-07,PRO-152,20,39127.84,0.12,INR
PO02042,POL002042,V0266,2026-02-03,FAC-042,2,5435.15,0.12,INR
PO02043,POL002043,V0316,2026-05-24,MAR-092,5,6901.59,0.05,INR
PO02044,POL002044,V0047,2026-02-06,MAN-017,250,786.76,0.0,INR
PO02045,POL002045,V0003,2026-05-02,LOG-126,20,8040.13,0.05,INR
PO02046,POL002046,V0378,2026-05-23,IT -080,1,4503.59,0.0,INR
PO02047,POL002047,V0013,2026-06-19,FAC-059,2,1964.69,0.05,INR
PO02048,POL002048,V0176,2026-05-16,IT -068,20,22524.24,0.12,INR
PO02049,POL002049,V0169,2026-02-14,IT -114,100,21026.96,0.05,INR
PO02050,POL002050,V0324,2026-02-15,UTI-010,500,1434.61,0.0,INR
PO02051,POL002051,V0065,2026-01-31,MAR-136,500,6534.22,0.05,INR
PO02052,POL002052,V0452,2026-03-30,FAC-159,250,4141.44,0.18,INR
PO02053,POL002053,V0071,2026-06-20,MAR-013,20,12123.83,0.0,INR
PO02054,POL002054,V0420,2026-05-25,FAC-158,2,3579.77,0.05,INR
PO02055,POL002055,V0359,2026-04-30,IT -089,2,13188.83,0.0,INR
PO02056,POL002056,V0152,2026-01-07,FAC-064,1,5765.44,0.0,INR
PO02057,POL002057,V0057,2026-06-23,IT -091,100,15950.49,0.0,INR
PO02058,POL002058,V0138,2026-05-31,OFF-100,2,1280.79,0.18,INR
PO02059,POL002059,V0100,2026-03-21,LOG-096,2,4997.15,0.0,INR
PO02060,POL002060,V0073,2026-02-05,UTI-104,5,2750.79,0.0,INR
PO02061,POL002061,V0062,2026-06-04,UTI-160,50,1135.8,0.05,INR
PO02062,POL002062,V0179,2026-05-09,FAC-014,20,7778.64,0.12,INR
PO02063,POL002063,V0141,2026-04-09,PRO-020,100,38802.21,0.12,INR
PO02064,POL002064,V0420,2026-05-10,FAC-063,50,6607.28,0.0,INR
PO02065,POL002065,V0308,2026-05-04,MAR-073,250,16549.63,0.18,INR
PO02066,POL002066,V0333,2026-05-12,FAC-123,100,2807.02,0.18,INR
PO02067,POL002067,V0449,2026-04-28,IT -107,10,9474.01,0.05,INR
PO02068,POL002068,V0331,2026-03-15,LOG-026,50,4667.91,0.12,INR
PO02069,POL002069,V0314,2026-03-27,MAR-158,500,7445.4,0.12,INR
PO02070,POL002070,V0247,2026-05-06,IT -152,500,3366.42,0.0,INR
PO02071,POL002071,V0282,2026-01-27,FAC-069,250,3696.55,0.0,INR
PO02072,POL002072,V0122,2026-01-29,PRO-148,2,14927.62,0.0,INR
PO02073,POL002073,V0212,2026-02-25,FAC-084,50,2476.73,0.18,INR
PO02074,POL002074,V0228,2026-03-25,PRO-158,1,27844.41,0.0,INR
PO02075,POL002075,V0396,2026-01-07,FAC-153,100,2796.98,0.05,INR
PO02076,POL002076,V0390,2026-02-23,IT -122,50,18406.98,0.12,INR
PO02077,POL002077,V0432,2026-01-31,PRO-011,1,24638.09,0.05,INR
PO02078,POL002078,V0131,2026-01-15,FAC-019,1,1973.92,0.0,INR
PO02079,POL002079,V0445,2026-05-14,IT -018,50,15420.19,0.05,INR
PO02080,POL002080,V0272,2026-02-01,UTI-091,5,1826.62,0.0,INR
PO02081,POL002081,V0015,2026-07-11,FAC-050,2,456.8,0.05,INR
PO02082,POL002082,V0378,2026-03-09,IT -055,2,3142.63,0.05,INR
PO02083,POL002083,V0269,2026-05-18,IT -065,20,12258.83,0.0,INR
PO02084,POL002084,V0015,2026-05-26,FAC-078,100,4522.95,0.18,INR
PO02085,POL002085,V0419,2026-05-31,UTI-055,50,3315.7,0.05,INR
PO02086,POL002086,V0325,2026-05-11,MAR-076,500,3013.48,0.0,INR
PO02087,POL002087,V0114,2026-01-19,IT -053,2,15766.85,0.05,INR
PO02088,POL002088,V0378,2026-03-06,IT -135,500,18939.64,0.05,INR
PO02089,POL002089,V0457,2026-07-11,LOG-098,10,10350.65,0.0,INR
PO02090,POL002090,V0310,2026-01-02,LOG-119,50,5624.03,0.05,INR
PO02091,POL002091,V0241,2026-02-19,UTI-011,2,700.03,0.18,INR
PO02092,POL002092,V0346,2026-07-11,OFF-138,50,169.6,0.12,INR
PO02093,POL002093,V0212,2026-04-16,FAC-150,100,861.4,0.05,INR
PO02094,POL002094,V0458,2026-05-12,LOG-147,10,847.33,0.12,INR
PO02095,POL002095,V0122,2026-02-25,PRO-155,20,18684.51,0.05,INR
PO02096,POL002096,V0208,2026-06-05,OFF-076,20,429.22,0.0,INR
PO02097,POL002097,V0143,2026-04-18,FAC-103,50,7841.07,0.12,INR
PO02098,POL002098,V0335,2026-01-11,PRO-114,1,34883.07,0.12,INR
PO02099,POL002099,V0291,2026-03-29,IT -014,10,11981.86,0.05,INR
PO02100,POL002100,V0308,2026-03-22,MAR-038,1,14477.03,0.05,INR
PO02101,POL002101,V0215,2026-01-11,OFF-086,2,187.8,0.05,INR
PO02102,POL002102,V0270,2026-01-03,IT -119,50,15079.35,0.12,INR
PO02103,POL002103,V0297,2026-07-03,LOG-112,5,6675.92,0.18,INR
PO02104,POL002104,V0484,2026-07-07,MAR-035,20,5570.52,0.0,INR
PO02105,POL002105,V0301,2026-07-14,FAC-127,5,6441.13,0.12,INR
PO02106,POL002106,V0113,2026-02-28,FAC-049,10,5746.81,0.0,INR
PO02107,POL002107,V0476,2026-02-02,PRO-154,100,28032.13,0.0,INR
PO02108,POL002108,V0009,2026-01-08,FAC-067,20,6121.81,0.05,INR
PO02109,POL002109,V0096,2026-05-11,OFF-116,50,651.39,0.05,INR
PO02110,POL002110,V0420,2026-04-26,FAC-137,100,5602.43,0.18,INR
PO02111,POL002111,V0246,2026-01-26,IT -139,1,8626.62,0.0,INR
PO02112,POL002112,V0170,2026-06-02,UTI-029,20,4786.2,0.12,INR
PO02113,POL002113,V0318,2026-06-28,IT -130,10,10798.33,0.05,INR
PO02114,POL002114,V0473,2026-04-12,PRO-149,250,9371.79,0.0,INR
PO02115,POL002115,V0280,2026-07-02,UTI-046,5,581.76,0.05,INR
PO02116,POL002116,V0225,2026-01-04,FAC-051,50,6571.51,0.12,INR
PO02117,POL002117,V0256,2026-07-13,UTI-058,2,2949.39,0.05,INR
PO02118,POL002118,V0257,2026-03-11,PRO-077,250,5593.18,0.05,INR
PO02119,POL002119,V0309,2026-01-16,UTI-080,500,2625.19,0.05,INR
PO02120,POL002120,V0378,2026-06-13,IT -063,100,7406.45,0.05,INR
PO02121,POL002121,V0406,2026-05-04,FAC-028,250,7088.34,0.18,INR
PO02122,POL002122,V0075,2026-04-28,MAN-119,5,2765.62,0.05,INR
PO02123,POL002123,V0170,2026-05-21,UTI-068,500,2510.38,0.05,INR
PO02124,POL002124,V0224,2026-04-20,MAN-017,2,3210.57,0.12,INR
PO02125,POL002125,V0283,2026-01-26,UTI-003,1,1398.63,0.0,INR
PO02126,POL002126,V0307,2026-01-07,MAR-096,50,9543.84,0.12,INR
PO02127,POL002127,V0287,2026-07-24,MAR-038,10,6124.43,0.12,INR
PO02128,POL002128,V0040,2026-03-11,FAC-007,1,4305.67,0.12,INR
PO02129,POL002129,V0326,2026-06-11,PRO-041,10,25517.13,0.05,INR
PO02130,POL002130,V0208,2026-05-17,OFF-148,20,422.44,0.18,INR
PO02131,POL002131,V0464,2026-02-26,OFF-115,5,306.1,0.05,INR
PO02132,POL002132,V0411,2026-02-12,OFF-013,10,213.4,0.12,INR
PO02133,POL002133,V0183,2026-04-06,PRO-012,2,21338.39,0.0,INR
PO02134,POL002134,V0015,2026-05-09,FAC-070,500,4779.65,0.05,INR
PO02135,POL002135,V0080,2026-03-24,PRO-133,10,2989.72,0.18,INR
PO02136,POL002136,V0455,2026-05-11,UTI-023,100,512.11,0.05,INR
PO02137,POL002137,V0394,2026-04-27,OFF-100,100,683.28,0.05,INR
PO02138,POL002138,V0421,2026-06-02,MAR-065,50,7943.64,0.0,INR
PO02139,POL002139,V0475,2026-03-19,PRO-001,20,17798.91,0.0,INR
PO02140,POL002140,V0170,2026-05-21,UTI-057,10,858.49,0.12,INR
PO02141,POL002141,V0486,2026-05-03,MAR-028,5,9620.73,0.05,INR
PO02142,POL002142,V0415,2026-06-19,MAR-117,50,15970.33,0.05,INR
PO02143,POL002143,V0323,2026-06-08,FAC-116,10,2293.31,0.18,INR
PO02144,POL002144,V0455,2026-01-27,UTI-141,2,2640.08,0.12,INR
PO02145,POL002145,V0077,2026-03-24,MAR-023,5,15575.0,0.18,INR
PO02146,POL002146,V0084,2026-02-05,PRO-001,1,21541.83,0.0,INR
PO02147,POL002147,V0370,2026-05-07,IT -054,250,17794.73,0.18,INR
PO02148,POL002148,V0028,2026-03-01,OFF-019,10,1419.08,0.0,INR
PO02149,POL002149,V0210,2026-07-13,MAR-140,500,17442.88,0.18,INR
PO02150,POL002150,V0229,2026-02-02,OFF-130,1,718.03,0.18,INR
PO02151,POL002151,V0250,2026-05-16,IT -151,250,11037.43,0.05,INR
PO02152,POL002152,V0391,2026-01-07,MAN-160,250,3295.71,0.05,INR
PO02153,POL002153,V0242,2026-03-04,PRO-138,50,21104.67,0.12,INR
PO02154,POL002154,V0277,2026-06-27,IT -052,10,10653.09,0.0,INR
PO02155,POL002155,V0084,2026-02-08,PRO-076,1,39423.42,0.12,INR
PO02156,POL002156,V0176,2026-07-27,IT -157,100,20854.5,0.05,INR
PO02157,POL002157,V0369,2026-05-20,IT -149,500,21523.8,0.0,INR
PO02158,POL002158,V0422,2026-03-11,MAR-146,250,9040.07,0.05,INR
PO02159,POL002159,V0349,2026-03-20,UTI-111,100,4696.31,0.05,INR
PO02160,POL002160,V0226,2026-01-25,IT -044,5,17517.46,0.05,INR
PO02161,POL002161,V0362,2026-01-17,MAN-128,100,1743.48,0.0,INR
PO02162,POL002162,V0339,2026-01-21,OFF-101,20,209.04,0.12,INR
PO02163,POL002163,V0142,2026-06-18,UTI-110,5,4928.6,0.18,INR
PO02164,POL002164,V0490,2026-01-11,UTI-140,10,2401.21,0.05,INR
PO02165,POL002165,V0247,2026-07-11,IT -153,5,17697.17,0.12,INR
PO02166,POL002166,V0009,2026-06-19,FAC-025,500,7535.58,0.12,INR
PO02167,POL002167,V0035,2026-05-10,FAC-082,5,7930.71,0.05,INR
PO02168,POL002168,V0127,2026-06-17,LOG-102,20,6437.09,0.18,INR
PO02169,POL002169,V0009,2026-02-21,FAC-030,1,7197.12,0.12,INR
PO02170,POL002170,V0076,2026-05-21,MAN-147,2,3488.67,0.12,INR
PO02171,POL002171,V0166,2026-06-12,MAR-019,50,13784.36,0.05,INR
PO02172,POL002172,V0112,2026-04-16,MAR-027,20,14715.0,0.12,INR
PO02173,POL002173,V0115,2026-03-24,MAR-129,250,14216.48,0.18,INR
PO02174,POL002174,V0079,2026-01-21,LOG-101,20,2080.43,0.18,INR
PO02175,POL002175,V0054,2026-04-19,UTI-040,2,4512.7,0.12,INR
PO02176,POL002176,V0032,2026-03-28,MAN-158,10,970.27,0.0,INR
PO02177,POL002177,V0300,2026-07-30,UTI-136,100,2480.14,0.18,INR
PO02178,POL002178,V0297,2026-03-27,LOG-094,1,8466.25,0.18,INR
PO02179,POL002179,V0153,2026-07-28,LOG-132,250,5293.74,0.0,INR
PO02180,POL002180,V0182,2026-01-25,IT -130,500,20746.56,0.12,INR
PO02181,POL002181,V0349,2026-01-28,UTI-006,20,2630.65,0.0,INR
PO02182,POL002182,V0112,2026-05-31,MAR-117,5,16568.68,0.18,INR
PO02183,POL002183,V0015,2026-05-05,FAC-136,100,3476.85,0.12,INR
PO02184,POL002184,V0461,2026-06-21,OFF-088,1,1850.91,0.05,INR
PO02185,POL002185,V0053,2026-04-05,PRO-126,20,15225.31,0.0,INR
PO02186,POL002186,V0076,2026-05-13,MAN-091,1,3004.83,0.18,INR
PO02187,POL002187,V0306,2026-04-16,PRO-080,2,6695.28,0.18,INR
PO02188,POL002188,V0026,2026-07-29,LOG-151,2,6870.37,0.0,INR
PO02189,POL002189,V0484,2026-04-05,MAR-132,20,5144.53,0.05,INR
PO02190,POL002190,V0426,2026-06-11,PRO-136,10,35875.55,0.12,INR
PO02191,POL002191,V0129,2026-01-02,LOG-018,5,619.38,0.0,INR
PO02192,POL002192,V0111,2026-01-13,PRO-159,50,11004.27,0.12,INR
PO02193,POL002193,V0012,2026-06-06,MAN-135,100,407.09,0.0,INR
PO02194,POL002194,V0251,2026-07-21,IT -084,500,16083.94,0.12,INR
PO02195,POL002195,V0375,2026-03-12,IT -132,5,4834.88,0.12,INR
PO02196,POL002196,V0193,2026-05-11,PRO-074,10,13409.93,0.0,INR
PO02197,POL002197,V0442,2026-02-26,UTI-032,5,2673.61,0.18,INR
PO02198,POL002198,V0370,2026-01-24,IT -046,100,11512.83,0.12,INR
PO02199,POL002199,V0228,2026-03-02,PRO-039,2,7444.24,0.12,INR
PO02200,POL002200,V0066,2026-05-16,UTI-143,2,1213.1,0.05,INR
PO02201,POL002201,V0393,2026-02-14,UTI-129,500,931.48,0.05,INR
PO02202,POL002202,V0394,2026-04-10,OFF-107,1,1120.8,0.0,INR
PO02203,POL002203,V0130,2026-01-28,PRO-106,2,3239.4,0.12,INR
PO02204,POL002204,V0333,2026-05-23,FAC-104,5,6626.23,0.18,INR
PO02205,POL002205,V0116,2026-04-25,LOG-101,1,10397.38,0.12,INR
PO02206,POL002206,V0353,2026-03-10,PRO-124,50,34347.59,0.0,INR
PO02207,POL002207,V0393,2026-06-06,UTI-018,20,4332.66,0.18,INR
PO02208,POL002208,V0363,2026-03-30,MAR-067,500,14808.06,0.05,INR
PO02209,POL002209,V0333,2026-02-10,FAC-160,1,3296.98,0.12,INR
PO02210,POL002210,V0466,2026-05-14,FAC-155,5,7397.53,0.18,INR
PO02211,POL002211,V0454,2026-02-21,IT -015,50,22125.63,0.05,INR
PO02212,POL002212,V0491,2026-05-03,PRO-055,10,33683.45,0.0,INR
PO02213,POL002213,V0051,2026-01-13,LOG-040,50,9542.06,0.0,INR
PO02214,POL002214,V0056,2026-02-23,MAN-101,50,3336.5,0.05,INR
PO02215,POL002215,V0305,2026-01-26,IT -119,100,18926.91,0.12,INR
PO02216,POL002216,V0471,2026-06-16,PRO-029,500,5364.19,0.12,INR
PO02217,POL002217,V0097,2026-04-01,UTI-158,5,4251.68,0.18,INR
PO02218,POL002218,V0087,2026-02-08,OFF-013,500,1526.92,0.05,INR
PO02219,POL002219,V0201,2026-03-29,OFF-106,2,1205.12,0.18,INR
PO02220,POL002220,V0496,2026-04-11,MAR-132,20,14207.44,0.12,INR
PO02221,POL002221,V0312,2026-02-04,PRO-145,500,3878.08,0.05,INR
PO02222,POL002222,V0107,2026-07-01,UTI-052,2,3424.03,0.05,INR
PO02223,POL002223,V0080,2026-03-03,PRO-084,250,31697.11,0.12,INR
PO02224,POL002224,V0243,2026-04-14,MAN-028,5,2690.99,0.12,INR
PO02225,POL002225,V0273,2026-02-14,FAC-018,50,7976.29,0.12,INR
PO02226,POL002226,V0091,2026-06-08,FAC-126,1,6999.21,0.0,INR
PO02227,POL002227,V0047,2026-06-24,MAN-152,5,881.35,0.05,INR
PO02228,POL002228,V0115,2026-01-06,MAR-007,5,1837.34,0.05,INR
PO02229,POL002229,V0442,2026-01-02,UTI-040,50,2668.76,0.0,INR
PO02230,POL002230,V0383,2026-04-17,PRO-131,10,6224.41,0.18,INR
PO02231,POL002231,V0411,2026-07-13,OFF-159,100,492.19,0.18,INR
PO02232,POL002232,V0139,2026-02-19,MAN-069,50,790.68,0.12,INR
PO02233,POL002233,V0040,2026-07-21,FAC-019,10,2611.61,0.0,INR
PO02234,POL002234,V0419,2026-03-02,UTI-001,10,3244.45,0.12,INR
PO02235,POL002235,V0095,2026-06-23,IT -124,20,24121.35,0.18,INR
PO02236,POL002236,V0452,2026-06-01,FAC-003,250,5128.74,0.12,INR
PO02237,POL002237,V0354,2026-03-29,IT -082,250,8434.46,0.18,INR
PO02238,POL002238,V0340,2026-07-23,MAR-097,20,2003.82,0.12,INR
PO02239,POL002239,V0274,2026-01-05,MAN-059,10,1317.61,0.05,INR
PO02240,POL002240,V0132,2026-02-09,PRO-003,500,8791.11,0.18,INR
PO02241,POL002241,V0128,2026-06-17,OFF-103,50,1417.96,0.12,INR
PO02242,POL002242,V0141,2026-05-15,PRO-108,1,22049.26,0.05,INR
PO02243,POL002243,V0245,2026-07-05,OFF-044,10,180.41,0.0,INR
PO02244,POL002244,V0397,2026-02-23,PRO-138,5,30719.28,0.05,INR
PO02245,POL002245,V0413,2026-07-25,UTI-012,250,3081.97,0.18,INR
PO02246,POL002246,V0197,2026-05-08,MAR-023,250,11169.34,0.12,INR
PO02247,POL002247,V0289,2026-03-13,MAN-031,5,3297.21,0.0,INR
PO02248,POL002248,V0468,2026-07-03,MAR-087,1,16710.92,0.12,INR
PO02249,POL002249,V0250,2026-05-03,IT -159,10,1501.16,0.12,INR
PO02250,POL002250,V0101,2026-04-10,IT -068,100,13999.84,0.18,INR
PO02251,POL002251,V0389,2026-01-20,LOG-051,50,6785.63,0.12,INR
PO02252,POL002252,V0088,2026-04-25,FAC-118,2,2739.98,0.12,INR
PO02253,POL002253,V0272,2026-05-18,UTI-002,5,2471.33,0.18,INR
PO02254,POL002254,V0419,2026-07-10,UTI-046,20,4560.67,0.18,INR
PO02255,POL002255,V0423,2026-05-28,IT -023,50,8038.45,0.0,INR
PO02256,POL002256,V0357,2026-01-24,OFF-078,20,1352.35,0.0,INR
PO02257,POL002257,V0390,2026-03-30,IT -100,50,19066.93,0.18,INR
PO02258,POL002258,V0250,2026-03-10,IT -100,10,8143.21,0.18,INR
PO02259,POL002259,V0264,2026-04-15,UTI-126,5,2063.46,0.12,INR
PO02260,POL002260,V0045,2026-07-08,MAN-088,1,2731.58,0.18,INR
PO02261,POL002261,V0134,2026-06-22,MAR-131,500,13066.59,0.18,INR
PO02262,POL002262,V0197,2026-02-03,MAR-042,50,12325.09,0.0,INR
PO02263,POL002263,V0143,2026-03-18,FAC-104,20,6482.57,0.0,INR
PO02264,POL002264,V0034,2026-07-01,MAN-139,10,3059.76,0.18,INR
PO02265,POL002265,V0247,2026-03-16,IT -099,250,6857.79,0.0,INR
PO02266,POL002266,V0228,2026-06-12,PRO-123,100,17066.76,0.0,INR
PO02267,POL002267,V0061,2026-04-06,OFF-103,100,86.39,0.18,INR
PO02268,POL002268,V0423,2026-04-21,IT -109,50,23823.32,0.12,INR
PO02269,POL002269,V0407,2026-03-14,MAR-071,2,7555.05,0.05,INR
PO02270,POL002270,V0185,2026-03-16,MAR-080,5,12819.87,0.05,INR
PO02271,POL002271,V0264,2026-03-26,UTI-042,5,2986.03,0.18,INR
PO02272,POL002272,V0191,2026-06-16,IT -019,10,11252.2,0.12,INR
PO02273,POL002273,V0202,2026-03-12,MAN-050,10,1852.28,0.05,INR
PO02274,POL002274,V0117,2026-04-24,OFF-081,10,1025.2,0.18,INR
PO02275,POL002275,V0247,2026-01-11,IT -083,500,7289.43,0.18,INR
PO02276,POL002276,V0021,2026-06-14,LOG-057,100,1301.81,0.05,INR
PO02277,POL002277,V0172,2026-03-17,PRO-020,100,9887.75,0.18,INR
PO02278,POL002278,V0166,2026-01-31,MAR-144,100,4943.15,0.0,INR
PO02279,POL002279,V0079,2026-04-28,LOG-030,100,2814.78,0.05,INR
PO02280,POL002280,V0256,2026-01-05,UTI-109,20,3876.45,0.0,INR
PO02281,POL002281,V0232,2026-02-15,LOG-054,20,7049.66,0.05,INR
PO02282,POL002282,V0200,2026-01-23,LOG-053,250,10573.23,0.05,INR
PO02283,POL002283,V0086,2026-01-27,IT -070,10,19695.3,0.05,INR
PO02284,POL002284,V0032,2026-01-10,MAN-084,20,1169.27,0.12,INR
PO02285,POL002285,V0316,2026-01-03,MAR-040,2,11775.71,0.12,INR
PO02286,POL002286,V0049,2026-07-14,MAR-123,100,13232.12,0.0,INR
PO02287,POL002287,V0289,2026-03-25,MAN-038,50,1164.2,0.18,INR
PO02288,POL002288,V0263,2026-05-13,OFF-045,50,1511.24,0.0,INR
PO02289,POL002289,V0044,2026-03-18,OFF-093,5,234.43,0.05,INR
PO02290,POL002290,V0281,2026-02-07,IT -146,500,10356.95,0.05,INR
PO02291,POL002291,V0074,2026-07-06,MAN-088,50,2606.14,0.05,INR
PO02292,POL002292,V0451,2026-01-22,IT -078,20,7050.9,0.18,INR
PO02293,POL002293,V0487,2026-03-31,LOG-097,250,4469.93,0.12,INR
PO02294,POL002294,V0232,2026-01-26,LOG-040,50,1966.17,0.05,INR
PO02295,POL002295,V0476,2026-04-18,PRO-122,50,32421.67,0.0,INR
PO02296,POL002296,V0078,2026-06-23,PRO-020,1,33425.75,0.12,INR
PO02297,POL002297,V0272,2026-07-04,UTI-084,5,2864.84,0.0,INR
PO02298,POL002298,V0397,2026-07-02,PRO-027,50,14603.59,0.05,INR
PO02299,POL002299,V0361,2026-02-19,MAR-057,2,9134.13,0.05,INR
PO02300,POL002300,V0038,2026-06-04,MAR-105,250,17230.21,0.18,INR
PO02301,POL002301,V0176,2026-02-22,IT -092,1,11972.3,0.0,INR
PO02302,POL002302,V0076,2026-06-17,MAN-026,1,361.49,0.12,INR
PO02303,POL002303,V0200,2026-02-06,LOG-013,1,7074.31,0.05,INR
PO02304,POL002304,V0110,2026-01-29,PRO-061,1,19249.71,0.0,INR
PO02305,POL002305,V0180,2026-02-09,FAC-152,250,1183.14,0.18,INR
PO02306,POL002306,V0117,2026-01-13,OFF-057,500,212.84,0.0,INR
PO02307,POL002307,V0067,2026-07-30,OFF-038,2,1696.94,0.18,INR
PO02308,POL002308,V0481,2026-01-19,UTI-132,10,1397.65,0.0,INR
PO02309,POL002309,V0084,2026-02-24,PRO-117,1,24732.24,0.05,INR
PO02310,POL002310,V0297,2026-04-05,LOG-060,10,8070.83,0.0,INR
PO02311,POL002311,V0489,2026-02-06,OFF-028,20,525.11,0.0,INR
PO02312,POL002312,V0467,2026-02-15,LOG-067,2,6185.31,0.18,INR
PO02313,POL002313,V0200,2026-07-09,LOG-053,10,7926.72,0.12,INR
PO02314,POL002314,V0166,2026-05-22,MAR-013,500,12877.91,0.18,INR
PO02315,POL002315,V0163,2026-01-20,LOG-118,250,8203.66,0.0,INR
PO02316,POL002316,V0316,2026-03-10,MAR-022,20,1358.38,0.05,INR
PO02317,POL002317,V0393,2026-07-20,UTI-016,2,1669.1,0.0,INR
PO02318,POL002318,V0476,2026-07-27,PRO-067,250,2595.17,0.05,INR
PO02319,POL002319,V0423,2026-03-27,IT -071,100,8446.23,0.12,INR
PO02320,POL002320,V0332,2026-05-16,OFF-135,500,74.18,0.05,INR
PO02321,POL002321,V0361,2026-05-02,MAR-016,500,1419.24,0.12,INR
PO02322,POL002322,V0141,2026-02-03,PRO-016,5,14573.23,0.0,INR
PO02323,POL002323,V0306,2026-07-30,PRO-058,1,18711.04,0.18,INR
PO02324,POL002324,V0209,2026-04-10,IT -131,100,20405.39,0.0,INR
PO02325,POL002325,V0408,2026-05-31,FAC-061,100,1908.33,0.0,INR
PO02326,POL002326,V0478,2026-03-01,UTI-011,500,1462.61,0.05,INR
PO02327,POL002327,V0113,2026-05-02,FAC-017,10,3508.68,0.12,INR
PO02328,POL002328,V0074,2026-04-05,MAN-062,20,149.45,0.05,INR
PO02329,POL002329,V0463,2026-04-08,IT -155,5,7657.26,0.0,INR
PO02330,POL002330,V0053,2026-06-24,PRO-153,100,10458.88,0.05,INR
PO02331,POL002331,V0033,2026-04-24,FAC-020,1,729.12,0.12,INR
PO02332,POL002332,V0122,2026-01-31,PRO-154,5,30132.26,0.18,INR
PO02333,POL002333,V0380,2026-05-07,PRO-096,250,17851.75,0.12,INR
PO02334,POL002334,V0039,2026-06-17,IT -050,100,21028.32,0.18,INR
PO02335,POL002335,V0387,2026-01-16,MAN-155,100,3019.59,0.18,INR
PO02336,POL002336,V0413,2026-05-08,UTI-095,100,3283.2,0.0,INR
PO02337,POL002337,V0089,2026-04-24,PRO-101,500,10230.72,0.12,INR
PO02338,POL002338,V0308,2026-07-17,MAR-142,5,2173.96,0.0,INR
PO02339,POL002339,V0194,2026-01-04,LOG-105,500,7320.42,0.18,INR
PO02340,POL002340,V0112,2026-04-20,MAR-101,20,13669.16,0.18,INR
PO02341,POL002341,V0448,2026-06-26,IT -048,2,24732.45,0.12,INR
PO02342,POL002342,V0214,2026-03-18,FAC-149,10,3040.61,0.12,INR
PO02343,POL002343,V0047,2026-02-09,MAN-037,5,245.69,0.12,INR
PO02344,POL002344,V0070,2026-01-07,LOG-010,100,8726.31,0.05,INR
PO02345,POL002345,V0272,2026-03-23,UTI-056,100,4957.19,0.12,INR
PO02346,POL002346,V0073,2026-05-25,UTI-077,100,371.43,0.12,INR
PO02347,POL002347,V0316,2026-07-22,MAR-011,250,15773.63,0.12,INR
PO02348,POL002348,V0061,2026-04-17,OFF-122,5,73.71,0.0,INR
PO02349,POL002349,V0228,2026-01-26,PRO-049,50,2294.41,0.05,INR
PO02350,POL002350,V0496,2026-07-20,MAR-133,500,906.47,0.0,INR
PO02351,POL002351,V0280,2026-04-15,UTI-054,2,2411.8,0.18,INR
PO02352,POL002352,V0412,2026-04-05,LOG-054,20,7809.01,0.05,INR
PO02353,POL002353,V0009,2026-02-18,FAC-006,20,2210.38,0.0,INR
PO02354,POL002354,V0194,2026-04-23,LOG-086,250,9088.23,0.12,INR
PO02355,POL002355,V0354,2026-06-25,IT -057,5,4102.02,0.0,INR
PO02356,POL002356,V0420,2026-03-14,FAC-023,1,2589.94,0.18,INR
PO02357,POL002357,V0450,2026-07-24,FAC-144,1,6060.33,0.18,INR
PO02358,POL002358,V0415,2026-05-27,MAR-125,100,13570.21,0.0,INR
PO02359,POL002359,V0442,2026-05-16,UTI-102,10,538.2,0.05,INR
PO02360,POL002360,V0357,2026-01-18,OFF-030,500,183.86,0.12,INR
PO02361,POL002361,V0138,2026-01-03,OFF-030,100,717.66,0.0,INR
PO02362,POL002362,V0043,2026-03-07,IT -136,20,24268.11,0.18,INR
PO02363,POL002363,V0031,2026-03-06,IT -080,250,1843.56,0.12,INR
PO02364,POL002364,V0003,2026-01-12,LOG-054,1,2244.25,0.12,INR
PO02365,POL002365,V0313,2026-05-21,OFF-055,20,1035.25,0.05,INR
PO02366,POL002366,V0456,2026-05-01,IT -095,1,13697.67,0.18,INR
PO02367,POL002367,V0485,2026-02-19,OFF-043,10,1961.38,0.12,INR
PO02368,POL002368,V0409,2026-07-09,IT -035,5,11475.26,0.0,INR
PO02369,POL002369,V0196,2026-03-07,MAN-072,5,204.31,0.0,INR
PO02370,POL002370,V0111,2026-04-05,PRO-059,1,6525.28,0.0,INR
PO02371,POL002371,V0485,2026-07-10,OFF-082,100,355.77,0.0,INR
PO02372,POL002372,V0373,2026-05-23,IT -001,250,10066.13,0.0,INR
PO02373,POL002373,V0209,2026-03-20,IT -046,5,17559.87,0.18,INR
PO02374,POL002374,V0265,2026-06-20,MAN-069,250,2358.01,0.05,INR
PO02375,POL002375,V0365,2026-07-17,MAR-069,50,1561.6,0.12,INR
PO02376,POL002376,V0177,2026-06-07,UTI-081,50,1625.2,0.12,INR
PO02377,POL002377,V0214,2026-05-31,FAC-055,50,918.88,0.18,INR
PO02378,POL002378,V0326,2026-02-10,PRO-030,250,29072.73,0.0,INR
PO02379,POL002379,V0022,2026-07-15,MAN-103,50,851.72,0.18,INR
PO02380,POL002380,V0086,2026-02-22,IT -007,100,8752.28,0.18,INR
PO02381,POL002381,V0288,2026-06-09,FAC-051,500,4917.89,0.18,INR
PO02382,POL002382,V0272,2026-07-10,UTI-129,2,3994.52,0.18,INR
PO02383,POL002383,V0283,2026-01-30,UTI-141,2,881.04,0.18,INR
PO02384,POL002384,V0062,2026-07-17,UTI-123,1,4716.55,0.12,INR
PO02385,POL002385,V0200,2026-06-24,LOG-098,250,9999.32,0.18,INR
PO02386,POL002386,V0167,2026-02-11,IT -148,2,4460.82,0.0,INR
PO02387,POL002387,V0268,2026-07-01,OFF-067,20,1320.6,0.18,INR
PO02388,POL002388,V0258,2026-06-08,IT -107,5,22245.55,0.12,INR
PO02389,POL002389,V0080,2026-07-06,PRO-141,50,38208.59,0.05,INR
PO02390,POL002390,V0301,2026-05-02,FAC-140,1,3320.04,0.18,INR
PO02391,POL002391,V0263,2026-07-09,OFF-012,100,1599.29,0.12,INR
PO02392,POL002392,V0431,2026-07-09,UTI-112,2,2166.16,0.12,INR
PO02393,POL002393,V0500,2026-04-23,UTI-053,2,2817.34,0.12,INR
PO02394,POL002394,V0143,2026-07-01,FAC-012,250,3013.25,0.05,INR
PO02395,POL002395,V0361,2026-03-27,MAR-160,2,10307.19,0.05,INR
PO02396,POL002396,V0479,2026-05-18,FAC-140,20,7427.15,0.05,INR
PO02397,POL002397,V0141,2026-01-26,PRO-135,10,35100.19,0.12,INR
PO02398,POL002398,V0276,2026-03-14,LOG-158,1,5136.63,0.12,INR
PO02399,POL002399,V0255,2026-06-23,LOG-126,2,7684.3,0.05,INR
PO02400,POL002400,V0087,2026-03-08,OFF-111,20,1105.9,0.05,INR
PO02401,POL002401,V0084,2026-06-14,PRO-083,100,33976.27,0.12,INR
PO02402,POL002402,V0374,2026-03-10,LOG-118,5,8423.31,0.0,INR
PO02403,POL002403,V0356,2026-01-08,MAR-132,2,7171.43,0.0,INR
PO02404,POL002404,V0202,2026-04-08,MAN-098,5,1819.92,0.12,INR
PO02405,POL002405,V0420,2026-02-27,FAC-068,5,4406.5,0.05,INR
PO02406,POL002406,V0060,2026-03-22,MAR-063,10,16600.69,0.05,INR
PO02407,POL002407,V0401,2026-03-07,LOG-038,1,2343.87,0.18,INR
PO02408,POL002408,V0413,2026-07-02,UTI-142,10,2668.53,0.18,INR
PO02409,POL002409,V0213,2026-03-08,OFF-084,50,783.22,0.0,INR
PO02410,POL002410,V0123,2026-03-27,IT -004,2,13468.56,0.0,INR
PO02411,POL002411,V0117,2026-01-28,OFF-069,2,1070.95,0.12,INR
PO02412,POL002412,V0139,2026-07-22,MAN-116,2,822.12,0.18,INR
PO02413,POL002413,V0230,2026-01-03,IT -092,2,11728.84,0.05,INR
PO02414,POL002414,V0442,2026-07-17,UTI-087,2,2081.79,0.12,INR
PO02415,POL002415,V0390,2026-05-07,IT -069,500,6350.1,0.0,INR
PO02416,POL002416,V0328,2026-02-16,PRO-040,500,26649.0,0.0,INR
PO02417,POL002417,V0157,2026-05-01,MAN-047,250,1630.42,0.12,INR
PO02418,POL002418,V0049,2026-07-17,MAR-122,5,10830.28,0.05,INR
PO02419,POL002419,V0417,2026-01-19,OFF-133,2,1771.74,0.0,INR
PO02420,POL002420,V0126,2026-01-13,OFF-037,20,1663.94,0.12,INR
PO02421,POL002421,V0135,2026-06-05,MAR-094,20,12726.65,0.12,INR
PO02422,POL002422,V0154,2026-03-09,LOG-063,250,777.34,0.0,INR
PO02423,POL002423,V0074,2026-01-07,MAN-008,10,1047.94,0.12,INR
PO02424,POL002424,V0042,2026-04-03,MAN-054,500,418.13,0.18,INR
PO02425,POL002425,V0161,2026-05-01,IT -048,1,21698.64,0.18,INR
PO02426,POL002426,V0079,2026-05-05,LOG-037,50,7298.26,0.05,INR
PO02427,POL002427,V0449,2026-06-06,IT -115,100,21614.15,0.12,INR
PO02428,POL002428,V0049,2026-07-22,MAR-026,100,2561.99,0.05,INR
PO02429,POL002429,V0233,2026-07-21,OFF-114,10,1109.7,0.12,INR
PO02430,POL002430,V0152,2026-04-25,FAC-136,1,510.2,0.18,INR
PO02431,POL002431,V0155,2026-06-05,IT -022,100,6821.42,0.05,INR
PO02432,POL002432,V0458,2026-07-11,LOG-052,100,11249.19,0.12,INR
PO02433,POL002433,V0243,2026-06-06,MAN-018,100,245.5,0.05,INR
PO02434,POL002434,V0417,2026-06-04,OFF-028,50,1260.39,0.12,INR
PO02435,POL002435,V0169,2026-05-30,IT -050,500,14562.03,0.12,INR
PO02436,POL002436,V0130,2026-04-08,PRO-006,50,35005.38,0.12,INR
PO02437,POL002437,V0167,2026-05-15,IT -058,1,21063.32,0.0,INR
PO02438,POL002438,V0228,2026-02-22,PRO-070,10,31740.35,0.12,INR
PO02439,POL002439,V0344,2026-07-14,UTI-100,10,3025.09,0.12,INR
PO02440,POL002440,V0116,2026-05-12,LOG-118,1,7748.88,0.18,INR
PO02441,POL002441,V0175,2026-04-05,FAC-133,1,869.85,0.0,INR
PO02442,POL002442,V0015,2026-04-06,FAC-078,250,6182.84,0.18,INR
PO02443,POL002443,V0080,2026-05-07,PRO-130,10,20027.66,0.12,INR
PO02444,POL002444,V0140,2026-06-15,OFF-050,5,1222.33,0.18,INR
PO02445,POL002445,V0016,2026-07-25,LOG-004,250,7988.57,0.12,INR
PO02446,POL002446,V0102,2026-02-16,PRO-083,100,38008.42,0.0,INR
PO02447,POL002447,V0359,2026-04-16,IT -073,50,13660.25,0.12,INR
PO02448,POL002448,V0480,2026-05-20,OFF-092,5,1426.51,0.12,INR
PO02449,POL002449,V0313,2026-06-11,OFF-010,20,350.76,0.18,INR
PO02450,POL002450,V0073,2026-05-16,UTI-047,250,519.28,0.12,INR
PO02451,POL002451,V0286,2026-05-15,OFF-104,20,665.18,0.12,INR
PO02452,POL002452,V0219,2026-02-06,MAN-035,5,3087.75,0.12,INR
PO02453,POL002453,V0357,2026-05-16,OFF-142,250,523.88,0.0,INR
PO02454,POL002454,V0228,2026-05-27,PRO-159,1,36709.78,0.0,INR
PO02455,POL002455,V0084,2026-01-27,PRO-003,50,35961.71,0.12,INR
PO02456,POL002456,V0418,2026-05-23,OFF-025,2,1285.34,0.0,INR
PO02457,POL002457,V0401,2026-07-12,LOG-155,1,3037.18,0.12,INR
PO02458,POL002458,V0300,2026-02-03,UTI-160,1,2978.12,0.12,INR
PO02459,POL002459,V0251,2026-07-11,IT -094,500,18128.98,0.12,INR
PO02460,POL002460,V0223,2026-01-04,OFF-019,100,1411.2,0.0,INR
PO02461,POL002461,V0209,2026-02-20,IT -113,50,10129.61,0.18,INR
PO02462,POL002462,V0094,2026-03-19,MAN-091,20,3137.56,0.0,INR
PO02463,POL002463,V0427,2026-04-11,PRO-039,50,24800.41,0.18,INR
PO02464,POL002464,V0431,2026-01-30,UTI-013,500,1486.49,0.0,INR
PO02465,POL002465,V0235,2026-07-16,UTI-101,50,4240.65,0.12,INR
PO02466,POL002466,V0427,2026-07-17,PRO-100,50,21633.03,0.05,INR
PO02467,POL002467,V0200,2026-03-18,LOG-087,5,1027.18,0.0,INR
PO02468,POL002468,V0313,2026-04-20,OFF-113,2,345.68,0.0,INR
PO02469,POL002469,V0100,2026-07-07,LOG-034,2,5743.1,0.0,INR
PO02470,POL002470,V0173,2026-07-17,UTI-040,250,3478.03,0.12,INR
PO02471,POL002471,V0220,2026-04-11,MAN-010,10,625.23,0.0,INR
PO02472,POL002472,V0076,2026-04-18,MAN-032,50,2656.07,0.18,INR
PO02473,POL002473,V0318,2026-01-27,IT -085,500,17773.36,0.05,INR
PO02474,POL002474,V0165,2026-01-21,PRO-147,1,39180.33,0.18,INR
PO02475,POL002475,V0393,2026-05-22,UTI-076,500,4593.3,0.12,INR
PO02476,POL002476,V0383,2026-04-26,PRO-150,2,3534.69,0.12,INR
PO02477,POL002477,V0420,2026-05-11,FAC-071,20,4873.39,0.0,INR
PO02478,POL002478,V0254,2026-04-09,FAC-101,5,4553.76,0.0,INR
PO02479,POL002479,V0310,2026-05-02,LOG-106,100,3985.95,0.12,INR
PO02480,POL002480,V0257,2026-04-19,PRO-084,250,36448.3,0.05,INR
PO02481,POL002481,V0225,2026-01-19,FAC-041,20,431.1,0.05,INR
PO02482,POL002482,V0135,2026-02-03,MAR-084,1,11712.15,0.05,INR
PO02483,POL002483,V0422,2026-01-25,MAR-051,50,16802.92,0.05,INR
PO02484,POL002484,V0303,2026-02-20,LOG-029,5,1290.45,0.18,INR
PO02485,POL002485,V0493,2026-02-04,IT -034,250,3240.1,0.05,INR
PO02486,POL002486,V0005,2026-07-18,IT -103,500,8370.75,0.12,INR
PO02487,POL002487,V0112,2026-06-21,MAR-112,1,2822.84,0.05,INR
PO02488,POL002488,V0358,2026-06-11,OFF-091,10,767.68,0.12,INR
PO02489,POL002489,V0498,2026-01-22,MAN-085,1,493.75,0.18,INR
PO02490,POL002490,V0364,2026-03-19,OFF-153,10,140.04,0.18,INR
PO02491,POL002491,V0458,2026-03-28,LOG-114,1,8692.57,0.18,INR
PO02492,POL002492,V0335,2026-02-25,PRO-048,1,35052.29,0.12,INR
PO02493,POL002493,V0115,2026-05-11,MAR-117,50,8246.21,0.05,INR
PO02494,POL002494,V0419,2026-07-06,UTI-122,500,3350.87,0.18,INR
PO02495,POL002495,V0344,2026-04-02,UTI-102,5,2588.12,0.05,INR
PO02496,POL002496,V0050,2026-01-12,MAN-015,2,1729.02,0.0,INR
PO02497,POL002497,V0079,2026-05-29,LOG-046,20,9187.6,0.12,INR
PO02498,POL002498,V0170,2026-07-11,UTI-153,100,767.78,0.18,INR
PO02499,POL002499,V0087,2026-01-08,OFF-159,100,1079.67,0.18,INR
PO02500,POL002500,V0118,2026-07-22,LOG-124,500,8422.25,0.05,INR
PO02501,POL002501,V0123,2026-01-27,IT -050,20,11400.85,0.05,INR
PO02502,POL002502,V0238,2026-05-20,MAN-056,20,2462.16,0.18,INR
PO02503,POL002503,V0162,2026-02-16,PRO-057,100,16719.15,0.05,INR
PO02504,POL002504,V0490,2026-07-29,UTI-146,250,787.88,0.18,INR
PO02505,POL002505,V0290,2026-01-12,MAR-088,1,981.91,0.0,INR
PO02506,POL002506,V0246,2026-01-21,IT -120,500,1747.33,0.18,INR
PO02507,POL002507,V0142,2026-03-25,UTI-096,100,2231.7,0.05,INR
PO02508,POL002508,V0274,2026-06-22,MAN-002,250,860.81,0.12,INR
PO02509,POL002509,V0078,2026-03-15,PRO-062,50,27750.36,0.18,INR
PO02510,POL002510,V0362,2026-01-25,MAN-127,2,2982.68,0.12,INR
PO02511,POL002511,V0178,2026-01-16,MAR-062,100,11770.83,0.12,INR
PO02512,POL002512,V0196,2026-01-10,MAN-153,250,1068.14,0.0,INR
PO02513,POL002513,V0127,2026-06-28,LOG-056,250,7389.54,0.05,INR
PO02514,POL002514,V0172,2026-02-15,PRO-070,5,26816.45,0.0,INR
PO02515,POL002515,V0239,2026-05-08,OFF-144,250,1496.68,0.05,INR
PO02516,POL002516,V0285,2026-02-19,IT -072,1,12834.96,0.0,INR
PO02517,POL002517,V0364,2026-06-12,OFF-093,2,1810.69,0.0,INR
PO02518,POL002518,V0452,2026-03-21,FAC-082,250,6836.66,0.05,INR
PO02519,POL002519,V0263,2026-04-10,OFF-120,10,484.54,0.12,INR
PO02520,POL002520,V0172,2026-06-11,PRO-138,5,29308.84,0.0,INR
PO02521,POL002521,V0314,2026-01-26,MAR-023,2,16035.42,0.05,INR
PO02522,POL002522,V0202,2026-06-08,MAN-143,5,873.1,0.0,INR
PO02523,POL002523,V0194,2026-02-20,LOG-111,100,4291.79,0.18,INR
PO02524,POL002524,V0484,2026-06-25,MAR-009,100,12082.92,0.05,INR
PO02525,POL002525,V0284,2026-01-17,LOG-136,1,3952.5,0.12,INR
PO02526,POL002526,V0346,2026-02-14,OFF-046,10,1198.55,0.05,INR
PO02527,POL002527,V0319,2026-06-24,FAC-153,10,7735.02,0.12,INR
PO02528,POL002528,V0044,2026-03-17,OFF-032,10,1933.46,0.18,INR
PO02529,POL002529,V0071,2026-03-31,MAR-150,1,16470.42,0.18,INR
PO02530,POL002530,V0335,2026-07-21,PRO-002,20,27845.77,0.0,INR
PO02531,POL002531,V0497,2026-01-06,LOG-159,20,2111.58,0.18,INR
PO02532,POL002532,V0424,2026-07-23,MAN-108,500,3366.65,0.12,INR
PO02533,POL002533,V0359,2026-03-15,IT -117,100,20273.6,0.05,INR
PO02534,POL002534,V0417,2026-03-12,OFF-103,100,1054.93,0.18,INR
PO02535,POL002535,V0467,2026-01-02,LOG-148,2,6836.68,0.12,INR
PO02536,POL002536,V0309,2026-02-17,UTI-153,500,3813.1,0.0,INR
PO02537,POL002537,V0095,2026-03-14,IT -151,500,4243.6,0.18,INR
PO02538,POL002538,V0353,2026-03-15,PRO-140,250,18999.42,0.05,INR
PO02539,POL002539,V0171,2026-04-01,MAN-115,20,670.86,0.05,INR
PO02540,POL002540,V0187,2026-02-24,FAC-152,100,2616.67,0.18,INR
PO02541,POL002541,V0034,2026-02-10,MAN-071,10,1546.33,0.05,INR
PO02542,POL002542,V0363,2026-04-11,MAR-034,5,7382.44,0.18,INR
PO02543,POL002543,V0307,2026-07-28,MAR-014,20,16439.61,0.18,INR
PO02544,POL002544,V0300,2026-03-02,UTI-014,20,959.99,0.0,INR
PO02545,POL002545,V0339,2026-06-18,OFF-066,2,864.73,0.12,INR
PO02546,POL002546,V0169,2026-05-13,IT -036,500,6333.15,0.12,INR
PO02547,POL002547,V0107,2026-01-18,UTI-106,500,3325.18,0.18,INR
PO02548,POL002548,V0096,2026-06-19,OFF-021,250,274.31,0.05,INR
PO02549,POL002549,V0239,2026-03-11,OFF-091,250,1903.16,0.0,INR
PO02550,POL002550,V0149,2026-04-30,LOG-036,5,5198.79,0.0,INR
PO02551,POL002551,V0093,2026-05-29,FAC-034,500,3815.26,0.0,INR
PO02552,POL002552,V0049,2026-03-01,MAR-085,10,16334.16,0.0,INR
PO02553,POL002553,V0148,2026-06-10,IT -045,20,13952.01,0.12,INR
PO02554,POL002554,V0009,2026-06-25,FAC-146,1,6200.09,0.18,INR
PO02555,POL002555,V0467,2026-04-21,LOG-075,500,2335.01,0.12,INR
PO02556,POL002556,V0476,2026-07-29,PRO-141,5,36393.26,0.05,INR
PO02557,POL002557,V0461,2026-03-03,OFF-051,250,1408.27,0.0,INR
PO02558,POL002558,V0496,2026-07-26,MAR-090,10,1015.71,0.18,INR
PO02559,POL002559,V0145,2026-06-10,UTI-005,2,1060.52,0.0,INR
PO02560,POL002560,V0269,2026-07-04,IT -103,5,21250.5,0.0,INR
PO02561,POL002561,V0133,2026-03-21,UTI-144,10,2076.23,0.18,INR
PO02562,POL002562,V0247,2026-03-21,IT -076,500,11792.5,0.0,INR
PO02563,POL002563,V0101,2026-02-09,IT -160,50,4711.08,0.12,INR
PO02564,POL002564,V0099,2026-07-28,PRO-039,500,18129.1,0.0,INR
PO02565,POL002565,V0182,2026-04-12,IT -070,2,8330.6,0.12,INR
PO02566,POL002566,V0496,2026-02-20,MAR-144,50,16175.55,0.05,INR
PO02567,POL002567,V0362,2026-06-10,MAN-150,5,2010.03,0.18,INR
PO02568,POL002568,V0270,2026-04-29,IT -083,5,4414.32,0.12,INR
PO02569,POL002569,V0212,2026-03-23,FAC-005,250,7268.56,0.12,INR
PO02570,POL002570,V0230,2026-06-24,IT -051,2,2151.26,0.05,INR
PO02571,POL002571,V0122,2026-01-27,PRO-109,5,18790.72,0.18,INR
PO02572,POL002572,V0244,2026-03-04,PRO-128,10,34750.6,0.18,INR
PO02573,POL002573,V0210,2026-06-11,MAR-104,1,4991.68,0.18,INR
PO02574,POL002574,V0289,2026-04-17,MAN-031,500,376.22,0.05,INR
PO02575,POL002575,V0010,2026-03-13,PRO-001,250,31307.61,0.18,INR
PO02576,POL002576,V0496,2026-02-16,MAR-055,50,1192.19,0.0,INR
PO02577,POL002577,V0374,2026-01-10,LOG-127,10,8757.74,0.12,INR
PO02578,POL002578,V0358,2026-01-16,OFF-059,20,1352.21,0.0,INR
PO02579,POL002579,V0498,2026-06-08,MAN-145,2,2721.09,0.0,INR
PO02580,POL002580,V0107,2026-03-22,UTI-056,50,410.3,0.05,INR
PO02581,POL002581,V0328,2026-07-21,PRO-127,250,30668.55,0.12,INR
PO02582,POL002582,V0244,2026-04-24,PRO-036,2,35482.39,0.12,INR
PO02583,POL002583,V0381,2026-02-25,MAR-070,100,2572.24,0.18,INR
PO02584,POL002584,V0176,2026-06-02,IT -061,100,17485.95,0.05,INR
PO02585,POL002585,V0089,2026-01-13,PRO-005,100,31523.64,0.12,INR
PO02586,POL002586,V0262,2026-04-20,PRO-018,500,28331.14,0.0,INR
PO02587,POL002587,V0484,2026-04-02,MAR-059,100,16007.45,0.05,INR
PO02588,POL002588,V0232,2026-05-29,LOG-006,10,4975.98,0.05,INR
PO02589,POL002589,V0171,2026-02-18,MAN-051,100,3282.96,0.12,INR
PO02590,POL002590,V0270,2026-03-01,IT -151,20,4067.32,0.12,INR
PO02591,POL002591,V0193,2026-03-15,PRO-019,100,31741.88,0.18,INR
PO02592,POL002592,V0120,2026-04-27,MAR-107,10,4594.63,0.18,INR
PO02593,POL002593,V0430,2026-07-10,PRO-145,500,7885.39,0.12,INR
PO02594,POL002594,V0345,2026-07-30,UTI-110,50,1787.21,0.05,INR
PO02595,POL002595,V0058,2026-03-23,FAC-138,500,989.89,0.05,INR
PO02596,POL002596,V0466,2026-01-30,FAC-093,250,3255.78,0.12,INR
PO02597,POL002597,V0116,2026-07-26,LOG-130,100,7757.69,0.05,INR
PO02598,POL002598,V0137,2026-03-12,UTI-048,5,3083.93,0.18,INR
PO02599,POL002599,V0487,2026-04-03,LOG-038,100,10042.29,0.12,INR
PO02600,POL002600,V0451,2026-03-04,IT -016,5,8137.61,0.0,INR
PO02601,POL002601,V0246,2026-02-27,IT -138,250,22912.62,0.0,INR
PO02602,POL002602,V0075,2026-03-12,MAN-068,50,3427.49,0.0,INR
PO02603,POL002603,V0260,2026-07-27,OFF-152,20,566.74,0.05,INR
PO02604,POL002604,V0214,2026-02-02,FAC-126,10,1492.97,0.12,INR
PO02605,POL002605,V0227,2026-02-17,FAC-043,20,2137.68,0.12,INR
PO02606,POL002606,V0339,2026-04-19,OFF-078,500,645.52,0.05,INR
PO02607,POL002607,V0184,2026-01-04,MAR-027,20,5295.93,0.12,INR
PO02608,POL002608,V0041,2026-06-14,FAC-027,5,1806.87,0.0,INR
PO02609,POL002609,V0056,2026-01-01,MAN-022,1,966.23,0.12,INR
PO02610,POL002610,V0258,2026-04-01,IT -073,10,2798.31,0.18,INR
PO02611,POL002611,V0137,2026-01-21,UTI-109,100,238.93,0.12,INR
PO02612,POL002612,V0217,2026-06-03,PRO-107,5,17378.94,0.0,INR
PO02613,POL002613,V0257,2026-05-04,PRO-129,2,33668.85,0.05,INR
PO02614,POL002614,V0432,2026-07-12,PRO-003,50,23045.35,0.0,INR
PO02615,POL002615,V0127,2026-02-12,LOG-063,250,9911.29,0.0,INR
PO02616,POL002616,V0429,2026-02-02,PRO-125,1,19462.89,0.12,INR
PO02617,POL002617,V0099,2026-05-04,PRO-027,50,25867.39,0.0,INR
PO02618,POL002618,V0454,2026-04-13,IT -030,250,22334.14,0.05,INR
PO02619,POL002619,V0421,2026-02-18,MAR-058,500,1809.2,0.05,INR
PO02620,POL002620,V0390,2026-04-25,IT -073,5,6255.72,0.12,INR
PO02621,POL002621,V0266,2026-02-11,FAC-079,5,2212.37,0.12,INR
PO02622,POL002622,V0126,2026-06-17,OFF-036,10,442.12,0.12,INR
PO02623,POL002623,V0138,2026-04-16,OFF-004,5,458.49,0.18,INR
PO02624,POL002624,V0154,2026-04-26,LOG-063,2,4766.85,0.05,INR
PO02625,POL002625,V0236,2026-06-04,PRO-120,5,4735.53,0.0,INR
PO02626,POL002626,V0436,2026-01-23,OFF-130,1,1125.19,0.0,INR
PO02627,POL002627,V0417,2026-03-22,OFF-106,1,1982.13,0.0,INR
PO02628,POL002628,V0091,2026-05-18,FAC-154,500,1427.11,0.12,INR
PO02629,POL002629,V0152,2026-04-05,FAC-140,250,2003.91,0.05,INR
PO02630,POL002630,V0114,2026-06-20,IT -086,1,5291.66,0.0,INR
PO02631,POL002631,V0345,2026-04-25,UTI-142,100,4896.36,0.0,INR
PO02632,POL002632,V0163,2026-05-04,LOG-017,50,3246.06,0.12,INR
PO02633,POL002633,V0491,2026-06-16,PRO-016,1,3759.09,0.18,INR
PO02634,POL002634,V0082,2026-05-13,LOG-050,20,10620.71,0.05,INR
PO02635,POL002635,V0458,2026-03-13,LOG-054,250,10841.99,0.18,INR
PO02636,POL002636,V0084,2026-07-09,PRO-144,20,29611.48,0.12,INR
PO02637,POL002637,V0396,2026-04-07,FAC-044,1,5115.91,0.18,INR
PO02638,POL002638,V0202,2026-04-04,MAN-150,250,2695.26,0.05,INR
PO02639,POL002639,V0375,2026-02-24,IT -072,100,15575.51,0.05,INR
PO02640,POL002640,V0113,2026-04-24,FAC-009,2,6806.17,0.18,INR
PO02641,POL002641,V0196,2026-06-15,MAN-142,250,2498.53,0.0,INR
PO02642,POL002642,V0391,2026-07-12,MAN-101,500,2207.31,0.05,INR
PO02643,POL002643,V0475,2026-01-13,PRO-122,5,32118.45,0.12,INR
PO02644,POL002644,V0425,2026-01-17,OFF-103,500,1582.77,0.05,INR
PO02645,POL002645,V0379,2026-01-21,MAN-001,2,651.44,0.12,INR
PO02646,POL002646,V0183,2026-06-22,PRO-019,10,11765.35,0.05,INR
PO02647,POL002647,V0429,2026-03-28,PRO-050,50,8711.82,0.12,INR
PO02648,POL002648,V0200,2026-05-17,LOG-048,20,2702.76,0.12,INR
PO02649,POL002649,V0039,2026-02-25,IT -068,10,24352.1,0.0,INR
PO02650,POL002650,V0056,2026-05-18,MAN-082,20,2022.69,0.12,INR
PO02651,POL002651,V0123,2026-01-19,IT -059,5,14282.99,0.0,INR
PO02652,POL002652,V0282,2026-03-19,FAC-093,50,6970.13,0.0,INR
PO02653,POL002653,V0066,2026-05-13,UTI-034,500,1867.06,0.12,INR
PO02654,POL002654,V0390,2026-05-03,IT -074,50,1629.03,0.05,INR
PO02655,POL002655,V0354,2026-03-21,IT -068,50,22705.2,0.05,INR
PO02656,POL002656,V0166,2026-01-24,MAR-067,20,2395.98,0.05,INR
PO02657,POL002657,V0243,2026-05-03,MAN-088,1,3291.84,0.12,INR
PO02658,POL002658,V0313,2026-06-01,OFF-109,2,1134.33,0.05,INR
PO02659,POL002659,V0494,2026-06-06,OFF-158,20,162.53,0.05,INR
PO02660,POL002660,V0250,2026-06-09,IT -037,2,24272.8,0.0,INR
PO02661,POL002661,V0010,2026-04-11,PRO-049,50,4097.05,0.18,INR
PO02662,POL002662,V0390,2026-01-05,IT -035,5,10882.63,0.0,INR
PO02663,POL002663,V0386,2026-04-15,MAN-139,250,1612.01,0.12,INR
PO02664,POL002664,V0417,2026-06-18,OFF-032,500,424.59,0.12,INR
PO02665,POL002665,V0051,2026-01-28,LOG-021,500,3272.63,0.05,INR
PO02666,POL002666,V0132,2026-02-13,PRO-145,100,14840.53,0.12,INR
PO02667,POL002667,V0115,2026-07-07,MAR-103,1,12584.91,0.0,INR
PO02668,POL002668,V0104,2026-07-02,OFF-073,20,526.93,0.05,INR
PO02669,POL002669,V0447,2026-01-10,OFF-080,20,1680.52,0.18,INR
PO02670,POL002670,V0066,2026-01-13,UTI-139,250,1944.66,0.12,INR
PO02671,POL002671,V0462,2026-05-20,MAR-026,10,15556.66,0.18,INR
PO02672,POL002672,V0405,2026-04-12,FAC-006,2,1929.72,0.18,INR
PO02673,POL002673,V0189,2026-06-22,OFF-026,500,630.62,0.05,INR
PO02674,POL002674,V0245,2026-05-12,OFF-107,250,1606.42,0.18,INR
PO02675,POL002675,V0122,2026-02-02,PRO-033,100,32775.12,0.0,INR
PO02676,POL002676,V0452,2026-07-10,FAC-009,50,3762.26,0.12,INR
PO02677,POL002677,V0478,2026-04-01,UTI-098,500,1487.02,0.05,INR
PO02678,POL002678,V0345,2026-04-09,UTI-050,250,4662.77,0.18,INR
PO02679,POL002679,V0305,2026-02-18,IT -033,2,22647.24,0.12,INR
PO02680,POL002680,V0009,2026-03-18,FAC-017,50,426.49,0.05,INR
PO02681,POL002681,V0189,2026-06-18,OFF-076,50,1401.81,0.05,INR
PO02682,POL002682,V0363,2026-04-19,MAR-091,1,4729.08,0.05,INR
PO02683,POL002683,V0498,2026-05-28,MAN-091,5,1761.22,0.05,INR
PO02684,POL002684,V0317,2026-07-27,IT -002,250,9756.39,0.18,INR
PO02685,POL002685,V0301,2026-04-10,FAC-125,500,1362.95,0.05,INR
PO02686,POL002686,V0080,2026-04-25,PRO-068,50,4036.52,0.05,INR
PO02687,POL002687,V0186,2026-02-02,IT -127,500,21318.47,0.18,INR
PO02688,POL002688,V0287,2026-07-11,MAR-110,250,3551.18,0.05,INR
PO02689,POL002689,V0381,2026-02-23,MAR-009,1,7145.77,0.18,INR
PO02690,POL002690,V0337,2026-04-10,OFF-117,50,964.98,0.18,INR
PO02691,POL002691,V0091,2026-07-30,FAC-004,500,6613.24,0.18,INR
PO02692,POL002692,V0447,2026-05-24,OFF-103,1,1704.6,0.12,INR
PO02693,POL002693,V0441,2026-02-11,LOG-009,100,1676.44,0.0,INR
PO02694,POL002694,V0041,2026-04-19,FAC-089,10,6761.53,0.0,INR
PO02695,POL002695,V0080,2026-05-24,PRO-053,2,11757.43,0.12,INR
PO02696,POL002696,V0485,2026-04-10,OFF-071,500,472.92,0.12,INR
PO02697,POL002697,V0031,2026-03-19,IT -084,10,5148.21,0.18,INR
PO02698,POL002698,V0447,2026-05-15,OFF-070,10,351.92,0.05,INR
PO02699,POL002699,V0496,2026-05-21,MAR-009,2,4411.04,0.0,INR
PO02700,POL002700,V0365,2026-05-07,MAR-147,20,5232.96,0.05,INR
PO02701,POL002701,V0176,2026-06-05,IT -073,100,13574.65,0.12,INR
PO02702,POL002702,V0243,2026-05-31,MAN-002,2,3287.8,0.18,INR
PO02703,POL002703,V0166,2026-04-08,MAR-121,250,11207.05,0.05,INR
PO02704,POL002704,V0303,2026-01-02,LOG-011,50,8428.0,0.18,INR
PO02705,POL002705,V0084,2026-06-01,PRO-039,20,37209.17,0.0,INR
PO02706,POL002706,V0138,2026-05-10,OFF-034,100,1161.54,0.18,INR
PO02707,POL002707,V0197,2026-02-11,MAR-084,5,15198.66,0.12,INR
PO02708,POL002708,V0353,2026-02-04,PRO-034,50,39483.87,0.12,INR
PO02709,POL002709,V0443,2026-07-14,LOG-156,10,669.36,0.18,INR
PO02710,POL002710,V0165,2026-04-18,PRO-053,500,27634.4,0.05,INR
PO02711,POL002711,V0380,2026-03-25,PRO-018,500,20529.95,0.18,INR
PO02712,POL002712,V0054,2026-07-27,UTI-158,2,3419.54,0.18,INR
PO02713,POL002713,V0295,2026-07-21,MAN-065,5,1299.92,0.05,INR
PO02714,POL002714,V0001,2026-06-23,PRO-099,250,21783.47,0.05,INR
PO02715,POL002715,V0323,2026-03-27,FAC-145,500,1911.27,0.05,INR
PO02716,POL002716,V0162,2026-03-07,PRO-067,100,21880.84,0.12,INR
PO02717,POL002717,V0445,2026-05-03,IT -022,5,2079.91,0.0,INR
PO02718,POL002718,V0278,2026-04-06,OFF-071,20,472.76,0.18,INR
PO02719,POL002719,V0152,2026-07-08,FAC-061,1,4591.42,0.0,INR
PO02720,POL002720,V0490,2026-07-14,UTI-006,250,772.38,0.18,INR
PO02721,POL002721,V0200,2026-07-15,LOG-098,2,6320.06,0.12,INR
PO02722,POL002722,V0274,2026-03-25,MAN-159,1,1845.68,0.05,INR
PO02723,POL002723,V0197,2026-07-18,MAR-011,250,13672.06,0.0,INR
PO02724,POL002724,V0285,2026-06-02,IT -090,2,14548.26,0.12,INR
PO02725,POL002725,V0365,2026-01-03,MAR-130,2,10123.52,0.0,INR
PO02726,POL002726,V0220,2026-02-03,MAN-048,1,1729.97,0.12,INR
PO02727,POL002727,V0457,2026-02-11,LOG-100,100,7556.23,0.05,INR
PO02728,POL002728,V0490,2026-05-03,UTI-098,5,3956.91,0.12,INR
PO02729,POL002729,V0395,2026-03-17,MAN-066,500,1030.82,0.05,INR
PO02730,POL002730,V0229,2026-02-10,OFF-041,10,933.3,0.05,INR
PO02731,POL002731,V0342,2026-02-24,UTI-085,20,550.7,0.0,INR
PO02732,POL002732,V0154,2026-01-19,LOG-117,500,1023.61,0.18,INR
PO02733,POL002733,V0031,2026-07-24,IT -155,5,23907.79,0.18,INR
PO02734,POL002734,V0060,2026-06-06,MAR-107,250,1577.39,0.0,INR
PO02735,POL002735,V0326,2026-05-28,PRO-152,2,33768.99,0.12,INR
PO02736,POL002736,V0067,2026-02-07,OFF-037,50,1504.86,0.12,INR
PO02737,POL002737,V0080,2026-04-16,PRO-120,10,11072.72,0.12,INR
PO02738,POL002738,V0384,2026-04-25,FAC-027,20,5658.61,0.0,INR
PO02739,POL002739,V0243,2026-02-18,MAN-099,1,455.71,0.12,INR
PO02740,POL002740,V0195,2026-07-19,FAC-160,1,5472.46,0.0,INR
PO02741,POL002741,V0445,2026-02-19,IT -108,250,8102.98,0.12,INR
PO02742,POL002742,V0430,2026-06-06,PRO-075,100,34005.16,0.18,INR
PO02743,POL002743,V0049,2026-04-02,MAR-017,250,7484.34,0.0,INR
PO02744,POL002744,V0182,2026-07-24,IT -160,500,3867.56,0.05,INR
PO02745,POL002745,V0452,2026-04-24,FAC-011,5,4403.04,0.18,INR
PO02746,POL002746,V0247,2026-04-20,IT -116,1,11303.58,0.12,INR
PO02747,POL002747,V0263,2026-02-05,OFF-044,10,805.28,0.05,INR
PO02748,POL002748,V0109,2026-02-17,FAC-115,20,6924.49,0.18,INR
PO02749,POL002749,V0004,2026-03-19,UTI-060,10,4123.29,0.0,INR
PO02750,POL002750,V0038,2026-06-30,MAR-139,100,5748.39,0.18,INR
PO02751,POL002751,V0031,2026-05-15,IT -035,250,2615.42,0.12,INR
PO02752,POL002752,V0349,2026-04-16,UTI-042,5,632.9,0.05,INR
PO02753,POL002753,V0225,2026-05-15,FAC-100,50,3401.37,0.05,INR
PO02754,POL002754,V0458,2026-05-06,LOG-021,50,11556.56,0.05,INR
PO02755,POL002755,V0085,2026-01-30,LOG-062,2,1347.19,0.18,INR
PO02756,POL002756,V0187,2026-07-17,FAC-104,10,5262.0,0.0,INR
PO02757,POL002757,V0084,2026-01-05,PRO-130,100,39398.05,0.18,INR
PO02758,POL002758,V0436,2026-05-18,OFF-112,1,1483.06,0.12,INR
PO02759,POL002759,V0484,2026-04-08,MAR-143,500,2032.46,0.12,INR
PO02760,POL002760,V0337,2026-04-21,OFF-067,5,1555.84,0.0,INR
PO02761,POL002761,V0498,2026-03-30,MAN-088,2,827.84,0.05,INR
PO02762,POL002762,V0334,2026-02-02,MAR-068,500,9627.05,0.0,INR
PO02763,POL002763,V0077,2026-02-04,MAR-013,1,16339.36,0.05,INR
PO02764,POL002764,V0056,2026-04-02,MAN-137,250,1491.46,0.12,INR
PO02765,POL002765,V0328,2026-01-30,PRO-041,500,19185.38,0.18,INR
PO02766,POL002766,V0255,2026-02-03,LOG-114,2,5249.9,0.05,INR
PO02767,POL002767,V0464,2026-05-24,OFF-030,50,65.4,0.12,INR
PO02768,POL002768,V0041,2026-02-02,FAC-090,1,5163.36,0.12,INR
PO02769,POL002769,V0045,2026-05-19,MAN-114,20,3230.11,0.05,INR
PO02770,POL002770,V0169,2026-07-06,IT -119,50,16056.19,0.0,INR
PO02771,POL002771,V0130,2026-01-31,PRO-041,250,25738.41,0.05,INR
PO02772,POL002772,V0311,2026-01-22,LOG-147,100,9884.33,0.12,INR
PO02773,POL002773,V0056,2026-03-21,MAN-021,2,2661.04,0.18,INR
PO02774,POL002774,V0244,2026-02-05,PRO-017,250,27299.17,0.0,INR
PO02775,POL002775,V0337,2026-04-04,OFF-010,5,1344.11,0.05,INR
PO02776,POL002776,V0405,2026-04-03,FAC-148,2,7379.73,0.05,INR
PO02777,POL002777,V0280,2026-01-26,UTI-143,100,2783.24,0.12,INR
PO02778,POL002778,V0318,2026-06-06,IT -144,500,19235.97,0.12,INR
PO02779,POL002779,V0321,2026-01-27,PRO-102,50,25189.79,0.0,INR
PO02780,POL002780,V0277,2026-04-01,IT -117,20,16738.38,0.0,INR
PO02781,POL002781,V0320,2026-05-09,MAN-082,20,2038.01,0.0,INR
PO02782,POL002782,V0367,2026-03-08,IT -028,2,20089.88,0.0,INR
PO02783,POL002783,V0217,2026-02-15,PRO-058,1,19381.78,0.0,INR
PO02784,POL002784,V0489,2026-07-13,OFF-139,250,347.68,0.0,INR
PO02785,POL002785,V0497,2026-07-10,LOG-124,100,1116.24,0.0,INR
PO02786,POL002786,V0246,2026-02-26,IT -094,2,4628.16,0.0,INR
PO02787,POL002787,V0086,2026-04-19,IT -110,1,19828.57,0.12,INR
PO02788,POL002788,V0026,2026-07-16,LOG-061,500,3252.42,0.18,INR
PO02789,POL002789,V0315,2026-01-24,UTI-033,2,4595.21,0.0,INR
PO02790,POL002790,V0074,2026-06-30,MAN-046,5,1116.19,0.18,INR
PO02791,POL002791,V0122,2026-07-22,PRO-095,100,22639.61,0.18,INR
PO02792,POL002792,V0036,2026-01-06,FAC-098,500,5542.57,0.0,INR
PO02793,POL002793,V0078,2026-06-16,PRO-129,5,28738.08,0.05,INR
PO02794,POL002794,V0393,2026-06-03,UTI-113,5,4400.76,0.0,INR
PO02795,POL002795,V0270,2026-05-08,IT -012,5,10776.62,0.05,INR
PO02796,POL002796,V0116,2026-01-15,LOG-006,20,6134.03,0.18,INR
PO02797,POL002797,V0288,2026-06-14,FAC-022,10,3322.43,0.12,INR
PO02798,POL002798,V0219,2026-02-05,MAN-060,5,3288.0,0.12,INR
PO02799,POL002799,V0461,2026-05-08,OFF-034,20,1690.39,0.05,INR
PO02800,POL002800,V0357,2026-03-17,OFF-050,1,1721.33,0.12,INR
PO02801,POL002801,V0289,2026-03-24,MAN-143,5,2573.04,0.0,INR
PO02802,POL002802,V0389,2026-02-10,LOG-080,500,4482.22,0.05,INR
PO02803,POL002803,V0453,2026-07-13,UTI-146,250,4548.58,0.12,INR
PO02804,POL002804,V0079,2026-03-09,LOG-085,5,7160.16,0.05,INR
PO02805,POL002805,V0424,2026-06-28,MAN-085,5,1259.19,0.18,INR
PO02806,POL002806,V0220,2026-03-21,MAN-083,10,2433.58,0.05,INR
PO02807,POL002807,V0094,2026-06-19,MAN-061,1,1805.98,0.05,INR
PO02808,POL002808,V0128,2026-04-25,OFF-058,500,729.87,0.05,INR
PO02809,POL002809,V0361,2026-07-14,MAR-029,100,721.31,0.05,INR
PO02810,POL002810,V0286,2026-01-07,OFF-123,10,961.51,0.0,INR
PO02811,POL002811,V0356,2026-04-23,MAR-077,2,2903.75,0.12,INR
PO02812,POL002812,V0477,2026-05-31,MAN-014,50,1189.2,0.05,INR
PO02813,POL002813,V0357,2026-06-15,OFF-053,100,299.53,0.05,INR
PO02814,POL002814,V0046,2026-03-25,OFF-046,20,586.11,0.12,INR
PO02815,POL002815,V0195,2026-07-19,FAC-139,1,1211.97,0.18,INR
PO02816,POL002816,V0334,2026-06-30,MAR-047,20,13966.61,0.0,INR
PO02817,POL002817,V0193,2026-01-25,PRO-057,500,3951.18,0.12,INR
PO02818,POL002818,V0418,2026-03-18,OFF-154,20,1478.76,0.05,INR
PO02819,POL002819,V0127,2026-04-14,LOG-070,5,9992.02,0.05,INR
PO02820,POL002820,V0076,2026-06-16,MAN-038,20,1487.78,0.05,INR
PO02821,POL002821,V0236,2026-06-25,PRO-007,20,29712.93,0.0,INR
PO02822,POL002822,V0206,2026-07-30,MAN-046,500,303.35,0.05,INR
PO02823,POL002823,V0015,2026-03-02,FAC-140,50,2238.62,0.05,INR
PO02824,POL002824,V0231,2026-04-25,PRO-110,100,22049.76,0.05,INR
PO02825,POL002825,V0254,2026-03-15,FAC-073,1,3875.6,0.05,INR
PO02826,POL002826,V0207,2026-02-11,UTI-026,1,565.47,0.18,INR
PO02827,POL002827,V0415,2026-01-22,MAR-140,250,3796.59,0.18,INR
PO02828,POL002828,V0346,2026-07-26,OFF-098,100,511.56,0.05,INR
PO02829,POL002829,V0467,2026-01-07,LOG-020,500,9540.93,0.18,INR
PO02830,POL002830,V0463,2026-07-27,IT -030,2,10437.67,0.05,INR
PO02831,POL002831,V0153,2026-01-01,LOG-002,50,4075.74,0.18,INR
PO02832,POL002832,V0421,2026-06-01,MAR-015,500,4363.25,0.05,INR
PO02833,POL002833,V0081,2026-01-22,PRO-001,1,18656.5,0.05,INR
PO02834,POL002834,V0031,2026-06-14,IT -144,250,16026.76,0.0,INR
PO02835,POL002835,V0374,2026-06-19,LOG-026,5,11595.47,0.0,INR
PO02836,POL002836,V0128,2026-07-30,OFF-143,5,851.68,0.12,INR
PO02837,POL002837,V0254,2026-01-03,FAC-082,50,2179.0,0.05,INR
PO02838,POL002838,V0079,2026-06-02,LOG-052,50,3218.86,0.0,INR
PO02839,POL002839,V0233,2026-07-07,OFF-122,50,369.93,0.05,INR
PO02840,POL002840,V0210,2026-01-06,MAR-033,500,12656.66,0.0,INR
PO02841,POL002841,V0171,2026-01-25,MAN-045,250,2515.51,0.18,INR
PO02842,POL002842,V0074,2026-06-05,MAN-072,100,2165.15,0.05,INR
PO02843,POL002843,V0056,2026-06-08,MAN-096,500,396.28,0.05,INR
PO02844,POL002844,V0041,2026-02-04,FAC-132,20,6787.36,0.05,INR
PO02845,POL002845,V0132,2026-01-08,PRO-063,10,26417.07,0.05,INR
PO02846,POL002846,V0329,2026-06-06,FAC-045,1,1791.92,0.18,INR
PO02847,POL002847,V0175,2026-07-10,FAC-123,20,3931.46,0.12,INR
PO02848,POL002848,V0434,2026-05-02,UTI-002,2,673.62,0.0,INR
PO02849,POL002849,V0417,2026-02-12,OFF-098,500,419.91,0.12,INR
PO02850,POL002850,V0461,2026-02-21,OFF-074,100,78.27,0.05,INR
PO02851,POL002851,V0498,2026-05-13,MAN-134,250,901.11,0.12,INR
PO02852,POL002852,V0497,2026-02-28,LOG-098,5,8147.94,0.0,INR
PO02853,POL002853,V0369,2026-03-15,IT -091,50,2740.83,0.18,INR
PO02854,POL002854,V0316,2026-05-25,MAR-047,5,15015.84,0.12,INR
PO02855,POL002855,V0005,2026-07-05,IT -056,20,14805.33,0.12,INR
PO02856,POL002856,V0365,2026-01-08,MAR-093,500,13274.24,0.05,INR
PO02857,POL002857,V0443,2026-03-18,LOG-122,20,1905.78,0.0,INR
PO02858,POL002858,V0416,2026-01-30,IT -019,5,8017.7,0.18,INR
PO02859,POL002859,V0230,2026-04-02,IT -067,10,12179.89,0.12,INR
PO02860,POL002860,V0095,2026-06-14,IT -011,50,18422.13,0.0,INR
PO02861,POL002861,V0332,2026-03-08,OFF-152,50,1741.39,0.18,INR
PO02862,POL002862,V0360,2026-04-11,FAC-126,1,5537.37,0.12,INR
PO02863,POL002863,V0376,2026-04-11,MAN-007,500,1502.16,0.12,INR
PO02864,POL002864,V0333,2026-01-24,FAC-007,5,5480.0,0.12,INR
PO02865,POL002865,V0132,2026-02-18,PRO-138,50,34691.27,0.05,INR
PO02866,POL002866,V0270,2026-07-03,IT -136,2,22142.15,0.05,INR
PO02867,POL002867,V0161,2026-07-12,IT -154,20,15248.89,0.12,INR
PO02868,POL002868,V0196,2026-03-03,MAN-059,50,1790.11,0.12,INR
PO02869,POL002869,V0225,2026-06-22,FAC-016,2,1192.08,0.0,INR
PO02870,POL002870,V0381,2026-06-01,MAR-057,50,14272.27,0.18,INR
PO02871,POL002871,V0015,2026-07-21,FAC-033,50,3767.02,0.0,INR
PO02872,POL002872,V0026,2026-07-06,LOG-004,500,9443.09,0.05,INR
PO02873,POL002873,V0042,2026-04-25,MAN-036,5,3474.17,0.12,INR
PO02874,POL002874,V0102,2026-07-05,PRO-032,100,22056.53,0.12,INR
PO02875,POL002875,V0084,2026-02-17,PRO-068,50,38753.18,0.05,INR
PO02876,POL002876,V0377,2026-01-22,MAN-026,100,3197.74,0.18,INR
PO02877,POL002877,V0033,2026-07-09,FAC-071,10,5527.58,0.0,INR
PO02878,POL002878,V0339,2026-01-30,OFF-141,1,1863.85,0.18,INR
PO02879,POL002879,V0268,2026-04-17,OFF-032,1,140.11,0.05,INR
PO02880,POL002880,V0166,2026-06-24,MAR-112,100,4402.73,0.0,INR
PO02881,POL002881,V0156,2026-02-27,OFF-076,50,1987.8,0.12,INR
PO02882,POL002882,V0483,2026-03-26,LOG-134,50,9980.73,0.18,INR
PO02883,POL002883,V0115,2026-03-25,MAR-012,50,17861.46,0.12,INR
PO02884,POL002884,V0264,2026-04-21,UTI-038,100,2995.92,0.0,INR
PO02885,POL002885,V0478,2026-07-10,UTI-062,1,1590.9,0.05,INR
PO02886,POL002886,V0410,2026-03-06,UTI-080,1,1003.94,0.12,INR
PO02887,POL002887,V0262,2026-07-24,PRO-039,5,7951.53,0.05,INR
PO02888,POL002888,V0285,2026-02-12,IT -070,500,8274.55,0.05,INR
PO02889,POL002889,V0428,2026-06-03,LOG-122,50,3241.7,0.12,INR
PO02890,POL002890,V0335,2026-01-01,PRO-113,20,13040.61,0.12,INR
PO02891,POL002891,V0139,2026-01-29,MAN-123,250,2304.84,0.0,INR
PO02892,POL002892,V0271,2026-05-17,OFF-156,5,592.83,0.0,INR
PO02893,POL002893,V0284,2026-01-24,LOG-126,500,3479.44,0.18,INR
PO02894,POL002894,V0374,2026-01-17,LOG-133,20,10325.97,0.05,INR
PO02895,POL002895,V0416,2026-02-11,IT -050,20,7120.67,0.0,INR
PO02896,POL002896,V0242,2026-04-14,PRO-084,100,26112.55,0.18,INR
PO02897,POL002897,V0033,2026-01-23,FAC-129,500,6836.98,0.0,INR
PO02898,POL002898,V0007,2026-03-10,PRO-101,2,19150.37,0.05,INR
PO02899,POL002899,V0477,2026-06-12,MAN-089,500,2911.83,0.18,INR
PO02900,POL002900,V0039,2026-02-11,IT -094,10,23266.06,0.05,INR
PO02901,POL002901,V0396,2026-03-07,FAC-126,500,3064.94,0.05,INR
PO02902,POL002902,V0034,2026-06-03,MAN-138,10,954.08,0.12,INR
PO02903,POL002903,V0178,2026-06-02,MAR-147,250,1818.98,0.05,INR
PO02904,POL002904,V0485,2026-01-02,OFF-123,100,751.25,0.0,INR
PO02905,POL002905,V0328,2026-06-06,PRO-085,10,33939.7,0.12,INR
PO02906,POL002906,V0173,2026-05-05,UTI-052,10,3029.34,0.12,INR
PO02907,POL002907,V0174,2026-07-07,OFF-084,10,395.71,0.0,INR
PO02908,POL002908,V0084,2026-01-05,PRO-077,5,26543.06,0.18,INR
PO02909,POL002909,V0312,2026-05-04,PRO-053,50,21727.94,0.0,INR
PO02910,POL002910,V0266,2026-05-14,FAC-003,20,1537.07,0.0,INR
PO02911,POL002911,V0482,2026-03-15,IT -073,20,16990.01,0.0,INR
PO02912,POL002912,V0383,2026-06-21,PRO-114,500,27073.34,0.18,INR
PO02913,POL002913,V0039,2026-03-25,IT -156,20,3615.47,0.12,INR
PO02914,POL002914,V0263,2026-05-25,OFF-127,50,1143.97,0.12,INR
PO02915,POL002915,V0369,2026-05-31,IT -090,100,20614.94,0.0,INR
PO02916,POL002916,V0209,2026-05-18,IT -013,50,2770.5,0.0,INR
PO02917,POL002917,V0308,2026-01-09,MAR-037,10,10090.92,0.18,INR
PO02918,POL002918,V0096,2026-01-05,OFF-044,20,340.3,0.18,INR
PO02919,POL002919,V0334,2026-05-24,MAR-075,20,14518.37,0.18,INR
PO02920,POL002920,V0089,2026-01-24,PRO-009,5,9283.13,0.05,INR
PO02921,POL002921,V0399,2026-06-29,MAR-147,5,5490.4,0.18,INR
PO02922,POL002922,V0289,2026-03-14,MAN-099,1,941.41,0.12,INR
PO02923,POL002923,V0400,2026-02-18,MAN-102,20,855.47,0.05,INR
PO02924,POL002924,V0371,2026-01-06,MAN-117,50,2774.84,0.18,INR
PO02925,POL002925,V0303,2026-06-27,LOG-056,5,8308.23,0.12,INR
PO02926,POL002926,V0290,2026-06-20,MAR-075,1,15560.95,0.05,INR
PO02927,POL002927,V0122,2026-02-16,PRO-147,2,15940.18,0.12,INR
PO02928,POL002928,V0037,2026-07-10,MAN-160,250,884.74,0.18,INR
PO02929,POL002929,V0117,2026-01-16,OFF-079,5,212.98,0.05,INR
PO02930,POL002930,V0353,2026-05-01,PRO-117,2,6574.38,0.18,INR
PO02931,POL002931,V0005,2026-02-21,IT -148,500,23269.07,0.0,INR
PO02932,POL002932,V0103,2026-06-07,OFF-101,5,1945.12,0.18,INR
PO02933,POL002933,V0432,2026-05-19,PRO-086,250,20599.49,0.18,INR
PO02934,POL002934,V0089,2026-05-05,PRO-042,250,28777.95,0.12,INR
PO02935,POL002935,V0256,2026-07-07,UTI-037,500,4794.06,0.0,INR
PO02936,POL002936,V0070,2026-07-23,LOG-139,20,10581.23,0.12,INR
PO02937,POL002937,V0191,2026-06-07,IT -042,100,18133.54,0.18,INR
PO02938,POL002938,V0402,2026-03-20,MAN-032,20,2463.02,0.18,INR
PO02939,POL002939,V0244,2026-04-03,PRO-046,5,14820.39,0.05,INR
PO02940,POL002940,V0127,2026-03-07,LOG-085,50,6205.69,0.12,INR
PO02941,POL002941,V0239,2026-02-08,OFF-030,10,1237.58,0.18,INR
PO02942,POL002942,V0297,2026-03-08,LOG-090,500,3454.83,0.05,INR
PO02943,POL002943,V0296,2026-04-04,UTI-059,10,4169.6,0.18,INR
PO02944,POL002944,V0028,2026-07-06,OFF-130,10,1122.37,0.05,INR
PO02945,POL002945,V0432,2026-04-18,PRO-007,10,22196.98,0.12,INR
PO02946,POL002946,V0242,2026-03-02,PRO-024,20,4145.66,0.12,INR
PO02947,POL002947,V0121,2026-02-23,LOG-139,500,9669.81,0.0,INR
PO02948,POL002948,V0223,2026-01-03,OFF-026,500,1408.87,0.18,INR
PO02949,POL002949,V0340,2026-05-07,MAR-139,250,13178.83,0.18,INR
PO02950,POL002950,V0113,2026-04-02,FAC-139,5,5888.23,0.0,INR
PO02951,POL002951,V0326,2026-07-25,PRO-005,2,9295.73,0.18,INR
PO02952,POL002952,V0170,2026-02-04,UTI-042,100,3192.47,0.0,INR
PO02953,POL002953,V0352,2026-04-15,IT -147,10,2581.52,0.0,INR
PO02954,POL002954,V0443,2026-02-10,LOG-033,20,11443.88,0.18,INR
PO02955,POL002955,V0039,2026-02-23,IT -016,20,6141.55,0.12,INR
PO02956,POL002956,V0112,2026-01-22,MAR-133,1,8515.87,0.18,INR
PO02957,POL002957,V0332,2026-03-10,OFF-058,100,181.0,0.12,INR
PO02958,POL002958,V0353,2026-04-16,PRO-119,5,2996.82,0.05,INR
PO02959,POL002959,V0058,2026-01-31,FAC-134,20,7741.96,0.0,INR
PO02960,POL002960,V0010,2026-05-14,PRO-146,5,5619.79,0.0,INR
PO02961,POL002961,V0297,2026-05-09,LOG-063,50,6323.35,0.12,INR
PO02962,POL002962,V0209,2026-03-19,IT -080,250,14922.74,0.12,INR
PO02963,POL002963,V0467,2026-06-07,LOG-090,250,9985.74,0.05,INR
PO02964,POL002964,V0439,2026-05-21,PRO-081,250,39385.1,0.18,INR
PO02965,POL002965,V0362,2026-03-01,MAN-111,100,339.58,0.05,INR
PO02966,POL002966,V0007,2026-04-17,PRO-056,100,29919.16,0.0,INR
PO02967,POL002967,V0448,2026-05-11,IT -106,20,18912.13,0.0,INR
PO02968,POL002968,V0345,2026-02-20,UTI-083,1,4009.53,0.12,INR
PO02969,POL002969,V0074,2026-03-12,MAN-144,1,2099.45,0.0,INR
PO02970,POL002970,V0448,2026-06-04,IT -110,100,17413.47,0.05,INR
PO02971,POL002971,V0468,2026-02-08,MAR-038,1,11214.49,0.18,INR
PO02972,POL002972,V0035,2026-06-18,FAC-126,100,6691.33,0.18,INR
PO02973,POL002973,V0185,2026-01-14,MAR-022,10,7356.38,0.18,INR
PO02974,POL002974,V0486,2026-01-30,MAR-020,50,3083.36,0.0,INR
PO02975,POL002975,V0149,2026-07-18,LOG-003,100,6182.05,0.12,INR
PO02976,POL002976,V0232,2026-07-07,LOG-135,1,2264.99,0.05,INR
PO02977,POL002977,V0442,2026-02-21,UTI-003,20,4690.8,0.05,INR
PO02978,POL002978,V0076,2026-03-14,MAN-015,500,427.09,0.05,INR
PO02979,POL002979,V0003,2026-04-10,LOG-131,1,8738.37,0.12,INR
PO02980,POL002980,V0058,2026-01-16,FAC-136,50,3700.8,0.0,INR
PO02981,POL002981,V0183,2026-02-20,PRO-044,2,22025.69,0.0,INR
PO02982,POL002982,V0051,2026-03-09,LOG-067,5,4036.69,0.12,INR
PO02983,POL002983,V0053,2026-07-19,PRO-063,50,16726.58,0.0,INR
PO02984,POL002984,V0446,2026-02-28,MAN-023,5,949.86,0.18,INR
PO02985,POL002985,V0066,2026-03-27,UTI-081,100,4641.34,0.12,INR
PO02986,POL002986,V0166,2026-04-23,MAR-042,2,10824.83,0.0,INR
PO02987,POL002987,V0113,2026-07-11,FAC-051,10,4830.46,0.12,INR
PO02988,POL002988,V0354,2026-03-08,IT -080,20,24738.06,0.18,INR
PO02989,POL002989,V0200,2026-02-04,LOG-033,50,4923.2,0.05,INR
PO02990,POL002990,V0162,2026-07-25,PRO-042,100,23480.81,0.05,INR
PO02991,POL002991,V0449,2026-05-18,IT -015,100,15859.94,0.05,INR
PO02992,POL002992,V0151,2026-06-18,OFF-141,2,1395.71,0.12,INR
PO02993,POL002993,V0262,2026-07-25,PRO-095,2,39712.98,0.05,INR
PO02994,POL002994,V0099,2026-06-18,PRO-110,1,28451.77,0.18,INR
PO02995,POL002995,V0436,2026-01-20,OFF-132,20,525.89,0.0,INR
PO02996,POL002996,V0005,2026-05-05,IT -160,50,14040.54,0.18,INR
PO02997,POL002997,V0313,2026-06-01,OFF-036,5,576.38,0.12,INR
PO02998,POL002998,V0405,2026-05-07,FAC-031,1,5269.54,0.05,INR
PO02999,POL002999,V0046,2026-03-04,OFF-146,10,457.42,0.05,INR
PO03000,POL003000,V0360,2026-01-24,FAC-045,2,7188.62,0.12,INR
PO03001,POL003001,V0089,2026-05-03,PRO-096,20,17342.66,0.05,INR
PO03002,POL003002,V0332,2026-01-31,OFF-114,5,1275.25,0.12,INR
PO03003,POL003003,V0023,2026-02-07,PRO-003,250,11821.52,0.0,INR
PO03004,POL003004,V0393,2026-07-24,UTI-155,5,1632.42,0.0,INR
PO03005,POL003005,V0032,2026-06-22,MAN-119,1,1370.58,0.12,INR
PO03006,POL003006,V0486,2026-03-01,MAR-046,100,15052.4,0.12,INR
PO03007,POL003007,V0485,2026-05-25,OFF-047,10,107.72,0.0,INR
PO03008,POL003008,V0317,2026-07-25,IT -092,500,12997.55,0.12,INR
PO03009,POL003009,V0073,2026-04-17,UTI-133,10,3185.43,0.0,INR
PO03010,POL003010,V0329,2026-05-25,FAC-076,2,2205.26,0.05,INR
PO03011,POL003011,V0240,2026-06-25,OFF-030,100,468.14,0.0,INR
PO03012,POL003012,V0073,2026-06-24,UTI-001,10,2992.81,0.18,INR
PO03013,POL003013,V0364,2026-01-03,OFF-156,50,1830.83,0.12,INR
PO03014,POL003014,V0202,2026-06-12,MAN-152,500,280.94,0.0,INR
PO03015,POL003015,V0424,2026-05-05,MAN-075,500,1767.59,0.12,INR
PO03016,POL003016,V0279,2026-01-14,PRO-065,2,4337.88,0.12,INR
PO03017,POL003017,V0347,2026-07-01,OFF-082,20,1730.44,0.0,INR
PO03018,POL003018,V0032,2026-01-08,MAN-060,250,3443.2,0.0,INR
PO03019,POL003019,V0246,2026-07-17,IT -043,2,22543.08,0.05,INR
PO03020,POL003020,V0112,2026-07-05,MAR-116,250,12557.6,0.05,INR
PO03021,POL003021,V0100,2026-03-28,LOG-119,5,7617.39,0.18,INR
PO03022,POL003022,V0171,2026-04-21,MAN-022,20,669.26,0.05,INR
PO03023,POL003023,V0075,2026-02-17,MAN-127,2,638.61,0.05,INR
PO03024,POL003024,V0008,2026-01-12,UTI-114,5,4448.72,0.0,INR
PO03025,POL003025,V0227,2026-01-31,FAC-155,10,2549.42,0.0,INR
PO03026,POL003026,V0030,2026-02-02,IT -039,500,15448.17,0.18,INR
PO03027,POL003027,V0189,2026-07-07,OFF-101,10,892.46,0.12,INR
PO03028,POL003028,V0447,2026-01-16,OFF-031,1,338.86,0.18,INR
PO03029,POL003029,V0132,2026-01-29,PRO-038,250,38211.93,0.12,INR
PO03030,POL003030,V0358,2026-03-29,OFF-026,10,451.3,0.18,INR
PO03031,POL003031,V0463,2026-07-21,IT -037,20,22495.48,0.0,INR
PO03032,POL003032,V0296,2026-05-31,UTI-140,20,1758.08,0.18,INR
PO03033,POL003033,V0282,2026-03-28,FAC-132,250,5992.63,0.12,INR
PO03034,POL003034,V0496,2026-05-14,MAR-141,50,14833.08,0.12,INR
PO03035,POL003035,V0349,2026-03-15,UTI-038,10,3104.72,0.0,INR
PO03036,POL003036,V0356,2026-07-10,MAR-069,10,6711.97,0.0,INR
PO03037,POL003037,V0255,2026-03-19,LOG-021,500,11725.39,0.12,INR
PO03038,POL003038,V0276,2026-04-15,LOG-009,1,8293.78,0.18,INR
PO03039,POL003039,V0451,2026-04-13,IT -098,50,13757.42,0.12,INR
PO03040,POL003040,V0257,2026-02-09,PRO-122,2,15465.72,0.12,INR
PO03041,POL003041,V0316,2026-05-12,MAR-011,250,5631.06,0.18,INR
PO03042,POL003042,V0153,2026-02-20,LOG-009,2,9754.68,0.18,INR
PO03043,POL003043,V0227,2026-05-19,FAC-086,5,1236.71,0.18,INR
PO03044,POL003044,V0061,2026-04-10,OFF-005,1,1370.71,0.18,INR
PO03045,POL003045,V0328,2026-07-04,PRO-074,250,3055.3,0.12,INR
PO03046,POL003046,V0286,2026-02-22,OFF-071,100,1443.38,0.18,INR
PO03047,POL003047,V0022,2026-01-09,MAN-043,500,2352.48,0.0,INR
PO03048,POL003048,V0065,2026-02-22,MAR-069,5,1466.79,0.05,INR
PO03049,POL003049,V0215,2026-01-16,OFF-100,100,1509.26,0.18,INR
PO03050,POL003050,V0154,2026-04-13,LOG-063,1,9731.62,0.0,INR
PO03051,POL003051,V0409,2026-01-09,IT -032,50,10771.8,0.0,INR
PO03052,POL003052,V0179,2026-05-30,FAC-065,2,5787.75,0.18,INR
PO03053,POL003053,V0349,2026-06-11,UTI-140,500,4058.97,0.05,INR
PO03054,POL003054,V0095,2026-06-15,IT -160,2,4035.25,0.18,INR
PO03055,POL003055,V0141,2026-02-27,PRO-001,250,33520.97,0.05,INR
PO03056,POL003056,V0179,2026-07-12,FAC-005,100,2310.24,0.05,INR
PO03057,POL003057,V0476,2026-04-20,PRO-025,250,7924.13,0.0,INR
PO03058,POL003058,V0371,2026-07-08,MAN-075,5,1886.92,0.18,INR
PO03059,POL003059,V0035,2026-04-25,FAC-151,20,5243.35,0.05,INR
PO03060,POL003060,V0446,2026-02-04,MAN-084,1,3211.31,0.0,INR
PO03061,POL003061,V0149,2026-02-10,LOG-063,5,6769.08,0.05,INR
PO03062,POL003062,V0033,2026-02-23,FAC-046,50,6919.37,0.05,INR
PO03063,POL003063,V0477,2026-06-03,MAN-114,2,629.8,0.0,INR
PO03064,POL003064,V0313,2026-06-27,OFF-157,100,752.2,0.0,INR
PO03065,POL003065,V0448,2026-04-06,IT -104,10,24515.97,0.18,INR
PO03066,POL003066,V0419,2026-06-25,UTI-157,1,1934.41,0.0,INR
PO03067,POL003067,V0224,2026-03-03,MAN-160,250,3234.98,0.05,INR
PO03068,POL003068,V0101,2026-04-10,IT -008,10,7556.68,0.05,INR
PO03069,POL003069,V0465,2026-04-04,MAN-054,500,2021.64,0.0,INR
PO03070,POL003070,V0250,2026-02-22,IT -080,500,3604.48,0.18,INR
PO03071,POL003071,V0438,2026-07-25,OFF-100,10,381.8,0.12,INR
PO03072,POL003072,V0450,2026-06-26,FAC-066,250,6881.88,0.05,INR
PO03073,POL003073,V0217,2026-01-17,PRO-111,20,34215.34,0.0,INR
PO03074,POL003074,V0095,2026-01-15,IT -012,250,19061.7,0.0,INR
PO03075,POL003075,V0220,2026-05-05,MAN-028,50,2121.52,0.0,INR
PO03076,POL003076,V0335,2026-07-20,PRO-088,100,25927.58,0.18,INR
PO03077,POL003077,V0296,2026-06-12,UTI-122,2,1884.36,0.0,INR
PO03078,POL003078,V0077,2026-01-05,MAR-125,1,10362.98,0.05,INR
PO03079,POL003079,V0445,2026-04-17,IT -010,20,6419.44,0.05,INR
PO03080,POL003080,V0280,2026-06-03,UTI-113,2,3679.64,0.18,INR
PO03081,POL003081,V0318,2026-02-20,IT -125,20,13475.68,0.0,INR
PO03082,POL003082,V0329,2026-06-28,FAC-109,50,2414.76,0.18,INR
PO03083,POL003083,V0478,2026-03-31,UTI-138,500,2206.82,0.12,INR
PO03084,POL003084,V0464,2026-07-15,OFF-114,500,261.8,0.0,INR
PO03085,POL003085,V0285,2026-04-04,IT -137,2,15765.22,0.05,INR
PO03086,POL003086,V0453,2026-04-16,UTI-085,20,927.98,0.12,INR
PO03087,POL003087,V0081,2026-03-03,PRO-012,250,7565.56,0.18,INR
PO03088,POL003088,V0387,2026-02-15,MAN-107,50,2430.29,0.0,INR
PO03089,POL003089,V0276,2026-04-08,LOG-153,50,2886.9,0.05,INR
PO03090,POL003090,V0073,2026-06-26,UTI-094,100,257.38,0.05,INR
PO03091,POL003091,V0200,2026-01-14,LOG-020,500,10695.41,0.18,INR
PO03092,POL003092,V0450,2026-04-21,FAC-049,10,3232.51,0.12,INR
PO03093,POL003093,V0420,2026-01-16,FAC-101,5,7843.45,0.12,INR
PO03094,POL003094,V0342,2026-03-23,UTI-077,5,2864.37,0.12,INR
PO03095,POL003095,V0331,2026-05-25,LOG-138,500,2475.14,0.0,INR
PO03096,POL003096,V0263,2026-07-01,OFF-125,1,864.69,0.05,INR
PO03097,POL003097,V0235,2026-01-18,UTI-140,10,3604.29,0.0,INR
PO03098,POL003098,V0337,2026-05-05,OFF-070,50,731.77,0.18,INR
PO03099,POL003099,V0334,2026-07-20,MAR-013,50,11194.14,0.18,INR
PO03100,POL003100,V0019,2026-03-06,UTI-153,5,2131.64,0.12,INR
PO03101,POL003101,V0470,2026-03-25,FAC-070,2,1526.49,0.18,INR
PO03102,POL003102,V0109,2026-05-06,FAC-001,100,397.17,0.18,INR
PO03103,POL003103,V0194,2026-03-29,LOG-156,2,4982.61,0.05,INR
PO03104,POL003104,V0039,2026-02-14,IT -007,5,20784.97,0.05,INR
PO03105,POL003105,V0030,2026-01-23,IT -041,2,5674.76,0.0,INR
PO03106,POL003106,V0333,2026-01-23,FAC-116,2,6660.8,0.18,INR
PO03107,POL003107,V0416,2026-07-25,IT -052,250,19934.67,0.05,INR
PO03108,POL003108,V0370,2026-03-14,IT -064,10,7046.19,0.05,INR
PO03109,POL003109,V0337,2026-07-23,OFF-094,20,756.34,0.0,INR
PO03110,POL003110,V0317,2026-02-24,IT -105,10,12788.16,0.0,INR
PO03111,POL003111,V0066,2026-06-18,UTI-139,2,2187.98,0.05,INR
PO03112,POL003112,V0328,2026-05-01,PRO-058,250,15688.06,0.0,INR
PO03113,POL003113,V0466,2026-05-17,FAC-107,20,3576.83,0.18,INR
PO03114,POL003114,V0169,2026-03-09,IT -052,1,10982.11,0.12,INR
PO03115,POL003115,V0177,2026-06-20,UTI-058,10,4638.74,0.0,INR
PO03116,POL003116,V0041,2026-07-27,FAC-124,1,4710.25,0.18,INR
PO03117,POL003117,V0162,2026-04-09,PRO-155,100,3404.11,0.05,INR
PO03118,POL003118,V0159,2026-07-15,MAN-155,10,3366.35,0.05,INR
PO03119,POL003119,V0306,2026-07-19,PRO-093,500,37598.61,0.0,INR
PO03120,POL003120,V0487,2026-07-11,LOG-052,5,968.86,0.12,INR
PO03121,POL003121,V0284,2026-07-19,LOG-137,500,10714.05,0.0,INR
PO03122,POL003122,V0400,2026-01-29,MAN-086,10,755.67,0.05,INR
PO03123,POL003123,V0474,2026-04-12,OFF-022,5,1002.07,0.05,INR
PO03124,POL003124,V0412,2026-06-17,LOG-082,2,9304.55,0.05,INR
PO03125,POL003125,V0451,2026-02-24,IT -014,100,19816.24,0.18,INR
PO03126,POL003126,V0030,2026-04-30,IT -143,50,11850.54,0.18,INR
PO03127,POL003127,V0227,2026-01-10,FAC-007,10,1917.07,0.12,INR
PO03128,POL003128,V0106,2026-07-11,PRO-017,1,2081.13,0.05,INR
PO03129,POL003129,V0423,2026-01-01,IT -069,20,5960.97,0.05,INR
PO03130,POL003130,V0482,2026-01-09,IT -004,1,10421.03,0.0,INR
PO03131,POL003131,V0308,2026-07-29,MAR-129,250,8678.81,0.12,INR
PO03132,POL003132,V0471,2026-07-20,PRO-129,50,5944.52,0.12,INR
PO03133,POL003133,V0270,2026-05-30,IT -082,250,19691.85,0.0,INR
PO03134,POL003134,V0121,2026-01-21,LOG-149,2,9579.23,0.18,INR
PO03135,POL003135,V0098,2026-02-21,IT -160,100,7522.32,0.18,INR
PO03136,POL003136,V0287,2026-07-28,MAR-035,100,17328.76,0.12,INR
PO03137,POL003137,V0356,2026-01-07,MAR-037,10,3644.55,0.18,INR
PO03138,POL003138,V0022,2026-07-22,MAN-014,250,3473.02,0.0,INR
PO03139,POL003139,V0013,2026-04-02,FAC-084,2,2267.1,0.0,INR
PO03140,POL003140,V0297,2026-04-20,LOG-052,50,6222.87,0.12,INR
PO03141,POL003141,V0285,2026-03-17,IT -107,250,9797.57,0.05,INR
PO03142,POL003142,V0175,2026-02-11,FAC-071,5,5895.72,0.05,INR
PO03143,POL003143,V0366,2026-07-24,PRO-100,500,39803.17,0.18,INR
PO03144,POL003144,V0261,2026-01-22,PRO-027,250,36625.07,0.18,INR
PO03145,POL003145,V0463,2026-05-18,IT -034,500,23033.04,0.05,INR
PO03146,POL003146,V0156,2026-01-11,OFF-077,10,757.3,0.05,INR
PO03147,POL003147,V0015,2026-05-15,FAC-010,5,3601.85,0.12,INR
PO03148,POL003148,V0273,2026-01-05,FAC-140,100,985.57,0.0,INR
PO03149,POL003149,V0411,2026-07-14,OFF-149,5,253.5,0.0,INR
PO03150,POL003150,V0039,2026-07-01,IT -018,1,21586.8,0.12,INR
PO03151,POL003151,V0197,2026-03-08,MAR-089,5,10051.07,0.12,INR
PO03152,POL003152,V0357,2026-02-13,OFF-125,100,863.4,0.0,INR
PO03153,POL003153,V0070,2026-06-11,LOG-024,250,7826.08,0.05,INR
PO03154,POL003154,V0098,2026-06-30,IT -149,1,16839.25,0.12,INR
PO03155,POL003155,V0173,2026-01-17,UTI-150,5,1395.25,0.12,INR
PO03156,POL003156,V0371,2026-05-27,MAN-108,1,2697.49,0.0,INR
PO03157,POL003157,V0427,2026-04-04,PRO-108,100,29429.38,0.0,INR
PO03158,POL003158,V0398,2026-03-15,PRO-010,500,34560.24,0.0,INR
PO03159,POL003159,V0046,2026-06-08,OFF-081,250,1003.74,0.18,INR
PO03160,POL003160,V0041,2026-07-22,FAC-082,500,5656.59,0.18,INR
PO03161,POL003161,V0060,2026-02-18,MAR-070,5,7737.4,0.12,INR
PO03162,POL003162,V0406,2026-07-27,FAC-084,250,4401.2,0.0,INR
PO03163,POL003163,V0365,2026-07-19,MAR-066,250,12207.72,0.05,INR
PO03164,POL003164,V0411,2026-01-05,OFF-121,5,1945.93,0.12,INR
PO03165,POL003165,V0451,2026-01-23,IT -049,5,13277.49,0.18,INR
PO03166,POL003166,V0478,2026-06-10,UTI-105,10,2630.58,0.12,INR
PO03167,POL003167,V0101,2026-06-18,IT -067,10,10835.87,0.12,INR
PO03168,POL003168,V0164,2026-03-14,LOG-102,500,2561.65,0.18,INR
PO03169,POL003169,V0373,2026-05-15,IT -134,100,24024.77,0.0,INR
PO03170,POL003170,V0095,2026-01-29,IT -151,5,3462.58,0.0,INR
PO03171,POL003171,V0349,2026-07-03,UTI-038,10,3423.51,0.12,INR
PO03172,POL003172,V0296,2026-06-05,UTI-058,1,3571.12,0.12,INR
PO03173,POL003173,V0098,2026-04-16,IT -151,100,14578.89,0.05,INR
PO03174,POL003174,V0497,2026-05-04,LOG-116,500,8317.67,0.18,INR
PO03175,POL003175,V0455,2026-01-15,UTI-076,50,3862.78,0.0,INR
PO03176,POL003176,V0491,2026-01-16,PRO-036,5,38680.97,0.12,INR
PO03177,POL003177,V0035,2026-04-04,FAC-098,5,3346.87,0.0,INR
PO03178,POL003178,V0345,2026-05-09,UTI-149,2,1844.51,0.05,INR
PO03179,POL003179,V0279,2026-07-30,PRO-035,10,31369.2,0.05,INR
PO03180,POL003180,V0238,2026-07-07,MAN-028,500,3320.64,0.05,INR
PO03181,POL003181,V0157,2026-04-09,MAN-083,500,2281.83,0.12,INR
PO03182,POL003182,V0087,2026-02-10,OFF-069,5,1813.22,0.0,INR
PO03183,POL003183,V0466,2026-04-19,FAC-143,5,7800.5,0.05,INR
PO03184,POL003184,V0041,2026-05-11,FAC-113,5,610.36,0.12,INR
PO03185,POL003185,V0315,2026-01-22,UTI-142,10,2448.42,0.18,INR
PO03186,POL003186,V0482,2026-03-08,IT -052,100,22961.85,0.18,INR
PO03187,POL003187,V0162,2026-04-24,PRO-080,1,33380.57,0.12,INR
PO03188,POL003188,V0143,2026-07-12,FAC-017,500,5482.34,0.0,INR
PO03189,POL003189,V0213,2026-06-11,OFF-158,10,1608.59,0.18,INR
PO03190,POL003190,V0070,2026-03-26,LOG-040,20,11859.6,0.18,INR
PO03191,POL003191,V0299,2026-05-05,MAN-097,1,2564.48,0.18,INR
PO03192,POL003192,V0243,2026-07-07,MAN-017,2,652.61,0.12,INR
PO03193,POL003193,V0013,2026-05-23,FAC-082,2,3722.82,0.18,INR
PO03194,POL003194,V0493,2026-06-28,IT -102,1,22440.87,0.05,INR
PO03195,POL003195,V0335,2026-03-13,PRO-065,10,4200.79,0.12,INR
PO03196,POL003196,V0264,2026-06-19,UTI-087,5,4430.8,0.05,INR
PO03197,POL003197,V0226,2026-05-20,IT -082,10,6025.57,0.0,INR
PO03198,POL003198,V0124,2026-06-18,FAC-052,50,5800.37,0.18,INR
PO03199,POL003199,V0244,2026-01-23,PRO-134,250,19465.65,0.12,INR
PO03200,POL003200,V0331,2026-02-08,LOG-098,5,2708.7,0.0,INR
PO03201,POL003201,V0445,2026-04-21,IT -013,100,16214.58,0.05,INR
PO03202,POL003202,V0433,2026-05-04,OFF-068,100,1817.17,0.0,INR
PO03203,POL003203,V0172,2026-02-17,PRO-141,10,18441.35,0.18,INR
PO03204,POL003204,V0244,2026-03-01,PRO-072,100,25270.25,0.18,INR
PO03205,POL003205,V0084,2026-03-23,PRO-096,50,35165.82,0.0,INR
PO03206,POL003206,V0164,2026-03-04,LOG-064,5,1690.24,0.18,INR
PO03207,POL003207,V0097,2026-06-17,UTI-112,5,799.52,0.12,INR
PO03208,POL003208,V0250,2026-02-19,IT -075,20,8500.61,0.18,INR
PO03209,POL003209,V0236,2026-07-09,PRO-116,50,9080.3,0.18,INR
PO03210,POL003210,V0186,2026-03-16,IT -021,20,11533.85,0.12,INR
PO03211,POL003211,V0180,2026-02-22,FAC-078,20,1571.8,0.18,INR
PO03212,POL003212,V0070,2026-07-08,LOG-104,10,8102.05,0.05,INR
PO03213,POL003213,V0279,2026-05-27,PRO-001,500,16367.88,0.12,INR
PO03214,POL003214,V0183,2026-06-06,PRO-012,1,14559.33,0.12,INR
PO03215,POL003215,V0118,2026-04-04,LOG-140,5,5712.69,0.12,INR
PO03216,POL003216,V0122,2026-02-08,PRO-136,100,27151.93,0.18,INR
PO03217,POL003217,V0393,2026-04-27,UTI-097,100,4533.04,0.18,INR
PO03218,POL003218,V0151,2026-01-30,OFF-054,2,895.94,0.12,INR
PO03219,POL003219,V0458,2026-04-08,LOG-041,500,9050.94,0.18,INR
PO03220,POL003220,V0338,2026-01-27,OFF-131,1,601.38,0.18,INR
PO03221,POL003221,V0073,2026-02-26,UTI-032,5,3109.45,0.05,INR
PO03222,POL003222,V0352,2026-05-10,IT -145,500,16904.83,0.12,INR
PO03223,POL003223,V0362,2026-04-30,MAN-082,50,779.91,0.05,INR
PO03224,POL003224,V0043,2026-02-02,IT -095,250,20740.9,0.05,INR
PO03225,POL003225,V0303,2026-07-18,LOG-066,500,11384.49,0.18,INR
PO03226,POL003226,V0315,2026-05-05,UTI-069,250,2422.55,0.12,INR
PO03227,POL003227,V0368,2026-02-27,FAC-115,20,1615.56,0.12,INR
PO03228,POL003228,V0420,2026-04-01,FAC-095,100,2525.75,0.0,INR
PO03229,POL003229,V0178,2026-02-06,MAR-108,100,6365.94,0.18,INR
PO03230,POL003230,V0028,2026-05-01,OFF-159,5,1156.51,0.0,INR
PO03231,POL003231,V0263,2026-05-28,OFF-095,500,577.69,0.18,INR
PO03232,POL003232,V0413,2026-02-14,UTI-030,500,4514.95,0.12,INR
PO03233,POL003233,V0461,2026-05-16,OFF-010,50,970.59,0.18,INR
PO03234,POL003234,V0263,2026-06-05,OFF-008,1,842.39,0.12,INR
PO03235,POL003235,V0102,2026-03-06,PRO-081,1,5195.06,0.18,INR
PO03236,POL003236,V0353,2026-03-06,PRO-098,1,16092.09,0.05,INR
PO03237,POL003237,V0197,2026-05-31,MAR-046,1,1303.1,0.0,INR
PO03238,POL003238,V0443,2026-06-15,LOG-110,250,4343.48,0.05,INR
PO03239,POL003239,V0113,2026-04-07,FAC-104,250,6047.67,0.0,INR
PO03240,POL003240,V0230,2026-06-10,IT -141,500,23936.85,0.18,INR
PO03241,POL003241,V0308,2026-04-14,MAR-007,10,16378.84,0.0,INR
PO03242,POL003242,V0371,2026-02-23,MAN-067,50,1016.54,0.12,INR
PO03243,POL003243,V0254,2026-03-23,FAC-083,20,6306.73,0.18,INR
PO03244,POL003244,V0482,2026-02-24,IT -085,2,2116.53,0.12,INR
PO03245,POL003245,V0410,2026-02-03,UTI-063,50,203.24,0.05,INR
PO03246,POL003246,V0143,2026-01-09,FAC-084,20,4144.01,0.05,INR
PO03247,POL003247,V0467,2026-05-18,LOG-007,100,1386.43,0.12,INR
PO03248,POL003248,V0223,2026-01-16,OFF-115,50,1226.88,0.05,INR
PO03249,POL003249,V0432,2026-07-27,PRO-023,2,7345.06,0.18,INR
PO03250,POL003250,V0199,2026-04-23,IT -148,250,21118.32,0.12,INR
PO03251,POL003251,V0263,2026-04-20,OFF-110,500,754.13,0.12,INR
PO03252,POL003252,V0249,2026-02-05,LOG-050,5,618.42,0.05,INR
PO03253,POL003253,V0353,2026-02-08,PRO-060,5,12331.85,0.0,INR
PO03254,POL003254,V0474,2026-01-02,OFF-018,1,362.43,0.18,INR
PO03255,POL003255,V0109,2026-04-26,FAC-155,2,7220.02,0.18,INR
PO03256,POL003256,V0001,2026-02-06,PRO-005,2,37884.42,0.0,INR
PO03257,POL003257,V0419,2026-01-26,UTI-037,250,4926.57,0.18,INR
PO03258,POL003258,V0233,2026-01-26,OFF-084,250,1844.77,0.12,INR
PO03259,POL003259,V0026,2026-06-21,LOG-071,1,2998.41,0.0,INR
PO03260,POL003260,V0468,2026-04-19,MAR-017,500,5771.17,0.05,INR
PO03261,POL003261,V0267,2026-03-21,FAC-036,1,508.13,0.0,INR
PO03262,POL003262,V0312,2026-04-21,PRO-053,50,22395.29,0.05,INR
PO03263,POL003263,V0091,2026-06-03,FAC-123,500,4425.91,0.18,INR
PO03264,POL003264,V0094,2026-02-22,MAN-135,100,1417.56,0.18,INR
PO03265,POL003265,V0180,2026-02-01,FAC-137,2,6334.06,0.05,INR
PO03266,POL003266,V0268,2026-03-21,OFF-156,1,1902.21,0.18,INR
PO03267,POL003267,V0073,2026-04-26,UTI-027,100,3060.86,0.0,INR
PO03268,POL003268,V0049,2026-03-21,MAR-075,2,11380.4,0.12,INR
PO03269,POL003269,V0310,2026-02-24,LOG-016,10,11511.54,0.05,INR
PO03270,POL003270,V0453,2026-02-28,UTI-127,2,4536.18,0.18,INR
PO03271,POL003271,V0102,2026-02-26,PRO-030,50,4064.85,0.18,INR
PO03272,POL003272,V0156,2026-05-31,OFF-047,2,1776.5,0.05,INR
PO03273,POL003273,V0305,2026-07-19,IT -061,20,23631.08,0.12,INR
PO03274,POL003274,V0134,2026-05-22,MAR-054,50,729.96,0.0,INR
PO03275,POL003275,V0355,2026-03-30,PRO-121,250,34153.67,0.0,INR
PO03276,POL003276,V0366,2026-03-24,PRO-028,2,6858.66,0.18,INR
PO03277,POL003277,V0026,2026-03-01,LOG-053,10,9156.87,0.12,INR
PO03278,POL003278,V0354,2026-07-06,IT -117,5,14374.77,0.18,INR
PO03279,POL003279,V0386,2026-03-11,MAN-160,1,2092.91,0.05,INR
PO03280,POL003280,V0491,2026-03-26,PRO-137,250,14051.75,0.12,INR
PO03281,POL003281,V0249,2026-05-20,LOG-109,5,3137.19,0.05,INR
PO03282,POL003282,V0239,2026-05-27,OFF-048,5,1442.58,0.05,INR
PO03283,POL003283,V0312,2026-07-05,PRO-018,50,6979.17,0.0,INR
PO03284,POL003284,V0413,2026-02-20,UTI-011,2,4480.25,0.18,INR
PO03285,POL003285,V0333,2026-06-11,FAC-102,50,1762.67,0.18,INR
PO03286,POL003286,V0156,2026-05-15,OFF-074,20,800.5,0.12,INR
PO03287,POL003287,V0364,2026-02-10,OFF-002,2,770.09,0.12,INR
PO03288,POL003288,V0130,2026-07-06,PRO-059,10,15095.57,0.0,INR
PO03289,POL003289,V0458,2026-01-28,LOG-037,250,11485.66,0.12,INR
PO03290,POL003290,V0039,2026-05-27,IT -025,20,22587.8,0.18,INR
PO03291,POL003291,V0229,2026-04-04,OFF-123,2,505.52,0.05,INR
PO03292,POL003292,V0325,2026-04-22,MAR-072,10,1038.78,0.12,INR
PO03293,POL003293,V0130,2026-04-13,PRO-157,50,7542.37,0.18,INR
PO03294,POL003294,V0453,2026-02-18,UTI-025,2,3135.32,0.12,INR
PO03295,POL003295,V0062,2026-07-09,UTI-002,5,4073.66,0.0,INR
PO03296,POL003296,V0430,2026-04-29,PRO-160,50,6621.78,0.18,INR
PO03297,POL003297,V0059,2026-07-02,IT -020,20,18109.16,0.0,INR
PO03298,POL003298,V0453,2026-02-23,UTI-059,500,1009.77,0.18,INR
PO03299,POL003299,V0390,2026-03-27,IT -127,500,18542.69,0.12,INR
PO03300,POL003300,V0101,2026-05-13,IT -079,2,8348.55,0.0,INR
PO03301,POL003301,V0154,2026-03-17,LOG-083,250,9531.53,0.12,INR
PO03302,POL003302,V0427,2026-06-19,PRO-103,5,24877.01,0.0,INR
PO03303,POL003303,V0163,2026-06-01,LOG-041,1,4294.75,0.18,INR
PO03304,POL003304,V0167,2026-03-18,IT -039,100,13361.73,0.05,INR
PO03305,POL003305,V0367,2026-05-23,IT -138,50,9258.44,0.12,INR
PO03306,POL003306,V0239,2026-01-28,OFF-131,10,847.95,0.12,INR
PO03307,POL003307,V0095,2026-04-09,IT -146,1,17333.14,0.12,INR
PO03308,POL003308,V0360,2026-07-25,FAC-040,10,1866.32,0.0,INR
PO03309,POL003309,V0249,2026-04-13,LOG-137,100,4269.48,0.18,INR
PO03310,POL003310,V0359,2026-06-16,IT -062,1,17353.83,0.05,INR
PO03311,POL003311,V0469,2026-07-16,LOG-017,1,7022.02,0.18,INR
PO03312,POL003312,V0213,2026-03-13,OFF-018,20,753.57,0.05,INR
PO03313,POL003313,V0466,2026-07-26,FAC-116,250,1748.97,0.05,INR
PO03314,POL003314,V0358,2026-04-12,OFF-049,250,230.65,0.18,INR
PO03315,POL003315,V0398,2026-05-10,PRO-059,250,35604.24,0.0,INR
PO03316,POL003316,V0195,2026-07-20,FAC-049,20,3809.16,0.05,INR
PO03317,POL003317,V0070,2026-03-10,LOG-141,2,3428.62,0.05,INR
PO03318,POL003318,V0335,2026-07-23,PRO-137,250,30463.68,0.0,INR
PO03319,POL003319,V0401,2026-06-14,LOG-152,1,5774.9,0.0,INR
PO03320,POL003320,V0079,2026-05-25,LOG-045,100,3657.59,0.12,INR
PO03321,POL003321,V0241,2026-04-19,UTI-091,2,1909.87,0.18,INR
PO03322,POL003322,V0357,2026-03-22,OFF-062,500,127.94,0.05,INR
PO03323,POL003323,V0403,2026-01-14,OFF-123,100,788.14,0.18,INR
PO03324,POL003324,V0274,2026-06-15,MAN-026,1,3185.64,0.05,INR
PO03325,POL003325,V0099,2026-06-04,PRO-045,50,8925.09,0.12,INR
PO03326,POL003326,V0453,2026-01-18,UTI-106,100,4537.85,0.18,INR
PO03327,POL003327,V0428,2026-06-24,LOG-043,2,4390.9,0.05,INR
PO03328,POL003328,V0450,2026-07-22,FAC-061,500,5329.77,0.0,INR
PO03329,POL003329,V0084,2026-01-17,PRO-045,100,3244.99,0.05,INR
PO03330,POL003330,V0415,2026-02-05,MAR-028,5,12526.67,0.12,INR
PO03331,POL003331,V0409,2026-01-13,IT -026,20,19304.26,0.18,INR
PO03332,POL003332,V0391,2026-06-13,MAN-098,20,1952.03,0.12,INR
PO03333,POL003333,V0077,2026-04-05,MAR-097,2,14925.97,0.18,INR
PO03334,POL003334,V0267,2026-03-23,FAC-071,1,2445.63,0.0,INR
PO03335,POL003335,V0454,2026-03-29,IT -015,20,1962.74,0.05,INR
PO03336,POL003336,V0445,2026-05-15,IT -108,2,22649.17,0.0,INR
PO03337,POL003337,V0142,2026-05-05,UTI-144,500,1518.11,0.05,INR
PO03338,POL003338,V0260,2026-06-07,OFF-001,20,1531.23,0.0,INR
PO03339,POL003339,V0416,2026-02-15,IT -043,1,19973.88,0.12,INR
PO03340,POL003340,V0424,2026-06-02,MAN-151,50,2051.25,0.05,INR
PO03341,POL003341,V0121,2026-01-10,LOG-119,50,1584.46,0.12,INR
PO03342,POL003342,V0395,2026-05-22,MAN-039,5,3451.43,0.0,INR
PO03343,POL003343,V0114,2026-05-21,IT -056,20,24142.71,0.0,INR
PO03344,POL003344,V0220,2026-07-22,MAN-111,500,3412.39,0.12,INR
PO03345,POL003345,V0401,2026-04-19,LOG-080,5,7307.49,0.12,INR
PO03346,POL003346,V0332,2026-04-16,OFF-028,50,757.21,0.12,INR
PO03347,POL003347,V0229,2026-01-13,OFF-008,1,103.7,0.0,INR
PO03348,POL003348,V0477,2026-02-07,MAN-001,2,952.02,0.12,INR
PO03349,POL003349,V0272,2026-03-05,UTI-132,1,2332.43,0.05,INR
PO03350,POL003350,V0060,2026-05-29,MAR-038,2,7665.94,0.18,INR
PO03351,POL003351,V0035,2026-02-06,FAC-050,100,6348.99,0.18,INR
PO03352,POL003352,V0366,2026-03-20,PRO-132,20,10659.79,0.05,INR
PO03353,POL003353,V0135,2026-05-27,MAR-075,5,2872.09,0.12,INR
PO03354,POL003354,V0229,2026-05-08,OFF-053,1,1374.07,0.0,INR
PO03355,POL003355,V0138,2026-01-20,OFF-090,250,1446.72,0.18,INR
PO03356,POL003356,V0453,2026-04-22,UTI-025,5,4824.79,0.12,INR
PO03357,POL003357,V0470,2026-06-22,FAC-088,20,7482.19,0.05,INR
PO03358,POL003358,V0001,2026-05-22,PRO-018,20,30278.62,0.12,INR
PO03359,POL003359,V0262,2026-04-05,PRO-048,10,27058.23,0.12,INR
PO03360,POL003360,V0467,2026-04-26,LOG-149,1,3787.03,0.12,INR
PO03361,POL003361,V0498,2026-05-25,MAN-119,100,814.69,0.12,INR
PO03362,POL003362,V0189,2026-04-17,OFF-097,100,1902.69,0.12,INR
PO03363,POL003363,V0105,2026-04-17,PRO-013,10,12379.96,0.12,INR
PO03364,POL003364,V0425,2026-02-01,OFF-029,2,948.42,0.12,INR
PO03365,POL003365,V0452,2026-06-16,FAC-157,250,1824.06,0.05,INR
PO03366,POL003366,V0429,2026-02-05,PRO-102,2,35962.9,0.0,INR
PO03367,POL003367,V0071,2026-07-14,MAR-005,100,1475.75,0.18,INR
PO03368,POL003368,V0237,2026-05-16,PRO-036,50,38666.55,0.0,INR
PO03369,POL003369,V0328,2026-03-25,PRO-102,50,26552.17,0.0,INR
PO03370,POL003370,V0101,2026-07-26,IT -071,1,16597.04,0.18,INR
PO03371,POL003371,V0344,2026-07-29,UTI-083,2,3657.49,0.05,INR
PO03372,POL003372,V0383,2026-04-03,PRO-128,250,9408.81,0.18,INR
PO03373,POL003373,V0214,2026-07-06,FAC-114,100,4726.25,0.12,INR
PO03374,POL003374,V0346,2026-07-26,OFF-132,2,1505.14,0.0,INR
PO03375,POL003375,V0318,2026-04-22,IT -136,250,14569.37,0.0,INR
PO03376,POL003376,V0121,2026-06-13,LOG-143,20,2594.81,0.12,INR
PO03377,POL003377,V0210,2026-03-17,MAR-077,5,802.73,0.05,INR
PO03378,POL003378,V0265,2026-04-10,MAN-082,5,2007.76,0.12,INR
PO03379,POL003379,V0405,2026-06-22,FAC-025,5,6413.32,0.18,INR
PO03380,POL003380,V0038,2026-05-09,MAR-087,1,14909.88,0.05,INR
PO03381,POL003381,V0083,2026-05-14,FAC-048,100,5910.67,0.05,INR
PO03382,POL003382,V0439,2026-03-12,PRO-136,250,39340.79,0.05,INR
PO03383,POL003383,V0157,2026-02-04,MAN-056,50,2275.23,0.05,INR
PO03384,POL003384,V0155,2026-05-11,IT -070,20,1912.31,0.12,INR
PO03385,POL003385,V0305,2026-06-15,IT -132,1,24071.0,0.12,INR
PO03386,POL003386,V0074,2026-01-17,MAN-089,250,2042.38,0.18,INR
PO03387,POL003387,V0262,2026-07-14,PRO-005,50,39754.02,0.05,INR
PO03388,POL003388,V0224,2026-03-30,MAN-094,10,1925.38,0.18,INR
PO03389,POL003389,V0220,2026-01-25,MAN-158,50,1282.87,0.12,INR
PO03390,POL003390,V0228,2026-06-14,PRO-020,5,11136.5,0.05,INR
PO03391,POL003391,V0373,2026-03-19,IT -094,500,9840.46,0.18,INR
PO03392,POL003392,V0255,2026-06-03,LOG-031,10,7997.7,0.18,INR
PO03393,POL003393,V0038,2026-04-26,MAR-058,500,17159.71,0.0,INR
PO03394,POL003394,V0398,2026-05-30,PRO-047,1,29515.59,0.0,INR
PO03395,POL003395,V0418,2026-02-09,OFF-146,1,1790.98,0.12,INR
PO03396,POL003396,V0239,2026-04-28,OFF-142,500,1067.38,0.05,INR
PO03397,POL003397,V0030,2026-07-16,IT -120,2,3906.4,0.0,INR
PO03398,POL003398,V0061,2026-05-04,OFF-160,50,92.66,0.0,INR
PO03399,POL003399,V0225,2026-06-15,FAC-150,2,3750.74,0.0,INR
PO03400,POL003400,V0154,2026-04-14,LOG-087,500,1446.99,0.18,INR
PO03401,POL003401,V0451,2026-03-30,IT -028,1,11449.16,0.18,INR
PO03402,POL003402,V0035,2026-03-03,FAC-148,20,6609.59,0.18,INR
PO03403,POL003403,V0448,2026-05-12,IT -114,50,22993.73,0.18,INR
PO03404,POL003404,V0059,2026-04-23,IT -140,2,19160.25,0.18,INR
PO03405,POL003405,V0012,2026-02-11,MAN-003,50,2086.91,0.18,INR
PO03406,POL003406,V0155,2026-05-31,IT -028,10,6957.57,0.12,INR
PO03407,POL003407,V0478,2026-06-08,UTI-087,10,2018.54,0.05,INR
PO03408,POL003408,V0140,2026-05-14,OFF-072,500,966.57,0.05,INR
PO03409,POL003409,V0373,2026-07-02,IT -039,5,4114.74,0.12,INR
PO03410,POL003410,V0345,2026-03-04,UTI-056,20,2352.02,0.12,INR
PO03411,POL003411,V0463,2026-02-14,IT -125,20,16252.71,0.18,INR
PO03412,POL003412,V0406,2026-03-27,FAC-091,1,6300.29,0.18,INR
PO03413,POL003413,V0102,2026-02-11,PRO-063,1,34596.25,0.0,INR
PO03414,POL003414,V0118,2026-05-04,LOG-157,250,4420.05,0.0,INR
PO03415,POL003415,V0171,2026-05-30,MAN-105,250,1783.1,0.18,INR
PO03416,POL003416,V0171,2026-02-07,MAN-069,2,164.18,0.05,INR
PO03417,POL003417,V0361,2026-06-12,MAR-123,250,16626.45,0.05,INR
PO03418,POL003418,V0039,2026-05-02,IT -016,250,22438.83,0.0,INR
PO03419,POL003419,V0305,2026-07-10,IT -076,5,15289.3,0.05,INR
PO03420,POL003420,V0270,2026-04-14,IT -027,100,20888.48,0.12,INR
PO03421,POL003421,V0056,2026-05-27,MAN-075,50,309.73,0.0,INR
PO03422,POL003422,V0228,2026-01-26,PRO-116,20,11100.25,0.12,INR
PO03423,POL003423,V0237,2026-04-21,PRO-052,250,20393.21,0.0,INR
PO03424,POL003424,V0249,2026-07-04,LOG-137,1,5685.78,0.05,INR
PO03425,POL003425,V0379,2026-06-29,MAN-154,1,1513.14,0.18,INR
PO03426,POL003426,V0109,2026-07-07,FAC-099,100,2809.36,0.05,INR
PO03427,POL003427,V0407,2026-03-25,MAR-118,50,14432.15,0.0,INR
PO03428,POL003428,V0286,2026-01-12,OFF-054,250,1061.78,0.12,INR
PO03429,POL003429,V0077,2026-03-07,MAR-110,20,14865.15,0.18,INR
PO03430,POL003430,V0465,2026-06-16,MAN-120,2,2878.52,0.18,INR
PO03431,POL003431,V0416,2026-07-13,IT -036,10,4426.92,0.12,INR
PO03432,POL003432,V0080,2026-06-22,PRO-139,100,14019.72,0.0,INR
PO03433,POL003433,V0425,2026-02-18,OFF-136,250,688.19,0.12,INR
PO03434,POL003434,V0261,2026-07-11,PRO-009,10,36426.88,0.12,INR
PO03435,POL003435,V0250,2026-05-23,IT -138,1,1531.67,0.12,INR
PO03436,POL003436,V0016,2026-03-19,LOG-084,500,9302.25,0.18,INR
PO03437,POL003437,V0455,2026-05-30,UTI-151,250,4606.03,0.12,INR
PO03438,POL003438,V0114,2026-02-22,IT -147,10,14941.2,0.12,INR
PO03439,POL003439,V0379,2026-07-15,MAN-111,50,704.91,0.05,INR
PO03440,POL003440,V0045,2026-03-29,MAN-001,10,1583.07,0.05,INR
PO03441,POL003441,V0047,2026-04-13,MAN-106,1,382.0,0.18,INR
PO03442,POL003442,V0500,2026-02-13,UTI-124,100,3309.29,0.12,INR
PO03443,POL003443,V0319,2026-04-21,FAC-010,100,5750.0,0.12,INR
PO03444,POL003444,V0312,2026-06-29,PRO-022,100,16322.02,0.0,INR
PO03445,POL003445,V0455,2026-07-29,UTI-018,5,1954.27,0.0,INR
PO03446,POL003446,V0235,2026-07-19,UTI-108,2,2044.56,0.18,INR
PO03447,POL003447,V0279,2026-02-03,PRO-024,10,14925.27,0.12,INR
PO03448,POL003448,V0285,2026-05-03,IT -023,5,23159.44,0.12,INR
PO03449,POL003449,V0032,2026-07-10,MAN-140,250,1355.5,0.0,INR
PO03450,POL003450,V0198,2026-01-23,MAR-084,500,15470.9,0.05,INR
PO03451,POL003451,V0283,2026-04-28,UTI-083,50,386.41,0.05,INR
PO03452,POL003452,V0131,2026-04-04,FAC-041,10,7468.67,0.0,INR
PO03453,POL003453,V0169,2026-05-22,IT -134,2,14016.97,0.18,INR
PO03454,POL003454,V0439,2026-04-10,PRO-034,20,2367.5,0.0,INR
PO03455,POL003455,V0153,2026-03-11,LOG-027,1,1492.21,0.18,INR
PO03456,POL003456,V0241,2026-03-08,UTI-139,2,1186.75,0.12,INR
PO03457,POL003457,V0362,2026-02-19,MAN-039,2,1430.43,0.05,INR
PO03458,POL003458,V0257,2026-04-15,PRO-049,20,15355.07,0.12,INR
PO03459,POL003459,V0101,2026-02-17,IT -042,100,14115.35,0.05,INR
PO03460,POL003460,V0032,2026-02-26,MAN-149,50,1995.71,0.12,INR
PO03461,POL003461,V0081,2026-04-30,PRO-037,500,7443.99,0.18,INR
PO03462,POL003462,V0342,2026-02-13,UTI-017,250,3757.67,0.12,INR
PO03463,POL003463,V0268,2026-07-14,OFF-126,20,286.06,0.0,INR
PO03464,POL003464,V0443,2026-03-14,LOG-079,10,3708.29,0.12,INR
PO03465,POL003465,V0310,2026-04-08,LOG-150,1,2997.07,0.0,INR
PO03466,POL003466,V0033,2026-01-09,FAC-007,20,5712.72,0.05,INR
PO03467,POL003467,V0175,2026-01-25,FAC-074,50,4275.75,0.12,INR
PO03468,POL003468,V0429,2026-05-05,PRO-041,50,20601.12,0.18,INR
PO03469,POL003469,V0290,2026-05-25,MAR-038,100,3993.06,0.12,INR
PO03470,POL003470,V0401,2026-01-13,LOG-094,10,7511.27,0.12,INR
PO03471,POL003471,V0273,2026-07-13,FAC-152,20,1293.21,0.18,INR
PO03472,POL003472,V0286,2026-07-09,OFF-002,1,505.84,0.12,INR
PO03473,POL003473,V0117,2026-03-04,OFF-090,250,912.67,0.05,INR
PO03474,POL003474,V0225,2026-04-29,FAC-080,20,5717.49,0.12,INR
PO03475,POL003475,V0059,2026-04-07,IT -118,100,10186.79,0.18,INR
PO03476,POL003476,V0015,2026-05-03,FAC-119,100,1650.54,0.12,INR
PO03477,POL003477,V0084,2026-03-09,PRO-064,250,39445.23,0.05,INR
PO03478,POL003478,V0485,2026-06-21,OFF-011,10,1682.8,0.12,INR
PO03479,POL003479,V0155,2026-01-08,IT -091,50,10243.66,0.18,INR
PO03480,POL003480,V0362,2026-06-15,MAN-088,10,343.9,0.05,INR
PO03481,POL003481,V0067,2026-01-07,OFF-150,250,108.29,0.12,INR
PO03482,POL003482,V0096,2026-03-10,OFF-075,250,1867.81,0.12,INR
PO03483,POL003483,V0251,2026-06-10,IT -101,2,22418.44,0.05,INR
PO03484,POL003484,V0004,2026-01-24,UTI-120,10,3499.47,0.05,INR
PO03485,POL003485,V0259,2026-03-20,LOG-119,10,11838.24,0.0,INR
PO03486,POL003486,V0416,2026-02-19,IT -062,1,19889.1,0.18,INR
PO03487,POL003487,V0209,2026-07-19,IT -013,20,6480.09,0.0,INR
PO03488,POL003488,V0342,2026-03-16,UTI-076,100,3886.96,0.18,INR
PO03489,POL003489,V0308,2026-04-03,MAR-125,5,900.31,0.05,INR
PO03490,POL003490,V0250,2026-05-31,IT -056,20,22506.14,0.18,INR
PO03491,POL003491,V0250,2026-07-26,IT -089,5,22093.37,0.12,INR
PO03492,POL003492,V0316,2026-01-11,MAR-121,50,9019.0,0.05,INR
PO03493,POL003493,V0408,2026-05-05,FAC-053,500,5281.92,0.12,INR
PO03494,POL003494,V0161,2026-06-11,IT -143,1,11761.7,0.18,INR
PO03495,POL003495,V0079,2026-06-10,LOG-132,250,1882.55,0.0,INR
PO03496,POL003496,V0386,2026-03-02,MAN-004,500,214.62,0.18,INR
PO03497,POL003497,V0138,2026-04-01,OFF-115,250,183.51,0.18,INR
PO03498,POL003498,V0323,2026-06-02,FAC-135,20,2504.72,0.05,INR
PO03499,POL003499,V0081,2026-01-02,PRO-103,500,10373.54,0.12,INR
PO03500,POL003500,V0103,2026-07-17,OFF-110,10,59.08,0.18,INR
PO03501,POL003501,V0386,2026-01-20,MAN-084,10,2600.42,0.0,INR
PO03502,POL003502,V0166,2026-05-18,MAR-139,500,11769.39,0.12,INR
PO03503,POL003503,V0360,2026-02-26,FAC-011,500,1993.02,0.0,INR
PO03504,POL003504,V0013,2026-05-28,FAC-157,100,4165.73,0.0,INR
PO03505,POL003505,V0180,2026-04-05,FAC-031,20,4141.55,0.12,INR
PO03506,POL003506,V0193,2026-02-01,PRO-023,2,33971.37,0.12,INR
PO03507,POL003507,V0127,2026-01-21,LOG-044,50,4383.08,0.12,INR
PO03508,POL003508,V0365,2026-03-07,MAR-032,5,3980.78,0.18,INR
PO03509,POL003509,V0167,2026-03-05,IT -013,500,6865.54,0.0,INR
PO03510,POL003510,V0022,2026-04-11,MAN-134,10,2174.9,0.05,INR
PO03511,POL003511,V0214,2026-03-09,FAC-008,500,7910.53,0.05,INR
PO03512,POL003512,V0432,2026-01-09,PRO-072,20,34386.88,0.12,INR
PO03513,POL003513,V0035,2026-07-28,FAC-039,20,1123.52,0.05,INR
PO03514,POL003514,V0262,2026-06-06,PRO-105,500,7403.68,0.0,INR
PO03515,POL003515,V0353,2026-05-20,PRO-080,500,20896.0,0.18,INR
PO03516,POL003516,V0041,2026-05-18,FAC-076,50,5612.74,0.12,INR
PO03517,POL003517,V0064,2026-06-16,OFF-142,50,1557.81,0.18,INR
PO03518,POL003518,V0253,2026-03-10,PRO-098,5,31158.99,0.12,INR
PO03519,POL003519,V0023,2026-02-28,PRO-023,50,28110.19,0.05,INR
PO03520,POL003520,V0282,2026-05-17,FAC-067,1,2717.02,0.0,INR
PO03521,POL003521,V0021,2026-07-12,LOG-080,5,2886.29,0.05,INR
PO03522,POL003522,V0066,2026-02-26,UTI-100,1,4413.78,0.0,INR
PO03523,POL003523,V0104,2026-03-05,OFF-049,1,1083.24,0.12,INR
PO03524,POL003524,V0020,2026-04-04,MAN-105,5,3330.27,0.05,INR
PO03525,POL003525,V0439,2026-01-02,PRO-119,100,9692.98,0.12,INR
PO03526,POL003526,V0340,2026-03-11,MAR-149,100,12077.03,0.18,INR
PO03527,POL003527,V0216,2026-01-30,UTI-108,20,2755.47,0.12,INR
PO03528,POL003528,V0116,2026-02-22,LOG-091,1,5989.79,0.0,INR
PO03529,POL003529,V0075,2026-07-13,MAN-041,2,3239.22,0.05,INR
PO03530,POL003530,V0154,2026-06-25,LOG-005,1,10034.21,0.0,INR
PO03531,POL003531,V0230,2026-06-20,IT -148,250,4722.65,0.05,INR
PO03532,POL003532,V0226,2026-05-26,IT -022,2,23047.77,0.12,INR
PO03533,POL003533,V0417,2026-06-12,OFF-105,250,1782.08,0.18,INR
PO03534,POL003534,V0321,2026-03-06,PRO-080,1,39477.18,0.0,INR
PO03535,POL003535,V0111,2026-01-02,PRO-123,1,19836.01,0.18,INR
PO03536,POL003536,V0219,2026-05-18,MAN-075,10,436.73,0.05,INR
PO03537,POL003537,V0150,2026-06-05,OFF-098,1,459.63,0.05,INR
PO03538,POL003538,V0371,2026-06-27,MAN-158,5,345.3,0.0,INR
PO03539,POL003539,V0215,2026-05-04,OFF-128,250,1934.32,0.05,INR
PO03540,POL003540,V0309,2026-06-06,UTI-055,50,1231.92,0.12,INR
PO03541,POL003541,V0103,2026-01-05,OFF-127,5,421.49,0.05,INR
PO03542,POL003542,V0138,2026-06-28,OFF-151,50,1890.4,0.0,INR
PO03543,POL003543,V0470,2026-01-26,FAC-074,250,5913.72,0.05,INR
PO03544,POL003544,V0434,2026-05-25,UTI-063,20,215.53,0.05,INR
PO03545,POL003545,V0326,2026-05-26,PRO-070,5,35518.4,0.0,INR
PO03546,POL003546,V0413,2026-06-09,UTI-054,1,1404.85,0.05,INR
PO03547,POL003547,V0003,2026-03-27,LOG-131,1,1592.39,0.18,INR
PO03548,POL003548,V0369,2026-03-20,IT -112,20,3545.22,0.0,INR
PO03549,POL003549,V0483,2026-03-02,LOG-135,10,10527.51,0.12,INR
PO03550,POL003550,V0408,2026-03-17,FAC-097,5,6210.06,0.05,INR
PO03551,POL003551,V0062,2026-04-11,UTI-044,20,3572.64,0.12,INR
PO03552,POL003552,V0459,2026-05-07,OFF-152,5,1956.32,0.12,INR
PO03553,POL003553,V0015,2026-05-01,FAC-089,500,7142.45,0.12,INR
PO03554,POL003554,V0440,2026-02-14,PRO-136,500,29652.97,0.12,INR
PO03555,POL003555,V0458,2026-01-25,LOG-034,5,5643.76,0.12,INR
PO03556,POL003556,V0455,2026-03-22,UTI-132,250,1925.76,0.18,INR
PO03557,POL003557,V0439,2026-02-09,PRO-054,1,21810.01,0.0,INR
PO03558,POL003558,V0062,2026-06-18,UTI-096,1,399.51,0.05,INR
PO03559,POL003559,V0349,2026-03-09,UTI-074,2,2686.74,0.05,INR
PO03560,POL003560,V0049,2026-04-06,MAR-045,2,4050.77,0.18,INR
PO03561,POL003561,V0075,2026-06-21,MAN-128,100,170.08,0.18,INR
PO03562,POL003562,V0383,2026-06-22,PRO-014,1,3172.44,0.0,INR
PO03563,POL003563,V0273,2026-01-02,FAC-054,250,5036.41,0.18,INR
PO03564,POL003564,V0338,2026-02-02,OFF-135,1,761.67,0.05,INR
PO03565,POL003565,V0238,2026-05-23,MAN-145,5,2907.55,0.05,INR
PO03566,POL003566,V0263,2026-03-30,OFF-123,10,1279.05,0.12,INR
PO03567,POL003567,V0456,2026-04-30,IT -158,100,10260.51,0.0,INR
PO03568,POL003568,V0406,2026-03-26,FAC-064,250,4589.79,0.18,INR
PO03569,POL003569,V0316,2026-04-11,MAR-031,20,14168.92,0.0,INR
PO03570,POL003570,V0386,2026-05-14,MAN-115,1,309.84,0.05,INR
PO03571,POL003571,V0454,2026-06-22,IT -125,10,21176.68,0.18,INR
PO03572,POL003572,V0391,2026-06-03,MAN-144,2,2929.27,0.05,INR
PO03573,POL003573,V0482,2026-01-27,IT -142,10,5202.88,0.0,INR
PO03574,POL003574,V0352,2026-06-25,IT -060,2,11295.92,0.18,INR
PO03575,POL003575,V0317,2026-04-08,IT -152,20,2115.98,0.18,INR
PO03576,POL003576,V0418,2026-06-02,OFF-098,20,55.96,0.05,INR
PO03577,POL003577,V0160,2026-05-17,LOG-007,100,3846.73,0.0,INR
PO03578,POL003578,V0046,2026-07-18,OFF-040,2,1393.18,0.05,INR
PO03579,POL003579,V0065,2026-01-23,MAR-034,1,11619.21,0.05,INR
PO03580,POL003580,V0411,2026-04-14,OFF-107,5,765.04,0.12,INR
PO03581,POL003581,V0237,2026-05-10,PRO-081,10,16533.76,0.12,INR
PO03582,POL003582,V0070,2026-03-12,LOG-028,100,4054.79,0.18,INR
PO03583,POL003583,V0157,2026-05-28,MAN-145,20,2503.27,0.18,INR
PO03584,POL003584,V0031,2026-06-08,IT -100,20,19238.36,0.05,INR
PO03585,POL003585,V0051,2026-01-23,LOG-135,5,9312.96,0.12,INR
PO03586,POL003586,V0004,2026-03-06,UTI-141,100,1044.48,0.05,INR
PO03587,POL003587,V0078,2026-06-06,PRO-119,50,30105.38,0.05,INR
PO03588,POL003588,V0476,2026-06-25,PRO-156,50,21783.94,0.05,INR
PO03589,POL003589,V0309,2026-01-23,UTI-137,20,3827.42,0.12,INR
PO03590,POL003590,V0098,2026-04-19,IT -109,1,10315.27,0.05,INR
PO03591,POL003591,V0015,2026-02-03,FAC-152,250,2577.2,0.18,INR
PO03592,POL003592,V0316,2026-07-22,MAR-009,20,4127.74,0.12,INR
PO03593,POL003593,V0485,2026-06-09,OFF-149,50,923.41,0.05,INR
PO03594,POL003594,V0420,2026-05-21,FAC-156,100,5528.3,0.12,INR
PO03595,POL003595,V0185,2026-03-26,MAR-115,1,15417.6,0.12,INR
PO03596,POL003596,V0069,2026-01-17,LOG-154,1,6774.81,0.18,INR
PO03597,POL003597,V0442,2026-05-18,UTI-142,20,1921.48,0.05,INR
PO03598,POL003598,V0328,2026-05-16,PRO-088,20,20505.62,0.0,INR
PO03599,POL003599,V0485,2026-05-17,OFF-099,1,1391.33,0.18,INR
PO03600,POL003600,V0373,2026-03-09,IT -087,1,12826.55,0.12,INR
PO03601,POL003601,V0447,2026-05-28,OFF-030,10,1162.24,0.05,INR
PO03602,POL003602,V0154,2026-06-08,LOG-123,1,8420.47,0.0,INR
PO03603,POL003603,V0335,2026-04-19,PRO-067,2,33263.51,0.18,INR
PO03604,POL003604,V0094,2026-07-28,MAN-092,50,1258.08,0.12,INR
PO03605,POL003605,V0242,2026-03-19,PRO-077,1,23221.8,0.05,INR
PO03606,POL003606,V0256,2026-07-01,UTI-066,1,4686.39,0.0,INR
PO03607,POL003607,V0344,2026-05-19,UTI-053,20,646.13,0.0,INR
PO03608,POL003608,V0332,2026-07-02,OFF-097,50,1668.52,0.0,INR
PO03609,POL003609,V0070,2026-01-11,LOG-099,1,11311.83,0.12,INR
PO03610,POL003610,V0166,2026-02-23,MAR-125,100,13554.42,0.0,INR
PO03611,POL003611,V0125,2026-01-30,LOG-084,50,4004.31,0.05,INR
PO03612,POL003612,V0089,2026-05-11,PRO-130,250,8971.01,0.05,INR
PO03613,POL003613,V0287,2026-06-12,MAR-112,100,7028.29,0.0,INR
PO03614,POL003614,V0497,2026-05-21,LOG-043,2,10187.87,0.05,INR
PO03615,POL003615,V0464,2026-01-05,OFF-072,50,1519.46,0.18,INR
PO03616,POL003616,V0209,2026-05-14,IT -029,1,23892.43,0.05,INR
PO03617,POL003617,V0097,2026-05-27,UTI-138,100,2974.32,0.18,INR
PO03618,POL003618,V0396,2026-05-30,FAC-132,2,3894.45,0.12,INR
PO03619,POL003619,V0035,2026-02-21,FAC-046,20,6820.86,0.12,INR
PO03620,POL003620,V0047,2026-05-11,MAN-056,500,3144.63,0.12,INR
PO03621,POL003621,V0377,2026-05-21,MAN-029,250,2825.72,0.05,INR
PO03622,POL003622,V0065,2026-04-21,MAR-016,5,5283.05,0.12,INR
PO03623,POL003623,V0360,2026-01-11,FAC-070,2,2737.84,0.0,INR
PO03624,POL003624,V0378,2026-02-21,IT -083,20,18540.51,0.18,INR
PO03625,POL003625,V0333,2026-03-11,FAC-069,2,6346.41,0.0,INR
PO03626,POL003626,V0012,2026-03-05,MAN-098,2,3045.77,0.12,INR
PO03627,POL003627,V0381,2026-04-09,MAR-011,250,1011.46,0.0,INR
PO03628,POL003628,V0312,2026-05-20,PRO-083,20,37457.23,0.05,INR
PO03629,POL003629,V0434,2026-03-02,UTI-039,2,3381.43,0.12,INR
PO03630,POL003630,V0487,2026-05-31,LOG-147,20,2770.64,0.18,INR
PO03631,POL003631,V0078,2026-05-24,PRO-106,50,16976.18,0.0,INR
PO03632,POL003632,V0340,2026-04-05,MAR-025,20,15755.08,0.05,INR
PO03633,POL003633,V0390,2026-07-09,IT -123,2,1667.7,0.05,INR
PO03634,POL003634,V0383,2026-01-14,PRO-074,1,4727.52,0.0,INR
PO03635,POL003635,V0140,2026-02-07,OFF-040,250,1663.91,0.12,INR
PO03636,POL003636,V0261,2026-02-26,PRO-120,2,30362.48,0.05,INR
PO03637,POL003637,V0140,2026-04-03,OFF-016,2,707.17,0.0,INR
PO03638,POL003638,V0304,2026-01-23,IT -088,5,6759.55,0.12,INR
PO03639,POL003639,V0258,2026-01-01,IT -127,10,4052.25,0.18,INR
PO03640,POL003640,V0291,2026-04-02,IT -142,20,16288.29,0.12,INR
PO03641,POL003641,V0201,2026-06-20,OFF-159,100,434.65,0.0,INR
PO03642,POL003642,V0448,2026-03-12,IT -045,50,16053.55,0.05,INR
PO03643,POL003643,V0064,2026-07-21,OFF-059,20,1077.02,0.18,INR
PO03644,POL003644,V0157,2026-05-25,MAN-099,10,1012.05,0.12,INR
PO03645,POL003645,V0073,2026-06-20,UTI-120,50,3930.65,0.05,INR
PO03646,POL003646,V0461,2026-04-21,OFF-078,5,1719.57,0.12,INR
PO03647,POL003647,V0081,2026-07-29,PRO-086,50,14265.93,0.05,INR
PO03648,POL003648,V0060,2026-04-11,MAR-054,100,8458.23,0.0,INR
PO03649,POL003649,V0300,2026-05-06,UTI-124,5,2839.63,0.18,INR
PO03650,POL003650,V0173,2026-05-02,UTI-054,20,2996.24,0.05,INR
PO03651,POL003651,V0155,2026-06-05,IT -059,20,20392.54,0.0,INR
PO03652,POL003652,V0254,2026-05-24,FAC-144,2,3111.18,0.18,INR
PO03653,POL003653,V0304,2026-07-13,IT -083,2,6875.0,0.12,INR
PO03654,POL003654,V0074,2026-03-19,MAN-127,100,1341.49,0.0,INR
PO03655,POL003655,V0227,2026-07-30,FAC-132,2,5852.39,0.12,INR
PO03656,POL003656,V0478,2026-05-06,UTI-051,50,1908.42,0.05,INR
PO03657,POL003657,V0128,2026-06-21,OFF-050,250,725.04,0.18,INR
PO03658,POL003658,V0184,2026-07-06,MAR-101,50,3513.38,0.05,INR
PO03659,POL003659,V0049,2026-05-02,MAR-142,50,761.78,0.18,INR
PO03660,POL003660,V0270,2026-05-20,IT -026,250,16701.56,0.05,INR
PO03661,POL003661,V0270,2026-02-21,IT -071,1,5642.75,0.18,INR
PO03662,POL003662,V0089,2026-05-03,PRO-147,5,9991.89,0.12,INR
PO03663,POL003663,V0078,2026-07-22,PRO-084,500,37504.7,0.18,INR
PO03664,POL003664,V0188,2026-03-25,MAR-009,10,10029.78,0.0,INR
PO03665,POL003665,V0411,2026-05-16,OFF-057,5,1624.33,0.05,INR
PO03666,POL003666,V0058,2026-04-20,FAC-051,50,2049.83,0.0,INR
PO03667,POL003667,V0453,2026-03-08,UTI-078,5,771.69,0.12,INR
PO03668,POL003668,V0362,2026-07-30,MAN-016,500,180.75,0.0,INR
PO03669,POL003669,V0370,2026-06-26,IT -025,100,12861.07,0.0,INR
PO03670,POL003670,V0070,2026-01-13,LOG-156,2,2591.8,0.05,INR
PO03671,POL003671,V0324,2026-04-20,UTI-071,100,592.82,0.05,INR
PO03672,POL003672,V0062,2026-03-24,UTI-127,20,2824.82,0.12,INR
PO03673,POL003673,V0202,2026-05-22,MAN-120,50,1848.89,0.05,INR
PO03674,POL003674,V0223,2026-07-17,OFF-157,500,1332.74,0.05,INR
PO03675,POL003675,V0464,2026-04-28,OFF-082,5,1300.41,0.12,INR
PO03676,POL003676,V0439,2026-07-16,PRO-153,50,23517.18,0.12,INR
PO03677,POL003677,V0005,2026-02-03,IT -027,5,23486.86,0.12,INR
PO03678,POL003678,V0268,2026-05-31,OFF-094,10,1903.23,0.0,INR
PO03679,POL003679,V0370,2026-02-26,IT -109,1,14204.0,0.18,INR
PO03680,POL003680,V0353,2026-05-06,PRO-065,50,22268.2,0.0,INR
PO03681,POL003681,V0043,2026-03-19,IT -144,2,7878.04,0.18,INR
PO03682,POL003682,V0104,2026-03-03,OFF-038,20,993.96,0.18,INR
PO03683,POL003683,V0138,2026-02-13,OFF-097,500,136.44,0.0,INR
PO03684,POL003684,V0010,2026-01-12,PRO-066,250,20293.57,0.12,INR
PO03685,POL003685,V0362,2026-07-26,MAN-112,250,2675.06,0.05,INR
PO03686,POL003686,V0228,2026-05-25,PRO-141,1,21268.12,0.05,INR
PO03687,POL003687,V0316,2026-05-09,MAR-096,5,16242.33,0.18,INR
PO03688,POL003688,V0043,2026-01-08,IT -130,250,6434.26,0.12,INR
PO03689,POL003689,V0356,2026-04-21,MAR-030,250,2607.8,0.12,INR
PO03690,POL003690,V0225,2026-03-18,FAC-139,10,6308.86,0.18,INR
PO03691,POL003691,V0316,2026-06-18,MAR-118,1,3947.49,0.18,INR
PO03692,POL003692,V0318,2026-04-03,IT -091,500,9403.52,0.05,INR
PO03693,POL003693,V0453,2026-07-12,UTI-036,10,1190.31,0.05,INR
PO03694,POL003694,V0075,2026-04-02,MAN-063,20,624.96,0.05,INR
PO03695,POL003695,V0015,2026-02-13,FAC-037,1,3616.52,0.05,INR
PO03696,POL003696,V0009,2026-01-05,FAC-073,10,1206.76,0.05,INR
PO03697,POL003697,V0296,2026-05-02,UTI-094,1,562.36,0.12,INR
PO03698,POL003698,V0312,2026-07-04,PRO-024,10,27405.12,0.18,INR
PO03699,POL003699,V0128,2026-03-09,OFF-026,10,977.55,0.18,INR
PO03700,POL003700,V0380,2026-04-22,PRO-132,500,6374.24,0.12,INR
PO03701,POL003701,V0237,2026-02-20,PRO-030,50,2717.97,0.0,INR
PO03702,POL003702,V0208,2026-06-28,OFF-082,10,92.51,0.05,INR
PO03703,POL003703,V0259,2026-03-07,LOG-056,500,3476.03,0.05,INR
PO03704,POL003704,V0422,2026-02-05,MAR-091,50,6237.64,0.18,INR
PO03705,POL003705,V0327,2026-07-17,MAN-157,500,2571.84,0.18,INR
PO03706,POL003706,V0303,2026-01-22,LOG-158,1,1611.38,0.12,INR
PO03707,POL003707,V0228,2026-03-15,PRO-043,100,22319.4,0.18,INR
PO03708,POL003708,V0431,2026-06-20,UTI-027,5,2548.24,0.12,INR
PO03709,POL003709,V0231,2026-02-07,PRO-079,2,12913.89,0.12,INR
PO03710,POL003710,V0477,2026-05-21,MAN-124,250,377.46,0.12,INR
PO03711,POL003711,V0393,2026-03-31,UTI-079,10,1297.34,0.05,INR
PO03712,POL003712,V0189,2026-06-16,OFF-004,50,1241.37,0.05,INR
PO03713,POL003713,V0496,2026-07-18,MAR-159,50,13566.25,0.12,INR
PO03714,POL003714,V0447,2026-07-08,OFF-150,1,167.17,0.18,INR
PO03715,POL003715,V0287,2026-06-03,MAR-015,100,17500.77,0.05,INR
PO03716,POL003716,V0039,2026-04-28,IT -118,20,11274.68,0.05,INR
PO03717,POL003717,V0497,2026-02-21,LOG-007,20,7872.03,0.18,INR
PO03718,POL003718,V0081,2026-02-09,PRO-115,100,34092.3,0.18,INR
PO03719,POL003719,V0470,2026-05-16,FAC-115,100,5217.13,0.05,INR
PO03720,POL003720,V0101,2026-04-08,IT -080,10,7447.32,0.18,INR
PO03721,POL003721,V0130,2026-07-06,PRO-137,5,10893.34,0.0,INR
PO03722,POL003722,V0271,2026-07-30,OFF-002,250,1125.16,0.18,INR
PO03723,POL003723,V0412,2026-03-17,LOG-111,20,7638.97,0.0,INR
PO03724,POL003724,V0244,2026-06-02,PRO-096,20,17909.64,0.12,INR
PO03725,POL003725,V0413,2026-07-29,UTI-109,5,1434.13,0.18,INR
PO03726,POL003726,V0212,2026-05-21,FAC-037,500,1964.82,0.12,INR
PO03727,POL003727,V0290,2026-05-22,MAR-106,250,13269.85,0.05,INR
PO03728,POL003728,V0212,2026-01-11,FAC-134,20,7263.73,0.05,INR
PO03729,POL003729,V0354,2026-06-21,IT -142,100,23511.78,0.18,INR
PO03730,POL003730,V0364,2026-01-18,OFF-039,1,525.49,0.18,INR
PO03731,POL003731,V0308,2026-02-23,MAR-081,100,9292.17,0.0,INR
PO03732,POL003732,V0237,2026-05-26,PRO-117,5,28314.13,0.05,INR
PO03733,POL003733,V0053,2026-02-09,PRO-141,250,15697.9,0.05,INR
PO03734,POL003734,V0019,2026-04-01,UTI-154,250,4131.96,0.18,INR
PO03735,POL003735,V0432,2026-07-07,PRO-065,50,16459.61,0.18,INR
PO03736,POL003736,V0333,2026-01-08,FAC-009,2,6099.12,0.12,INR
PO03737,POL003737,V0318,2026-05-21,IT -086,50,4940.91,0.12,INR
PO03738,POL003738,V0119,2026-02-17,IT -072,250,3558.68,0.12,INR
PO03739,POL003739,V0353,2026-01-15,PRO-015,1,14649.54,0.12,INR
PO03740,POL003740,V0414,2026-06-02,MAN-067,1,2253.61,0.12,INR
PO03741,POL003741,V0286,2026-03-19,OFF-077,50,1261.9,0.0,INR
PO03742,POL003742,V0068,2026-02-23,PRO-022,2,4789.17,0.0,INR
PO03743,POL003743,V0310,2026-05-09,LOG-071,50,11970.44,0.05,INR
PO03744,POL003744,V0188,2026-07-20,MAR-042,50,17710.45,0.18,INR
PO03745,POL003745,V0272,2026-02-23,UTI-111,250,1275.45,0.05,INR
PO03746,POL003746,V0073,2026-04-03,UTI-144,2,1965.93,0.18,INR
PO03747,POL003747,V0458,2026-01-22,LOG-149,20,5442.18,0.0,INR
PO03748,POL003748,V0079,2026-01-14,LOG-060,500,8460.05,0.18,INR
PO03749,POL003749,V0092,2026-04-15,IT -066,100,9809.09,0.0,INR
PO03750,POL003750,V0353,2026-01-28,PRO-114,5,11857.14,0.0,INR
PO03751,POL003751,V0066,2026-01-09,UTI-089,500,1170.97,0.18,INR
PO03752,POL003752,V0477,2026-07-18,MAN-054,2,91.59,0.12,INR
PO03753,POL003753,V0298,2026-02-08,MAN-040,100,3054.56,0.18,INR
PO03754,POL003754,V0377,2026-01-05,MAN-039,20,2052.7,0.18,INR
PO03755,POL003755,V0443,2026-02-23,LOG-148,2,8185.23,0.18,INR
PO03756,POL003756,V0442,2026-04-30,UTI-027,20,4003.21,0.12,INR
PO03757,POL003757,V0182,2026-06-29,IT -067,5,18928.03,0.12,INR
PO03758,POL003758,V0129,2026-07-16,LOG-002,250,6523.68,0.0,INR
PO03759,POL003759,V0080,2026-07-03,PRO-142,1,3029.73,0.05,INR
PO03760,POL003760,V0417,2026-06-16,OFF-025,20,971.36,0.12,INR
PO03761,POL003761,V0482,2026-03-06,IT -017,20,15546.39,0.05,INR
PO03762,POL003762,V0219,2026-05-25,MAN-010,5,1648.87,0.05,INR
PO03763,POL003763,V0402,2026-04-01,MAN-155,500,700.12,0.18,INR
PO03764,POL003764,V0263,2026-06-05,OFF-069,250,1312.33,0.18,INR
PO03765,POL003765,V0111,2026-02-01,PRO-089,1,18086.65,0.18,INR
PO03766,POL003766,V0077,2026-06-11,MAR-056,250,1250.57,0.18,INR
PO03767,POL003767,V0361,2026-07-13,MAR-140,2,12005.24,0.05,INR
PO03768,POL003768,V0228,2026-07-01,PRO-066,50,26448.72,0.18,INR
PO03769,POL003769,V0427,2026-02-14,PRO-088,50,35054.19,0.18,INR
PO03770,POL003770,V0075,2026-01-06,MAN-003,250,2484.01,0.0,INR
PO03771,POL003771,V0137,2026-05-08,UTI-026,50,4220.07,0.18,INR
PO03772,POL003772,V0421,2026-06-08,MAR-156,250,15002.73,0.05,INR
PO03773,POL003773,V0345,2026-01-20,UTI-046,100,2021.01,0.18,INR
PO03774,POL003774,V0045,2026-03-12,MAN-157,500,1281.61,0.05,INR
PO03775,POL003775,V0133,2026-03-31,UTI-114,500,4898.36,0.0,INR
PO03776,POL003776,V0111,2026-02-01,PRO-109,5,14999.08,0.18,INR
PO03777,POL003777,V0072,2026-03-26,OFF-048,5,1006.65,0.18,INR
PO03778,POL003778,V0133,2026-01-20,UTI-107,10,558.4,0.18,INR
PO03779,POL003779,V0361,2026-02-22,MAR-137,500,7364.45,0.05,INR
PO03780,POL003780,V0022,2026-01-01,MAN-152,2,2377.07,0.05,INR
PO03781,POL003781,V0407,2026-02-04,MAR-036,2,12606.68,0.05,INR
PO03782,POL003782,V0468,2026-04-16,MAR-060,250,11315.1,0.0,INR
PO03783,POL003783,V0424,2026-01-21,MAN-084,50,2901.9,0.12,INR
PO03784,POL003784,V0422,2026-04-06,MAR-026,20,12120.31,0.12,INR
PO03785,POL003785,V0283,2026-04-15,UTI-146,250,1370.21,0.0,INR
PO03786,POL003786,V0418,2026-06-26,OFF-088,250,89.0,0.05,INR
PO03787,POL003787,V0102,2026-02-15,PRO-076,2,9256.99,0.18,INR
PO03788,POL003788,V0242,2026-04-28,PRO-089,500,36518.98,0.12,INR
PO03789,POL003789,V0227,2026-02-27,FAC-126,20,6621.56,0.18,INR
PO03790,POL003790,V0445,2026-03-17,IT -039,50,2158.69,0.05,INR
PO03791,POL003791,V0039,2026-05-21,IT -080,5,22474.8,0.05,INR
PO03792,POL003792,V0457,2026-02-08,LOG-086,2,3550.62,0.18,INR
PO03793,POL003793,V0350,2026-02-16,PRO-010,1,12674.76,0.18,INR
PO03794,POL003794,V0355,2026-01-24,PRO-027,1,17268.06,0.12,INR
PO03795,POL003795,V0286,2026-03-07,OFF-087,500,1616.04,0.18,INR
PO03796,POL003796,V0156,2026-03-29,OFF-037,500,948.13,0.05,INR
PO03797,POL003797,V0228,2026-05-16,PRO-052,50,32874.84,0.12,INR
PO03798,POL003798,V0039,2026-06-19,IT -045,500,21090.67,0.18,INR
PO03799,POL003799,V0225,2026-04-12,FAC-060,250,3895.11,0.05,INR
PO03800,POL003800,V0394,2026-03-02,OFF-046,2,741.66,0.12,INR
PO03801,POL003801,V0235,2026-05-14,UTI-086,1,3576.94,0.12,INR
PO03802,POL003802,V0383,2026-06-15,PRO-047,2,15996.79,0.12,INR
PO03803,POL003803,V0270,2026-02-02,IT -014,20,23123.95,0.0,INR
PO03804,POL003804,V0106,2026-06-23,PRO-133,500,15180.93,0.18,INR
PO03805,POL003805,V0483,2026-04-03,LOG-047,100,4696.84,0.18,INR
PO03806,POL003806,V0467,2026-03-18,LOG-066,2,5295.2,0.12,INR
PO03807,POL003807,V0422,2026-04-21,MAR-074,1,4199.06,0.12,INR
PO03808,POL003808,V0032,2026-01-30,MAN-029,50,1856.51,0.0,INR
PO03809,POL003809,V0331,2026-02-02,LOG-072,10,11960.29,0.05,INR
PO03810,POL003810,V0054,2026-07-25,UTI-001,50,3096.12,0.18,INR
PO03811,POL003811,V0038,2026-03-06,MAR-078,5,16121.27,0.05,INR
PO03812,POL003812,V0314,2026-05-21,MAR-144,1,3828.07,0.05,INR
PO03813,POL003813,V0182,2026-04-16,IT -084,1,4016.62,0.12,INR
PO03814,POL003814,V0125,2026-07-05,LOG-156,250,7486.28,0.12,INR
PO03815,POL003815,V0329,2026-07-24,FAC-067,20,6830.8,0.18,INR
PO03816,POL003816,V0133,2026-07-22,UTI-152,500,2036.2,0.18,INR
PO03817,POL003817,V0216,2026-05-14,UTI-076,1,3567.89,0.18,INR
PO03818,POL003818,V0396,2026-02-24,FAC-014,5,3188.25,0.0,INR
PO03819,POL003819,V0315,2026-06-06,UTI-122,10,3585.09,0.18,INR
PO03820,POL003820,V0035,2026-02-13,FAC-095,20,1097.04,0.0,INR
PO03821,POL003821,V0242,2026-05-17,PRO-028,5,37248.71,0.12,INR
PO03822,POL003822,V0401,2026-05-06,LOG-067,100,2003.4,0.18,INR
PO03823,POL003823,V0462,2026-04-08,MAR-042,50,6904.58,0.05,INR
PO03824,POL003824,V0368,2026-02-22,FAC-081,100,2609.73,0.0,INR
PO03825,POL003825,V0475,2026-05-02,PRO-045,5,11114.61,0.0,INR
PO03826,POL003826,V0118,2026-06-17,LOG-159,5,5486.56,0.0,INR
PO03827,POL003827,V0082,2026-05-29,LOG-068,50,7525.59,0.05,INR
PO03828,POL003828,V0035,2026-03-06,FAC-054,10,2152.17,0.18,INR
PO03829,POL003829,V0115,2026-01-25,MAR-155,20,7574.58,0.18,INR
PO03830,POL003830,V0266,2026-02-02,FAC-043,20,2153.43,0.12,INR
PO03831,POL003831,V0303,2026-03-20,LOG-098,20,11765.28,0.05,INR
PO03832,POL003832,V0228,2026-03-31,PRO-091,20,15596.11,0.0,INR
PO03833,POL003833,V0395,2026-01-10,MAN-154,10,199.2,0.0,INR
PO03834,POL003834,V0493,2026-02-07,IT -099,50,10449.04,0.18,INR
PO03835,POL003835,V0401,2026-07-17,LOG-121,50,5978.05,0.12,INR
PO03836,POL003836,V0297,2026-02-25,LOG-043,10,5395.8,0.0,INR
PO03837,POL003837,V0458,2026-04-24,LOG-127,1,7171.8,0.0,INR
PO03838,POL003838,V0185,2026-07-15,MAR-052,20,16093.34,0.12,INR
PO03839,POL003839,V0003,2026-02-04,LOG-035,500,11269.27,0.18,INR
PO03840,POL003840,V0457,2026-06-30,LOG-030,50,11588.58,0.18,INR
PO03841,POL003841,V0375,2026-05-16,IT -072,50,23631.59,0.18,INR
PO03842,POL003842,V0072,2026-06-24,OFF-069,50,91.82,0.05,INR
PO03843,POL003843,V0031,2026-07-14,IT -117,50,17515.82,0.0,INR
PO03844,POL003844,V0333,2026-04-06,FAC-051,100,7298.63,0.05,INR
PO03845,POL003845,V0121,2026-07-27,LOG-155,1,11207.95,0.0,INR
PO03846,POL003846,V0405,2026-02-20,FAC-039,5,6591.61,0.0,INR
PO03847,POL003847,V0021,2026-07-07,LOG-010,1,5363.53,0.12,INR
PO03848,POL003848,V0306,2026-01-15,PRO-126,5,7748.75,0.18,INR
PO03849,POL003849,V0414,2026-04-14,MAN-054,500,767.67,0.0,INR
PO03850,POL003850,V0094,2026-06-14,MAN-144,500,1743.22,0.0,INR
PO03851,POL003851,V0178,2026-02-15,MAR-142,2,10328.39,0.0,INR
PO03852,POL003852,V0370,2026-03-12,IT -010,50,18988.0,0.05,INR
PO03853,POL003853,V0474,2026-06-03,OFF-025,250,1625.42,0.18,INR
PO03854,POL003854,V0026,2026-05-05,LOG-158,20,2784.95,0.0,INR
PO03855,POL003855,V0179,2026-07-27,FAC-050,50,3679.94,0.12,INR
PO03856,POL003856,V0306,2026-03-17,PRO-119,2,9380.49,0.12,INR
PO03857,POL003857,V0173,2026-01-26,UTI-056,1,3923.86,0.0,INR
PO03858,POL003858,V0258,2026-07-01,IT -093,5,4921.49,0.0,INR
PO03859,POL003859,V0058,2026-06-14,FAC-122,2,2828.4,0.12,INR
PO03860,POL003860,V0301,2026-01-07,FAC-074,2,1001.36,0.12,INR
PO03861,POL003861,V0447,2026-06-16,OFF-159,1,1885.42,0.0,INR
PO03862,POL003862,V0361,2026-02-25,MAR-120,50,9307.38,0.12,INR
PO03863,POL003863,V0073,2026-05-12,UTI-135,50,4511.12,0.12,INR
PO03864,POL003864,V0218,2026-01-25,OFF-065,2,1647.33,0.18,INR
PO03865,POL003865,V0455,2026-01-09,UTI-143,20,4644.79,0.05,INR
PO03866,POL003866,V0272,2026-03-25,UTI-065,100,700.53,0.05,INR
PO03867,POL003867,V0500,2026-07-10,UTI-017,100,2771.95,0.12,INR
PO03868,POL003868,V0111,2026-01-13,PRO-044,250,8164.62,0.12,INR
PO03869,POL003869,V0482,2026-01-17,IT -146,10,6851.09,0.0,INR
PO03870,POL003870,V0184,2026-01-26,MAR-059,10,2682.39,0.12,INR
PO03871,POL003871,V0073,2026-05-31,UTI-072,50,3020.13,0.0,INR
PO03872,POL003872,V0041,2026-07-04,FAC-132,20,5969.9,0.0,INR
PO03873,POL003873,V0217,2026-03-02,PRO-083,5,30786.59,0.12,INR
PO03874,POL003874,V0315,2026-02-13,UTI-131,20,335.06,0.0,INR
PO03875,POL003875,V0209,2026-05-06,IT -101,5,16871.73,0.0,INR
PO03876,POL003876,V0074,2026-06-14,MAN-047,500,2606.11,0.12,INR
PO03877,POL003877,V0070,2026-02-17,LOG-155,1,10096.72,0.0,INR
PO03878,POL003878,V0172,2026-06-16,PRO-096,250,3306.05,0.18,INR
PO03879,POL003879,V0419,2026-04-29,UTI-127,20,2167.95,0.05,INR
PO03880,POL003880,V0185,2026-02-08,MAR-120,250,5305.85,0.05,INR
PO03881,POL003881,V0076,2026-06-06,MAN-139,500,1196.64,0.12,INR
PO03882,POL003882,V0032,2026-01-17,MAN-097,20,1855.79,0.0,INR
PO03883,POL003883,V0482,2026-06-11,IT -074,100,18252.94,0.18,INR
PO03884,POL003884,V0395,2026-01-14,MAN-081,250,805.22,0.12,INR
PO03885,POL003885,V0478,2026-07-04,UTI-004,20,1345.43,0.12,INR
PO03886,POL003886,V0419,2026-01-09,UTI-093,500,2887.15,0.05,INR
PO03887,POL003887,V0045,2026-07-21,MAN-082,2,2971.03,0.12,INR
PO03888,POL003888,V0089,2026-04-07,PRO-049,500,29986.22,0.12,INR
PO03889,POL003889,V0365,2026-05-11,MAR-098,500,12091.41,0.18,INR
PO03890,POL003890,V0273,2026-05-19,FAC-004,50,5011.49,0.05,INR
PO03891,POL003891,V0316,2026-01-30,MAR-039,10,15965.47,0.0,INR
PO03892,POL003892,V0361,2026-02-10,MAR-090,2,2141.77,0.0,INR
PO03893,POL003893,V0449,2026-04-23,IT -138,5,9481.22,0.12,INR
PO03894,POL003894,V0342,2026-05-19,UTI-078,20,1553.54,0.12,INR
PO03895,POL003895,V0459,2026-01-23,OFF-042,10,604.47,0.18,INR
PO03896,POL003896,V0214,2026-01-24,FAC-040,100,7685.25,0.05,INR
PO03897,POL003897,V0077,2026-04-18,MAR-127,10,15591.12,0.18,INR
PO03898,POL003898,V0498,2026-03-20,MAN-014,20,220.79,0.12,INR
PO03899,POL003899,V0209,2026-05-20,IT -150,1,9077.0,0.0,INR
PO03900,POL003900,V0103,2026-06-09,OFF-039,1,186.34,0.05,INR
PO03901,POL003901,V0420,2026-03-26,FAC-020,250,1886.83,0.18,INR
PO03902,POL003902,V0255,2026-07-09,LOG-054,250,1884.01,0.0,INR
PO03903,POL003903,V0355,2026-05-05,PRO-120,500,29199.76,0.18,INR
PO03904,POL003904,V0432,2026-03-09,PRO-078,250,15090.19,0.0,INR
PO03905,POL003905,V0197,2026-07-30,MAR-020,500,11976.42,0.12,INR
PO03906,POL003906,V0458,2026-01-24,LOG-098,20,11312.81,0.18,INR
PO03907,POL003907,V0357,2026-07-23,OFF-084,5,136.55,0.0,INR
PO03908,POL003908,V0027,2026-01-10,FAC-053,50,5918.39,0.05,INR
PO03909,POL003909,V0434,2026-07-24,UTI-060,20,3339.06,0.12,INR
PO03910,POL003910,V0069,2026-02-22,LOG-052,500,1439.78,0.0,INR
PO03911,POL003911,V0468,2026-04-07,MAR-081,1,10456.47,0.05,INR
PO03912,POL003912,V0236,2026-06-15,PRO-055,10,11434.13,0.05,INR
PO03913,POL003913,V0154,2026-06-06,LOG-136,100,7722.6,0.12,INR
PO03914,POL003914,V0316,2026-04-16,MAR-100,10,10198.39,0.18,INR
PO03915,POL003915,V0152,2026-01-27,FAC-049,250,884.18,0.0,INR
PO03916,POL003916,V0249,2026-01-14,LOG-078,2,1000.54,0.0,INR
PO03917,POL003917,V0091,2026-02-10,FAC-152,100,5752.32,0.18,INR
PO03918,POL003918,V0116,2026-06-12,LOG-068,2,6494.41,0.05,INR
PO03919,POL003919,V0202,2026-02-25,MAN-065,20,1626.35,0.18,INR
PO03920,POL003920,V0498,2026-03-30,MAN-041,2,3028.86,0.18,INR
PO03921,POL003921,V0324,2026-02-26,UTI-069,1,2879.77,0.05,INR
PO03922,POL003922,V0154,2026-02-23,LOG-052,5,6125.31,0.05,INR
PO03923,POL003923,V0500,2026-05-31,UTI-020,20,2794.99,0.12,INR
PO03924,POL003924,V0115,2026-03-29,MAR-058,50,12310.13,0.18,INR
PO03925,POL003925,V0189,2026-02-11,OFF-055,2,138.91,0.12,INR
PO03926,POL003926,V0154,2026-05-24,LOG-121,250,11224.83,0.18,INR
PO03927,POL003927,V0322,2026-07-04,MAN-124,250,2014.98,0.18,INR
PO03928,POL003928,V0208,2026-07-26,OFF-023,2,1032.88,0.05,INR
PO03929,POL003929,V0002,2026-06-03,MAR-049,500,10044.94,0.05,INR
PO03930,POL003930,V0245,2026-03-09,OFF-153,20,1800.3,0.18,INR
PO03931,POL003931,V0449,2026-02-08,IT -093,250,16593.3,0.18,INR
PO03932,POL003932,V0487,2026-02-22,LOG-078,500,3764.63,0.0,INR
PO03933,POL003933,V0263,2026-02-18,OFF-131,2,1441.06,0.0,INR
PO03934,POL003934,V0398,2026-04-20,PRO-088,50,8484.67,0.18,INR
PO03935,POL003935,V0152,2026-02-03,FAC-081,10,873.9,0.0,INR
PO03936,POL003936,V0452,2026-02-23,FAC-094,250,2466.32,0.18,INR
PO03937,POL003937,V0065,2026-07-18,MAR-086,1,16038.75,0.12,INR
PO03938,POL003938,V0161,2026-04-18,IT -041,2,4773.89,0.18,INR
PO03939,POL003939,V0337,2026-03-23,OFF-146,50,1323.52,0.0,INR
PO03940,POL003940,V0066,2026-04-07,UTI-135,250,3633.79,0.0,INR
PO03941,POL003941,V0475,2026-04-07,PRO-119,20,32617.51,0.0,INR
PO03942,POL003942,V0228,2026-05-29,PRO-121,1,5246.46,0.18,INR
PO03943,POL003943,V0136,2026-06-12,OFF-005,5,1069.06,0.05,INR
PO03944,POL003944,V0293,2026-01-25,MAN-144,20,1268.26,0.0,INR
PO03945,POL003945,V0280,2026-06-29,UTI-001,500,3771.09,0.18,INR
PO03946,POL003946,V0115,2026-06-10,MAR-002,250,8012.68,0.12,INR
PO03947,POL003947,V0132,2026-04-24,PRO-051,5,4594.18,0.18,INR
PO03948,POL003948,V0467,2026-07-12,LOG-047,10,6048.01,0.18,INR
PO03949,POL003949,V0326,2026-04-11,PRO-074,1,4669.49,0.05,INR
PO03950,POL003950,V0068,2026-06-21,PRO-102,50,17673.8,0.18,INR
PO03951,POL003951,V0470,2026-04-10,FAC-109,2,3953.99,0.0,INR
PO03952,POL003952,V0026,2026-02-23,LOG-004,5,2970.77,0.12,INR
PO03953,POL003953,V0201,2026-06-20,OFF-134,500,1252.33,0.0,INR
PO03954,POL003954,V0050,2026-02-10,MAN-070,250,1046.69,0.0,INR
PO03955,POL003955,V0187,2026-01-26,FAC-082,500,3899.73,0.0,INR
PO03956,POL003956,V0325,2026-07-18,MAR-137,100,2952.75,0.18,INR
PO03957,POL003957,V0411,2026-01-25,OFF-135,500,1007.42,0.12,INR
PO03958,POL003958,V0408,2026-05-08,FAC-009,1,2952.68,0.0,INR
PO03959,POL003959,V0180,2026-03-22,FAC-091,500,3866.15,0.0,INR
PO03960,POL003960,V0357,2026-05-06,OFF-042,2,1338.33,0.0,INR
PO03961,POL003961,V0303,2026-02-06,LOG-093,250,2121.99,0.12,INR
PO03962,POL003962,V0263,2026-01-31,OFF-090,500,1821.17,0.12,INR
PO03963,POL003963,V0111,2026-06-24,PRO-140,1,10956.1,0.18,INR
PO03964,POL003964,V0262,2026-03-14,PRO-059,50,32717.85,0.05,INR
PO03965,POL003965,V0365,2026-03-30,MAR-056,1,6678.69,0.12,INR
PO03966,POL003966,V0138,2026-06-19,OFF-113,5,1212.8,0.18,INR
PO03967,POL003967,V0287,2026-03-31,MAR-159,500,745.55,0.12,INR
PO03968,POL003968,V0033,2026-05-11,FAC-028,2,4163.44,0.12,INR
PO03969,POL003969,V0232,2026-07-04,LOG-159,1,3925.75,0.18,INR
PO03970,POL003970,V0246,2026-01-12,IT -018,20,12834.88,0.05,INR
PO03971,POL003971,V0101,2026-04-02,IT -083,100,14065.51,0.12,INR
PO03972,POL003972,V0270,2026-05-06,IT -013,250,14915.93,0.18,INR
PO03973,POL003973,V0485,2026-06-13,OFF-116,1,608.44,0.05,INR
PO03974,POL003974,V0434,2026-07-11,UTI-112,500,4754.69,0.05,INR
PO03975,POL003975,V0043,2026-05-12,IT -033,20,7591.86,0.18,INR
PO03976,POL003976,V0270,2026-03-09,IT -065,5,5466.7,0.0,INR
PO03977,POL003977,V0002,2026-05-01,MAR-099,2,17834.64,0.12,INR
PO03978,POL003978,V0112,2026-06-01,MAR-093,250,12138.41,0.12,INR
PO03979,POL003979,V0139,2026-04-17,MAN-060,500,799.5,0.05,INR
PO03980,POL003980,V0089,2026-02-08,PRO-061,20,30219.7,0.18,INR
PO03981,POL003981,V0417,2026-02-11,OFF-019,20,972.69,0.18,INR
PO03982,POL003982,V0166,2026-03-20,MAR-131,250,14497.24,0.0,INR
PO03983,POL003983,V0003,2026-02-20,LOG-017,5,7001.34,0.0,INR
PO03984,POL003984,V0050,2026-07-19,MAN-112,50,1300.81,0.12,INR
PO03985,POL003985,V0452,2026-03-29,FAC-010,1,1426.36,0.0,INR
PO03986,POL003986,V0280,2026-03-19,UTI-092,250,1594.24,0.0,INR
PO03987,POL003987,V0125,2026-02-25,LOG-013,10,1751.36,0.0,INR
PO03988,POL003988,V0200,2026-07-20,LOG-072,100,9120.76,0.18,INR
PO03989,POL003989,V0200,2026-01-09,LOG-156,1,2281.42,0.05,INR
PO03990,POL003990,V0121,2026-04-22,LOG-018,100,1769.11,0.05,INR
PO03991,POL003991,V0466,2026-05-22,FAC-041,500,5699.23,0.12,INR
PO03992,POL003992,V0287,2026-05-13,MAR-019,50,6106.11,0.05,INR
PO03993,POL003993,V0373,2026-01-22,IT -121,1,3325.79,0.12,INR
PO03994,POL003994,V0498,2026-04-02,MAN-077,250,1908.87,0.0,INR
PO03995,POL003995,V0122,2026-05-23,PRO-062,20,6329.51,0.18,INR
PO03996,POL003996,V0106,2026-03-21,PRO-135,500,33314.35,0.18,INR
PO03997,POL003997,V0462,2026-02-18,MAR-132,50,10135.72,0.18,INR
PO03998,POL003998,V0076,2026-04-11,MAN-156,20,1574.86,0.0,INR
PO03999,POL003999,V0346,2026-02-20,OFF-128,50,682.27,0.0,INR
PO04000,POL004000,V0045,2026-05-07,MAN-008,500,1036.12,0.18,INR
PO04001,POL004001,V0318,2026-06-14,IT -012,2,22645.37,0.18,INR
PO04002,POL004002,V0099,2026-05-24,PRO-121,2,19308.21,0.0,INR
PO04003,POL004003,V0493,2026-01-19,IT -099,250,5822.79,0.05,INR
PO04004,POL004004,V0227,2026-01-21,FAC-100,250,6917.57,0.05,INR
PO04005,POL004005,V0243,2026-01-11,MAN-078,20,465.94,0.18,INR
PO04006,POL004006,V0008,2026-07-11,UTI-117,5,3893.65,0.05,INR
PO04007,POL004007,V0191,2026-04-12,IT -103,5,11600.0,0.05,INR
PO04008,POL004008,V0376,2026-02-21,MAN-135,100,1243.99,0.05,INR
PO04009,POL004009,V0396,2026-02-24,FAC-063,20,4524.57,0.0,INR
PO04010,POL004010,V0375,2026-07-29,IT -127,100,2458.65,0.05,INR
PO04011,POL004011,V0364,2026-03-24,OFF-144,100,468.23,0.18,INR
PO04012,POL004012,V0073,2026-03-04,UTI-033,10,623.36,0.0,INR
PO04013,POL004013,V0078,2026-02-19,PRO-131,100,36440.9,0.05,INR
PO04014,POL004014,V0218,2026-03-27,OFF-144,20,1424.79,0.12,INR
PO04015,POL004015,V0485,2026-06-17,OFF-137,10,423.79,0.05,INR
PO04016,POL004016,V0220,2026-03-10,MAN-099,10,3012.68,0.05,INR
PO04017,POL004017,V0245,2026-01-23,OFF-001,1,1106.12,0.05,INR
PO04018,POL004018,V0443,2026-01-05,LOG-005,50,5404.4,0.12,INR
PO04019,POL004019,V0483,2026-04-09,LOG-060,5,8852.52,0.18,INR
PO04020,POL004020,V0250,2026-01-29,IT -099,2,3933.95,0.12,INR
PO04021,POL004021,V0474,2026-06-07,OFF-123,2,253.22,0.0,INR
PO04022,POL004022,V0066,2026-03-09,UTI-076,50,1359.73,0.05,INR
PO04023,POL004023,V0084,2026-03-14,PRO-019,2,33789.1,0.18,INR
PO04024,POL004024,V0312,2026-01-07,PRO-097,10,10435.69,0.0,INR
PO04025,POL004025,V0143,2026-04-19,FAC-149,5,339.12,0.05,INR
PO04026,POL004026,V0173,2026-04-16,UTI-116,5,4856.24,0.0,INR
PO04027,POL004027,V0373,2026-02-27,IT -150,5,9434.21,0.18,INR
PO04028,POL004028,V0459,2026-02-20,OFF-125,2,1700.4,0.18,INR
PO04029,POL004029,V0225,2026-01-08,FAC-053,50,6085.0,0.12,INR
PO04030,POL004030,V0468,2026-06-20,MAR-126,250,10436.83,0.18,INR
PO04031,POL004031,V0391,2026-05-03,MAN-147,10,159.83,0.05,INR
PO04032,POL004032,V0217,2026-07-14,PRO-066,2,28420.54,0.12,INR
PO04033,POL004033,V0475,2026-04-30,PRO-023,2,13491.37,0.12,INR
PO04034,POL004034,V0448,2026-06-09,IT -074,50,4260.95,0.12,INR
PO04035,POL004035,V0396,2026-06-18,FAC-019,1,1873.49,0.0,INR
PO04036,POL004036,V0026,2026-02-02,LOG-148,1,5141.71,0.0,INR
PO04037,POL004037,V0344,2026-06-04,UTI-052,100,4850.75,0.05,INR
PO04038,POL004038,V0028,2026-06-22,OFF-063,250,601.23,0.18,INR
PO04039,POL004039,V0478,2026-03-02,UTI-079,500,4520.61,0.18,INR
PO04040,POL004040,V0450,2026-03-05,FAC-022,250,1524.62,0.0,INR
PO04041,POL004041,V0226,2026-01-06,IT -055,10,2556.2,0.18,INR
PO04042,POL004042,V0186,2026-06-30,IT -090,2,23584.77,0.0,INR
PO04043,POL004043,V0358,2026-06-08,OFF-070,5,674.8,0.0,INR
PO04044,POL004044,V0201,2026-01-31,OFF-086,500,1939.38,0.05,INR
PO04045,POL004045,V0383,2026-04-06,PRO-087,1,5140.36,0.05,INR
PO04046,POL004046,V0078,2026-03-03,PRO-059,100,27667.96,0.12,INR
PO04047,POL004047,V0320,2026-07-06,MAN-142,10,3456.6,0.0,INR
PO04048,POL004048,V0082,2026-06-17,LOG-131,500,4679.82,0.0,INR
PO04049,POL004049,V0248,2026-03-13,FAC-080,100,1559.67,0.05,INR
PO04050,POL004050,V0034,2026-02-09,MAN-111,100,2917.39,0.05,INR
PO04051,POL004051,V0041,2026-04-17,FAC-062,1,3230.62,0.05,INR
PO04052,POL004052,V0367,2026-01-03,IT -003,10,3355.49,0.0,INR
PO04053,POL004053,V0432,2026-04-14,PRO-155,2,23539.0,0.05,INR
PO04054,POL004054,V0411,2026-01-15,OFF-028,100,698.02,0.05,INR
PO04055,POL004055,V0496,2026-02-08,MAR-006,10,13671.64,0.18,INR
PO04056,POL004056,V0021,2026-02-26,LOG-088,10,11110.19,0.12,INR
PO04057,POL004057,V0245,2026-02-24,OFF-126,50,385.88,0.05,INR
PO04058,POL004058,V0028,2026-05-01,OFF-150,10,1082.54,0.12,INR
PO04059,POL004059,V0278,2026-01-26,OFF-108,20,383.08,0.18,INR
PO04060,POL004060,V0411,2026-07-25,OFF-090,500,133.92,0.18,INR
PO04061,POL004061,V0284,2026-04-26,LOG-134,100,8664.56,0.05,INR
PO04062,POL004062,V0364,2026-03-27,OFF-075,2,807.5,0.0,INR
PO04063,POL004063,V0500,2026-04-08,UTI-083,250,3279.23,0.0,INR
PO04064,POL004064,V0179,2026-03-10,FAC-148,2,719.15,0.18,INR
PO04065,POL004065,V0179,2026-02-08,FAC-045,100,3856.73,0.18,INR
PO04066,POL004066,V0152,2026-05-31,FAC-141,10,3719.75,0.05,INR
PO04067,POL004067,V0059,2026-05-07,IT -157,2,5408.37,0.05,INR
PO04068,POL004068,V0227,2026-01-17,FAC-113,50,5922.12,0.12,INR
PO04069,POL004069,V0282,2026-07-18,FAC-069,10,7046.93,0.18,INR
PO04070,POL004070,V0117,2026-04-24,OFF-153,2,1912.42,0.05,INR
PO04071,POL004071,V0049,2026-04-20,MAR-090,5,9597.76,0.0,INR
PO04072,POL004072,V0250,2026-03-23,IT -039,2,24454.11,0.18,INR
PO04073,POL004073,V0281,2026-02-15,IT -089,250,23534.27,0.0,INR
PO04074,POL004074,V0353,2026-04-25,PRO-040,5,12398.02,0.12,INR
PO04075,POL004075,V0098,2026-01-04,IT -105,2,5438.74,0.05,INR
PO04076,POL004076,V0111,2026-04-11,PRO-056,50,26787.55,0.0,INR
PO04077,POL004077,V0138,2026-03-20,OFF-103,2,1515.64,0.0,INR
PO04078,POL004078,V0298,2026-04-13,MAN-078,1,1284.46,0.18,INR
PO04079,POL004079,V0264,2026-01-10,UTI-067,250,1997.06,0.05,INR
PO04080,POL004080,V0351,2026-06-16,MAR-134,250,5111.2,0.0,INR
PO04081,POL004081,V0406,2026-04-04,FAC-121,10,5956.5,0.12,INR
PO04082,POL004082,V0254,2026-06-15,FAC-059,50,3107.53,0.05,INR
PO04083,POL004083,V0182,2026-07-07,IT -088,100,16490.09,0.12,INR
PO04084,POL004084,V0196,2026-01-04,MAN-094,50,1153.48,0.18,INR
PO04085,POL004085,V0415,2026-03-29,MAR-011,250,4635.31,0.05,INR
PO04086,POL004086,V0212,2026-05-22,FAC-044,5,5370.73,0.18,INR
PO04087,POL004087,V0003,2026-03-17,LOG-025,1,5851.39,0.18,INR
PO04088,POL004088,V0361,2026-06-03,MAR-102,10,3618.11,0.05,INR
PO04089,POL004089,V0147,2026-03-20,OFF-023,500,1935.72,0.05,INR
PO04090,POL004090,V0041,2026-03-02,FAC-079,500,929.1,0.05,INR
PO04091,POL004091,V0080,2026-01-23,PRO-081,100,39787.29,0.05,INR
PO04092,POL004092,V0369,2026-05-04,IT -106,10,10917.21,0.05,INR
PO04093,POL004093,V0397,2026-05-18,PRO-065,50,8995.98,0.05,INR
PO04094,POL004094,V0117,2026-02-13,OFF-039,10,1162.39,0.05,INR
PO04095,POL004095,V0421,2026-07-16,MAR-014,20,10091.89,0.05,INR
PO04096,POL004096,V0102,2026-03-19,PRO-131,10,8922.42,0.0,INR
PO04097,POL004097,V0448,2026-07-18,IT -091,10,5303.22,0.12,INR
PO04098,POL004098,V0111,2026-04-23,PRO-130,500,27340.18,0.0,INR
PO04099,POL004099,V0377,2026-05-01,MAN-051,250,1539.43,0.12,INR
PO04100,POL004100,V0395,2026-03-30,MAN-039,2,1881.21,0.18,INR
PO04101,POL004101,V0364,2026-04-15,OFF-067,2,1957.66,0.0,INR
PO04102,POL004102,V0274,2026-02-06,MAN-101,2,1703.65,0.05,INR
PO04103,POL004103,V0443,2026-05-03,LOG-034,1,10610.73,0.0,INR
PO04104,POL004104,V0370,2026-03-29,IT -137,20,7678.0,0.12,INR
PO04105,POL004105,V0375,2026-07-17,IT -102,100,11736.76,0.0,INR
PO04106,POL004106,V0167,2026-07-02,IT -085,2,15290.33,0.18,INR
PO04107,POL004107,V0126,2026-03-07,OFF-028,20,1531.85,0.18,INR
PO04108,POL004108,V0312,2026-01-28,PRO-138,50,17002.09,0.05,INR
PO04109,POL004109,V0396,2026-05-20,FAC-107,20,5565.32,0.0,INR
PO04110,POL004110,V0476,2026-07-20,PRO-008,50,29318.15,0.12,INR
PO04111,POL004111,V0003,2026-05-23,LOG-119,1,9313.95,0.12,INR
PO04112,POL004112,V0490,2026-07-26,UTI-066,100,2578.88,0.05,INR
PO04113,POL004113,V0332,2026-07-02,OFF-036,5,1891.8,0.05,INR
PO04114,POL004114,V0274,2026-06-02,MAN-037,50,842.38,0.12,INR
PO04115,POL004115,V0327,2026-02-09,MAN-056,100,1320.25,0.05,INR
PO04116,POL004116,V0452,2026-04-11,FAC-033,250,7736.64,0.18,INR
PO04117,POL004117,V0328,2026-01-17,PRO-063,100,33404.91,0.12,INR
PO04118,POL004118,V0305,2026-03-19,IT -139,1,7503.91,0.0,INR
PO04119,POL004119,V0443,2026-04-02,LOG-087,2,10616.4,0.0,INR
PO04120,POL004120,V0102,2026-07-10,PRO-123,5,35477.65,0.05,INR
PO04121,POL004121,V0087,2026-06-28,OFF-039,2,669.85,0.05,INR
PO04122,POL004122,V0250,2026-01-17,IT -057,100,7628.34,0.0,INR
PO04123,POL004123,V0450,2026-05-17,FAC-082,250,1474.28,0.0,INR
PO04124,POL004124,V0235,2026-05-14,UTI-067,50,2667.1,0.12,INR
PO04125,POL004125,V0343,2026-02-23,OFF-004,20,580.78,0.05,INR
PO04126,POL004126,V0256,2026-06-26,UTI-047,500,3001.71,0.0,INR
PO04127,POL004127,V0497,2026-06-17,LOG-133,250,11877.55,0.05,INR
PO04128,POL004128,V0356,2026-03-19,MAR-112,500,10986.98,0.0,INR
PO04129,POL004129,V0281,2026-01-02,IT -078,10,15617.36,0.05,INR
PO04130,POL004130,V0039,2026-06-20,IT -085,20,5228.24,0.18,INR
PO04131,POL004131,V0443,2026-07-07,LOG-138,20,898.46,0.18,INR
PO04132,POL004132,V0313,2026-03-07,OFF-024,5,1653.86,0.18,INR
PO04133,POL004133,V0439,2026-02-06,PRO-112,50,16042.91,0.18,INR
PO04134,POL004134,V0058,2026-03-26,FAC-134,50,2249.05,0.12,INR
PO04135,POL004135,V0398,2026-05-14,PRO-114,50,36116.92,0.18,INR
PO04136,POL004136,V0069,2026-02-07,LOG-084,500,2832.48,0.12,INR
PO04137,POL004137,V0273,2026-05-14,FAC-030,20,2791.82,0.0,INR
PO04138,POL004138,V0449,2026-01-29,IT -036,100,23245.58,0.0,INR
PO04139,POL004139,V0182,2026-07-11,IT -074,50,24718.16,0.12,INR
PO04140,POL004140,V0463,2026-07-10,IT -067,100,19791.42,0.05,INR
PO04141,POL004141,V0220,2026-01-15,MAN-033,250,666.4,0.0,INR
PO04142,POL004142,V0417,2026-06-20,OFF-055,20,1868.38,0.12,INR
PO04143,POL004143,V0262,2026-01-13,PRO-077,50,12888.94,0.18,INR
PO04144,POL004144,V0483,2026-07-27,LOG-156,1,4224.08,0.12,INR
PO04145,POL004145,V0278,2026-05-02,OFF-125,20,322.01,0.18,INR
PO04146,POL004146,V0286,2026-06-17,OFF-081,500,762.81,0.05,INR
PO04147,POL004147,V0185,2026-01-23,MAR-119,100,15051.83,0.18,INR
PO04148,POL004148,V0165,2026-07-24,PRO-028,5,36846.79,0.12,INR
PO04149,POL004149,V0262,2026-02-13,PRO-111,100,24911.28,0.18,INR
PO04150,POL004150,V0254,2026-01-31,FAC-091,2,3380.73,0.05,INR
PO04151,POL004151,V0026,2026-03-28,LOG-034,10,4833.22,0.18,INR
PO04152,POL004152,V0080,2026-07-28,PRO-023,20,33702.17,0.05,INR
PO04153,POL004153,V0463,2026-07-04,IT -155,2,19522.71,0.05,INR
PO04154,POL004154,V0400,2026-01-18,MAN-065,1,2860.63,0.12,INR
PO04155,POL004155,V0107,2026-06-19,UTI-060,20,3002.57,0.05,INR
PO04156,POL004156,V0207,2026-02-20,UTI-024,10,2716.62,0.05,INR
PO04157,POL004157,V0084,2026-07-21,PRO-019,20,9675.09,0.0,INR
PO04158,POL004158,V0211,2026-04-09,OFF-054,2,1661.51,0.05,INR
PO04159,POL004159,V0451,2026-02-11,IT -148,100,11937.48,0.0,INR
PO04160,POL004160,V0140,2026-01-18,OFF-062,1,709.06,0.0,INR
PO04161,POL004161,V0253,2026-01-14,PRO-129,1,26135.01,0.18,INR
PO04162,POL004162,V0257,2026-01-05,PRO-106,20,9017.25,0.18,INR
PO04163,POL004163,V0108,2026-06-17,LOG-018,50,664.81,0.05,INR
PO04164,POL004164,V0225,2026-03-05,FAC-087,50,2442.6,0.12,INR
PO04165,POL004165,V0478,2026-04-25,UTI-050,1,1289.2,0.05,INR
PO04166,POL004166,V0401,2026-03-13,LOG-122,50,6142.77,0.05,INR
PO04167,POL004167,V0285,2026-05-23,IT -044,500,13268.1,0.05,INR
PO04168,POL004168,V0179,2026-03-17,FAC-018,100,7449.79,0.0,INR
PO04169,POL004169,V0170,2026-04-25,UTI-116,50,1564.7,0.05,INR
PO04170,POL004170,V0268,2026-05-04,OFF-144,20,698.62,0.18,INR
PO04171,POL004171,V0015,2026-01-11,FAC-038,250,7499.64,0.05,INR
PO04172,POL004172,V0057,2026-02-11,IT -010,250,11790.55,0.0,INR
PO04173,POL004173,V0013,2026-05-27,FAC-005,5,2766.19,0.12,INR
PO04174,POL004174,V0479,2026-04-18,FAC-139,100,2817.15,0.18,INR
PO04175,POL004175,V0178,2026-07-01,MAR-131,500,10085.66,0.0,INR
PO04176,POL004176,V0201,2026-02-12,OFF-146,1,560.29,0.12,INR
PO04177,POL004177,V0348,2026-07-24,LOG-053,100,1329.7,0.12,INR
PO04178,POL004178,V0103,2026-02-05,OFF-150,100,1749.31,0.05,INR
PO04179,POL004179,V0447,2026-01-25,OFF-091,250,736.92,0.18,INR
PO04180,POL004180,V0272,2026-05-22,UTI-080,20,1098.76,0.18,INR
PO04181,POL004181,V0118,2026-01-30,LOG-082,100,565.89,0.12,INR
PO04182,POL004182,V0345,2026-03-22,UTI-106,500,3885.11,0.12,INR
PO04183,POL004183,V0360,2026-02-24,FAC-148,50,7576.24,0.12,INR
PO04184,POL004184,V0094,2026-01-15,MAN-091,500,2545.01,0.0,INR
PO04185,POL004185,V0076,2026-07-02,MAN-119,2,1780.0,0.0,INR
PO04186,POL004186,V0175,2026-04-30,FAC-127,5,4577.81,0.12,INR
PO04187,POL004187,V0452,2026-03-14,FAC-011,500,2057.22,0.12,INR
PO04188,POL004188,V0449,2026-04-29,IT -058,20,9991.53,0.0,INR
PO04189,POL004189,V0193,2026-03-24,PRO-082,20,35334.88,0.05,INR
PO04190,POL004190,V0458,2026-07-10,LOG-118,50,4419.08,0.0,INR
PO04191,POL004191,V0448,2026-05-23,IT -137,250,21810.49,0.05,INR
PO04192,POL004192,V0049,2026-03-13,MAR-102,20,2854.85,0.0,INR
PO04193,POL004193,V0334,2026-01-09,MAR-039,100,12585.47,0.0,INR
PO04194,POL004194,V0227,2026-02-04,FAC-013,10,2567.86,0.0,INR
PO04195,POL004195,V0199,2026-04-09,IT -102,50,11913.05,0.05,INR
PO04196,POL004196,V0160,2026-04-08,LOG-020,1,3005.62,0.18,INR
PO04197,POL004197,V0009,2026-01-28,FAC-134,250,876.68,0.12,INR
PO04198,POL004198,V0145,2026-05-19,UTI-064,2,2023.3,0.18,INR
PO04199,POL004199,V0263,2026-07-18,OFF-078,2,1128.35,0.12,INR
PO04200,POL004200,V0016,2026-07-19,LOG-141,100,1846.42,0.05,INR
PO04201,POL004201,V0485,2026-02-20,OFF-139,2,848.12,0.18,INR
PO04202,POL004202,V0315,2026-06-18,UTI-150,10,1117.88,0.0,INR
PO04203,POL004203,V0032,2026-01-24,MAN-018,2,2779.87,0.12,INR
PO04204,POL004204,V0086,2026-01-20,IT -151,10,14744.53,0.12,INR
PO04205,POL004205,V0418,2026-03-08,OFF-013,100,234.7,0.0,INR
PO04206,POL004206,V0333,2026-05-04,FAC-112,10,3598.63,0.18,INR
PO04207,POL004207,V0286,2026-04-28,OFF-078,2,142.28,0.0,INR
PO04208,POL004208,V0117,2026-01-04,OFF-015,100,1091.91,0.18,INR
PO04209,POL004209,V0154,2026-07-03,LOG-073,2,11730.74,0.12,INR
PO04210,POL004210,V0207,2026-04-04,UTI-111,500,1800.82,0.05,INR
PO04211,POL004211,V0169,2026-07-27,IT -049,50,17692.63,0.18,INR
PO04212,POL004212,V0421,2026-06-08,MAR-074,250,14326.76,0.18,INR
PO04213,POL004213,V0001,2026-02-08,PRO-048,5,31807.41,0.05,INR
PO04214,POL004214,V0156,2026-02-02,OFF-054,50,1462.01,0.12,INR
PO04215,POL004215,V0335,2026-04-12,PRO-006,5,10720.48,0.18,INR
PO04216,POL004216,V0041,2026-01-02,FAC-041,250,3350.34,0.0,INR
PO04217,POL004217,V0346,2026-05-06,OFF-014,100,1856.17,0.18,INR
PO04218,POL004218,V0437,2026-02-07,UTI-059,500,4529.06,0.0,INR
PO04219,POL004219,V0329,2026-02-22,FAC-048,500,3094.07,0.18,INR
PO04220,POL004220,V0177,2026-03-03,UTI-060,5,4432.52,0.0,INR
PO04221,POL004221,V0084,2026-06-04,PRO-097,500,28843.24,0.0,INR
PO04222,POL004222,V0010,2026-03-18,PRO-082,5,34009.99,0.18,INR
PO04223,POL004223,V0271,2026-02-05,OFF-126,10,911.94,0.12,INR
PO04224,POL004224,V0182,2026-03-23,IT -114,1,23656.85,0.0,INR
PO04225,POL004225,V0008,2026-03-26,UTI-118,500,613.92,0.12,INR
PO04226,POL004226,V0466,2026-07-16,FAC-078,20,4752.23,0.12,INR
PO04227,POL004227,V0062,2026-02-08,UTI-076,10,321.0,0.18,INR
PO04228,POL004228,V0468,2026-02-24,MAR-074,50,4527.66,0.12,INR
PO04229,POL004229,V0372,2026-01-02,LOG-021,250,8939.11,0.05,INR
PO04230,POL004230,V0364,2026-02-18,OFF-145,50,1714.82,0.0,INR
PO04231,POL004231,V0161,2026-03-14,IT -005,5,2313.01,0.18,INR
PO04232,POL004232,V0323,2026-03-25,FAC-139,10,438.42,0.18,INR
PO04233,POL004233,V0027,2026-04-03,FAC-020,10,4713.14,0.05,INR
PO04234,POL004234,V0171,2026-03-12,MAN-013,2,1569.9,0.12,INR
PO04235,POL004235,V0296,2026-01-04,UTI-020,1,3250.74,0.12,INR
PO04236,POL004236,V0314,2026-04-03,MAR-027,250,11834.14,0.0,INR
PO04237,POL004237,V0307,2026-06-27,MAR-156,250,2209.94,0.05,INR
PO04238,POL004238,V0440,2026-04-02,PRO-120,100,22692.73,0.0,INR
PO04239,POL004239,V0244,2026-02-20,PRO-159,20,19335.99,0.18,INR
PO04240,POL004240,V0315,2026-02-21,UTI-140,5,2214.87,0.05,INR
PO04241,POL004241,V0361,2026-04-16,MAR-001,1,14400.88,0.0,INR
PO04242,POL004242,V0307,2026-01-07,MAR-148,100,15764.89,0.0,INR
PO04243,POL004243,V0198,2026-07-17,MAR-003,20,11336.44,0.18,INR
PO04244,POL004244,V0425,2026-01-24,OFF-103,1,1080.08,0.05,INR
PO04245,POL004245,V0334,2026-05-19,MAR-071,10,6209.35,0.05,INR
PO04246,POL004246,V0342,2026-02-05,UTI-106,500,4887.57,0.18,INR
PO04247,POL004247,V0114,2026-04-23,IT -112,10,20456.26,0.0,INR
PO04248,POL004248,V0217,2026-01-24,PRO-032,250,19317.65,0.05,INR
PO04249,POL004249,V0214,2026-01-12,FAC-071,20,7420.2,0.12,INR
PO04250,POL004250,V0259,2026-06-02,LOG-041,100,10047.26,0.12,INR
PO04251,POL004251,V0122,2026-07-15,PRO-115,10,8044.19,0.18,INR
PO04252,POL004252,V0186,2026-01-05,IT -160,100,17378.73,0.0,INR
PO04253,POL004253,V0313,2026-07-27,OFF-082,1,1562.12,0.18,INR
PO04254,POL004254,V0070,2026-07-16,LOG-087,100,5553.65,0.05,INR
PO04255,POL004255,V0374,2026-05-19,LOG-063,50,9524.57,0.05,INR
PO04256,POL004256,V0056,2026-01-06,MAN-082,10,2753.43,0.12,INR
PO04257,POL004257,V0401,2026-03-27,LOG-130,2,11397.52,0.12,INR
PO04258,POL004258,V0004,2026-04-08,UTI-016,500,3034.57,0.18,INR
PO04259,POL004259,V0393,2026-07-29,UTI-085,5,2501.89,0.18,INR
PO04260,POL004260,V0209,2026-01-10,IT -058,1,18509.69,0.0,INR
PO04261,POL004261,V0490,2026-04-01,UTI-107,10,1611.42,0.05,INR
PO04262,POL004262,V0008,2026-03-07,UTI-138,20,4423.22,0.05,INR
PO04263,POL004263,V0267,2026-01-27,FAC-080,2,3405.04,0.0,INR
PO04264,POL004264,V0468,2026-05-10,MAR-080,250,14179.59,0.0,INR
PO04265,POL004265,V0042,2026-06-29,MAN-003,50,2774.21,0.0,INR
PO04266,POL004266,V0167,2026-04-29,IT -141,5,12177.05,0.0,INR
PO04267,POL004267,V0463,2026-06-26,IT -135,500,17783.54,0.05,INR
PO04268,POL004268,V0419,2026-05-18,UTI-137,500,3069.85,0.12,INR
PO04269,POL004269,V0102,2026-01-20,PRO-124,5,28103.56,0.18,INR
PO04270,POL004270,V0268,2026-01-01,OFF-001,5,702.54,0.05,INR
PO04271,POL004271,V0391,2026-06-11,MAN-012,250,2616.62,0.05,INR
PO04272,POL004272,V0400,2026-01-29,MAN-109,500,744.6,0.12,INR
PO04273,POL004273,V0314,2026-01-24,MAR-142,100,3960.69,0.0,INR
PO04274,POL004274,V0410,2026-01-27,UTI-048,5,3296.76,0.05,INR
PO04275,POL004275,V0138,2026-07-25,OFF-012,500,498.71,0.12,INR
PO04276,POL004276,V0424,2026-01-13,MAN-006,5,1473.2,0.0,INR
PO04277,POL004277,V0321,2026-01-13,PRO-077,50,14919.86,0.0,INR
PO04278,POL004278,V0356,2026-03-23,MAR-040,5,16116.34,0.18,INR
PO04279,POL004279,V0277,2026-01-01,IT -027,1,9732.6,0.05,INR
PO04280,POL004280,V0195,2026-04-26,FAC-082,1,3306.5,0.0,INR
PO04281,POL004281,V0215,2026-05-01,OFF-010,10,1520.8,0.12,INR
PO04282,POL004282,V0346,2026-07-30,OFF-029,2,729.68,0.05,INR
PO04283,POL004283,V0002,2026-04-01,MAR-061,1,15575.67,0.12,INR
PO04284,POL004284,V0056,2026-06-07,MAN-125,100,1147.61,0.18,INR
PO04285,POL004285,V0266,2026-04-08,FAC-146,500,4280.22,0.18,INR
PO04286,POL004286,V0279,2026-06-28,PRO-111,5,16224.3,0.12,INR
PO04287,POL004287,V0183,2026-02-25,PRO-069,50,28002.97,0.0,INR
PO04288,POL004288,V0230,2026-01-12,IT -124,1,4753.17,0.12,INR
PO04289,POL004289,V0223,2026-04-18,OFF-114,50,811.84,0.05,INR
PO04290,POL004290,V0500,2026-06-08,UTI-038,10,1649.26,0.18,INR
PO04291,POL004291,V0062,2026-01-01,UTI-045,5,4443.52,0.12,INR
PO04292,POL004292,V0276,2026-05-11,LOG-027,250,11207.94,0.18,INR
PO04293,POL004293,V0039,2026-03-03,IT -153,2,2842.9,0.12,INR
PO04294,POL004294,V0232,2026-02-11,LOG-150,50,4512.45,0.18,INR
PO04295,POL004295,V0337,2026-04-20,OFF-101,1,1977.07,0.05,INR
PO04296,POL004296,V0166,2026-01-03,MAR-107,10,3109.3,0.05,INR
PO04297,POL004297,V0151,2026-04-04,OFF-127,20,635.0,0.05,INR
PO04298,POL004298,V0418,2026-04-18,OFF-093,50,1909.74,0.0,INR
PO04299,POL004299,V0470,2026-05-31,FAC-150,20,1350.79,0.18,INR
PO04300,POL004300,V0396,2026-06-16,FAC-071,100,4591.99,0.12,INR
PO04301,POL004301,V0225,2026-07-14,FAC-069,2,3696.63,0.05,INR
PO04302,POL004302,V0357,2026-07-08,OFF-159,250,847.94,0.18,INR
PO04303,POL004303,V0417,2026-07-24,OFF-127,500,1855.19,0.12,INR
PO04304,POL004304,V0237,2026-06-10,PRO-147,20,9967.74,0.12,INR
PO04305,POL004305,V0266,2026-04-11,FAC-147,10,3813.52,0.12,INR
PO04306,POL004306,V0103,2026-05-29,OFF-152,10,60.41,0.12,INR
PO04307,POL004307,V0335,2026-03-15,PRO-125,20,3070.2,0.12,INR
PO04308,POL004308,V0417,2026-05-23,OFF-160,5,845.53,0.05,INR
PO04309,POL004309,V0182,2026-06-08,IT -031,1,6876.93,0.05,INR
PO04310,POL004310,V0010,2026-06-30,PRO-070,100,15411.37,0.05,INR
PO04311,POL004311,V0424,2026-06-04,MAN-086,5,3389.27,0.18,INR
PO04312,POL004312,V0170,2026-07-04,UTI-007,2,3504.5,0.0,INR
PO04313,POL004313,V0490,2026-07-23,UTI-033,500,1126.59,0.18,INR
PO04314,POL004314,V0166,2026-03-24,MAR-028,5,12271.35,0.0,INR
PO04315,POL004315,V0272,2026-07-16,UTI-073,100,1023.88,0.18,INR
PO04316,POL004316,V0127,2026-03-31,LOG-140,20,8966.48,0.0,INR
PO04317,POL004317,V0236,2026-02-15,PRO-141,20,30280.67,0.12,INR
PO04318,POL004318,V0268,2026-06-30,OFF-027,50,1815.05,0.0,INR
PO04319,POL004319,V0461,2026-06-21,OFF-024,20,85.98,0.05,INR
PO04320,POL004320,V0305,2026-05-07,IT -117,100,20061.58,0.05,INR
PO04321,POL004321,V0079,2026-02-18,LOG-056,1,8138.62,0.12,INR
PO04322,POL004322,V0254,2026-05-16,FAC-133,1,4824.5,0.05,INR
PO04323,POL004323,V0300,2026-05-31,UTI-124,5,1892.18,0.0,INR
PO04324,POL004324,V0245,2026-05-06,OFF-114,1,391.69,0.12,INR
PO04325,POL004325,V0070,2026-02-12,LOG-059,5,3220.36,0.12,INR
PO04326,POL004326,V0177,2026-04-05,UTI-063,20,1159.31,0.0,INR
PO04327,POL004327,V0138,2026-01-20,OFF-056,2,902.23,0.18,INR
PO04328,POL004328,V0075,2026-04-07,MAN-050,250,2875.38,0.18,INR
PO04329,POL004329,V0059,2026-03-02,IT -004,10,21808.41,0.18,INR
PO04330,POL004330,V0262,2026-05-13,PRO-085,20,3129.95,0.0,INR
PO04331,POL004331,V0134,2026-03-04,MAR-028,10,15822.1,0.0,INR
PO04332,POL004332,V0337,2026-06-10,OFF-055,10,1915.64,0.05,INR
PO04333,POL004333,V0405,2026-07-07,FAC-066,20,975.35,0.05,INR
PO04334,POL004334,V0361,2026-02-18,MAR-042,2,4119.13,0.0,INR
PO04335,POL004335,V0448,2026-07-13,IT -086,10,19216.5,0.12,INR
PO04336,POL004336,V0232,2026-01-15,LOG-135,250,10705.69,0.05,INR
PO04337,POL004337,V0127,2026-07-01,LOG-145,20,7323.47,0.05,INR
PO04338,POL004338,V0468,2026-01-26,MAR-130,10,822.92,0.18,INR
PO04339,POL004339,V0104,2026-05-17,OFF-066,20,792.43,0.0,INR
PO04340,POL004340,V0390,2026-01-19,IT -054,50,17323.5,0.0,INR
PO04341,POL004341,V0220,2026-03-22,MAN-095,5,2976.24,0.18,INR
PO04342,POL004342,V0111,2026-03-22,PRO-019,1,29920.49,0.12,INR
PO04343,POL004343,V0482,2026-05-14,IT -043,250,10941.23,0.18,INR
PO04344,POL004344,V0123,2026-03-12,IT -116,10,13077.44,0.05,INR
PO04345,POL004345,V0364,2026-07-27,OFF-099,5,1258.63,0.18,INR
PO04346,POL004346,V0082,2026-07-19,LOG-018,20,4925.99,0.05,INR
PO04347,POL004347,V0150,2026-06-14,OFF-111,5,1434.91,0.18,INR
PO04348,POL004348,V0345,2026-04-06,UTI-031,100,2542.3,0.0,INR
PO04349,POL004349,V0014,2026-01-20,MAN-138,2,2284.87,0.12,INR
PO04350,POL004350,V0364,2026-06-05,OFF-137,50,1557.53,0.18,INR
PO04351,POL004351,V0126,2026-04-10,OFF-112,2,1533.14,0.05,INR
PO04352,POL004352,V0209,2026-06-11,IT -104,100,14317.08,0.12,INR
PO04353,POL004353,V0389,2026-03-23,LOG-097,50,10851.28,0.05,INR
PO04354,POL004354,V0389,2026-05-08,LOG-039,50,4008.1,0.05,INR
PO04355,POL004355,V0337,2026-03-28,OFF-118,1,690.13,0.05,INR
PO04356,POL004356,V0169,2026-05-20,IT -076,500,3049.47,0.05,INR
PO04357,POL004357,V0366,2026-05-01,PRO-085,20,35745.95,0.05,INR
PO04358,POL004358,V0307,2026-04-01,MAR-082,500,14188.43,0.05,INR
PO04359,POL004359,V0288,2026-07-30,FAC-036,250,4100.02,0.0,INR
PO04360,POL004360,V0327,2026-01-10,MAN-090,1,1514.85,0.05,INR
PO04361,POL004361,V0349,2026-06-24,UTI-090,1,3113.72,0.12,INR
PO04362,POL004362,V0108,2026-06-30,LOG-079,2,10606.58,0.18,INR
PO04363,POL004363,V0010,2026-05-21,PRO-016,250,32378.67,0.18,INR
PO04364,POL004364,V0106,2026-04-06,PRO-157,20,19574.61,0.12,INR
PO04365,POL004365,V0353,2026-02-01,PRO-113,500,25310.37,0.12,INR
PO04366,POL004366,V0474,2026-01-09,OFF-104,100,1273.81,0.18,INR
PO04367,POL004367,V0355,2026-03-14,PRO-032,500,23902.6,0.05,INR
PO04368,POL004368,V0335,2026-04-16,PRO-062,20,10897.55,0.05,INR
PO04369,POL004369,V0154,2026-02-05,LOG-026,500,4586.96,0.05,INR
PO04370,POL004370,V0248,2026-05-04,FAC-069,20,6384.92,0.12,INR
PO04371,POL004371,V0479,2026-07-21,FAC-049,2,4737.97,0.18,INR
PO04372,POL004372,V0022,2026-07-20,MAN-058,2,2084.17,0.12,INR
PO04373,POL004373,V0401,2026-04-17,LOG-128,2,8583.13,0.18,INR
PO04374,POL004374,V0373,2026-06-20,IT -106,5,12011.23,0.05,INR
PO04375,POL004375,V0457,2026-03-08,LOG-055,50,6008.58,0.18,INR
PO04376,POL004376,V0419,2026-03-26,UTI-022,500,4836.6,0.0,INR
PO04377,POL004377,V0335,2026-01-10,PRO-112,5,19857.23,0.12,INR
PO04378,POL004378,V0478,2026-04-21,UTI-138,250,2021.45,0.18,INR
PO04379,POL004379,V0197,2026-03-23,MAR-086,10,9604.25,0.0,INR
PO04380,POL004380,V0354,2026-04-08,IT -042,1,8363.93,0.0,INR
PO04381,POL004381,V0340,2026-03-05,MAR-138,250,5133.42,0.12,INR
PO04382,POL004382,V0027,2026-04-14,FAC-145,250,5721.81,0.0,INR
PO04383,POL004383,V0406,2026-03-04,FAC-115,50,5721.11,0.05,INR
PO04384,POL004384,V0498,2026-03-23,MAN-041,100,2943.52,0.0,INR
PO04385,POL004385,V0396,2026-01-08,FAC-011,2,7743.44,0.0,INR
PO04386,POL004386,V0468,2026-07-22,MAR-091,100,2200.77,0.0,INR
PO04387,POL004387,V0276,2026-06-13,LOG-069,20,4111.82,0.18,INR
PO04388,POL004388,V0225,2026-05-10,FAC-106,250,7530.9,0.0,INR
PO04389,POL004389,V0406,2026-01-01,FAC-091,2,3901.62,0.05,INR
PO04390,POL004390,V0068,2026-05-13,PRO-093,500,39811.27,0.05,INR
PO04391,POL004391,V0439,2026-07-17,PRO-096,1,30129.6,0.18,INR
PO04392,POL004392,V0429,2026-05-15,PRO-125,250,10134.84,0.0,INR
PO04393,POL004393,V0193,2026-07-17,PRO-031,500,30704.35,0.0,INR
PO04394,POL004394,V0353,2026-06-18,PRO-125,20,33313.41,0.05,INR
PO04395,POL004395,V0095,2026-05-17,IT -105,100,14137.53,0.0,INR
PO04396,POL004396,V0016,2026-02-13,LOG-063,500,4869.7,0.05,INR
PO04397,POL004397,V0483,2026-05-19,LOG-120,1,5790.79,0.0,INR
PO04398,POL004398,V0037,2026-02-21,MAN-025,250,2918.7,0.12,INR
PO04399,POL004399,V0103,2026-07-22,OFF-019,5,728.99,0.18,INR
PO04400,POL004400,V0196,2026-04-13,MAN-048,500,1234.72,0.12,INR
PO04401,POL004401,V0373,2026-04-20,IT -062,5,5546.29,0.0,INR
PO04402,POL004402,V0105,2026-07-19,PRO-131,50,4478.8,0.05,INR
PO04403,POL004403,V0353,2026-05-16,PRO-122,100,32782.73,0.12,INR
PO04404,POL004404,V0329,2026-06-13,FAC-054,500,334.27,0.18,INR
PO04405,POL004405,V0498,2026-07-14,MAN-057,50,729.01,0.0,INR
PO04406,POL004406,V0173,2026-04-27,UTI-083,1,2378.52,0.05,INR
PO04407,POL004407,V0356,2026-04-30,MAR-142,100,13615.74,0.12,INR
PO04408,POL004408,V0260,2026-02-18,OFF-001,100,1245.87,0.18,INR
PO04409,POL004409,V0312,2026-03-19,PRO-118,1,28196.8,0.0,INR
PO04410,POL004410,V0346,2026-01-01,OFF-033,1,1039.9,0.12,INR
PO04411,POL004411,V0339,2026-04-28,OFF-143,500,401.09,0.12,INR
PO04412,POL004412,V0115,2026-03-02,MAR-063,500,9193.16,0.18,INR
PO04413,POL004413,V0225,2026-04-08,FAC-004,2,5681.4,0.12,INR
PO04414,POL004414,V0047,2026-02-25,MAN-142,20,3329.33,0.05,INR
PO04415,POL004415,V0173,2026-06-27,UTI-158,500,2959.71,0.12,INR
PO04416,POL004416,V0403,2026-05-07,OFF-006,2,1502.71,0.12,INR
PO04417,POL004417,V0151,2026-06-26,OFF-088,10,421.39,0.18,INR
PO04418,POL004418,V0244,2026-07-29,PRO-012,500,30136.54,0.18,INR
PO04419,POL004419,V0483,2026-03-09,LOG-146,20,2278.05,0.05,INR
PO04420,POL004420,V0492,2026-05-03,UTI-141,2,3356.98,0.0,INR
PO04421,POL004421,V0315,2026-03-21,UTI-156,1,3692.69,0.12,INR
PO04422,POL004422,V0141,2026-04-28,PRO-044,20,38971.22,0.18,INR
PO04423,POL004423,V0308,2026-03-20,MAR-084,2,11819.97,0.18,INR
PO04424,POL004424,V0312,2026-05-17,PRO-069,10,36925.63,0.18,INR
PO04425,POL004425,V0062,2026-04-30,UTI-156,100,2300.92,0.18,INR
PO04426,POL004426,V0497,2026-02-23,LOG-007,20,4584.48,0.12,INR
PO04427,POL004427,V0279,2026-02-19,PRO-042,10,35838.05,0.0,INR
PO04428,POL004428,V0127,2026-02-17,LOG-050,100,11359.82,0.0,INR
PO04429,POL004429,V0274,2026-04-29,MAN-096,500,3228.75,0.12,INR
PO04430,POL004430,V0228,2026-05-11,PRO-116,500,35197.03,0.05,INR
PO04431,POL004431,V0370,2026-03-28,IT -075,250,5527.04,0.12,INR
PO04432,POL004432,V0432,2026-02-09,PRO-158,10,36125.32,0.12,INR
PO04433,POL004433,V0220,2026-01-08,MAN-062,50,2235.86,0.05,INR
PO04434,POL004434,V0250,2026-03-28,IT -060,250,12931.26,0.12,INR
PO04435,POL004435,V0251,2026-03-17,IT -092,5,23996.5,0.0,INR
PO04436,POL004436,V0151,2026-01-03,OFF-144,5,1594.56,0.05,INR
PO04437,POL004437,V0346,2026-02-06,OFF-130,50,1776.47,0.12,INR
PO04438,POL004438,V0483,2026-01-12,LOG-159,5,11669.02,0.05,INR
PO04439,POL004439,V0176,2026-06-27,IT -146,1,13270.63,0.18,INR
PO04440,POL004440,V0337,2026-04-29,OFF-028,10,1774.19,0.0,INR
PO04441,POL004441,V0129,2026-07-24,LOG-103,5,2105.98,0.0,INR
PO04442,POL004442,V0274,2026-07-14,MAN-119,2,2908.12,0.12,INR
PO04443,POL004443,V0207,2026-05-26,UTI-010,20,1124.27,0.05,INR
PO04444,POL004444,V0170,2026-03-22,UTI-159,500,1695.05,0.05,INR
PO04445,POL004445,V0053,2026-01-23,PRO-131,20,30363.94,0.0,INR
PO04446,POL004446,V0393,2026-06-30,UTI-109,10,2852.11,0.0,INR
PO04447,POL004447,V0107,2026-07-25,UTI-039,250,4123.56,0.12,INR
PO04448,POL004448,V0167,2026-01-31,IT -004,1,4820.0,0.12,INR
PO04449,POL004449,V0284,2026-05-25,LOG-041,20,3816.28,0.0,INR
PO04450,POL004450,V0452,2026-03-28,FAC-080,2,5396.52,0.05,INR
PO04451,POL004451,V0102,2026-07-26,PRO-036,50,23765.46,0.05,INR
PO04452,POL004452,V0107,2026-07-20,UTI-049,10,544.2,0.05,INR
PO04453,POL004453,V0228,2026-03-06,PRO-141,500,7120.42,0.05,INR
PO04454,POL004454,V0486,2026-07-24,MAR-026,500,11593.88,0.18,INR
PO04455,POL004455,V0354,2026-01-03,IT -061,2,2553.1,0.18,INR
PO04456,POL004456,V0133,2026-02-13,UTI-080,500,3569.81,0.18,INR
PO04457,POL004457,V0405,2026-06-23,FAC-009,500,7597.74,0.12,INR
PO04458,POL004458,V0033,2026-04-14,FAC-095,5,5117.36,0.05,INR
PO04459,POL004459,V0127,2026-03-11,LOG-160,250,8294.54,0.18,INR
PO04460,POL004460,V0081,2026-07-07,PRO-049,20,27736.1,0.12,INR
PO04461,POL004461,V0202,2026-02-24,MAN-059,5,1605.44,0.05,INR
PO04462,POL004462,V0041,2026-02-26,FAC-128,500,463.06,0.05,INR
PO04463,POL004463,V0075,2026-03-11,MAN-141,50,2494.59,0.05,INR
PO04464,POL004464,V0318,2026-05-10,IT -057,5,22412.74,0.18,INR
PO04465,POL004465,V0029,2026-03-04,PRO-098,500,15878.19,0.18,INR
PO04466,POL004466,V0103,2026-05-14,OFF-154,100,1884.88,0.12,INR
PO04467,POL004467,V0235,2026-04-12,UTI-113,20,1945.45,0.12,INR
PO04468,POL004468,V0076,2026-03-22,MAN-063,100,3432.62,0.18,INR
PO04469,POL004469,V0071,2026-06-06,MAR-053,500,15678.57,0.0,INR
PO04470,POL004470,V0420,2026-04-16,FAC-062,20,3596.68,0.18,INR
PO04471,POL004471,V0276,2026-04-18,LOG-009,20,3114.8,0.05,INR
PO04472,POL004472,V0142,2026-05-17,UTI-007,50,3546.3,0.18,INR
PO04473,POL004473,V0084,2026-01-29,PRO-127,10,33798.12,0.0,INR
PO04474,POL004474,V0440,2026-04-06,PRO-118,20,8672.89,0.05,INR
PO04475,POL004475,V0448,2026-05-11,IT -160,500,8991.21,0.12,INR
PO04476,POL004476,V0166,2026-07-17,MAR-127,2,3370.86,0.12,INR
PO04477,POL004477,V0166,2026-05-23,MAR-028,10,4375.03,0.0,INR
PO04478,POL004478,V0209,2026-06-18,IT -144,1,22718.74,0.0,INR
PO04479,POL004479,V0242,2026-04-10,PRO-078,500,28014.09,0.12,INR
PO04480,POL004480,V0150,2026-07-30,OFF-033,100,334.55,0.05,INR
PO04481,POL004481,V0353,2026-02-24,PRO-025,250,11348.47,0.12,INR
PO04482,POL004482,V0127,2026-06-21,LOG-054,250,8683.05,0.18,INR
PO04483,POL004483,V0210,2026-02-28,MAR-103,100,8803.09,0.18,INR
PO04484,POL004484,V0447,2026-03-07,OFF-021,1,1051.38,0.05,INR
PO04485,POL004485,V0447,2026-02-02,OFF-155,10,1038.02,0.12,INR
PO04486,POL004486,V0316,2026-03-01,MAR-135,10,4499.36,0.0,INR
PO04487,POL004487,V0476,2026-05-28,PRO-091,50,28033.5,0.05,INR
PO04488,POL004488,V0361,2026-07-12,MAR-120,10,16090.39,0.0,INR
PO04489,POL004489,V0469,2026-06-10,LOG-090,250,3925.7,0.18,INR
PO04490,POL004490,V0424,2026-03-25,MAN-118,500,1733.5,0.12,INR
PO04491,POL004491,V0371,2026-03-11,MAN-065,100,237.51,0.18,INR
PO04492,POL004492,V0115,2026-01-19,MAR-060,500,4161.97,0.05,INR
PO04493,POL004493,V0191,2026-01-01,IT -130,1,9289.5,0.0,INR
PO04494,POL004494,V0220,2026-05-23,MAN-132,2,170.31,0.0,INR
PO04495,POL004495,V0066,2026-03-26,UTI-119,10,1789.85,0.12,INR
PO04496,POL004496,V0304,2026-03-29,IT -160,500,3176.33,0.12,INR
PO04497,POL004497,V0377,2026-01-14,MAN-044,10,1660.1,0.12,INR
PO04498,POL004498,V0361,2026-02-18,MAR-133,10,14791.4,0.05,INR
PO04499,POL004499,V0321,2026-01-13,PRO-089,20,39371.38,0.0,INR
PO04500,POL004500,V0031,2026-01-30,IT -042,10,2999.55,0.12,INR
PO04501,POL004501,V0243,2026-07-18,MAN-029,100,1089.95,0.0,INR
PO04502,POL004502,V0245,2026-04-09,OFF-023,100,1155.72,0.0,INR
PO04503,POL004503,V0154,2026-04-16,LOG-041,500,11465.22,0.12,INR
PO04504,POL004504,V0015,2026-07-07,FAC-106,2,4470.97,0.18,INR
PO04505,POL004505,V0191,2026-07-06,IT -144,1,17127.64,0.12,INR
PO04506,POL004506,V0064,2026-01-14,OFF-094,250,319.26,0.0,INR
PO04507,POL004507,V0461,2026-03-17,OFF-087,5,1437.21,0.05,INR
PO04508,POL004508,V0019,2026-01-27,UTI-058,10,352.81,0.18,INR
PO04509,POL004509,V0285,2026-03-21,IT -035,100,19427.45,0.12,INR
PO04510,POL004510,V0075,2026-05-15,MAN-154,5,2568.28,0.12,INR
PO04511,POL004511,V0284,2026-02-26,LOG-107,2,8218.07,0.12,INR
PO04512,POL004512,V0498,2026-02-02,MAN-056,2,1313.1,0.18,INR
PO04513,POL004513,V0263,2026-04-26,OFF-139,1,1440.98,0.05,INR
PO04514,POL004514,V0108,2026-01-01,LOG-004,10,3815.05,0.0,INR
PO04515,POL004515,V0313,2026-05-07,OFF-066,50,1506.9,0.18,INR
PO04516,POL004516,V0218,2026-07-16,OFF-042,250,696.39,0.12,INR
PO04517,POL004517,V0239,2026-05-11,OFF-066,5,798.79,0.0,INR
PO04518,POL004518,V0173,2026-06-08,UTI-082,10,723.55,0.0,INR
PO04519,POL004519,V0246,2026-07-30,IT -078,100,19506.82,0.18,INR
PO04520,POL004520,V0173,2026-03-06,UTI-150,500,2647.59,0.18,INR
PO04521,POL004521,V0335,2026-05-01,PRO-119,500,12434.22,0.18,INR
PO04522,POL004522,V0049,2026-04-23,MAR-149,20,9317.49,0.12,INR
PO04523,POL004523,V0246,2026-05-18,IT -026,50,12131.59,0.12,INR
PO04524,POL004524,V0022,2026-02-18,MAN-089,5,3429.73,0.05,INR
PO04525,POL004525,V0384,2026-01-28,FAC-104,10,3344.78,0.05,INR
PO04526,POL004526,V0154,2026-02-04,LOG-090,1,6218.7,0.0,INR
PO04527,POL004527,V0235,2026-02-04,UTI-157,1,4443.78,0.0,INR
PO04528,POL004528,V0266,2026-07-14,FAC-096,20,2008.89,0.18,INR
PO04529,POL004529,V0435,2026-03-02,MAN-036,10,727.73,0.12,INR
PO04530,POL004530,V0178,2026-07-07,MAR-009,5,16304.09,0.05,INR
PO04531,POL004531,V0337,2026-04-27,OFF-146,2,733.97,0.12,INR
PO04532,POL004532,V0332,2026-05-20,OFF-096,100,1690.75,0.05,INR
PO04533,POL004533,V0015,2026-07-24,FAC-136,1,7025.09,0.0,INR
PO04534,POL004534,V0466,2026-02-21,FAC-002,250,4883.88,0.18,INR
PO04535,POL004535,V0315,2026-02-22,UTI-005,100,1602.42,0.18,INR
PO04536,POL004536,V0161,2026-01-18,IT -087,20,20578.17,0.0,INR
PO04537,POL004537,V0394,2026-07-26,OFF-123,20,1238.99,0.18,INR
PO04538,POL004538,V0210,2026-05-17,MAR-002,50,1404.85,0.12,INR
PO04539,POL004539,V0220,2026-07-11,MAN-006,250,2824.66,0.05,INR
PO04540,POL004540,V0043,2026-01-20,IT -005,500,5246.51,0.05,INR
PO04541,POL004541,V0098,2026-01-04,IT -092,20,18111.19,0.12,INR
PO04542,POL004542,V0339,2026-04-10,OFF-140,50,1430.18,0.18,INR
PO04543,POL004543,V0250,2026-07-06,IT -009,2,4973.71,0.05,INR
PO04544,POL004544,V0396,2026-03-27,FAC-053,500,1880.45,0.0,INR
PO04545,POL004545,V0084,2026-07-28,PRO-071,1,35275.71,0.12,INR
PO04546,POL004546,V0255,2026-05-14,LOG-114,1,7795.01,0.0,INR
PO04547,POL004547,V0386,2026-03-12,MAN-025,250,2136.76,0.12,INR
PO04548,POL004548,V0102,2026-05-08,PRO-024,2,13159.64,0.12,INR
PO04549,POL004549,V0285,2026-02-25,IT -150,250,14284.04,0.05,INR
PO04550,POL004550,V0456,2026-05-09,IT -125,2,5126.71,0.12,INR
PO04551,POL004551,V0261,2026-04-28,PRO-138,10,25100.69,0.05,INR
PO04552,POL004552,V0353,2026-02-12,PRO-056,50,16074.81,0.05,INR
PO04553,POL004553,V0030,2026-05-30,IT -067,10,2687.08,0.0,INR
PO04554,POL004554,V0366,2026-02-01,PRO-047,250,21426.52,0.0,INR
PO04555,POL004555,V0178,2026-07-18,MAR-020,20,15855.22,0.0,INR
PO04556,POL004556,V0381,2026-04-09,MAR-041,250,4361.33,0.12,INR
PO04557,POL004557,V0214,2026-01-15,FAC-159,2,2736.5,0.12,INR
PO04558,POL004558,V0424,2026-04-19,MAN-082,250,2201.45,0.05,INR
PO04559,POL004559,V0191,2026-02-05,IT -004,5,13284.5,0.0,INR
PO04560,POL004560,V0202,2026-01-31,MAN-152,20,871.38,0.12,INR
PO04561,POL004561,V0047,2026-07-21,MAN-062,10,2833.35,0.05,INR
PO04562,POL004562,V0047,2026-03-10,MAN-121,1,809.22,0.05,INR
PO04563,POL004563,V0042,2026-01-28,MAN-032,250,893.0,0.18,INR
PO04564,POL004564,V0258,2026-03-22,IT -083,100,14942.58,0.12,INR
PO04565,POL004565,V0116,2026-03-27,LOG-073,5,8701.37,0.12,INR
PO04566,POL004566,V0360,2026-07-23,FAC-088,10,3593.27,0.05,INR
PO04567,POL004567,V0134,2026-05-12,MAR-062,250,9704.51,0.0,INR
PO04568,POL004568,V0312,2026-04-10,PRO-001,20,26978.53,0.0,INR
PO04569,POL004569,V0067,2026-04-12,OFF-113,20,1895.37,0.12,INR
PO04570,POL004570,V0117,2026-03-13,OFF-136,20,709.52,0.0,INR
PO04571,POL004571,V0339,2026-06-24,OFF-004,2,1647.69,0.18,INR
PO04572,POL004572,V0483,2026-04-13,LOG-087,500,1223.85,0.05,INR
PO04573,POL004573,V0122,2026-06-06,PRO-157,500,4182.48,0.05,INR
PO04574,POL004574,V0482,2026-06-11,IT -087,500,10055.57,0.05,INR
PO04575,POL004575,V0450,2026-01-14,FAC-146,500,2426.07,0.18,INR
PO04576,POL004576,V0421,2026-02-06,MAR-135,100,14794.79,0.12,INR
PO04577,POL004577,V0082,2026-04-23,LOG-113,10,5775.41,0.18,INR
PO04578,POL004578,V0123,2026-04-03,IT -079,50,4350.35,0.0,INR
PO04579,POL004579,V0422,2026-01-16,MAR-060,5,8976.79,0.0,INR
PO04580,POL004580,V0041,2026-05-16,FAC-097,250,2059.73,0.12,INR
PO04581,POL004581,V0213,2026-02-12,OFF-150,5,201.13,0.0,INR
PO04582,POL004582,V0075,2026-02-09,MAN-124,1,2293.55,0.18,INR
PO04583,POL004583,V0013,2026-04-07,FAC-032,10,2956.85,0.0,INR
PO04584,POL004584,V0116,2026-06-23,LOG-057,500,5198.05,0.18,INR
PO04585,POL004585,V0446,2026-07-05,MAN-107,5,2323.88,0.12,INR
PO04586,POL004586,V0143,2026-06-19,FAC-082,20,3995.98,0.18,INR
PO04587,POL004587,V0457,2026-05-19,LOG-055,1,1315.28,0.05,INR
PO04588,POL004588,V0173,2026-02-14,UTI-082,250,1702.29,0.12,INR
PO04589,POL004589,V0297,2026-06-15,LOG-131,5,8288.29,0.12,INR
PO04590,POL004590,V0443,2026-03-13,LOG-140,10,3086.45,0.18,INR
PO04591,POL004591,V0220,2026-01-03,MAN-104,500,683.95,0.05,INR
PO04592,POL004592,V0152,2026-03-25,FAC-051,2,822.57,0.12,INR
PO04593,POL004593,V0228,2026-04-29,PRO-004,20,13574.46,0.12,INR
PO04594,POL004594,V0021,2026-07-09,LOG-097,2,10620.51,0.0,INR
PO04595,POL004595,V0393,2026-07-19,UTI-032,250,445.04,0.05,INR
PO04596,POL004596,V0178,2026-04-10,MAR-031,250,9112.33,0.05,INR
PO04597,POL004597,V0356,2026-05-18,MAR-047,5,1975.48,0.0,INR
PO04598,POL004598,V0386,2026-06-16,MAN-100,100,2913.85,0.05,INR
PO04599,POL004599,V0256,2026-07-05,UTI-151,100,4944.64,0.12,INR
PO04600,POL004600,V0007,2026-04-07,PRO-066,250,15435.09,0.18,INR
PO04601,POL004601,V0403,2026-07-30,OFF-018,50,986.17,0.05,INR
PO04602,POL004602,V0403,2026-06-02,OFF-033,2,394.47,0.18,INR
PO04603,POL004603,V0172,2026-05-02,PRO-025,10,2067.12,0.12,INR
PO04604,POL004604,V0047,2026-04-19,MAN-138,20,742.63,0.12,INR
PO04605,POL004605,V0227,2026-01-06,FAC-014,50,3457.63,0.05,INR
PO04606,POL004606,V0003,2026-01-11,LOG-024,100,10827.47,0.18,INR
PO04607,POL004607,V0070,2026-01-13,LOG-121,500,2380.42,0.12,INR
PO04608,POL004608,V0386,2026-01-12,MAN-070,100,3258.5,0.0,INR
PO04609,POL004609,V0495,2026-05-27,UTI-055,500,1624.17,0.05,INR
PO04610,POL004610,V0470,2026-05-21,FAC-095,500,6491.77,0.18,INR
PO04611,POL004611,V0190,2026-04-24,FAC-066,250,2059.35,0.18,INR
PO04612,POL004612,V0422,2026-03-30,MAR-092,2,12326.94,0.0,INR
PO04613,POL004613,V0390,2026-04-06,IT -080,100,23298.53,0.05,INR
PO04614,POL004614,V0221,2026-05-21,IT -144,250,12643.98,0.18,INR
PO04615,POL004615,V0121,2026-01-01,LOG-018,50,9501.87,0.0,INR
PO04616,POL004616,V0101,2026-04-16,IT -144,50,17372.72,0.05,INR
PO04617,POL004617,V0323,2026-07-12,FAC-106,500,2776.42,0.12,INR
PO04618,POL004618,V0028,2026-05-03,OFF-149,50,1275.27,0.05,INR
PO04619,POL004619,V0412,2026-07-08,LOG-135,10,2991.87,0.0,INR
PO04620,POL004620,V0281,2026-03-28,IT -068,100,14298.36,0.12,INR
PO04621,POL004621,V0003,2026-02-28,LOG-153,20,11208.37,0.05,INR
PO04622,POL004622,V0453,2026-01-11,UTI-112,10,2546.44,0.18,INR
PO04623,POL004623,V0148,2026-03-12,IT -005,2,17623.13,0.18,INR
PO04624,POL004624,V0416,2026-01-14,IT -052,20,5635.75,0.18,INR
PO04625,POL004625,V0425,2026-04-15,OFF-158,20,1433.88,0.12,INR
PO04626,POL004626,V0169,2026-05-31,IT -017,50,8701.61,0.18,INR
PO04627,POL004627,V0062,2026-07-29,UTI-044,100,4047.91,0.05,INR
PO04628,POL004628,V0482,2026-02-25,IT -144,100,23655.63,0.12,INR
PO04629,POL004629,V0332,2026-05-26,OFF-105,250,1692.75,0.12,INR
PO04630,POL004630,V0470,2026-01-29,FAC-117,50,3929.02,0.18,INR
PO04631,POL004631,V0104,2026-06-18,OFF-053,250,592.01,0.05,INR
PO04632,POL004632,V0462,2026-07-26,MAR-062,1,6358.37,0.0,INR
PO04633,POL004633,V0140,2026-02-16,OFF-077,500,693.73,0.0,INR
PO04634,POL004634,V0483,2026-07-13,LOG-066,500,11556.59,0.0,INR
PO04635,POL004635,V0236,2026-03-08,PRO-117,50,26370.53,0.18,INR
PO04636,POL004636,V0003,2026-07-20,LOG-016,2,10527.93,0.05,INR
PO04637,POL004637,V0123,2026-07-26,IT -016,10,12466.8,0.12,INR
PO04638,POL004638,V0068,2026-03-28,PRO-131,250,6770.96,0.05,INR
PO04639,POL004639,V0220,2026-01-26,MAN-038,50,545.7,0.05,INR
PO04640,POL004640,V0058,2026-03-22,FAC-113,2,1600.87,0.12,INR
PO04641,POL004641,V0229,2026-01-21,OFF-060,250,1589.98,0.0,INR
PO04642,POL004642,V0084,2026-04-09,PRO-054,50,21612.68,0.18,INR
PO04643,POL004643,V0377,2026-01-04,MAN-110,2,3427.16,0.18,INR
PO04644,POL004644,V0138,2026-01-28,OFF-092,2,363.18,0.05,INR
PO04645,POL004645,V0212,2026-07-15,FAC-065,2,2721.23,0.05,INR
PO04646,POL004646,V0227,2026-03-08,FAC-082,5,6393.83,0.18,INR
PO04647,POL004647,V0182,2026-04-06,IT -097,250,4870.27,0.18,INR
PO04648,POL004648,V0368,2026-02-13,FAC-102,5,3393.21,0.05,INR
PO04649,POL004649,V0335,2026-04-30,PRO-122,500,30956.4,0.05,INR
PO04650,POL004650,V0468,2026-03-16,MAR-046,5,3156.4,0.0,INR
PO04651,POL004651,V0003,2026-03-29,LOG-004,5,849.27,0.0,INR
PO04652,POL004652,V0143,2026-03-14,FAC-035,1,1919.47,0.05,INR
PO04653,POL004653,V0012,2026-06-20,MAN-042,500,321.36,0.12,INR
PO04654,POL004654,V0092,2026-01-08,IT -102,500,2506.02,0.05,INR
PO04655,POL004655,V0091,2026-04-27,FAC-074,5,3594.16,0.18,INR
PO04656,POL004656,V0112,2026-03-17,MAR-148,100,13720.28,0.12,INR
PO04657,POL004657,V0058,2026-01-22,FAC-006,10,972.37,0.0,INR
PO04658,POL004658,V0381,2026-05-15,MAR-082,2,8577.59,0.12,INR
PO04659,POL004659,V0022,2026-06-19,MAN-019,250,269.36,0.12,INR
PO04660,POL004660,V0274,2026-05-28,MAN-034,2,1933.54,0.05,INR
PO04661,POL004661,V0354,2026-03-25,IT -042,500,17083.89,0.18,INR
PO04662,POL004662,V0401,2026-02-02,LOG-014,2,9040.24,0.05,INR
PO04663,POL004663,V0261,2026-07-17,PRO-020,500,30444.66,0.12,INR
PO04664,POL004664,V0037,2026-03-07,MAN-079,500,1042.72,0.18,INR
PO04665,POL004665,V0307,2026-05-13,MAR-100,100,4770.9,0.05,INR
PO04666,POL004666,V0153,2026-07-14,LOG-039,250,10287.55,0.18,INR
PO04667,POL004667,V0402,2026-07-24,MAN-133,5,435.79,0.05,INR
PO04668,POL004668,V0315,2026-02-27,UTI-080,2,600.58,0.12,INR
PO04669,POL004669,V0143,2026-02-09,FAC-157,100,6269.59,0.05,INR
PO04670,POL004670,V0354,2026-06-04,IT -132,250,1794.96,0.12,INR
PO04671,POL004671,V0363,2026-03-09,MAR-005,250,6097.35,0.05,INR
PO04672,POL004672,V0314,2026-07-24,MAR-135,1,11709.85,0.05,INR
PO04673,POL004673,V0443,2026-04-30,LOG-060,20,11899.3,0.0,INR
PO04674,POL004674,V0470,2026-03-17,FAC-038,250,2924.47,0.05,INR
PO04675,POL004675,V0413,2026-03-29,UTI-094,500,832.48,0.0,INR
PO04676,POL004676,V0424,2026-01-24,MAN-116,250,923.44,0.18,INR
PO04677,POL004677,V0156,2026-04-08,OFF-043,50,505.82,0.12,INR
PO04678,POL004678,V0219,2026-01-05,MAN-098,50,2352.17,0.05,INR
PO04679,POL004679,V0139,2026-05-24,MAN-003,10,203.58,0.18,INR
PO04680,POL004680,V0197,2026-02-05,MAR-009,250,8569.13,0.05,INR
PO04681,POL004681,V0443,2026-04-14,LOG-064,20,5556.9,0.05,INR
PO04682,POL004682,V0183,2026-06-02,PRO-040,20,25625.04,0.18,INR
PO04683,POL004683,V0359,2026-03-17,IT -045,5,14257.51,0.12,INR
PO04684,POL004684,V0237,2026-07-29,PRO-150,20,4055.39,0.12,INR
PO04685,POL004685,V0027,2026-06-17,FAC-010,500,7360.37,0.0,INR
PO04686,POL004686,V0266,2026-03-08,FAC-103,2,5144.81,0.0,INR
PO04687,POL004687,V0031,2026-04-18,IT -034,5,15794.09,0.12,INR
PO04688,POL004688,V0379,2026-03-25,MAN-111,500,2105.0,0.12,INR
PO04689,POL004689,V0028,2026-02-16,OFF-089,250,1515.34,0.12,INR
PO04690,POL004690,V0022,2026-05-28,MAN-117,50,489.52,0.18,INR
PO04691,POL004691,V0059,2026-05-05,IT -027,250,24126.12,0.12,INR
PO04692,POL004692,V0165,2026-02-20,PRO-075,1,25259.06,0.05,INR
PO04693,POL004693,V0498,2026-02-24,MAN-100,10,1355.82,0.0,INR
PO04694,POL004694,V0108,2026-01-30,LOG-144,1,1398.34,0.18,INR
PO04695,POL004695,V0267,2026-03-27,FAC-159,250,1427.47,0.05,INR
PO04696,POL004696,V0123,2026-01-20,IT -039,2,20126.49,0.0,INR
PO04697,POL004697,V0359,2026-04-03,IT -062,50,23416.62,0.18,INR
PO04698,POL004698,V0345,2026-05-30,UTI-118,10,2953.31,0.0,INR
PO04699,POL004699,V0182,2026-05-28,IT -048,10,24677.45,0.18,INR
PO04700,POL004700,V0371,2026-07-17,MAN-024,100,771.37,0.12,INR
PO04701,POL004701,V0263,2026-05-01,OFF-109,500,1131.1,0.05,INR
PO04702,POL004702,V0467,2026-02-12,LOG-012,100,6696.05,0.12,INR
PO04703,POL004703,V0113,2026-05-14,FAC-134,1,4984.17,0.0,INR
PO04704,POL004704,V0357,2026-05-08,OFF-153,2,926.72,0.0,INR
PO04705,POL004705,V0009,2026-06-23,FAC-035,100,3145.85,0.18,INR
PO04706,POL004706,V0490,2026-06-25,UTI-059,50,3757.41,0.18,INR
PO04707,POL004707,V0463,2026-07-30,IT -145,2,10389.33,0.18,INR
PO04708,POL004708,V0062,2026-05-15,UTI-052,1,3503.16,0.0,INR
PO04709,POL004709,V0194,2026-03-15,LOG-024,20,8500.78,0.0,INR
PO04710,POL004710,V0279,2026-05-02,PRO-014,100,23272.08,0.05,INR
PO04711,POL004711,V0356,2026-05-10,MAR-106,250,1687.84,0.0,INR
PO04712,POL004712,V0440,2026-02-08,PRO-058,1,5711.47,0.0,INR
PO04713,POL004713,V0058,2026-02-06,FAC-134,20,7976.6,0.05,INR
PO04714,POL004714,V0083,2026-05-02,FAC-095,1,6158.28,0.0,INR
PO04715,POL004715,V0091,2026-01-31,FAC-159,5,3143.71,0.05,INR
PO04716,POL004716,V0458,2026-03-28,LOG-107,20,10289.89,0.12,INR
PO04717,POL004717,V0372,2026-06-17,LOG-158,10,902.65,0.18,INR
PO04718,POL004718,V0193,2026-04-27,PRO-140,1,17395.91,0.0,INR
PO04719,POL004719,V0461,2026-05-07,OFF-105,10,343.09,0.05,INR
PO04720,POL004720,V0038,2026-06-10,MAR-068,250,8315.76,0.0,INR
PO04721,POL004721,V0182,2026-01-22,IT -071,100,21628.55,0.05,INR
PO04722,POL004722,V0372,2026-01-14,LOG-064,100,1657.92,0.05,INR
PO04723,POL004723,V0045,2026-04-04,MAN-096,20,2824.34,0.0,INR
PO04724,POL004724,V0026,2026-04-07,LOG-074,10,2850.12,0.05,INR
PO04725,POL004725,V0089,2026-02-03,PRO-116,250,27743.53,0.05,INR
PO04726,POL004726,V0293,2026-02-16,MAN-063,100,551.85,0.12,INR
PO04727,POL004727,V0212,2026-02-12,FAC-131,500,3951.68,0.0,INR
PO04728,POL004728,V0446,2026-06-14,MAN-058,5,1685.18,0.12,INR
PO04729,POL004729,V0323,2026-02-24,FAC-121,2,6824.88,0.12,INR
PO04730,POL004730,V0145,2026-03-20,UTI-062,500,2630.44,0.0,INR
PO04731,POL004731,V0451,2026-07-02,IT -159,500,10564.66,0.12,INR
PO04732,POL004732,V0468,2026-04-10,MAR-131,500,2696.65,0.05,INR
PO04733,POL004733,V0472,2026-07-15,PRO-107,50,7168.84,0.0,INR
PO04734,POL004734,V0185,2026-05-08,MAR-085,500,11395.71,0.05,INR
PO04735,POL004735,V0030,2026-07-07,IT -138,5,22070.34,0.18,INR
PO04736,POL004736,V0423,2026-06-12,IT -151,5,12344.2,0.12,INR
PO04737,POL004737,V0443,2026-05-21,LOG-129,10,2683.3,0.05,INR
PO04738,POL004738,V0386,2026-06-30,MAN-051,50,1083.68,0.18,INR
PO04739,POL004739,V0314,2026-01-27,MAR-095,50,3360.51,0.05,INR
PO04740,POL004740,V0423,2026-07-23,IT -040,20,16314.53,0.0,INR
PO04741,POL004741,V0058,2026-02-25,FAC-154,50,3605.8,0.05,INR
PO04742,POL004742,V0212,2026-07-13,FAC-152,250,4186.57,0.18,INR
PO04743,POL004743,V0074,2026-01-09,MAN-006,20,1951.26,0.12,INR
PO04744,POL004744,V0259,2026-01-06,LOG-065,5,1371.55,0.12,INR
PO04745,POL004745,V0207,2026-06-03,UTI-111,50,963.17,0.05,INR
PO04746,POL004746,V0101,2026-04-29,IT -154,10,10911.86,0.18,INR
PO04747,POL004747,V0325,2026-03-21,MAR-005,10,4144.67,0.0,INR
PO04748,POL004748,V0239,2026-05-21,OFF-122,500,96.88,0.0,INR
PO04749,POL004749,V0446,2026-05-25,MAN-083,250,1009.83,0.05,INR
PO04750,POL004750,V0257,2026-01-12,PRO-093,500,36362.33,0.0,INR
PO04751,POL004751,V0138,2026-01-16,OFF-145,5,1859.62,0.12,INR
PO04752,POL004752,V0298,2026-07-09,MAN-100,20,1054.62,0.0,INR
PO04753,POL004753,V0443,2026-06-02,LOG-022,100,2167.5,0.05,INR
PO04754,POL004754,V0217,2026-03-10,PRO-080,50,30238.65,0.0,INR
PO04755,POL004755,V0032,2026-02-26,MAN-035,250,3427.2,0.18,INR
PO04756,POL004756,V0363,2026-02-22,MAR-105,1,2840.33,0.0,INR
PO04757,POL004757,V0243,2026-04-23,MAN-115,1,2804.58,0.05,INR
PO04758,POL004758,V0081,2026-04-22,PRO-105,2,15947.12,0.05,INR
PO04759,POL004759,V0337,2026-05-12,OFF-055,1,514.04,0.18,INR
PO04760,POL004760,V0178,2026-06-14,MAR-023,5,10345.18,0.18,INR
PO04761,POL004761,V0012,2026-02-21,MAN-020,50,587.33,0.0,INR
PO04762,POL004762,V0201,2026-06-17,OFF-140,500,868.63,0.18,INR
PO04763,POL004763,V0034,2026-02-25,MAN-066,20,410.23,0.0,INR
PO04764,POL004764,V0403,2026-05-03,OFF-098,500,812.58,0.0,INR
PO04765,POL004765,V0134,2026-01-25,MAR-133,10,14959.02,0.18,INR
PO04766,POL004766,V0226,2026-06-03,IT -039,2,1774.1,0.18,INR
PO04767,POL004767,V0303,2026-06-23,LOG-115,100,3629.11,0.12,INR
PO04768,POL004768,V0156,2026-04-27,OFF-066,250,1809.88,0.0,INR
PO04769,POL004769,V0267,2026-06-29,FAC-020,100,2301.02,0.12,INR
PO04770,POL004770,V0187,2026-04-28,FAC-069,500,5546.43,0.0,INR
PO04771,POL004771,V0483,2026-03-25,LOG-149,100,3287.88,0.0,INR
PO04772,POL004772,V0016,2026-01-23,LOG-080,20,674.11,0.0,INR
PO04773,POL004773,V0110,2026-05-24,PRO-037,100,38959.74,0.18,INR
PO04774,POL004774,V0277,2026-02-27,IT -091,10,5344.87,0.18,INR
PO04775,POL004775,V0068,2026-01-03,PRO-156,20,31695.9,0.05,INR
PO04776,POL004776,V0051,2026-02-08,LOG-118,100,10356.52,0.12,INR
PO04777,POL004777,V0112,2026-04-26,MAR-092,5,10277.96,0.0,INR
PO04778,POL004778,V0172,2026-05-07,PRO-123,50,24429.66,0.18,INR
PO04779,POL004779,V0231,2026-06-17,PRO-006,100,30098.83,0.18,INR
PO04780,POL004780,V0478,2026-04-10,UTI-021,1,3003.66,0.05,INR
PO04781,POL004781,V0091,2026-06-23,FAC-060,250,3357.59,0.0,INR
PO04782,POL004782,V0256,2026-06-02,UTI-013,100,4209.74,0.05,INR
PO04783,POL004783,V0317,2026-05-26,IT -156,5,9388.16,0.05,INR
PO04784,POL004784,V0397,2026-07-28,PRO-130,2,27425.87,0.18,INR
PO04785,POL004785,V0226,2026-02-07,IT -082,20,5332.01,0.05,INR
PO04786,POL004786,V0101,2026-05-04,IT -115,20,16506.29,0.05,INR
PO04787,POL004787,V0333,2026-05-28,FAC-141,250,3981.03,0.12,INR
PO04788,POL004788,V0368,2026-07-23,FAC-073,100,716.31,0.0,INR
PO04789,POL004789,V0197,2026-05-21,MAR-058,20,4884.1,0.05,INR
PO04790,POL004790,V0292,2026-07-23,OFF-136,5,1612.15,0.18,INR
PO04791,POL004791,V0277,2026-02-13,IT -160,50,8298.34,0.18,INR
PO04792,POL004792,V0220,2026-05-07,MAN-096,20,981.79,0.12,INR
PO04793,POL004793,V0313,2026-03-24,OFF-043,1,672.81,0.12,INR
PO04794,POL004794,V0477,2026-04-06,MAN-124,2,864.52,0.12,INR
PO04795,POL004795,V0046,2026-01-27,OFF-042,5,1421.04,0.05,INR
PO04796,POL004796,V0447,2026-04-14,OFF-032,10,1720.3,0.0,INR
PO04797,POL004797,V0226,2026-05-13,IT -072,100,17050.94,0.18,INR
PO04798,POL004798,V0046,2026-07-06,OFF-117,250,1591.54,0.18,INR
PO04799,POL004799,V0346,2026-07-04,OFF-063,1,84.96,0.0,INR
PO04800,POL004800,V0419,2026-07-23,UTI-039,500,4252.96,0.05,INR
PO04801,POL004801,V0387,2026-01-16,MAN-134,1,2655.71,0.12,INR
PO04802,POL004802,V0200,2026-06-12,LOG-031,10,546.76,0.12,INR
PO04803,POL004803,V0058,2026-05-19,FAC-045,20,2795.36,0.05,INR
PO04804,POL004804,V0044,2026-02-06,OFF-159,500,547.97,0.18,INR
PO04805,POL004805,V0237,2026-06-12,PRO-146,5,3677.16,0.18,INR
PO04806,POL004806,V0306,2026-02-27,PRO-102,20,38736.23,0.05,INR
PO04807,POL004807,V0345,2026-01-22,UTI-099,2,4349.29,0.18,INR
PO04808,POL004808,V0207,2026-06-07,UTI-159,500,691.31,0.0,INR
PO04809,POL004809,V0009,2026-07-28,FAC-018,10,3913.71,0.12,INR
PO04810,POL004810,V0416,2026-03-22,IT -159,5,12372.48,0.18,INR
PO04811,POL004811,V0420,2026-04-20,FAC-116,10,1242.62,0.12,INR
PO04812,POL004812,V0373,2026-02-04,IT -118,100,2594.94,0.18,INR
PO04813,POL004813,V0152,2026-03-17,FAC-052,250,6166.86,0.18,INR
PO04814,POL004814,V0004,2026-03-08,UTI-103,250,2311.38,0.12,INR
PO04815,POL004815,V0491,2026-03-12,PRO-036,20,19308.72,0.0,INR
PO04816,POL004816,V0071,2026-07-06,MAR-141,20,10797.16,0.0,INR
PO04817,POL004817,V0251,2026-05-01,IT -087,5,21767.22,0.12,INR
PO04818,POL004818,V0064,2026-03-16,OFF-075,1,1766.97,0.18,INR
PO04819,POL004819,V0364,2026-04-27,OFF-037,20,412.38,0.12,INR
PO04820,POL004820,V0126,2026-02-10,OFF-033,500,1710.02,0.0,INR
PO04821,POL004821,V0208,2026-02-19,OFF-082,1,1689.67,0.12,INR
PO04822,POL004822,V0039,2026-03-06,IT -020,250,24671.54,0.12,INR
PO04823,POL004823,V0476,2026-07-19,PRO-131,10,5075.02,0.18,INR
PO04824,POL004824,V0407,2026-03-10,MAR-052,250,14715.68,0.0,INR
PO04825,POL004825,V0290,2026-02-28,MAR-070,5,8579.13,0.05,INR
PO04826,POL004826,V0434,2026-01-13,UTI-118,20,1715.74,0.18,INR
PO04827,POL004827,V0419,2026-03-12,UTI-112,50,847.7,0.05,INR
PO04828,POL004828,V0461,2026-07-23,OFF-051,2,60.65,0.12,INR
PO04829,POL004829,V0358,2026-01-15,OFF-106,20,1705.15,0.05,INR
PO04830,POL004830,V0321,2026-03-25,PRO-154,100,27169.3,0.05,INR
PO04831,POL004831,V0334,2026-05-27,MAR-100,10,13882.02,0.0,INR
PO04832,POL004832,V0483,2026-01-23,LOG-071,5,8534.08,0.05,INR
PO04833,POL004833,V0217,2026-02-05,PRO-069,10,16584.28,0.18,INR
PO04834,POL004834,V0015,2026-02-13,FAC-007,250,5590.28,0.18,INR
PO04835,POL004835,V0182,2026-03-22,IT -150,10,23066.01,0.18,INR
PO04836,POL004836,V0439,2026-01-04,PRO-031,100,3895.34,0.05,INR
PO04837,POL004837,V0245,2026-03-16,OFF-135,20,808.27,0.12,INR
PO04838,POL004838,V0257,2026-03-03,PRO-046,50,30205.62,0.12,INR
PO04839,POL004839,V0457,2026-01-07,LOG-155,250,11030.92,0.0,INR
PO04840,POL004840,V0010,2026-03-24,PRO-073,10,15272.53,0.05,INR
PO04841,POL004841,V0038,2026-07-07,MAR-146,20,8575.27,0.0,INR
PO04842,POL004842,V0339,2026-03-24,OFF-037,2,1729.08,0.0,INR
PO04843,POL004843,V0311,2026-04-16,LOG-115,2,7728.58,0.0,INR
PO04844,POL004844,V0223,2026-04-23,OFF-046,5,479.75,0.0,INR
PO04845,POL004845,V0258,2026-04-14,IT -012,20,16664.45,0.05,INR
PO04846,POL004846,V0377,2026-06-17,MAN-069,50,2732.38,0.05,INR
PO04847,POL004847,V0402,2026-01-15,MAN-112,100,322.07,0.12,INR
PO04848,POL004848,V0400,2026-06-26,MAN-101,20,2804.19,0.05,INR
PO04849,POL004849,V0439,2026-05-25,PRO-007,2,16017.19,0.18,INR
PO04850,POL004850,V0179,2026-07-29,FAC-103,50,7043.34,0.12,INR
PO04851,POL004851,V0415,2026-06-06,MAR-046,50,17676.6,0.0,INR
PO04852,POL004852,V0390,2026-03-20,IT -118,50,18911.46,0.0,INR
PO04853,POL004853,V0493,2026-05-24,IT -132,250,9750.12,0.0,INR
PO04854,POL004854,V0112,2026-04-11,MAR-098,5,17424.96,0.18,INR
PO04855,POL004855,V0176,2026-03-05,IT -060,50,9448.82,0.05,INR
PO04856,POL004856,V0101,2026-06-27,IT -143,2,9164.69,0.05,INR
PO04857,POL004857,V0400,2026-07-02,MAN-085,50,2283.26,0.12,INR
PO04858,POL004858,V0123,2026-05-24,IT -113,250,22808.3,0.0,INR
PO04859,POL004859,V0455,2026-04-03,UTI-039,500,1788.16,0.05,INR
PO04860,POL004860,V0426,2026-06-24,PRO-067,100,17024.55,0.05,INR
PO04861,POL004861,V0208,2026-06-08,OFF-100,250,1608.95,0.05,INR
PO04862,POL004862,V0111,2026-01-19,PRO-080,500,7079.81,0.05,INR
PO04863,POL004863,V0015,2026-01-19,FAC-145,1,2824.42,0.12,INR
PO04864,POL004864,V0289,2026-02-14,MAN-115,20,1079.89,0.18,INR
PO04865,POL004865,V0038,2026-04-28,MAR-049,20,13778.39,0.12,INR
PO04866,POL004866,V0030,2026-05-20,IT -002,250,2421.79,0.12,INR
PO04867,POL004867,V0466,2026-04-08,FAC-003,100,7134.16,0.12,INR
PO04868,POL004868,V0326,2026-07-24,PRO-078,50,3122.58,0.18,INR
PO04869,POL004869,V0087,2026-05-22,OFF-021,1,580.24,0.0,INR
PO04870,POL004870,V0067,2026-05-28,OFF-025,2,1117.86,0.05,INR
PO04871,POL004871,V0297,2026-03-21,LOG-029,10,5978.97,0.12,INR
PO04872,POL004872,V0413,2026-04-19,UTI-151,100,453.12,0.0,INR
PO04873,POL004873,V0080,2026-01-05,PRO-038,2,27040.89,0.12,INR
PO04874,POL004874,V0391,2026-03-27,MAN-001,2,2800.24,0.18,INR
PO04875,POL004875,V0457,2026-05-12,LOG-084,2,3893.2,0.12,INR
PO04876,POL004876,V0011,2026-03-12,MAR-005,1,9935.68,0.18,INR
PO04877,POL004877,V0161,2026-04-07,IT -062,50,6079.42,0.18,INR
PO04878,POL004878,V0179,2026-01-26,FAC-123,20,7494.87,0.05,INR
PO04879,POL004879,V0020,2026-01-24,MAN-080,20,2228.52,0.18,INR
PO04880,POL004880,V0012,2026-01-06,MAN-144,500,1713.97,0.0,INR
PO04881,POL004881,V0210,2026-07-25,MAR-022,1,5412.02,0.18,INR
PO04882,POL004882,V0323,2026-07-14,FAC-074,10,3693.95,0.05,INR
PO04883,POL004883,V0260,2026-02-10,OFF-149,1,189.23,0.12,INR
PO04884,POL004884,V0033,2026-07-05,FAC-029,10,7391.5,0.18,INR
PO04885,POL004885,V0086,2026-05-02,IT -120,5,23094.32,0.12,INR
PO04886,POL004886,V0443,2026-01-16,LOG-078,500,7636.45,0.05,INR
PO04887,POL004887,V0323,2026-04-23,FAC-080,5,5325.8,0.12,INR
PO04888,POL004888,V0312,2026-04-10,PRO-124,20,25570.19,0.12,INR
PO04889,POL004889,V0451,2026-05-17,IT -102,5,4665.07,0.05,INR
PO04890,POL004890,V0197,2026-04-21,MAR-131,5,6946.13,0.12,INR
PO04891,POL004891,V0038,2026-07-11,MAR-030,5,1526.31,0.05,INR
PO04892,POL004892,V0197,2026-02-23,MAR-056,50,13341.54,0.18,INR
PO04893,POL004893,V0178,2026-05-10,MAR-060,20,1266.74,0.12,INR
PO04894,POL004894,V0184,2026-06-12,MAR-050,250,17607.05,0.0,INR
PO04895,POL004895,V0251,2026-05-30,IT -086,20,18860.67,0.18,INR
PO04896,POL004896,V0415,2026-03-02,MAR-071,50,9543.26,0.05,INR
PO04897,POL004897,V0206,2026-07-23,MAN-075,20,1644.38,0.12,INR
PO04898,POL004898,V0485,2026-01-27,OFF-023,500,840.49,0.18,INR
PO04899,POL004899,V0329,2026-03-18,FAC-143,1,6858.66,0.12,INR
PO04900,POL004900,V0128,2026-01-04,OFF-034,20,1263.5,0.18,INR
PO04901,POL004901,V0065,2026-03-05,MAR-078,20,2843.98,0.12,INR
PO04902,POL004902,V0435,2026-03-26,MAN-057,1,3032.12,0.05,INR
PO04903,POL004903,V0329,2026-02-18,FAC-146,100,4230.6,0.18,INR
PO04904,POL004904,V0487,2026-03-28,LOG-038,2,8724.14,0.0,INR
PO04905,POL004905,V0287,2026-01-05,MAR-133,250,13691.8,0.18,INR
PO04906,POL004906,V0019,2026-01-19,UTI-079,1,4665.68,0.18,INR
PO04907,POL004907,V0278,2026-04-09,OFF-106,100,254.29,0.0,INR
PO04908,POL004908,V0406,2026-04-13,FAC-120,2,1655.07,0.0,INR
PO04909,POL004909,V0468,2026-06-15,MAR-143,2,9856.51,0.0,INR
PO04910,POL004910,V0291,2026-01-02,IT -029,5,2756.59,0.05,INR
PO04911,POL004911,V0420,2026-01-04,FAC-124,10,2840.35,0.12,INR
PO04912,POL004912,V0031,2026-06-13,IT -105,500,21236.11,0.12,INR
PO04913,POL004913,V0212,2026-04-02,FAC-105,100,2519.34,0.05,INR
PO04914,POL004914,V0481,2026-02-17,UTI-085,10,4833.55,0.12,INR
PO04915,POL004915,V0069,2026-05-23,LOG-108,10,8460.61,0.0,INR
PO04916,POL004916,V0399,2026-06-17,MAR-047,500,12605.66,0.18,INR
PO04917,POL004917,V0440,2026-03-23,PRO-058,5,6340.68,0.12,INR
PO04918,POL004918,V0196,2026-02-25,MAN-052,250,1461.04,0.0,INR
PO04919,POL004919,V0046,2026-01-02,OFF-148,5,1210.09,0.12,INR
PO04920,POL004920,V0447,2026-06-07,OFF-049,250,955.67,0.12,INR
PO04921,POL004921,V0167,2026-01-15,IT -002,10,3569.36,0.05,INR
PO04922,POL004922,V0401,2026-07-12,LOG-091,250,1229.94,0.12,INR
PO04923,POL004923,V0002,2026-03-28,MAR-082,500,17296.28,0.18,INR
PO04924,POL004924,V0092,2026-01-03,IT -127,20,5143.43,0.0,INR
PO04925,POL004925,V0466,2026-05-02,FAC-129,100,5860.04,0.0,INR
PO04926,POL004926,V0028,2026-07-04,OFF-146,10,173.95,0.18,INR
PO04927,POL004927,V0233,2026-01-18,OFF-089,500,1112.44,0.0,INR
PO04928,POL004928,V0366,2026-04-27,PRO-111,2,9465.73,0.18,INR
PO04929,POL004929,V0326,2026-03-13,PRO-140,2,30248.35,0.0,INR
PO04930,POL004930,V0175,2026-03-15,FAC-153,500,7346.93,0.05,INR
PO04931,POL004931,V0041,2026-06-24,FAC-084,10,7949.44,0.05,INR
PO04932,POL004932,V0103,2026-07-10,OFF-155,2,834.56,0.05,INR
PO04933,POL004933,V0082,2026-07-29,LOG-023,10,6861.32,0.12,INR
PO04934,POL004934,V0349,2026-04-29,UTI-129,250,304.15,0.12,INR
PO04935,POL004935,V0387,2026-02-23,MAN-138,10,926.84,0.18,INR
PO04936,POL004936,V0424,2026-05-11,MAN-066,5,3196.62,0.05,INR
PO04937,POL004937,V0458,2026-07-14,LOG-154,100,5441.87,0.12,INR
PO04938,POL004938,V0234,2026-05-01,MAN-160,20,1169.37,0.18,INR
PO04939,POL004939,V0151,2026-03-20,OFF-034,5,70.15,0.12,INR
PO04940,POL004940,V0071,2026-07-03,MAR-009,20,17531.74,0.0,INR
PO04941,POL004941,V0073,2026-02-13,UTI-088,100,1555.42,0.12,INR
PO04942,POL004942,V0338,2026-02-01,OFF-013,250,339.78,0.0,INR
PO04943,POL004943,V0075,2026-02-21,MAN-130,100,1913.55,0.0,INR
PO04944,POL004944,V0272,2026-06-13,UTI-150,1,861.9,0.05,INR
PO04945,POL004945,V0448,2026-03-14,IT -121,50,16877.36,0.05,INR
PO04946,POL004946,V0478,2026-03-08,UTI-107,2,1080.93,0.12,INR
PO04947,POL004947,V0425,2026-06-17,OFF-043,500,857.39,0.05,INR
PO04948,POL004948,V0193,2026-05-04,PRO-085,500,34040.51,0.18,INR
PO04949,POL004949,V0228,2026-05-30,PRO-051,100,25848.11,0.12,INR
PO04950,POL004950,V0446,2026-07-04,MAN-021,10,343.11,0.12,INR
PO04951,POL004951,V0080,2026-05-16,PRO-101,50,24562.75,0.05,INR
PO04952,POL004952,V0041,2026-02-28,FAC-122,250,7244.34,0.18,INR
PO04953,POL004953,V0346,2026-04-26,OFF-062,250,1660.86,0.18,INR
PO04954,POL004954,V0012,2026-04-07,MAN-018,500,2830.9,0.18,INR
PO04955,POL004955,V0081,2026-04-06,PRO-102,500,9184.23,0.12,INR
PO04956,POL004956,V0145,2026-02-03,UTI-145,1,1444.29,0.12,INR
PO04957,POL004957,V0361,2026-04-04,MAR-094,5,1633.83,0.12,INR
PO04958,POL004958,V0027,2026-06-25,FAC-146,5,3393.99,0.0,INR
PO04959,POL004959,V0086,2026-05-18,IT -142,100,22815.59,0.12,INR
PO04960,POL004960,V0346,2026-01-09,OFF-006,250,107.61,0.05,INR
PO04961,POL004961,V0035,2026-06-22,FAC-027,20,1978.96,0.12,INR
PO04962,POL004962,V0364,2026-03-20,OFF-136,2,654.73,0.0,INR
PO04963,POL004963,V0452,2026-06-15,FAC-083,10,7588.55,0.18,INR
PO04964,POL004964,V0071,2026-07-22,MAR-116,5,8674.19,0.05,INR
PO04965,POL004965,V0098,2026-05-04,IT -155,100,8804.65,0.05,INR
PO04966,POL004966,V0110,2026-05-15,PRO-045,5,5406.84,0.0,INR
PO04967,POL004967,V0468,2026-03-19,MAR-026,20,14505.92,0.18,INR
PO04968,POL004968,V0430,2026-05-17,PRO-148,2,19863.78,0.05,INR
PO04969,POL004969,V0448,2026-06-05,IT -015,2,18093.61,0.05,INR
PO04970,POL004970,V0073,2026-01-03,UTI-158,2,1472.37,0.0,INR
PO04971,POL004971,V0053,2026-03-10,PRO-098,250,33007.0,0.12,INR
PO04972,POL004972,V0196,2026-05-16,MAN-099,20,2869.32,0.05,INR
PO04973,POL004973,V0390,2026-07-28,IT -093,10,21216.9,0.05,INR
PO04974,POL004974,V0171,2026-06-11,MAN-032,2,1254.23,0.0,INR
PO04975,POL004975,V0430,2026-07-22,PRO-153,500,19118.77,0.05,INR
PO04976,POL004976,V0309,2026-04-18,UTI-154,2,1521.84,0.12,INR
PO04977,POL004977,V0058,2026-03-11,FAC-061,20,7174.71,0.05,INR
PO04978,POL004978,V0081,2026-02-02,PRO-031,20,30378.64,0.0,INR
PO04979,POL004979,V0081,2026-02-20,PRO-006,50,18396.09,0.12,INR
PO04980,POL004980,V0412,2026-06-20,LOG-095,500,3092.15,0.18,INR
PO04981,POL004981,V0373,2026-02-25,IT -010,500,12809.11,0.18,INR
PO04982,POL004982,V0102,2026-01-14,PRO-118,250,4072.13,0.12,INR
PO04983,POL004983,V0430,2026-01-24,PRO-013,50,22335.57,0.05,INR
PO04984,POL004984,V0492,2026-01-23,UTI-103,500,2878.24,0.0,INR
PO04985,POL004985,V0094,2026-05-25,MAN-148,2,1399.45,0.18,INR
PO04986,POL004986,V0123,2026-01-13,IT -080,250,21978.39,0.18,INR
PO04987,POL004987,V0463,2026-02-13,IT -136,100,4802.43,0.12,INR
PO04988,POL004988,V0345,2026-06-07,UTI-023,1,4896.16,0.12,INR
PO04989,POL004989,V0492,2026-01-28,UTI-006,500,2164.32,0.0,INR
PO04990,POL004990,V0390,2026-05-11,IT -096,500,1920.24,0.12,INR
PO04991,POL004991,V0266,2026-06-24,FAC-020,1,7548.25,0.18,INR
PO04992,POL004992,V0383,2026-06-12,PRO-074,20,35366.2,0.0,INR
PO04993,POL004993,V0413,2026-07-06,UTI-149,5,1759.37,0.05,INR
PO04994,POL004994,V0368,2026-02-24,FAC-046,2,7576.91,0.12,INR
PO04995,POL004995,V0461,2026-04-16,OFF-136,1,1301.4,0.0,INR
PO04996,POL004996,V0111,2026-02-07,PRO-090,250,34581.65,0.0,INR
PO04997,POL004997,V0281,2026-02-01,IT -010,50,3262.49,0.05,INR
PO04998,POL004998,V0200,2026-06-01,LOG-139,500,10782.67,0.12,INR
PO04999,POL004999,V0159,2026-02-25,MAN-133,2,2042.95,0.05,INR
PO05000,POL005000,V0356,2026-05-05,MAR-113,20,13496.49,0.18,INR
