receipt_id,receipt_line_id,po_id,po_line_id,receipt_date,item_id,quantity_received
GR00001,GRL000001,PO00001,POL000001,2026-06-17,PRO-095,22.64
GR00002,GRL000002,PO00002,POL000002,2026-05-30,OFF-045,5.77
GR00003,GRL000003,PO00003,POL000003,2026-03-19,PRO-134,5.98
GR00004,GRL000004,PO00004,POL000004,2026-04-20,MAR-120,1.15
GR00005,GRL000005,PO00005,POL000005,2026-04-19,MAN-131,546.54
GR00006,GRL000006,PO00006,POL000006,2026-05-07,IT -088,23.0
GR00007,GRL000007,PO00007,POL000007,2026-07-21,PRO-074,616.2
GR00008,GRL000008,PO00008,POL000008,2026-06-02,PRO-085,2.16
GR00009,GRL000009,PO00009,POL000009,2026-01-21,OFF-007,2.34
GR00010,GRL000010,PO00010,POL000010,2026-03-04,LOG-095,2.12
GR00011,GRL000011,PO00011,POL000011,2026-01-30,IT -046,1.21
GR00012,GRL000012,PO00012,POL000012,2026-08-02,FAC-109,60.71
GR00013,GRL000013,PO00013,POL000013,2026-07-09,PRO-139,1.2
GR00014,GRL000014,PO00014,POL000014,2026-03-15,MAN-151,21.52
GR00015,GRL000015,PO00015,POL000015,2026-07-21,IT -152,12.0
GR00016,GRL000016,PO00016,POL000016,2026-07-13,UTI-019,2.14
GR00017,GRL000017,PO00017,POL000017,2026-02-02,MAR-136,12.03
GR00018,GRL000018,PO00018,POL000018,2026-07-22,FAC-001,595.89
GR00019,GRL000019,PO00019,POL000019,2026-02-26,LOG-077,61.31
GR00020,GRL000020,PO00020,POL000020,2026-02-21,LOG-097,605.44
GR00021,GRL000021,PO00021,POL000021,2026-09-05,UTI-067,1.2
GR00022,GRL000022,PO00022,POL000022,2026-06-30,UTI-096,58.29
GR00023,GRL000023,PO00023,POL000023,2026-07-24,FAC-143,55.65
GR00024,GRL000024,PO00024,POL000024,2026-07-11,IT -007,11.3
GR00025,GRL000025,PO00025,POL000025,2026-06-22,MAN-071,5.34
GR00026,GRL000026,PO00026,POL000026,2026-03-12,FAC-152,61.35
GR00027,GRL000027,PO00027,POL000027,2026-02-11,LOG-069,552.72
GR00028,GRL000028,PO00028,POL000028,2026-06-17,MAN-023,311.36
GR00029,GRL000029,PO00029,POL000029,2026-08-12,FAC-121,2.28
GR00030,GRL000030,PO00030,POL000030,2026-06-08,MAN-096,107.48
GR00031,GRL000031,PO00031,POL000031,2026-05-23,PRO-045,288.06
GR00032,GRL000032,PO00032,POL000032,2026-05-13,LOG-143,121.4
GR00033,GRL000033,PO00033,POL000033,2026-03-26,IT -102,11.23
GR00034,GRL000034,PO00034,POL000034,2026-06-06,MAN-087,24.63
GR00035,GRL000035,PO00035,POL000035,2026-09-05,MAN-040,22.12
GR00036,GRL000036,PO00036,POL000036,2026-01-17,UTI-131,592.94
GR00037,GRL000037,PO00037,POL000037,2026-06-27,PRO-156,5.65
GR00038,GRL000038,PO00038,POL000038,2026-03-02,MAR-085,6.08
GR00039,GRL000039,PO00039,POL000039,2026-07-16,OFF-062,1.15
GR00040,GRL000040,PO00040,POL000040,2026-06-01,PRO-158,21.5
GR00041,GRL000041,PO00041,POL000041,2026-08-05,OFF-084,1.19
GR00042,GRL000042,PO00042,POL000042,2026-06-01,LOG-156,23.11
GR00043,GRL000043,PO00043,POL000043,2026-04-25,UTI-139,2.43
GR00044,GRL000044,PO00044,POL000044,2026-02-20,IT -020,62.21
GR00045,GRL000045,PO00045,POL000045,2026-03-31,UTI-138,303.77
GR00046,GRL000046,PO00046,POL000046,2026-06-05,FAC-009,56.75
GR00047,GRL000047,PO00047,POL000047,2026-05-13,OFF-144,5.29
GR00048,GRL000048,PO00048,POL000048,2026-06-14,IT -031,1.16
GR00049,GRL000049,PO00049,POL000049,2026-07-18,IT -029,120.69
GR00050,GRL000050,PO00050,POL000050,2026-03-06,PRO-134,23.91
GR00051,GRL000051,PO00051,POL000051,2026-05-12,LOG-059,269.22
GR00052,GRL000052,PO00052,POL000052,2026-06-03,PRO-078,2.5
GR00053,GRL000053,PO00053,POL000053,2026-04-04,UTI-067,1.12
GR00054,GRL000054,PO00054,POL000054,2026-01-19,IT -070,5.77
GR00055,GRL000055,PO00055,POL000055,2026-03-20,UTI-051,611.03
GR00056,GRL000056,PO00056,POL000056,2026-02-23,MAR-147,6.09
GR00057,GRL000057,PO00057,POL000057,2026-01-16,OFF-090,1.13
GR00058,GRL000058,PO00058,POL000058,2026-06-26,MAN-111,1.24
GR00059,GRL000059,PO00059,POL000059,2026-06-30,MAN-071,5.31
GR00060,GRL000060,PO00060,POL000060,2026-05-20,OFF-083,23.74
GR00061,GRL000061,PO00061,POL000061,2026-07-01,UTI-009,2.32
GR00062,GRL000062,PO00062,POL000062,2026-07-21,PRO-155,21.17
GR00063,GRL000063,PO00063,POL000063,2026-03-31,IT -037,551.44
GR00064,GRL000064,PO00064,POL000064,2026-03-28,IT -124,110.59
GR00065,GRL000065,PO00065,POL000065,2026-07-09,FAC-126,22.69
GR00066,GRL000066,PO00066,POL000066,2026-02-17,FAC-056,1.13
GR00067,GRL000067,PO00067,POL000067,2026-03-14,OFF-089,5.28
GR00068,GRL000068,PO00068,POL000068,2026-07-20,IT -018,590.33
GR00069,GRL000069,PO00069,POL000069,2026-04-21,MAN-084,107.83
GR00070,GRL000070,PO00070,POL000070,2026-07-28,LOG-052,55.06
GR00071,GRL000071,PO00071,POL000071,2026-05-08,IT -130,61.5
GR00072,GRL000072,PO00072,POL000072,2026-08-08,PRO-151,1.12
GR00073,GRL000073,PO00073,POL000073,2026-04-02,PRO-058,12.35
GR00074,GRL000074,PO00074,POL000074,2026-03-27,MAR-077,1.17
GR00075,GRL000075,PO00075,POL000075,2026-04-14,OFF-031,2.14
GR00076,GRL000076,PO00076,POL000076,2026-07-12,MAR-058,118.59
GR00077,GRL000077,PO00077,POL000077,2026-05-02,LOG-076,58.8
GR00078,GRL000078,PO00078,POL000078,2026-06-11,OFF-004,121.24
GR00079,GRL000079,PO00079,POL000079,2026-04-25,LOG-013,277.01
GR00080,GRL000080,PO00080,POL000080,2026-07-29,MAR-160,58.76
GR00081,GRL000081,PO00081,POL000081,2026-06-16,LOG-097,50
GR00082,GRL000082,PO00082,POL000082,2026-08-12,MAN-154,1
GR00083,GRL000083,PO00083,POL000083,2026-07-05,LOG-081,100
GR00084,GRL000084,PO00084,POL000084,2026-08-06,OFF-074,10
GR00085,GRL000085,PO00085,POL000085,2026-03-12,UTI-006,100
GR00086,GRL000086,PO00086,POL000086,2026-07-16,IT -131,2
GR00087,GRL000087,PO00087,POL000087,2026-01-29,MAR-041,10
GR00088,GRL000088,PO00088,POL000088,2026-07-26,FAC-121,250
GR00089,GRL000089,PO00089,POL000089,2026-06-09,UTI-024,2
GR00090,GRL000090,PO00090,POL000090,2026-04-16,MAR-033,20
GR00091,GRL000091,PO00091,POL000091,2026-05-26,UTI-133,50
GR00092,GRL000092,PO00092,POL000092,2026-01-14,IT -027,20
GR00093,GRL000093,PO00093,POL000093,2026-03-05,IT -006,5
GR00094,GRL000094,PO00094,POL000094,2026-08-17,MAN-070,5
GR00095,GRL000095,PO00095,POL000095,2026-06-01,LOG-110,5
GR00096,GRL000096,PO00096,POL000096,2026-06-19,IT -143,5
GR00097,GRL000097,PO00097,POL000097,2026-07-30,IT -118,10
GR00098,GRL000098,PO00098,POL000098,2026-08-22,PRO-049,50
GR00099,GRL000099,PO00099,POL000099,2026-02-20,FAC-018,20
GR00100,GRL000100,PO00100,POL000100,2026-03-14,IT -139,5
GR00101,GRL000101,PO00101,POL000101,2026-06-28,MAN-040,10
GR00102,GRL000102,PO00102,POL000102,2026-03-29,PRO-068,5
GR00103,GRL000103,PO00103,POL000103,2026-04-06,FAC-011,100
GR00104,GRL000104,PO00104,POL000104,2026-05-21,UTI-094,250
GR00105,GRL000105,PO00105,POL000105,2026-03-23,PRO-084,20
GR00106,GRL000106,PO00106,POL000106,2026-07-24,LOG-049,50
GR00107,GRL000107,PO00107,POL000107,2026-05-24,IT -030,20
GR00108,GRL000108,PO00108,POL000108,2026-05-15,LOG-024,500
GR00109,GRL000109,PO00109,POL000109,2026-02-02,LOG-006,250
GR00110,GRL000110,PO00110,POL000110,2026-07-27,PRO-131,100
GR00111,GRL000111,PO00111,POL000111,2026-07-01,PRO-133,100
GR00112,GRL000112,PO00112,POL000112,2026-08-05,UTI-133,100
GR00113,GRL000113,PO00113,POL000113,2026-02-07,UTI-154,250
GR00114,GRL000114,PO00114,POL000114,2026-06-09,IT -141,20
GR00115,GRL000115,PO00115,POL000115,2026-02-21,OFF-036,20
GR00116,GRL000116,PO00116,POL000116,2026-04-16,OFF-063,500
GR00117,GRL000117,PO00117,POL000117,2026-02-01,MAN-001,20
GR00118,GRL000118,PO00118,POL000118,2026-07-22,LOG-128,250
GR00119,GRL000119,PO00119,POL000119,2026-07-20,MAN-075,5
GR00120,GRL000120,PO00120,POL000120,2026-02-27,LOG-075,100
GR00121,GRL000121,PO00121,POL000121,2026-02-24,MAN-050,10
GR00122,GRL000122,PO00122,POL000122,2026-03-14,OFF-158,2
GR00123,GRL000123,PO00123,POL000123,2026-03-15,MAR-130,1
GR00124,GRL000124,PO00124,POL000124,2026-02-11,PRO-135,250
GR00125,GRL000125,PO00125,POL000125,2026-03-17,PRO-077,250
GR00126,GRL000126,PO00126,POL000126,2026-04-18,PRO-083,250
GR00127,GRL000127,PO00127,POL000127,2026-06-01,PRO-061,500
GR00128,GRL000128,PO00128,POL000128,2026-06-07,MAN-152,500
GR00129,GRL000129,PO00129,POL000129,2026-08-10,LOG-064,10
GR00130,GRL000130,PO00130,POL000130,2026-06-08,IT -038,100
GR00131,GRL000131,PO00131,POL000131,2026-05-27,PRO-022,10
GR00132,GRL000132,PO00132,POL000132,2026-05-20,MAN-065,2
GR00133,GRL000133,PO00133,POL000133,2026-05-01,MAR-145,10
GR00134,GRL000134,PO00134,POL000134,2026-02-10,LOG-034,250
GR00135,GRL000135,PO00135,POL000135,2026-02-05,PRO-032,500
GR00136,GRL000136,PO00136,POL000136,2026-06-21,IT -050,5
GR00137,GRL000137,PO00137,POL000137,2026-04-04,UTI-012,10
GR00138,GRL000138,PO00138,POL000138,2026-05-21,MAN-120,250
GR00139,GRL000139,PO00139,POL000139,2026-07-12,LOG-038,2
GR00140,GRL000140,PO00140,POL000140,2026-04-25,IT -019,250
GR00141,GRL000141,PO00141,POL000141,2026-04-01,MAR-145,20
GR00142,GRL000142,PO00142,POL000142,2026-04-30,IT -068,100
GR00143,GRL000143,PO00143,POL000143,2026-02-09,UTI-132,250
GR00144,GRL000144,PO00144,POL000144,2026-04-18,FAC-087,1
GR00145,GRL000145,PO00145,POL000145,2026-06-13,FAC-145,250
GR00146,GRL000146,PO00146,POL000146,2026-08-27,IT -023,1
GR00147,GRL000147,PO00147,POL000147,2026-05-21,MAN-043,500
GR00148,GRL000148,PO00148,POL000148,2026-07-28,MAR-013,2
GR00149,GRL000149,PO00149,POL000149,2026-01-14,UTI-140,500
GR00150,GRL000150,PO00150,POL000150,2026-03-27,PRO-005,20
GR00151,GRL000151,PO00151,POL000151,2026-05-05,MAN-033,5
GR00152,GRL000152,PO00152,POL000152,2026-09-01,OFF-092,100
GR00153,GRL000153,PO00153,POL000153,2026-08-25,PRO-021,10
GR00154,GRL000154,PO00154,POL000154,2026-09-10,OFF-115,1
GR00155,GRL000155,PO00155,POL000155,2026-07-07,PRO-088,10
GR00156,GRL000156,PO00156,POL000156,2026-06-06,MAN-090,100
GR00157,GRL000157,PO00157,POL000157,2026-05-31,LOG-112,20
GR00158,GRL000158,PO00158,POL000158,2026-06-24,PRO-031,10
GR00159,GRL000159,PO00159,POL000159,2026-07-05,FAC-062,2
GR00160,GRL000160,PO00160,POL000160,2026-06-07,MAN-137,250
GR00161,GRL000161,PO00161,POL000161,2026-07-07,OFF-147,250
GR00162,GRL000162,PO00162,POL000162,2026-06-19,PRO-120,20
GR00163,GRL000163,PO00163,POL000163,2026-09-01,UTI-083,5
GR00164,GRL000164,PO00164,POL000164,2026-06-22,FAC-009,50
GR00165,GRL000165,PO00165,POL000165,2026-05-14,UTI-054,2
GR00166,GRL000166,PO00166,POL000166,2026-06-16,LOG-100,500
GR00167,GRL000167,PO00167,POL000167,2026-02-07,FAC-099,20
GR00168,GRL000168,PO00168,POL000168,2026-05-27,MAR-078,500
GR00169,GRL000169,PO00169,POL000169,2026-06-12,OFF-079,2
GR00170,GRL000170,PO00170,POL000170,2026-04-17,FAC-104,250
GR00171,GRL000171,PO00171,POL000171,2026-03-27,OFF-079,5
GR00172,GRL000172,PO00172,POL000172,2026-05-26,IT -147,10
GR00173,GRL000173,PO00173,POL000173,2026-08-29,IT -053,50
GR00174,GRL000174,PO00174,POL000174,2026-04-06,PRO-092,250
GR00175,GRL000175,PO00175,POL000175,2026-05-28,UTI-141,500
GR00176,GRL000176,PO00176,POL000176,2026-02-23,MAR-019,100
GR00177,GRL000177,PO00177,POL000177,2026-02-17,UTI-055,20
GR00178,GRL000178,PO00178,POL000178,2026-07-23,MAR-118,500
GR00179,GRL000179,PO00179,POL000179,2026-04-13,LOG-004,20
GR00180,GRL000180,PO00180,POL000180,2026-06-12,IT -039,100
GR00181,GRL000181,PO00181,POL000181,2026-05-23,MAR-045,5
GR00182,GRL000182,PO00182,POL000182,2026-05-31,OFF-112,50
GR00183,GRL000183,PO00183,POL000183,2026-05-17,OFF-117,10
GR00184,GRL000184,PO00184,POL000184,2026-05-11,PRO-038,10
GR00185,GRL000185,PO00185,POL000185,2026-02-26,UTI-109,2
GR00186,GRL000186,PO00186,POL000186,2026-06-04,IT -131,5
GR00187,GRL000187,PO00187,POL000187,2026-01-23,MAR-043,50
GR00188,GRL000188,PO00188,POL000188,2026-03-24,OFF-087,250
GR00189,GRL000189,PO00189,POL000189,2026-08-17,UTI-158,2
GR00190,GRL000190,PO00190,POL000190,2026-03-16,MAR-081,100
GR00191,GRL000191,PO00191,POL000191,2026-04-23,IT -147,50
GR00192,GRL000192,PO00192,POL000192,2026-02-08,MAR-027,10
GR00193,GRL000193,PO00193,POL000193,2026-03-13,OFF-016,50
GR00194,GRL000194,PO00194,POL000194,2026-04-07,IT -094,2
GR00195,GRL000195,PO00195,POL000195,2026-07-08,LOG-053,2
GR00196,GRL000196,PO00196,POL000196,2026-03-10,LOG-135,5
GR00197,GRL000197,PO00197,POL000197,2026-04-29,PRO-122,5
GR00198,GRL000198,PO00198,POL000198,2026-05-17,IT -092,50
GR00199,GRL000199,PO00199,POL000199,2026-06-05,FAC-032,10
GR00200,GRL000200,PO00200,POL000200,2026-05-04,OFF-018,250
GR00201,GRL000201,PO00201,POL000201,2026-08-31,IT -118,50
GR00202,GRL000202,PO00202,POL000202,2026-08-08,OFF-027,20
GR00203,GRL000203,PO00203,POL000203,2026-07-28,LOG-118,20
GR00204,GRL000204,PO00204,POL000204,2026-03-19,OFF-147,100
GR00205,GRL000205,PO00205,POL000205,2026-06-02,IT -035,100
GR00206,GRL000206,PO00206,POL000206,2026-02-24,FAC-073,100
GR00207,GRL000207,PO00207,POL000207,2026-03-31,IT -089,10
GR00208,GRL000208,PO00208,POL000208,2026-05-03,FAC-007,5
GR00209,GRL000209,PO00209,POL000209,2026-06-21,PRO-054,5
GR00210,GRL000210,PO00210,POL000210,2026-07-19,IT -003,50
GR00211,GRL000211,PO00211,POL000211,2026-04-29,OFF-033,100
GR00212,GRL000212,PO00212,POL000212,2026-06-17,LOG-151,50
GR00213,GRL000213,PO00213,POL000213,2026-02-25,MAN-038,100
GR00214,GRL000214,PO00214,POL000214,2026-05-12,IT -147,500
GR00215,GRL000215,PO00215,POL000215,2026-01-30,PRO-021,100
GR00216,GRL000216,PO00216,POL000216,2026-05-03,OFF-107,1
GR00217,GRL000217,PO00217,POL000217,2026-09-18,UTI-068,10
GR00218,GRL000218,PO00218,POL000218,2026-02-19,MAN-121,500
GR00219,GRL000219,PO00219,POL000219,2026-07-25,FAC-116,20
GR00220,GRL000220,PO00220,POL000220,2026-07-19,MAN-060,250
GR00221,GRL000221,PO00221,POL000221,2026-02-05,MAN-160,1
GR00222,GRL000222,PO00222,POL000222,2026-08-01,LOG-119,50
GR00223,GRL000223,PO00223,POL000223,2026-02-28,FAC-146,250
GR00224,GRL000224,PO00224,POL000224,2026-06-21,PRO-152,50
GR00225,GRL000225,PO00225,POL000225,2026-06-17,FAC-027,10
GR00226,GRL000226,PO00226,POL000226,2026-04-28,IT -128,250
GR00227,GRL000227,PO00227,POL000227,2026-07-17,IT -126,500
GR00228,GRL000228,PO00228,POL000228,2026-03-24,FAC-004,250
GR00229,GRL000229,PO00229,POL000229,2026-05-12,MAR-042,250
GR00230,GRL000230,PO00230,POL000230,2026-07-20,UTI-077,250
GR00231,GRL000231,PO00231,POL000231,2026-04-24,MAR-115,1
GR00232,GRL000232,PO00232,POL000232,2026-06-02,FAC-022,2
GR00233,GRL000233,PO00233,POL000233,2026-04-16,MAR-089,10
GR00234,GRL000234,PO00234,POL000234,2026-07-07,FAC-005,50
GR00235,GRL000235,PO00235,POL000235,2026-04-19,PRO-064,2
GR00236,GRL000236,PO00236,POL000236,2026-02-21,MAN-108,20
GR00237,GRL000237,PO00237,POL000237,2026-06-24,FAC-157,500
GR00238,GRL000238,PO00238,POL000238,2026-08-06,OFF-056,250
GR00239,GRL000239,PO00239,POL000239,2026-02-08,UTI-160,20
GR00240,GRL000240,PO00240,POL000240,2026-03-16,MAN-029,100
GR00241,GRL000241,PO00241,POL000241,2026-03-20,MAR-133,5
GR00242,GRL000242,PO00242,POL000242,2026-03-10,OFF-120,20
GR00243,GRL000243,PO00243,POL000243,2026-03-08,IT -071,50
GR00244,GRL000244,PO00244,POL000244,2026-05-31,MAN-003,20
GR00245,GRL000245,PO00245,POL000245,2026-03-03,PRO-064,5
GR00246,GRL000246,PO00246,POL000246,2026-07-16,MAN-093,250
GR00247,GRL000247,PO00247,POL000247,2026-01-06,IT -062,20
GR00248,GRL000248,PO00248,POL000248,2026-08-10,FAC-119,1
GR00249,GRL000249,PO00249,POL000249,2026-06-25,LOG-070,500
GR00250,GRL000250,PO00250,POL000250,2026-02-07,OFF-103,500
GR00251,GRL000251,PO00251,POL000251,2026-08-06,OFF-051,20
GR00252,GRL000252,PO00252,POL000252,2026-08-01,UTI-025,100
GR00253,GRL000253,PO00253,POL000253,2026-08-09,IT -086,50
GR00254,GRL000254,PO00254,POL000254,2026-03-03,PRO-040,1
GR00255,GRL000255,PO00255,POL000255,2026-01-28,IT -089,5
GR00256,GRL000256,PO00256,POL000256,2026-07-04,FAC-080,50
GR00257,GRL000257,PO00257,POL000257,2026-01-26,FAC-113,250
GR00258,GRL000258,PO00258,POL000258,2026-05-18,MAN-044,20
GR00259,GRL000259,PO00259,POL000259,2026-04-13,FAC-084,1
GR00260,GRL000260,PO00260,POL000260,2026-03-27,LOG-121,100
GR00261,GRL000261,PO00261,POL000261,2026-07-11,IT -129,250
GR00262,GRL000262,PO00262,POL000262,2026-04-18,LOG-003,250
GR00263,GRL000263,PO00263,POL000263,2026-07-13,UTI-121,50
GR00264,GRL000264,PO00264,POL000264,2026-03-07,MAN-007,5
GR00265,GRL000265,PO00265,POL000265,2026-04-03,MAN-055,50
GR00266,GRL000266,PO00266,POL000266,2026-05-16,PRO-099,1
GR00267,GRL000267,PO00267,POL000267,2026-09-07,UTI-106,250
GR00268,GRL000268,PO00268,POL000268,2026-06-17,MAR-004,10
GR00269,GRL000269,PO00269,POL000269,2026-02-24,UTI-147,1
GR00270,GRL000270,PO00270,POL000270,2026-08-25,MAR-110,50
GR00271,GRL000271,PO00271,POL000271,2026-02-27,PRO-053,250
GR00272,GRL000272,PO00272,POL000272,2026-08-27,PRO-131,10
GR00273,GRL000273,PO00273,POL000273,2026-04-20,MAR-090,5
GR00274,GRL000274,PO00274,POL000274,2026-03-26,MAR-134,500
GR00275,GRL000275,PO00275,POL000275,2026-04-16,FAC-131,50
GR00276,GRL000276,PO00276,POL000276,2026-06-14,IT -143,250
GR00277,GRL000277,PO00277,POL000277,2026-06-21,FAC-037,2
GR00278,GRL000278,PO00278,POL000278,2026-05-04,UTI-049,1
GR00279,GRL000279,PO00279,POL000279,2026-07-28,PRO-007,500
GR00280,GRL000280,PO00280,POL000280,2026-03-29,UTI-105,100
GR00281,GRL000281,PO00281,POL000281,2026-05-26,LOG-125,2
GR00282,GRL000282,PO00282,POL000282,2026-09-17,MAR-060,500
GR00283,GRL000283,PO00283,POL000283,2026-03-31,UTI-126,10
GR00284,GRL000284,PO00284,POL000284,2026-03-05,LOG-158,250
GR00285,GRL000285,PO00285,POL000285,2026-04-18,OFF-041,50
GR00286,GRL000286,PO00286,POL000286,2026-07-24,MAR-133,100
GR00287,GRL000287,PO00287,POL000287,2026-02-17,UTI-142,1
GR00288,GRL000288,PO00288,POL000288,2026-02-18,LOG-134,5
GR00289,GRL000289,PO00289,POL000289,2026-02-21,OFF-024,250
GR00290,GRL000290,PO00290,POL000290,2026-06-19,IT -048,10
GR00291,GRL000291,PO00291,POL000291,2026-05-25,IT -010,5
GR00292,GRL000292,PO00292,POL000292,2026-02-28,MAR-099,100
GR00293,GRL000293,PO00293,POL000293,2026-07-09,PRO-098,1
GR00294,GRL000294,PO00294,POL000294,2026-04-02,OFF-083,500
GR00295,GRL000295,PO00295,POL000295,2026-07-15,PRO-117,50
GR00296,GRL000296,PO00296,POL000296,2026-03-24,OFF-138,500
GR00297,GRL000297,PO00297,POL000297,2026-07-03,IT -063,250
GR00298,GRL000298,PO00298,POL000298,2026-07-18,IT -037,100
GR00299,GRL000299,PO00299,POL000299,2026-05-24,OFF-122,20
GR00300,GRL000300,PO00300,POL000300,2026-03-15,LOG-099,100
GR00301,GRL000301,PO00301,POL000301,2026-07-01,MAN-031,500
GR00302,GRL000302,PO00302,POL000302,2026-02-24,MAR-079,100
GR00303,GRL000303,PO00303,POL000303,2026-02-11,PRO-123,500
GR00304,GRL000304,PO00304,POL000304,2026-01-13,LOG-013,5
GR00305,GRL000305,PO00305,POL000305,2026-08-10,OFF-077,5
GR00306,GRL000306,PO00306,POL000306,2026-04-25,IT -147,1
GR00307,GRL000307,PO00307,POL000307,2026-08-27,LOG-020,10
GR00308,GRL000308,PO00308,POL000308,2026-07-03,LOG-055,100
GR00309,GRL000309,PO00309,POL000309,2026-05-10,PRO-001,2
GR00310,GRL000310,PO00310,POL000310,2026-02-10,MAN-110,1
GR00311,GRL000311,PO00311,POL000311,2026-08-12,PRO-101,50
GR00312,GRL000312,PO00312,POL000312,2026-03-22,MAR-031,100
GR00313,GRL000313,PO00313,POL000313,2026-03-26,OFF-154,100
GR00314,GRL000314,PO00314,POL000314,2026-04-19,MAR-095,5
GR00315,GRL000315,PO00315,POL000315,2026-03-31,FAC-108,20
GR00316,GRL000316,PO00316,POL000316,2026-08-21,PRO-011,5
GR00317,GRL000317,PO00317,POL000317,2026-02-24,OFF-040,50
GR00318,GRL000318,PO00318,POL000318,2026-08-24,PRO-141,1
GR00319,GRL000319,PO00319,POL000319,2026-03-15,MAN-095,500
GR00320,GRL000320,PO00320,POL000320,2026-06-15,MAR-035,20
GR00321,GRL000321,PO00321,POL000321,2026-07-04,IT -061,250
GR00322,GRL000322,PO00322,POL000322,2026-05-20,IT -151,5
GR00323,GRL000323,PO00323,POL000323,2026-06-02,PRO-144,500
GR00324,GRL000324,PO00324,POL000324,2026-06-18,UTI-021,20
GR00325,GRL000325,PO00325,POL000325,2026-03-02,OFF-059,1
GR00326,GRL000326,PO00326,POL000326,2026-01-22,UTI-044,50
GR00327,GRL000327,PO00327,POL000327,2026-07-29,MAR-092,500
GR00328,GRL000328,PO00328,POL000328,2026-08-27,UTI-081,5
GR00329,GRL000329,PO00329,POL000329,2026-08-12,OFF-135,1
GR00330,GRL000330,PO00330,POL000330,2026-04-03,OFF-113,10
GR00331,GRL000331,PO00331,POL000331,2026-03-10,UTI-047,2
GR00332,GRL000332,PO00332,POL000332,2026-06-11,MAR-135,500
GR00333,GRL000333,PO00333,POL000333,2026-05-15,OFF-089,10
GR00334,GRL000334,PO00334,POL000334,2026-06-16,PRO-030,500
GR00335,GRL000335,PO00335,POL000335,2026-05-11,UTI-052,20
GR00336,GRL000336,PO00336,POL000336,2026-06-27,OFF-060,500
GR00337,GRL000337,PO00337,POL000337,2026-04-10,IT -019,50
GR00338,GRL000338,PO00338,POL000338,2026-04-28,IT -142,500
GR00339,GRL000339,PO00339,POL000339,2026-04-29,PRO-009,250
GR00340,GRL000340,PO00340,POL000340,2026-08-07,UTI-125,5
GR00341,GRL000341,PO00341,POL000341,2026-06-10,PRO-052,500
GR00342,GRL000342,PO00342,POL000342,2026-03-28,OFF-030,500
GR00343,GRL000343,PO00343,POL000343,2026-08-19,PRO-108,250
GR00344,GRL000344,PO00344,POL000344,2026-07-11,UTI-060,100
GR00345,GRL000345,PO00345,POL000345,2026-04-25,MAR-026,100
GR00346,GRL000346,PO00346,POL000346,2026-04-06,PRO-006,1
GR00347,GRL000347,PO00347,POL000347,2026-01-30,OFF-132,2
GR00348,GRL000348,PO00348,POL000348,2026-06-25,MAN-077,2
GR00349,GRL000349,PO00349,POL000349,2026-03-21,MAN-045,100
GR00350,GRL000350,PO00350,POL000350,2026-06-11,PRO-040,20
GR00351,GRL000351,PO00351,POL000351,2026-06-19,IT -123,250
GR00352,GRL000352,PO00352,POL000352,2026-04-03,FAC-107,50
GR00353,GRL000353,PO00353,POL000353,2026-08-14,UTI-024,20
GR00354,GRL000354,PO00354,POL000354,2026-03-19,IT -157,250
GR00355,GRL000355,PO00355,POL000355,2026-05-24,UTI-012,10
GR00356,GRL000356,PO00356,POL000356,2026-08-10,MAR-038,20
GR00357,GRL000357,PO00357,POL000357,2026-05-02,UTI-144,100
GR00358,GRL000358,PO00358,POL000358,2026-08-23,OFF-026,50
GR00359,GRL000359,PO00359,POL000359,2026-03-15,LOG-046,10
GR00360,GRL000360,PO00360,POL000360,2026-07-11,MAN-054,100
GR00361,GRL000361,PO00361,POL000361,2026-04-28,LOG-049,50
GR00362,GRL000362,PO00362,POL000362,2026-02-24,MAR-034,50
GR00363,GRL000363,PO00363,POL000363,2026-04-14,IT -155,100
GR00364,GRL000364,PO00364,POL000364,2026-05-24,MAN-121,2
GR00365,GRL000365,PO00365,POL000365,2026-05-24,MAR-097,20
GR00366,GRL000366,PO00366,POL000366,2026-03-30,OFF-092,500
GR00367,GRL000367,PO00367,POL000367,2026-06-07,FAC-090,500
GR00368,GRL000368,PO00368,POL000368,2026-01-24,LOG-091,20
GR00369,GRL000369,PO00369,POL000369,2026-08-25,UTI-064,20
GR00370,GRL000370,PO00370,POL000370,2026-03-09,MAN-031,20
GR00371,GRL000371,PO00371,POL000371,2026-02-20,UTI-160,250
GR00372,GRL000372,PO00372,POL000372,2026-03-13,IT -068,20
GR00373,GRL000373,PO00373,POL000373,2026-06-16,MAR-071,500
GR00374,GRL000374,PO00374,POL000374,2026-06-25,LOG-042,500
GR00375,GRL000375,PO00375,POL000375,2026-04-21,OFF-059,10
GR00376,GRL000376,PO00376,POL000376,2026-06-15,MAR-099,1
GR00377,GRL000377,PO00377,POL000377,2026-06-22,PRO-150,10
GR00378,GRL000378,PO00378,POL000378,2026-05-04,UTI-106,100
GR00379,GRL000379,PO00379,POL000379,2026-07-07,OFF-009,50
GR00380,GRL000380,PO00380,POL000380,2026-05-12,OFF-078,5
GR00381,GRL000381,PO00381,POL000381,2026-09-05,PRO-123,100
GR00382,GRL000382,PO00382,POL000382,2026-07-10,MAR-109,5
GR00383,GRL000383,PO00383,POL000383,2026-04-28,IT -036,1
GR00384,GRL000384,PO00384,POL000384,2026-03-21,LOG-089,10
GR00385,GRL000385,PO00385,POL000385,2026-05-27,PRO-126,1
GR00386,GRL000386,PO00386,POL000386,2026-04-07,MAN-005,100
GR00387,GRL000387,PO00387,POL000387,2026-08-08,MAN-093,250
GR00388,GRL000388,PO00388,POL000388,2026-01-23,PRO-058,10
GR00389,GRL000389,PO00389,POL000389,2026-06-09,MAR-055,100
GR00390,GRL000390,PO00390,POL000390,2026-08-04,FAC-152,10
GR00391,GRL000391,PO00391,POL000391,2026-06-26,FAC-108,250
GR00392,GRL000392,PO00392,POL000392,2026-06-01,FAC-057,50
GR00393,GRL000393,PO00393,POL000393,2026-07-31,OFF-059,10
GR00394,GRL000394,PO00394,POL000394,2026-07-25,IT -002,50
GR00395,GRL000395,PO00395,POL000395,2026-02-27,UTI-120,500
GR00396,GRL000396,PO00396,POL000396,2026-05-19,LOG-141,10
GR00397,GRL000397,PO00397,POL000397,2026-04-22,IT -037,5
GR00398,GRL000398,PO00398,POL000398,2026-07-10,FAC-067,250
GR00399,GRL000399,PO00399,POL000399,2026-06-27,PRO-089,1
GR00400,GRL000400,PO00400,POL000400,2026-03-26,FAC-147,100
GR00401,GRL000401,PO00401,POL000401,2026-07-14,FAC-134,100
GR00402,GRL000402,PO00402,POL000402,2026-05-10,MAR-019,20
GR00403,GRL000403,PO00403,POL000403,2026-07-05,OFF-078,250
GR00404,GRL000404,PO00404,POL000404,2026-02-27,MAN-072,250
GR00405,GRL000405,PO00405,POL000405,2026-04-11,LOG-066,1
GR00406,GRL000406,PO00406,POL000406,2026-03-19,MAR-046,10
GR00407,GRL000407,PO00407,POL000407,2026-06-04,IT -122,1
GR00408,GRL000408,PO00408,POL000408,2026-06-05,PRO-028,250
GR00409,GRL000409,PO00409,POL000409,2026-02-13,FAC-127,20
GR00410,GRL000410,PO00410,POL000410,2026-06-24,PRO-083,20
GR00411,GRL000411,PO00411,POL000411,2026-04-06,MAR-073,100
GR00412,GRL000412,PO00412,POL000412,2026-05-16,PRO-123,100
GR00413,GRL000413,PO00413,POL000413,2026-02-21,PRO-143,250
GR00414,GRL000414,PO00414,POL000414,2026-05-06,PRO-118,500
GR00415,GRL000415,PO00415,POL000415,2026-05-26,UTI-040,500
GR00416,GRL000416,PO00416,POL000416,2026-06-27,LOG-055,50
GR00417,GRL000417,PO00417,POL000417,2026-07-14,PRO-015,100
GR00418,GRL000418,PO00418,POL000418,2026-05-24,MAR-097,5
GR00419,GRL000419,PO00419,POL000419,2026-05-03,PRO-067,500
GR00420,GRL000420,PO00420,POL000420,2026-03-13,MAN-050,2
GR00421,GRL000421,PO00421,POL000421,2026-08-21,FAC-014,5
GR00422,GRL000422,PO00422,POL000422,2026-04-20,UTI-083,500
GR00423,GRL000423,PO00423,POL000423,2026-07-07,OFF-058,50
GR00424,GRL000424,PO00424,POL000424,2026-08-26,IT -086,50
GR00425,GRL000425,PO00425,POL000425,2026-04-25,MAR-102,10
GR00426,GRL000426,PO00426,POL000426,2026-04-14,OFF-064,5
GR00427,GRL000427,PO00427,POL000427,2026-04-10,IT -134,20
GR00428,GRL000428,PO00428,POL000428,2026-07-24,PRO-010,5
GR00429,GRL000429,PO00429,POL000429,2026-02-28,UTI-047,20
GR00430,GRL000430,PO00430,POL000430,2026-02-22,FAC-068,20
GR00431,GRL000431,PO00431,POL000431,2026-05-11,IT -087,10
GR00432,GRL000432,PO00432,POL000432,2026-06-06,UTI-096,20
GR00433,GRL000433,PO00433,POL000433,2026-08-05,UTI-025,1
GR00434,GRL000434,PO00434,POL000434,2026-05-14,FAC-039,10
GR00435,GRL000435,PO00435,POL000435,2026-07-10,LOG-022,2
GR00436,GRL000436,PO00436,POL000436,2026-01-19,LOG-112,2
GR00437,GRL000437,PO00437,POL000437,2026-05-18,MAN-040,50
GR00438,GRL000438,PO00438,POL000438,2026-06-12,UTI-100,1
GR00439,GRL000439,PO00439,POL000439,2026-08-02,PRO-017,1
GR00440,GRL000440,PO00440,POL000440,2026-04-07,FAC-111,20
GR00441,GRL000441,PO00441,POL000441,2026-05-18,FAC-156,2
GR00442,GRL000442,PO00442,POL000442,2026-02-01,PRO-039,1
GR00443,GRL000443,PO00443,POL000443,2026-04-26,LOG-032,500
GR00444,GRL000444,PO00444,POL000444,2026-07-14,PRO-118,10
GR00445,GRL000445,PO00445,POL000445,2026-04-10,UTI-066,2
GR00446,GRL000446,PO00446,POL000446,2026-07-09,FAC-103,500
GR00447,GRL000447,PO00447,POL000447,2026-06-16,MAN-086,10
GR00448,GRL000448,PO00448,POL000448,2026-08-05,MAN-067,50
GR00449,GRL000449,PO00449,POL000449,2026-01-11,PRO-093,1
GR00450,GRL000450,PO00450,POL000450,2026-03-25,MAN-022,10
GR00451,GRL000451,PO00451,POL000451,2026-01-18,MAR-026,500
GR00452,GRL000452,PO00452,POL000452,2026-03-09,FAC-141,20
GR00453,GRL000453,PO00453,POL000453,2026-07-10,MAN-124,500
GR00454,GRL000454,PO00454,POL000454,2026-03-23,OFF-038,5
GR00455,GRL000455,PO00455,POL000455,2026-07-05,MAR-084,10
GR00456,GRL000456,PO00456,POL000456,2026-06-17,MAN-090,500
GR00457,GRL000457,PO00457,POL000457,2026-07-17,FAC-045,100
GR00458,GRL000458,PO00458,POL000458,2026-07-07,UTI-099,10
GR00459,GRL000459,PO00459,POL000459,2026-05-10,PRO-005,50
GR00460,GRL000460,PO00460,POL000460,2026-02-24,IT -074,10
GR00461,GRL000461,PO00461,POL000461,2026-08-20,FAC-041,50
GR00462,GRL000462,PO00462,POL000462,2026-05-04,IT -070,10
GR00463,GRL000463,PO00463,POL000463,2026-03-27,FAC-152,50
GR00464,GRL000464,PO00464,POL000464,2026-08-04,LOG-095,5
GR00465,GRL000465,PO00465,POL000465,2026-06-05,MAN-152,250
GR00466,GRL000466,PO00466,POL000466,2026-07-03,OFF-112,5
GR00467,GRL000467,PO00467,POL000467,2026-07-15,FAC-156,100
GR00468,GRL000468,PO00468,POL000468,2026-05-19,OFF-087,1
GR00469,GRL000469,PO00469,POL000469,2026-04-03,UTI-089,2
GR00470,GRL000470,PO00470,POL000470,2026-03-31,IT -088,1
GR00471,GRL000471,PO00471,POL000471,2026-03-26,FAC-128,500
GR00472,GRL000472,PO00472,POL000472,2026-01-30,FAC-020,10
GR00473,GRL000473,PO00473,POL000473,2026-05-01,IT -141,50
GR00474,GRL000474,PO00474,POL000474,2026-06-26,UTI-103,2
GR00475,GRL000475,PO00475,POL000475,2026-07-13,PRO-074,100
GR00476,GRL000476,PO00476,POL000476,2026-07-03,MAR-031,50
GR00477,GRL000477,PO00477,POL000477,2026-07-04,OFF-073,500
GR00478,GRL000478,PO00478,POL000478,2026-07-17,IT -157,500
GR00479,GRL000479,PO00479,POL000479,2026-05-20,LOG-028,50
GR00480,GRL000480,PO00480,POL000480,2026-06-24,PRO-029,50
GR00481,GRL000481,PO00481,POL000481,2026-04-05,LOG-072,250
GR00482,GRL000482,PO00482,POL000482,2026-04-29,PRO-028,10
GR00483,GRL000483,PO00483,POL000483,2026-05-20,MAN-126,250
GR00484,GRL000484,PO00484,POL000484,2026-03-24,OFF-050,500
GR00485,GRL000485,PO00485,POL000485,2026-02-12,IT -133,2
GR00486,GRL000486,PO00486,POL000486,2026-02-04,FAC-139,10
GR00487,GRL000487,PO00487,POL000487,2026-06-30,LOG-142,500
GR00488,GRL000488,PO00488,POL000488,2026-03-23,IT -095,5
GR00489,GRL000489,PO00489,POL000489,2026-02-23,OFF-147,1
GR00490,GRL000490,PO00490,POL000490,2026-07-21,FAC-139,250
GR00491,GRL000491,PO00491,POL000491,2026-02-20,UTI-088,10
GR00492,GRL000492,PO00492,POL000492,2026-03-28,MAN-073,100
GR00493,GRL000493,PO00493,POL000493,2026-05-12,FAC-138,2
GR00494,GRL000494,PO00494,POL000494,2026-08-18,PRO-052,20
GR00495,GRL000495,PO00495,POL000495,2026-04-16,OFF-127,5
GR00496,GRL000496,PO00496,POL000496,2026-02-27,LOG-038,500
GR00497,GRL000497,PO00497,POL000497,2026-07-11,IT -055,5
GR00498,GRL000498,PO00498,POL000498,2026-06-23,OFF-120,1
GR00499,GRL000499,PO00499,POL000499,2026-06-01,UTI-039,100
GR00500,GRL000500,PO00500,POL000500,2026-06-22,OFF-134,500
GR00501,GRL000501,PO00501,POL000501,2026-03-18,MAR-001,2
GR00502,GRL000502,PO00502,POL000502,2026-02-12,OFF-116,100
GR00503,GRL000503,PO00503,POL000503,2026-05-19,LOG-021,2
GR00504,GRL000504,PO00504,POL000504,2026-03-15,UTI-101,1
GR00505,GRL000505,PO00505,POL000505,2026-08-11,IT -149,50
GR00506,GRL000506,PO00506,POL000506,2026-06-03,IT -023,20
GR00507,GRL000507,PO00507,POL000507,2026-08-18,MAN-035,50
GR00508,GRL000508,PO00508,POL000508,2026-03-07,MAN-091,2
GR00509,GRL000509,PO00509,POL000509,2026-03-15,UTI-142,10
GR00510,GRL000510,PO00510,POL000510,2026-04-14,UTI-124,5
GR00511,GRL000511,PO00511,POL000511,2026-07-13,UTI-037,20
GR00512,GRL000512,PO00512,POL000512,2026-07-16,MAN-105,100
GR00513,GRL000513,PO00513,POL000513,2026-03-19,UTI-131,2
GR00514,GRL000514,PO00514,POL000514,2026-02-20,PRO-043,2
GR00515,GRL000515,PO00515,POL000515,2026-03-10,LOG-065,100
GR00516,GRL000516,PO00516,POL000516,2026-07-04,MAR-022,1
GR00517,GRL000517,PO00517,POL000517,2026-01-31,OFF-099,50
GR00518,GRL000518,PO00518,POL000518,2026-01-27,UTI-005,2
GR00519,GRL000519,PO00519,POL000519,2026-02-14,LOG-047,250
GR00520,GRL000520,PO00520,POL000520,2026-07-09,PRO-091,10
GR00521,GRL000521,PO00521,POL000521,2026-08-04,IT -073,1
GR00522,GRL000522,PO00522,POL000522,2026-03-30,IT -054,2
GR00523,GRL000523,PO00523,POL000523,2026-07-08,FAC-124,10
GR00524,GRL000524,PO00524,POL000524,2026-07-21,IT -020,100
GR00525,GRL000525,PO00525,POL000525,2026-05-21,UTI-024,20
GR00526,GRL000526,PO00526,POL000526,2026-05-25,MAR-081,20
GR00527,GRL000527,PO00527,POL000527,2026-03-19,IT -077,50
GR00528,GRL000528,PO00528,POL000528,2026-08-04,FAC-027,5
GR00529,GRL000529,PO00529,POL000529,2026-04-13,UTI-157,20
GR00530,GRL000530,PO00530,POL000530,2026-07-02,UTI-073,5
GR00531,GRL000531,PO00531,POL000531,2026-08-22,LOG-084,5
GR00532,GRL000532,PO00532,POL000532,2026-08-27,IT -023,250
GR00533,GRL000533,PO00533,POL000533,2026-04-16,FAC-068,500
GR00534,GRL000534,PO00534,POL000534,2026-07-21,MAN-060,100
GR00535,GRL000535,PO00535,POL000535,2026-02-28,UTI-035,100
GR00536,GRL000536,PO00536,POL000536,2026-03-29,OFF-102,10
GR00537,GRL000537,PO00537,POL000537,2026-03-01,LOG-062,1
GR00538,GRL000538,PO00538,POL000538,2026-06-29,OFF-020,20
GR00539,GRL000539,PO00539,POL000539,2026-02-24,FAC-076,1
GR00540,GRL000540,PO00540,POL000540,2026-06-22,LOG-146,500
GR00541,GRL000541,PO00541,POL000541,2026-04-21,PRO-024,10
GR00542,GRL000542,PO00542,POL000542,2026-02-09,IT -158,1
GR00543,GRL000543,PO00543,POL000543,2026-05-20,IT -122,1
GR00544,GRL000544,PO00544,POL000544,2026-07-11,MAR-054,500
GR00545,GRL000545,PO00545,POL000545,2026-06-16,IT -060,5
GR00546,GRL000546,PO00546,POL000546,2026-04-15,FAC-023,500
GR00547,GRL000547,PO00547,POL000547,2026-05-03,PRO-145,2
GR00548,GRL000548,PO00548,POL000548,2026-07-05,OFF-015,20
GR00549,GRL000549,PO00549,POL000549,2026-03-09,MAR-141,2
GR00550,GRL000550,PO00550,POL000550,2026-06-04,PRO-085,50
GR00551,GRL000551,PO00551,POL000551,2026-05-13,MAN-145,1
GR00552,GRL000552,PO00552,POL000552,2026-05-06,MAN-152,50
GR00553,GRL000553,PO00553,POL000553,2026-08-11,FAC-131,100
GR00554,GRL000554,PO00554,POL000554,2026-04-29,UTI-111,250
GR00555,GRL000555,PO00555,POL000555,2026-08-25,PRO-038,2
GR00556,GRL000556,PO00556,POL000556,2026-04-19,MAR-054,500
GR00557,GRL000557,PO00557,POL000557,2026-03-24,FAC-106,2
GR00558,GRL000558,PO00558,POL000558,2026-04-22,FAC-126,100
GR00559,GRL000559,PO00559,POL000559,2026-02-25,FAC-118,500
GR00560,GRL000560,PO00560,POL000560,2026-04-07,PRO-116,20
GR00561,GRL000561,PO00561,POL000561,2026-03-28,PRO-066,500
GR00562,GRL000562,PO00562,POL000562,2026-04-07,PRO-085,20
GR00563,GRL000563,PO00563,POL000563,2026-05-07,IT -091,2
GR00564,GRL000564,PO00564,POL000564,2026-02-08,PRO-151,10
GR00565,GRL000565,PO00565,POL000565,2026-07-13,MAN-149,100
GR00566,GRL000566,PO00566,POL000566,2026-04-12,PRO-019,5
GR00567,GRL000567,PO00567,POL000567,2026-05-11,LOG-066,10
GR00568,GRL000568,PO00568,POL000568,2026-03-20,OFF-022,50
GR00569,GRL000569,PO00569,POL000569,2026-07-06,UTI-013,500
GR00570,GRL000570,PO00570,POL000570,2026-05-10,LOG-057,10
GR00571,GRL000571,PO00571,POL000571,2026-03-18,MAN-111,20
GR00572,GRL000572,PO00572,POL000572,2026-09-02,OFF-055,100
GR00573,GRL000573,PO00573,POL000573,2026-08-19,FAC-135,500
GR00574,GRL000574,PO00574,POL000574,2026-05-12,PRO-135,500
GR00575,GRL000575,PO00575,POL000575,2026-05-19,PRO-127,20
GR00576,GRL000576,PO00576,POL000576,2026-09-11,UTI-121,20
GR00577,GRL000577,PO00577,POL000577,2026-06-14,OFF-150,20
GR00578,GRL000578,PO00578,POL000578,2026-04-08,MAN-070,5
GR00579,GRL000579,PO00579,POL000579,2026-07-14,IT -110,50
GR00580,GRL000580,PO00580,POL000580,2026-01-22,LOG-103,1
GR00581,GRL000581,PO00581,POL000581,2026-05-13,OFF-008,50
GR00582,GRL000582,PO00582,POL000582,2026-02-16,OFF-020,50
GR00583,GRL000583,PO00583,POL000583,2026-06-30,OFF-136,2
GR00584,GRL000584,PO00584,POL000584,2026-06-22,MAN-111,100
GR00585,GRL000585,PO00585,POL000585,2026-09-05,MAN-077,10
GR00586,GRL000586,PO00586,POL000586,2026-05-02,LOG-126,100
GR00587,GRL000587,PO00587,POL000587,2026-03-01,OFF-097,10
GR00588,GRL000588,PO00588,POL000588,2026-03-07,MAR-012,50
GR00589,GRL000589,PO00589,POL000589,2026-03-15,UTI-135,500
GR00590,GRL000590,PO00590,POL000590,2026-04-07,OFF-099,250
GR00591,GRL000591,PO00591,POL000591,2026-06-13,MAN-025,500
GR00592,GRL000592,PO00592,POL000592,2026-05-16,PRO-015,5
GR00593,GRL000593,PO00593,POL000593,2026-03-05,OFF-012,100
GR00594,GRL000594,PO00594,POL000594,2026-03-05,OFF-073,100
GR00595,GRL000595,PO00595,POL000595,2026-08-17,MAR-003,20
GR00596,GRL000596,PO00596,POL000596,2026-07-23,MAR-083,20
GR00597,GRL000597,PO00597,POL000597,2026-07-13,MAR-068,100
GR00598,GRL000598,PO00598,POL000598,2026-04-23,IT -022,250
GR00599,GRL000599,PO00599,POL000599,2026-04-30,LOG-091,500
GR00600,GRL000600,PO00600,POL000600,2026-06-04,IT -017,100
GR00601,GRL000601,PO00601,POL000601,2026-05-10,OFF-158,10
GR00602,GRL000602,PO00602,POL000602,2026-08-15,IT -036,500
GR00603,GRL000603,PO00603,POL000603,2026-05-09,UTI-078,5
GR00604,GRL000604,PO00604,POL000604,2026-06-13,LOG-144,100
GR00605,GRL000605,PO00605,POL000605,2026-07-09,MAR-152,10
GR00606,GRL000606,PO00606,POL000606,2026-05-29,FAC-154,250
GR00607,GRL000607,PO00607,POL000607,2026-05-20,MAR-037,5
GR00608,GRL000608,PO00608,POL000608,2026-06-26,MAN-131,20
GR00609,GRL000609,PO00609,POL000609,2026-05-10,LOG-090,50
GR00610,GRL000610,PO00610,POL000610,2026-03-28,FAC-002,2
GR00611,GRL000611,PO00611,POL000611,2026-02-22,LOG-014,10
GR00612,GRL000612,PO00612,POL000612,2026-03-08,OFF-144,5
GR00613,GRL000613,PO00613,POL000613,2026-03-16,UTI-159,5
GR00614,GRL000614,PO00614,POL000614,2026-07-24,MAR-006,20
GR00615,GRL000615,PO00615,POL000615,2026-07-13,PRO-036,50
GR00616,GRL000616,PO00616,POL000616,2026-03-02,FAC-070,20
GR00617,GRL000617,PO00617,POL000617,2026-06-26,PRO-102,5
GR00618,GRL000618,PO00618,POL000618,2026-02-06,MAR-015,250
GR00619,GRL000619,PO00619,POL000619,2026-08-16,FAC-100,10
GR00620,GRL000620,PO00620,POL000620,2026-06-08,LOG-098,2
GR00621,GRL000621,PO00621,POL000621,2026-03-11,IT -053,50
GR00622,GRL000622,PO00622,POL000622,2026-06-06,PRO-014,50
GR00623,GRL000623,PO00623,POL000623,2026-07-19,OFF-026,1
GR00624,GRL000624,PO00624,POL000624,2026-07-24,PRO-159,500
GR00625,GRL000625,PO00625,POL000625,2026-07-24,LOG-009,50
GR00626,GRL000626,PO00626,POL000626,2026-03-14,IT -042,250
GR00627,GRL000627,PO00627,POL000627,2026-04-24,MAN-086,500
GR00628,GRL000628,PO00628,POL000628,2026-07-17,MAR-083,10
GR00629,GRL000629,PO00629,POL000629,2026-07-31,OFF-004,10
GR00630,GRL000630,PO00630,POL000630,2026-05-01,OFF-020,250
GR00631,GRL000631,PO00631,POL000631,2026-05-13,PRO-046,500
GR00632,GRL000632,PO00632,POL000632,2026-07-12,IT -045,100
GR00633,GRL000633,PO00633,POL000633,2026-09-07,LOG-127,100
GR00634,GRL000634,PO00634,POL000634,2026-06-08,IT -119,2
GR00635,GRL000635,PO00635,POL000635,2026-05-27,PRO-117,5
GR00636,GRL000636,PO00636,POL000636,2026-02-10,PRO-058,100
GR00637,GRL000637,PO00637,POL000637,2026-08-17,MAN-004,500
GR00638,GRL000638,PO00638,POL000638,2026-03-18,MAN-046,1
GR00639,GRL000639,PO00639,POL000639,2026-04-09,OFF-102,250
GR00640,GRL000640,PO00640,POL000640,2026-06-29,IT -096,50
GR00641,GRL000641,PO00641,POL000641,2026-05-18,IT -111,10
GR00642,GRL000642,PO00642,POL000642,2026-07-06,LOG-133,100
GR00643,GRL000643,PO00643,POL000643,2026-05-30,LOG-032,500
GR00644,GRL000644,PO00644,POL000644,2026-02-01,IT -148,1
GR00645,GRL000645,PO00645,POL000645,2026-07-31,FAC-090,1
GR00646,GRL000646,PO00646,POL000646,2026-05-17,IT -039,250
GR00647,GRL000647,PO00647,POL000647,2026-01-18,MAR-137,250
GR00648,GRL000648,PO00648,POL000648,2026-04-21,PRO-111,100
GR00649,GRL000649,PO00649,POL000649,2026-03-04,FAC-120,50
GR00650,GRL000650,PO00650,POL000650,2026-03-05,FAC-073,50
GR00651,GRL000651,PO00651,POL000651,2026-03-06,OFF-099,500
GR00652,GRL000652,PO00652,POL000652,2026-07-21,PRO-110,500
GR00653,GRL000653,PO00653,POL000653,2026-04-21,IT -070,2
GR00654,GRL000654,PO00654,POL000654,2026-01-30,IT -019,500
GR00655,GRL000655,PO00655,POL000655,2026-02-25,UTI-094,1
GR00656,GRL000656,PO00656,POL000656,2026-09-03,UTI-040,20
GR00657,GRL000657,PO00657,POL000657,2026-03-12,IT -025,20
GR00658,GRL000658,PO00658,POL000658,2026-07-09,MAN-085,2
GR00659,GRL000659,PO00659,POL000659,2026-02-07,OFF-053,10
GR00660,GRL000660,PO00660,POL000660,2026-06-12,MAR-083,500
GR00661,GRL000661,PO00661,POL000661,2026-08-09,FAC-044,1
GR00662,GRL000662,PO00662,POL000662,2026-08-09,LOG-149,250
GR00663,GRL000663,PO00663,POL000663,2026-03-28,UTI-129,500
GR00664,GRL000664,PO00664,POL000664,2026-01-29,PRO-091,250
GR00665,GRL000665,PO00665,POL000665,2026-06-02,MAN-119,250
GR00666,GRL000666,PO00666,POL000666,2026-07-20,LOG-147,20
GR00667,GRL000667,PO00667,POL000667,2026-05-18,LOG-120,5
GR00668,GRL000668,PO00668,POL000668,2026-05-06,UTI-117,500
GR00669,GRL000669,PO00669,POL000669,2026-08-10,MAN-090,500
GR00670,GRL000670,PO00670,POL000670,2026-03-09,OFF-116,500
GR00671,GRL000671,PO00671,POL000671,2026-05-31,OFF-078,5
GR00672,GRL000672,PO00672,POL000672,2026-04-26,MAN-159,10
GR00673,GRL000673,PO00673,POL000673,2026-04-10,OFF-034,5
GR00674,GRL000674,PO00674,POL000674,2026-03-23,MAN-017,10
GR00675,GRL000675,PO00675,POL000675,2026-03-27,OFF-016,2
GR00676,GRL000676,PO00676,POL000676,2026-05-07,UTI-135,2
GR00677,GRL000677,PO00677,POL000677,2026-03-09,IT -069,2
GR00678,GRL000678,PO00678,POL000678,2026-05-02,PRO-158,10
GR00679,GRL000679,PO00679,POL000679,2026-04-13,UTI-139,100
GR00680,GRL000680,PO00680,POL000680,2026-03-19,MAR-084,250
GR00681,GRL000681,PO00681,POL000681,2026-01-16,PRO-040,10
GR00682,GRL000682,PO00682,POL000682,2026-05-28,FAC-076,500
GR00683,GRL000683,PO00683,POL000683,2026-02-19,OFF-007,1
GR00684,GRL000684,PO00684,POL000684,2026-05-02,FAC-018,100
GR00685,GRL000685,PO00685,POL000685,2026-09-05,FAC-014,10
GR00686,GRL000686,PO00686,POL000686,2026-03-04,LOG-004,50
GR00687,GRL000687,PO00687,POL000687,2026-06-22,MAR-013,2
GR00688,GRL000688,PO00688,POL000688,2026-03-14,IT -049,20
GR00689,GRL000689,PO00689,POL000689,2026-08-19,MAR-091,1
GR00690,GRL000690,PO00690,POL000690,2026-07-25,UTI-064,50
GR00691,GRL000691,PO00691,POL000691,2026-04-19,FAC-093,500
GR00692,GRL000692,PO00692,POL000692,2026-05-11,OFF-079,1
GR00693,GRL000693,PO00693,POL000693,2026-07-14,LOG-088,10
GR00694,GRL000694,PO00694,POL000694,2026-05-26,UTI-078,100
GR00695,GRL000695,PO00695,POL000695,2026-02-27,FAC-094,50
GR00696,GRL000696,PO00696,POL000696,2026-04-20,MAR-020,20
GR00697,GRL000697,PO00697,POL000697,2026-05-27,PRO-006,10
GR00698,GRL000698,PO00698,POL000698,2026-06-26,UTI-096,1
GR00699,GRL000699,PO00699,POL000699,2026-05-31,PRO-056,250
GR00700,GRL000700,PO00700,POL000700,2026-07-15,OFF-109,100
GR00701,GRL000701,PO00701,POL000701,2026-05-17,PRO-050,500
GR00702,GRL000702,PO00702,POL000702,2026-07-02,UTI-087,1
GR00703,GRL000703,PO00703,POL000703,2026-04-21,LOG-064,50
GR00704,GRL000704,PO00704,POL000704,2026-03-09,PRO-015,500
GR00705,GRL000705,PO00705,POL000705,2026-04-09,IT -061,5
GR00706,GRL000706,PO00706,POL000706,2026-09-12,PRO-129,250
GR00707,GRL000707,PO00707,POL000707,2026-05-12,FAC-065,250
GR00708,GRL000708,PO00708,POL000708,2026-08-28,FAC-123,20
GR00709,GRL000709,PO00709,POL000709,2026-06-21,UTI-063,100
GR00710,GRL000710,PO00710,POL000710,2026-03-04,IT -100,10
GR00711,GRL000711,PO00711,POL000711,2026-05-19,MAN-062,5
GR00712,GRL000712,PO00712,POL000712,2026-02-23,MAR-025,5
GR00713,GRL000713,PO00713,POL000713,2026-06-29,FAC-046,5
GR00714,GRL000714,PO00714,POL000714,2026-03-26,MAN-055,50
GR00715,GRL000715,PO00715,POL000715,2026-05-24,UTI-052,1
GR00716,GRL000716,PO00716,POL000716,2026-04-20,FAC-087,5
GR00717,GRL000717,PO00717,POL000717,2026-05-15,OFF-131,2
GR00718,GRL000718,PO00718,POL000718,2026-05-13,FAC-140,250
GR00719,GRL000719,PO00719,POL000719,2026-07-01,MAR-087,1
GR00720,GRL000720,PO00720,POL000720,2026-03-12,MAN-102,500
GR00721,GRL000721,PO00721,POL000721,2026-03-15,MAR-138,20
GR00722,GRL000722,PO00722,POL000722,2026-02-15,OFF-055,100
GR00723,GRL000723,PO00723,POL000723,2026-05-25,MAR-052,100
GR00724,GRL000724,PO00724,POL000724,2026-07-05,PRO-086,10
GR00725,GRL000725,PO00725,POL000725,2026-04-05,MAR-105,10
GR00726,GRL000726,PO00726,POL000726,2026-07-02,PRO-078,2
GR00727,GRL000727,PO00727,POL000727,2026-02-11,PRO-092,20
GR00728,GRL000728,PO00728,POL000728,2026-07-12,UTI-091,5
GR00729,GRL000729,PO00729,POL000729,2026-09-01,PRO-028,100
GR00730,GRL000730,PO00730,POL000730,2026-07-28,MAN-128,20
GR00731,GRL000731,PO00731,POL000731,2026-07-07,UTI-114,50
GR00732,GRL000732,PO00732,POL000732,2026-04-15,PRO-094,20
GR00733,GRL000733,PO00733,POL000733,2026-04-03,IT -132,10
GR00734,GRL000734,PO00734,POL000734,2026-06-04,IT -002,500
GR00735,GRL000735,PO00735,POL000735,2026-05-22,LOG-004,250
GR00736,GRL000736,PO00736,POL000736,2026-07-12,OFF-135,2
GR00737,GRL000737,PO00737,POL000737,2026-07-05,OFF-077,500
GR00738,GRL000738,PO00738,POL000738,2026-04-19,IT -079,100
GR00739,GRL000739,PO00739,POL000739,2026-03-01,LOG-082,10
GR00740,GRL000740,PO00740,POL000740,2026-07-05,UTI-116,10
GR00741,GRL000741,PO00741,POL000741,2026-05-20,FAC-068,1
GR00742,GRL000742,PO00742,POL000742,2026-04-27,IT -080,5
GR00743,GRL000743,PO00743,POL000743,2026-02-16,LOG-082,10
GR00744,GRL000744,PO00744,POL000744,2026-08-06,MAN-121,10
GR00745,GRL000745,PO00745,POL000745,2026-01-10,LOG-030,50
GR00746,GRL000746,PO00746,POL000746,2026-04-13,LOG-057,2
GR00747,GRL000747,PO00747,POL000747,2026-04-15,MAN-114,100
GR00748,GRL000748,PO00748,POL000748,2026-08-03,MAR-094,2
GR00749,GRL000749,PO00749,POL000749,2026-06-23,PRO-036,5
GR00750,GRL000750,PO00750,POL000750,2026-05-07,FAC-155,2
GR00751,GRL000751,PO00751,POL000751,2026-04-25,UTI-084,250
GR00752,GRL000752,PO00752,POL000752,2026-03-20,PRO-034,2
GR00753,GRL000753,PO00753,POL000753,2026-04-19,OFF-075,2
GR00754,GRL000754,PO00754,POL000754,2026-03-10,UTI-056,20
GR00755,GRL000755,PO00755,POL000755,2026-06-02,IT -057,10
GR00756,GRL000756,PO00756,POL000756,2026-06-22,OFF-058,50
GR00757,GRL000757,PO00757,POL000757,2026-05-06,UTI-062,50
GR00758,GRL000758,PO00758,POL000758,2026-08-04,MAN-160,20
GR00759,GRL000759,PO00759,POL000759,2026-08-04,IT -136,2
GR00760,GRL000760,PO00760,POL000760,2026-07-05,PRO-069,20
GR00761,GRL000761,PO00761,POL000761,2026-03-14,OFF-148,500
GR00762,GRL000762,PO00762,POL000762,2026-03-15,LOG-035,2
GR00763,GRL000763,PO00763,POL000763,2026-07-30,IT -062,10
GR00764,GRL000764,PO00764,POL000764,2026-08-13,FAC-003,10
GR00765,GRL000765,PO00765,POL000765,2026-04-23,IT -142,10
GR00766,GRL000766,PO00766,POL000766,2026-07-09,MAN-125,50
GR00767,GRL000767,PO00767,POL000767,2026-07-29,LOG-144,2
GR00768,GRL000768,PO00768,POL000768,2026-07-02,PRO-010,50
GR00769,GRL000769,PO00769,POL000769,2026-07-25,IT -110,20
GR00770,GRL000770,PO00770,POL000770,2026-06-21,UTI-023,5
GR00771,GRL000771,PO00771,POL000771,2026-08-01,LOG-031,2
GR00772,GRL000772,PO00772,POL000772,2026-06-01,UTI-142,5
GR00773,GRL000773,PO00773,POL000773,2026-08-13,IT -127,100
GR00774,GRL000774,PO00774,POL000774,2026-01-20,MAR-021,50
GR00775,GRL000775,PO00775,POL000775,2026-04-01,MAR-148,2
GR00776,GRL000776,PO00776,POL000776,2026-03-11,IT -025,10
GR00777,GRL000777,PO00777,POL000777,2026-04-25,PRO-128,250
GR00778,GRL000778,PO00778,POL000778,2026-07-06,OFF-092,50
GR00779,GRL000779,PO00779,POL000779,2026-02-05,IT -082,2
GR00780,GRL000780,PO00780,POL000780,2026-04-26,UTI-064,500
GR00781,GRL000781,PO00781,POL000781,2026-07-14,IT -073,1
GR00782,GRL000782,PO00782,POL000782,2026-06-24,OFF-157,250
GR00783,GRL000783,PO00783,POL000783,2026-07-18,PRO-011,50
GR00784,GRL000784,PO00784,POL000784,2026-07-31,MAR-079,500
GR00785,GRL000785,PO00785,POL000785,2026-05-12,MAR-039,50
GR00786,GRL000786,PO00786,POL000786,2026-05-12,MAN-132,20
GR00787,GRL000787,PO00787,POL000787,2026-07-21,MAR-041,50
GR00788,GRL000788,PO00788,POL000788,2026-07-16,LOG-126,100
GR00789,GRL000789,PO00789,POL000789,2026-05-01,OFF-066,50
GR00790,GRL000790,PO00790,POL000790,2026-06-13,IT -148,2
GR00791,GRL000791,PO00791,POL000791,2026-02-23,FAC-049,100
GR00792,GRL000792,PO00792,POL000792,2026-05-12,OFF-070,10
GR00793,GRL000793,PO00793,POL000793,2026-07-13,PRO-157,1
GR00794,GRL000794,PO00794,POL000794,2026-04-24,MAN-032,2
GR00795,GRL000795,PO00795,POL000795,2026-03-12,MAN-101,50
GR00796,GRL000796,PO00796,POL000796,2026-08-26,OFF-007,500
GR00797,GRL000797,PO00797,POL000797,2026-06-27,OFF-129,1
GR00798,GRL000798,PO00798,POL000798,2026-01-26,IT -046,500
GR00799,GRL000799,PO00799,POL000799,2026-01-28,PRO-051,2
GR00800,GRL000800,PO00800,POL000800,2026-07-25,PRO-069,250
GR00801,GRL000801,PO00801,POL000801,2026-07-07,MAR-106,100
GR00802,GRL000802,PO00802,POL000802,2026-06-19,IT -143,20
GR00803,GRL000803,PO00803,POL000803,2026-07-20,MAR-053,100
GR00804,GRL000804,PO00804,POL000804,2026-07-30,FAC-046,5
GR00805,GRL000805,PO00805,POL000805,2026-05-16,UTI-145,10
GR00806,GRL000806,PO00806,POL000806,2026-03-13,MAR-098,1
GR00807,GRL000807,PO00807,POL000807,2026-03-04,UTI-133,100
GR00808,GRL000808,PO00808,POL000808,2026-04-16,LOG-084,1
GR00809,GRL000809,PO00809,POL000809,2026-01-16,PRO-114,2
GR00810,GRL000810,PO00810,POL000810,2026-08-07,MAN-130,5
GR00811,GRL000811,PO00811,POL000811,2026-06-09,FAC-049,20
GR00812,GRL000812,PO00812,POL000812,2026-07-06,IT -087,100
GR00813,GRL000813,PO00813,POL000813,2026-07-08,MAR-009,20
GR00814,GRL000814,PO00814,POL000814,2026-07-27,MAN-062,50
GR00815,GRL000815,PO00815,POL000815,2026-07-11,OFF-008,10
GR00816,GRL000816,PO00816,POL000816,2026-01-30,LOG-031,100
GR00817,GRL000817,PO00817,POL000817,2026-07-13,PRO-088,50
GR00818,GRL000818,PO00818,POL000818,2026-04-06,MAR-071,250
GR00819,GRL000819,PO00819,POL000819,2026-05-20,IT -142,5
GR00820,GRL000820,PO00820,POL000820,2026-04-28,MAR-015,100
GR00821,GRL000821,PO00821,POL000821,2026-05-03,PRO-078,20
GR00822,GRL000822,PO00822,POL000822,2026-08-15,IT -065,500
GR00823,GRL000823,PO00823,POL000823,2026-04-23,FAC-059,2
GR00824,GRL000824,PO00824,POL000824,2026-07-31,UTI-043,20
GR00825,GRL000825,PO00825,POL000825,2026-08-30,UTI-051,2
GR00826,GRL000826,PO00826,POL000826,2026-04-19,PRO-082,250
GR00827,GRL000827,PO00827,POL000827,2026-05-13,OFF-066,5
GR00828,GRL000828,PO00828,POL000828,2026-04-16,OFF-025,1
GR00829,GRL000829,PO00829,POL000829,2026-02-15,OFF-051,10
GR00830,GRL000830,PO00830,POL000830,2026-04-20,PRO-105,2
GR00831,GRL000831,PO00831,POL000831,2026-03-14,FAC-097,50
GR00832,GRL000832,PO00832,POL000832,2026-04-02,OFF-154,2
GR00833,GRL000833,PO00833,POL000833,2026-05-09,MAN-033,50
GR00834,GRL000834,PO00834,POL000834,2026-04-24,MAN-116,10
GR00835,GRL000835,PO00835,POL000835,2026-02-03,PRO-006,5
GR00836,GRL000836,PO00836,POL000836,2026-06-05,OFF-157,5
GR00837,GRL000837,PO00837,POL000837,2026-09-22,IT -058,20
GR00838,GRL000838,PO00838,POL000838,2026-04-16,OFF-075,500
GR00839,GRL000839,PO00839,POL000839,2026-04-20,OFF-026,500
GR00840,GRL000840,PO00840,POL000840,2026-04-26,FAC-002,100
GR00841,GRL000841,PO00841,POL000841,2026-06-05,PRO-127,10
GR00842,GRL000842,PO00842,POL000842,2026-08-07,UTI-115,5
GR00843,GRL000843,PO00843,POL000843,2026-03-02,MAN-135,250
GR00844,GRL000844,PO00844,POL000844,2026-08-20,MAR-073,10
GR00845,GRL000845,PO00845,POL000845,2026-04-30,PRO-110,500
GR00846,GRL000846,PO00846,POL000846,2026-04-27,PRO-143,1
GR00847,GRL000847,PO00847,POL000847,2026-04-16,FAC-118,5
GR00848,GRL000848,PO00848,POL000848,2026-04-19,PRO-116,2
GR00849,GRL000849,PO00849,POL000849,2026-05-12,IT -045,2
GR00850,GRL000850,PO00850,POL000850,2026-08-03,FAC-024,20
GR00851,GRL000851,PO00851,POL000851,2026-07-09,OFF-078,1
GR00852,GRL000852,PO00852,POL000852,2026-06-19,IT -061,1
GR00853,GRL000853,PO00853,POL000853,2026-08-12,OFF-139,50
GR00854,GRL000854,PO00854,POL000854,2026-08-26,MAN-088,2
GR00855,GRL000855,PO00855,POL000855,2026-04-04,OFF-130,1
GR00856,GRL000856,PO00856,POL000856,2026-03-14,MAN-061,2
GR00857,GRL000857,PO00857,POL000857,2026-06-13,PRO-033,250
GR00858,GRL000858,PO00858,POL000858,2026-08-10,MAN-095,100
GR00859,GRL000859,PO00859,POL000859,2026-07-23,MAR-036,2
GR00860,GRL000860,PO00860,POL000860,2026-01-30,FAC-149,100
GR00861,GRL000861,PO00861,POL000861,2026-06-21,IT -115,2
GR00862,GRL000862,PO00862,POL000862,2026-06-14,LOG-059,100
GR00863,GRL000863,PO00863,POL000863,2026-04-16,IT -147,500
GR00864,GRL000864,PO00864,POL000864,2026-07-01,UTI-082,100
GR00865,GRL000865,PO00865,POL000865,2026-05-04,PRO-052,50
GR00866,GRL000866,PO00866,POL000866,2026-06-04,FAC-138,20
GR00867,GRL000867,PO00867,POL000867,2026-05-01,OFF-080,20
GR00868,GRL000868,PO00868,POL000868,2026-05-14,UTI-093,100
GR00869,GRL000869,PO00869,POL000869,2026-07-21,UTI-157,2
GR00870,GRL000870,PO00870,POL000870,2026-03-09,IT -017,100
GR00871,GRL000871,PO00871,POL000871,2026-05-09,IT -051,500
GR00872,GRL000872,PO00872,POL000872,2026-05-31,LOG-082,250
GR00873,GRL000873,PO00873,POL000873,2026-02-04,LOG-149,250
GR00874,GRL000874,PO00874,POL000874,2026-03-11,MAN-137,100
GR00875,GRL000875,PO00875,POL000875,2026-06-15,PRO-028,1
GR00876,GRL000876,PO00876,POL000876,2026-06-12,UTI-137,20
GR00877,GRL000877,PO00877,POL000877,2026-06-06,OFF-129,20
GR00878,GRL000878,PO00878,POL000878,2026-06-11,IT -128,1
GR00879,GRL000879,PO00879,POL000879,2026-04-08,UTI-037,500
GR00880,GRL000880,PO00880,POL000880,2026-03-10,MAN-041,10
GR00881,GRL000881,PO00881,POL000881,2026-01-30,FAC-130,50
GR00882,GRL000882,PO00882,POL000882,2026-03-21,LOG-021,100
GR00883,GRL000883,PO00883,POL000883,2026-07-12,UTI-064,2
GR00884,GRL000884,PO00884,POL000884,2026-02-17,MAR-116,100
GR00885,GRL000885,PO00885,POL000885,2026-07-14,PRO-061,20
GR00886,GRL000886,PO00886,POL000886,2026-05-03,IT -051,10
GR00887,GRL000887,PO00887,POL000887,2026-03-04,OFF-125,10
GR00888,GRL000888,PO00888,POL000888,2026-06-26,MAR-145,100
GR00889,GRL000889,PO00889,POL000889,2026-03-26,FAC-007,2
GR00890,GRL000890,PO00890,POL000890,2026-02-04,UTI-026,500
GR00891,GRL000891,PO00891,POL000891,2026-03-29,IT -083,1
GR00892,GRL000892,PO00892,POL000892,2026-03-29,IT -077,20
GR00893,GRL000893,PO00893,POL000893,2026-07-20,FAC-077,1
GR00894,GRL000894,PO00894,POL000894,2026-04-01,IT -129,20
GR00895,GRL000895,PO00895,POL000895,2026-07-20,FAC-044,50
GR00896,GRL000896,PO00896,POL000896,2026-08-23,FAC-155,1
GR00897,GRL000897,PO00897,POL000897,2026-05-06,FAC-146,2
GR00898,GRL000898,PO00898,POL000898,2026-02-09,OFF-112,20
GR00899,GRL000899,PO00899,POL000899,2026-06-07,IT -112,20
GR00900,GRL000900,PO00900,POL000900,2026-08-25,LOG-113,2
GR00901,GRL000901,PO00901,POL000901,2026-06-27,UTI-100,100
GR00902,GRL000902,PO00902,POL000902,2026-07-06,MAR-015,500
GR00903,GRL000903,PO00903,POL000903,2026-06-24,UTI-020,20
GR00904,GRL000904,PO00904,POL000904,2026-07-10,PRO-037,50
GR00905,GRL000905,PO00905,POL000905,2026-05-21,MAN-052,50
GR00906,GRL000906,PO00906,POL000906,2026-01-31,IT -159,500
GR00907,GRL000907,PO00907,POL000907,2026-03-04,IT -070,50
GR00908,GRL000908,PO00908,POL000908,2026-09-19,IT -083,500
GR00909,GRL000909,PO00909,POL000909,2026-05-09,UTI-091,5
GR00910,GRL000910,PO00910,POL000910,2026-05-24,IT -156,1
GR00911,GRL000911,PO00911,POL000911,2026-09-03,FAC-150,20
GR00912,GRL000912,PO00912,POL000912,2026-01-22,OFF-083,250
GR00913,GRL000913,PO00913,POL000913,2026-07-29,LOG-010,20
GR00914,GRL000914,PO00914,POL000914,2026-07-28,PRO-137,2
GR00915,GRL000915,PO00915,POL000915,2026-08-06,FAC-123,500
GR00916,GRL000916,PO00916,POL000916,2026-06-23,PRO-009,2
GR00917,GRL000917,PO00917,POL000917,2026-06-13,MAR-159,50
GR00918,GRL000918,PO00918,POL000918,2026-04-26,LOG-115,500
GR00919,GRL000919,PO00919,POL000919,2026-03-26,MAN-100,1
GR00920,GRL000920,PO00920,POL000920,2026-06-02,MAN-030,5
GR00921,GRL000921,PO00921,POL000921,2026-06-20,PRO-051,500
GR00922,GRL000922,PO00922,POL000922,2026-07-17,LOG-019,50
GR00923,GRL000923,PO00923,POL000923,2026-05-02,PRO-023,1
GR00924,GRL000924,PO00924,POL000924,2026-07-30,PRO-030,250
GR00925,GRL000925,PO00925,POL000925,2026-06-08,LOG-114,500
GR00926,GRL000926,PO00926,POL000926,2026-07-10,UTI-061,50
GR00927,GRL000927,PO00927,POL000927,2026-04-04,FAC-078,100
GR00928,GRL000928,PO00928,POL000928,2026-02-27,MAN-156,1
GR00929,GRL000929,PO00929,POL000929,2026-07-16,PRO-092,10
GR00930,GRL000930,PO00930,POL000930,2026-08-18,IT -031,50
GR00931,GRL000931,PO00931,POL000931,2026-04-08,FAC-146,5
GR00932,GRL000932,PO00932,POL000932,2026-03-18,PRO-132,1
GR00933,GRL000933,PO00933,POL000933,2026-03-09,PRO-139,2
GR00934,GRL000934,PO00934,POL000934,2026-04-11,FAC-107,20
GR00935,GRL000935,PO00935,POL000935,2026-06-22,OFF-012,100
GR00936,GRL000936,PO00936,POL000936,2026-04-06,PRO-070,50
GR00937,GRL000937,PO00937,POL000937,2026-07-13,MAR-146,10
GR00938,GRL000938,PO00938,POL000938,2026-05-18,MAN-008,500
GR00939,GRL000939,PO00939,POL000939,2026-03-26,OFF-105,100
GR00940,GRL000940,PO00940,POL000940,2026-06-11,UTI-008,100
GR00941,GRL000941,PO00941,POL000941,2026-06-19,OFF-125,20
GR00942,GRL000942,PO00942,POL000942,2026-07-21,OFF-093,250
GR00943,GRL000943,PO00943,POL000943,2026-06-16,UTI-073,1
GR00944,GRL000944,PO00944,POL000944,2026-08-20,IT -155,20
GR00945,GRL000945,PO00945,POL000945,2026-04-24,IT -145,10
GR00946,GRL000946,PO00946,POL000946,2026-03-13,MAN-139,50
GR00947,GRL000947,PO00947,POL000947,2026-05-03,PRO-096,250
GR00948,GRL000948,PO00948,POL000948,2026-07-15,LOG-075,5
GR00949,GRL000949,PO00949,POL000949,2026-07-18,OFF-041,2
GR00950,GRL000950,PO00950,POL000950,2026-04-04,PRO-039,20
GR00951,GRL000951,PO00951,POL000951,2026-07-07,FAC-154,250
GR00952,GRL000952,PO00952,POL000952,2026-03-29,MAN-017,1
GR00953,GRL000953,PO00953,POL000953,2026-05-24,UTI-012,50
GR00954,GRL000954,PO00954,POL000954,2026-07-06,UTI-122,2
GR00955,GRL000955,PO00955,POL000955,2026-08-23,MAR-112,50
GR00956,GRL000956,PO00956,POL000956,2026-03-25,UTI-126,2
GR00957,GRL000957,PO00957,POL000957,2026-04-25,PRO-159,5
GR00958,GRL000958,PO00958,POL000958,2026-04-23,MAN-028,10
GR00959,GRL000959,PO00959,POL000959,2026-02-20,UTI-005,5
GR00960,GRL000960,PO00960,POL000960,2026-07-19,UTI-017,50
GR00961,GRL000961,PO00961,POL000961,2026-01-22,MAN-104,20
GR00962,GRL000962,PO00962,POL000962,2026-05-24,LOG-118,20
GR00963,GRL000963,PO00963,POL000963,2026-08-08,PRO-044,20
GR00964,GRL000964,PO00964,POL000964,2026-07-26,MAR-037,2
GR00965,GRL000965,PO00965,POL000965,2026-03-15,MAN-035,250
GR00966,GRL000966,PO00966,POL000966,2026-02-15,LOG-081,500
GR00967,GRL000967,PO00967,POL000967,2026-06-10,FAC-108,1
GR00968,GRL000968,PO00968,POL000968,2026-08-12,IT -132,50
GR00969,GRL000969,PO00969,POL000969,2026-08-10,UTI-126,2
GR00970,GRL000970,PO00970,POL000970,2026-02-18,OFF-055,1
GR00971,GRL000971,PO00971,POL000971,2026-04-17,PRO-108,500
GR00972,GRL000972,PO00972,POL000972,2026-03-30,UTI-117,5
GR00973,GRL000973,PO00973,POL000973,2026-08-02,LOG-027,5
GR00974,GRL000974,PO00974,POL000974,2026-08-07,MAN-036,20
GR00975,GRL000975,PO00975,POL000975,2026-06-18,MAR-071,5
GR00976,GRL000976,PO00976,POL000976,2026-02-25,MAR-123,2
GR00977,GRL000977,PO00977,POL000977,2026-04-08,LOG-054,20
GR00978,GRL000978,PO00978,POL000978,2026-01-12,MAR-063,1
GR00979,GRL000979,PO00979,POL000979,2026-02-28,PRO-012,1
GR00980,GRL000980,PO00980,POL000980,2026-09-06,PRO-051,500
GR00981,GRL000981,PO00981,POL000981,2026-01-15,LOG-122,1
GR00982,GRL000982,PO00982,POL000982,2026-07-17,LOG-069,20
GR00983,GRL000983,PO00983,POL000983,2026-04-17,IT -042,1
GR00984,GRL000984,PO00984,POL000984,2026-03-17,UTI-138,50
GR00985,GRL000985,PO00985,POL000985,2026-03-31,FAC-122,5
GR00986,GRL000986,PO00986,POL000986,2026-08-02,MAN-139,100
GR00987,GRL000987,PO00987,POL000987,2026-02-15,MAR-049,2
GR00988,GRL000988,PO00988,POL000988,2026-05-27,IT -038,2
GR00989,GRL000989,PO00989,POL000989,2026-08-02,UTI-122,5
GR00990,GRL000990,PO00990,POL000990,2026-05-26,LOG-017,100
GR00991,GRL000991,PO00991,POL000991,2026-02-21,FAC-017,20
GR00992,GRL000992,PO00992,POL000992,2026-08-05,OFF-074,250
GR00993,GRL000993,PO00993,POL000993,2026-07-02,PRO-076,5
GR00994,GRL000994,PO00994,POL000994,2026-07-29,MAR-088,500
GR00995,GRL000995,PO00995,POL000995,2026-06-28,FAC-043,500
GR00996,GRL000996,PO00996,POL000996,2026-03-26,IT -129,250
GR00997,GRL000997,PO00997,POL000997,2026-07-14,PRO-067,1
GR00998,GRL000998,PO00998,POL000998,2026-07-05,FAC-075,1
GR00999,GRL000999,PO00999,POL000999,2026-02-25,FAC-057,10
GR01000,GRL001000,PO01000,POL001000,2026-03-12,FAC-103,250
GR01001,GRL001001,PO01001,POL001001,2026-05-12,OFF-059,500
GR01002,GRL001002,PO01002,POL001002,2026-07-10,UTI-037,50
GR01003,GRL001003,PO01003,POL001003,2026-04-13,FAC-010,250
GR01004,GRL001004,PO01004,POL001004,2026-03-10,LOG-015,500
GR01005,GRL001005,PO01005,POL001005,2026-08-14,OFF-041,1
GR01006,GRL001006,PO01006,POL001006,2026-04-06,OFF-084,100
GR01007,GRL001007,PO01007,POL001007,2026-04-30,MAR-088,2
GR01008,GRL001008,PO01008,POL001008,2026-02-24,PRO-094,50
GR01009,GRL001009,PO01009,POL001009,2026-03-18,MAR-020,1
GR01010,GRL001010,PO01010,POL001010,2026-02-06,IT -087,20
GR01011,GRL001011,PO01011,POL001011,2026-04-30,PRO-151,1
GR01012,GRL001012,PO01012,POL001012,2026-07-08,PRO-146,100
GR01013,GRL001013,PO01013,POL001013,2026-02-19,LOG-044,10
GR01014,GRL001014,PO01014,POL001014,2026-03-02,MAN-035,5
GR01015,GRL001015,PO01015,POL001015,2026-03-11,LOG-141,10
GR01016,GRL001016,PO01016,POL001016,2026-04-25,IT -153,250
GR01017,GRL001017,PO01017,POL001017,2026-05-21,MAN-103,10
GR01018,GRL001018,PO01018,POL001018,2026-03-07,MAN-094,500
GR01019,GRL001019,PO01019,POL001019,2026-04-01,MAN-045,20
GR01020,GRL001020,PO01020,POL001020,2026-03-29,IT -127,100
GR01021,GRL001021,PO01021,POL001021,2026-04-28,LOG-108,100
GR01022,GRL001022,PO01022,POL001022,2026-06-28,OFF-048,10
GR01023,GRL001023,PO01023,POL001023,2026-04-16,MAN-088,250
GR01024,GRL001024,PO01024,POL001024,2026-05-27,MAR-147,250
GR01025,GRL001025,PO01025,POL001025,2026-04-15,MAR-026,10
GR01026,GRL001026,PO01026,POL001026,2026-05-23,PRO-082,500
GR01027,GRL001027,PO01027,POL001027,2026-06-12,FAC-093,250
GR01028,GRL001028,PO01028,POL001028,2026-08-12,MAN-030,50
GR01029,GRL001029,PO01029,POL001029,2026-04-16,FAC-005,20
GR01030,GRL001030,PO01030,POL001030,2026-05-19,PRO-024,50
GR01031,GRL001031,PO01031,POL001031,2026-05-15,MAN-049,500
GR01032,GRL001032,PO01032,POL001032,2026-03-22,LOG-148,10
GR01033,GRL001033,PO01033,POL001033,2026-02-06,OFF-070,20
GR01034,GRL001034,PO01034,POL001034,2026-07-30,LOG-147,5
GR01035,GRL001035,PO01035,POL001035,2026-06-07,PRO-048,250
GR01036,GRL001036,PO01036,POL001036,2026-06-11,MAN-092,1
GR01037,GRL001037,PO01037,POL001037,2026-01-21,LOG-149,50
GR01038,GRL001038,PO01038,POL001038,2026-04-08,MAR-128,10
GR01039,GRL001039,PO01039,POL001039,2026-04-16,PRO-004,2
GR01040,GRL001040,PO01040,POL001040,2026-07-04,MAR-022,500
GR01041,GRL001041,PO01041,POL001041,2026-05-08,IT -064,10
GR01042,GRL001042,PO01042,POL001042,2026-02-09,PRO-037,500
GR01043,GRL001043,PO01043,POL001043,2026-08-07,IT -133,100
GR01044,GRL001044,PO01044,POL001044,2026-05-21,FAC-112,50
GR01045,GRL001045,PO01045,POL001045,2026-03-04,FAC-014,1
GR01046,GRL001046,PO01046,POL001046,2026-03-14,LOG-092,20
GR01047,GRL001047,PO01047,POL001047,2026-05-31,LOG-091,100
GR01048,GRL001048,PO01048,POL001048,2026-05-27,PRO-159,5
GR01049,GRL001049,PO01049,POL001049,2026-07-22,FAC-061,100
GR01050,GRL001050,PO01050,POL001050,2026-08-10,LOG-134,500
GR01051,GRL001051,PO01051,POL001051,2026-02-02,UTI-124,50
GR01052,GRL001052,PO01052,POL001052,2026-03-13,MAN-040,100
GR01053,GRL001053,PO01053,POL001053,2026-02-24,PRO-134,50
GR01054,GRL001054,PO01054,POL001054,2026-08-15,IT -132,20
GR01055,GRL001055,PO01055,POL001055,2026-04-17,FAC-089,5
GR01056,GRL001056,PO01056,POL001056,2026-05-09,MAR-040,5
GR01057,GRL001057,PO01057,POL001057,2026-05-21,MAR-002,20
GR01058,GRL001058,PO01058,POL001058,2026-09-12,MAR-085,50
GR01059,GRL001059,PO01059,POL001059,2026-06-29,PRO-054,20
GR01060,GRL001060,PO01060,POL001060,2026-08-04,FAC-106,20
GR01061,GRL001061,PO01061,POL001061,2026-04-20,OFF-059,50
GR01062,GRL001062,PO01062,POL001062,2026-05-20,OFF-044,100
GR01063,GRL001063,PO01063,POL001063,2026-05-21,LOG-012,500
GR01064,GRL001064,PO01064,POL001064,2026-02-21,OFF-071,50
GR01065,GRL001065,PO01065,POL001065,2026-08-02,MAN-039,1
GR01066,GRL001066,PO01066,POL001066,2026-07-25,LOG-043,2
GR01067,GRL001067,PO01067,POL001067,2026-05-11,PRO-096,20
GR01068,GRL001068,PO01068,POL001068,2026-03-02,MAN-137,50
GR01069,GRL001069,PO01069,POL001069,2026-06-17,LOG-109,2
GR01070,GRL001070,PO01070,POL001070,2026-08-09,IT -050,500
GR01071,GRL001071,PO01071,POL001071,2026-02-02,OFF-018,10
GR01072,GRL001072,PO01072,POL001072,2026-07-18,FAC-156,100
GR01073,GRL001073,PO01073,POL001073,2026-02-17,IT -041,50
GR01074,GRL001074,PO01074,POL001074,2026-05-27,PRO-095,10
GR01075,GRL001075,PO01075,POL001075,2026-03-12,UTI-027,20
GR01076,GRL001076,PO01076,POL001076,2026-04-07,MAN-142,100
GR01077,GRL001077,PO01077,POL001077,2026-06-05,IT -125,250
GR01078,GRL001078,PO01078,POL001078,2026-06-08,MAN-042,1
GR01079,GRL001079,PO01079,POL001079,2026-05-26,IT -155,5
GR01080,GRL001080,PO01080,POL001080,2026-07-27,MAN-080,250
GR01081,GRL001081,PO01081,POL001081,2026-07-27,FAC-126,250
GR01082,GRL001082,PO01082,POL001082,2026-08-31,LOG-153,20
GR01083,GRL001083,PO01083,POL001083,2026-06-20,UTI-132,50
GR01084,GRL001084,PO01084,POL001084,2026-04-19,MAR-030,2
GR01085,GRL001085,PO01085,POL001085,2026-06-02,MAN-147,50
GR01086,GRL001086,PO01086,POL001086,2026-03-13,FAC-074,250
GR01087,GRL001087,PO01087,POL001087,2026-08-23,MAN-080,1
GR01088,GRL001088,PO01088,POL001088,2026-02-12,IT -042,500
GR01089,GRL001089,PO01089,POL001089,2026-04-14,MAN-120,2
GR01090,GRL001090,PO01090,POL001090,2026-07-02,LOG-019,100
GR01091,GRL001091,PO01091,POL001091,2026-06-21,FAC-015,500
GR01092,GRL001092,PO01092,POL001092,2026-07-08,OFF-157,100
GR01093,GRL001093,PO01093,POL001093,2026-04-10,UTI-089,10
GR01094,GRL001094,PO01094,POL001094,2026-06-01,UTI-056,500
GR01095,GRL001095,PO01095,POL001095,2026-06-06,MAR-048,250
GR01096,GRL001096,PO01096,POL001096,2026-06-10,MAR-059,250
GR01097,GRL001097,PO01097,POL001097,2026-05-14,IT -126,1
GR01098,GRL001098,PO01098,POL001098,2026-03-23,PRO-113,2
GR01099,GRL001099,PO01099,POL001099,2026-02-01,PRO-128,500
GR01100,GRL001100,PO01100,POL001100,2026-07-30,PRO-019,250
GR01101,GRL001101,PO01101,POL001101,2026-04-16,OFF-118,250
GR01102,GRL001102,PO01102,POL001102,2026-03-09,OFF-044,250
GR01103,GRL001103,PO01103,POL001103,2026-03-02,MAN-130,10
GR01104,GRL001104,PO01104,POL001104,2026-02-15,MAN-109,20
GR01105,GRL001105,PO01105,POL001105,2026-08-24,MAN-135,10
GR01106,GRL001106,PO01106,POL001106,2026-07-17,MAN-141,1
GR01107,GRL001107,PO01107,POL001107,2026-05-06,FAC-073,250
GR01108,GRL001108,PO01108,POL001108,2026-05-24,IT -158,2
GR01109,GRL001109,PO01109,POL001109,2026-03-10,UTI-012,2
GR01110,GRL001110,PO01110,POL001110,2026-01-19,OFF-143,500
GR01111,GRL001111,PO01111,POL001111,2026-08-20,OFF-057,1
GR01112,GRL001112,PO01112,POL001112,2026-02-10,FAC-007,20
GR01113,GRL001113,PO01113,POL001113,2026-02-12,FAC-096,10
GR01114,GRL001114,PO01114,POL001114,2026-07-09,UTI-012,2
GR01115,GRL001115,PO01115,POL001115,2026-08-18,FAC-071,1
GR01116,GRL001116,PO01116,POL001116,2026-01-28,IT -020,250
GR01117,GRL001117,PO01117,POL001117,2026-06-10,FAC-022,100
GR01118,GRL001118,PO01118,POL001118,2026-08-20,UTI-141,50
GR01119,GRL001119,PO01119,POL001119,2026-04-16,IT -051,250
GR01120,GRL001120,PO01120,POL001120,2026-07-08,MAR-103,250
GR01121,GRL001121,PO01121,POL001121,2026-06-15,OFF-087,1
GR01122,GRL001122,PO01122,POL001122,2026-03-22,MAR-052,50
GR01123,GRL001123,PO01123,POL001123,2026-03-27,IT -051,500
GR01124,GRL001124,PO01124,POL001124,2026-07-10,OFF-091,5
GR01125,GRL001125,PO01125,POL001125,2026-06-12,UTI-130,50
GR01126,GRL001126,PO01126,POL001126,2026-04-20,IT -068,50
GR01127,GRL001127,PO01127,POL001127,2026-07-10,PRO-087,1
GR01128,GRL001128,PO01128,POL001128,2026-04-30,MAR-017,1
GR01129,GRL001129,PO01129,POL001129,2026-05-05,PRO-095,50
GR01130,GRL001130,PO01130,POL001130,2026-04-28,OFF-132,2
GR01131,GRL001131,PO01131,POL001131,2026-07-20,MAR-003,100
GR01132,GRL001132,PO01132,POL001132,2026-05-06,MAN-014,2
GR01133,GRL001133,PO01133,POL001133,2026-07-03,OFF-159,20
GR01134,GRL001134,PO01134,POL001134,2026-07-22,UTI-017,250
GR01135,GRL001135,PO01135,POL001135,2026-07-22,PRO-147,5
GR01136,GRL001136,PO01136,POL001136,2026-02-22,IT -085,2
GR01137,GRL001137,PO01137,POL001137,2026-02-02,LOG-153,20
GR01138,GRL001138,PO01138,POL001138,2026-05-04,PRO-049,250
GR01139,GRL001139,PO01139,POL001139,2026-06-14,FAC-097,5
GR01140,GRL001140,PO01140,POL001140,2026-07-03,MAN-040,1
GR01141,GRL001141,PO01141,POL001141,2026-06-07,IT -011,2
GR01142,GRL001142,PO01142,POL001142,2026-08-22,LOG-158,1
GR01143,GRL001143,PO01143,POL001143,2026-02-25,OFF-001,50
GR01144,GRL001144,PO01144,POL001144,2026-02-17,FAC-117,2
GR01145,GRL001145,PO01145,POL001145,2026-04-25,FAC-035,1
GR01146,GRL001146,PO01146,POL001146,2026-06-16,MAR-015,2
GR01147,GRL001147,PO01147,POL001147,2026-06-01,FAC-065,250
GR01148,GRL001148,PO01148,POL001148,2026-07-12,PRO-020,2
GR01149,GRL001149,PO01149,POL001149,2026-01-05,UTI-068,20
GR01150,GRL001150,PO01150,POL001150,2026-02-28,OFF-143,2
GR01151,GRL001151,PO01151,POL001151,2026-02-26,UTI-045,2
GR01152,GRL001152,PO01152,POL001152,2026-06-07,LOG-130,100
GR01153,GRL001153,PO01153,POL001153,2026-07-01,IT -053,20
GR01154,GRL001154,PO01154,POL001154,2026-04-26,LOG-076,500
GR01155,GRL001155,PO01155,POL001155,2026-04-30,OFF-063,10
GR01156,GRL001156,PO01156,POL001156,2026-03-30,IT -137,100
GR01157,GRL001157,PO01157,POL001157,2026-08-24,UTI-101,500
GR01158,GRL001158,PO01158,POL001158,2026-05-21,OFF-013,20
GR01159,GRL001159,PO01159,POL001159,2026-07-17,MAN-015,250
GR01160,GRL001160,PO01160,POL001160,2026-02-20,FAC-018,10
GR01161,GRL001161,PO01161,POL001161,2026-07-17,LOG-133,10
GR01162,GRL001162,PO01162,POL001162,2026-03-23,IT -040,500
GR01163,GRL001163,PO01163,POL001163,2026-05-30,OFF-082,5
GR01164,GRL001164,PO01164,POL001164,2026-03-18,PRO-070,1
GR01165,GRL001165,PO01165,POL001165,2026-03-18,MAR-009,10
GR01166,GRL001166,PO01166,POL001166,2026-06-27,PRO-136,100
GR01167,GRL001167,PO01167,POL001167,2026-01-26,PRO-064,250
GR01168,GRL001168,PO01168,POL001168,2026-05-28,FAC-074,1
GR01169,GRL001169,PO01169,POL001169,2026-03-24,MAN-092,500
GR01170,GRL001170,PO01170,POL001170,2026-09-05,OFF-004,50
GR01171,GRL001171,PO01171,POL001171,2026-06-29,FAC-009,2
GR01172,GRL001172,PO01172,POL001172,2026-01-05,OFF-060,500
GR01173,GRL001173,PO01173,POL001173,2026-03-03,UTI-121,250
GR01174,GRL001174,PO01174,POL001174,2026-09-01,PRO-027,100
GR01175,GRL001175,PO01175,POL001175,2026-02-15,MAN-082,10
GR01176,GRL001176,PO01176,POL001176,2026-07-17,IT -052,20
GR01177,GRL001177,PO01177,POL001177,2026-02-14,PRO-048,250
GR01178,GRL001178,PO01178,POL001178,2026-03-17,FAC-100,100
GR01179,GRL001179,PO01179,POL001179,2026-05-29,FAC-127,100
GR01180,GRL001180,PO01180,POL001180,2026-07-04,MAR-024,10
GR01181,GRL001181,PO01181,POL001181,2026-05-06,PRO-075,5
GR01182,GRL001182,PO01182,POL001182,2026-04-08,PRO-076,5
GR01183,GRL001183,PO01183,POL001183,2026-05-20,UTI-050,2
GR01184,GRL001184,PO01184,POL001184,2026-06-23,IT -122,250
GR01185,GRL001185,PO01185,POL001185,2026-02-11,IT -057,2
GR01186,GRL001186,PO01186,POL001186,2026-03-27,OFF-053,20
GR01187,GRL001187,PO01187,POL001187,2026-07-19,PRO-086,500
GR01188,GRL001188,PO01188,POL001188,2026-05-21,MAR-126,10
GR01189,GRL001189,PO01189,POL001189,2026-05-28,FAC-030,500
GR01190,GRL001190,PO01190,POL001190,2026-03-16,FAC-158,5
GR01191,GRL001191,PO01191,POL001191,2026-06-15,LOG-138,1
GR01192,GRL001192,PO01192,POL001192,2026-07-15,MAR-151,2
GR01193,GRL001193,PO01193,POL001193,2026-02-27,PRO-136,20
GR01194,GRL001194,PO01194,POL001194,2026-05-15,FAC-087,5
GR01195,GRL001195,PO01195,POL001195,2026-08-18,MAN-030,250
GR01196,GRL001196,PO01196,POL001196,2026-08-15,FAC-114,2
GR01197,GRL001197,PO01197,POL001197,2026-01-21,OFF-142,50
GR01198,GRL001198,PO01198,POL001198,2026-03-19,OFF-157,500
GR01199,GRL001199,PO01199,POL001199,2026-07-02,UTI-080,20
GR01200,GRL001200,PO01200,POL001200,2026-06-23,UTI-159,10
GR01201,GRL001201,PO01201,POL001201,2026-05-21,MAR-014,2
GR01202,GRL001202,PO01202,POL001202,2026-05-05,LOG-122,1
GR01203,GRL001203,PO01203,POL001203,2026-02-23,LOG-025,2
GR01204,GRL001204,PO01204,POL001204,2026-07-20,UTI-090,500
GR01205,GRL001205,PO01205,POL001205,2026-07-09,OFF-004,5
GR01206,GRL001206,PO01206,POL001206,2026-07-06,FAC-023,100
GR01207,GRL001207,PO01207,POL001207,2026-05-29,IT -126,1
GR01208,GRL001208,PO01208,POL001208,2026-01-15,IT -156,100
GR01209,GRL001209,PO01209,POL001209,2026-09-04,PRO-014,20
GR01210,GRL001210,PO01210,POL001210,2026-08-15,MAN-085,20
GR01211,GRL001211,PO01211,POL001211,2026-03-03,FAC-089,5
GR01212,GRL001212,PO01212,POL001212,2026-05-24,UTI-014,250
GR01213,GRL001213,PO01213,POL001213,2026-04-07,MAR-107,2
GR01214,GRL001214,PO01214,POL001214,2026-03-21,LOG-138,50
GR01215,GRL001215,PO01215,POL001215,2026-04-04,LOG-110,250
GR01216,GRL001216,PO01216,POL001216,2026-07-21,MAR-111,250
GR01217,GRL001217,PO01217,POL001217,2026-03-04,FAC-159,500
GR01218,GRL001218,PO01218,POL001218,2026-05-09,UTI-055,50
GR01219,GRL001219,PO01219,POL001219,2026-08-26,FAC-051,100
GR01220,GRL001220,PO01220,POL001220,2026-04-24,MAR-111,1
GR01221,GRL001221,PO01221,POL001221,2026-03-23,MAR-057,10
GR01222,GRL001222,PO01222,POL001222,2026-05-05,IT -064,5
GR01223,GRL001223,PO01223,POL001223,2026-01-31,PRO-114,250
GR01224,GRL001224,PO01224,POL001224,2026-03-21,OFF-005,20
GR01225,GRL001225,PO01225,POL001225,2026-03-20,LOG-144,5
GR01226,GRL001226,PO01226,POL001226,2026-07-18,PRO-132,500
GR01227,GRL001227,PO01227,POL001227,2026-08-23,MAR-088,50
GR01228,GRL001228,PO01228,POL001228,2026-08-21,FAC-092,2
GR01229,GRL001229,PO01229,POL001229,2026-05-22,UTI-035,10
GR01230,GRL001230,PO01230,POL001230,2026-05-05,LOG-010,2
GR01231,GRL001231,PO01231,POL001231,2026-03-04,LOG-124,100
GR01232,GRL001232,PO01232,POL001232,2026-08-01,UTI-149,500
GR01233,GRL001233,PO01233,POL001233,2026-06-12,OFF-041,250
GR01234,GRL001234,PO01234,POL001234,2026-07-04,MAR-070,1
GR01235,GRL001235,PO01235,POL001235,2026-07-03,LOG-033,5
GR01236,GRL001236,PO01236,POL001236,2026-03-28,LOG-141,500
GR01237,GRL001237,PO01237,POL001237,2026-05-03,FAC-075,5
GR01238,GRL001238,PO01238,POL001238,2026-02-17,MAN-138,50
GR01239,GRL001239,PO01239,POL001239,2026-07-04,PRO-158,2
GR01240,GRL001240,PO01240,POL001240,2026-04-12,UTI-142,100
GR01241,GRL001241,PO01241,POL001241,2026-09-01,MAN-013,50
GR01242,GRL001242,PO01242,POL001242,2026-03-11,FAC-103,5
GR01243,GRL001243,PO01243,POL001243,2026-09-02,PRO-146,250
GR01244,GRL001244,PO01244,POL001244,2026-04-12,MAN-025,10
GR01245,GRL001245,PO01245,POL001245,2026-06-03,IT -117,20
GR01246,GRL001246,PO01246,POL001246,2026-06-14,LOG-015,20
GR01247,GRL001247,PO01247,POL001247,2026-06-07,OFF-145,250
GR01248,GRL001248,PO01248,POL001248,2026-02-09,OFF-035,10
GR01249,GRL001249,PO01249,POL001249,2026-04-23,MAR-115,5
GR01250,GRL001250,PO01250,POL001250,2026-06-06,UTI-148,2
GR01251,GRL001251,PO01251,POL001251,2026-03-16,IT -145,1
GR01252,GRL001252,PO01252,POL001252,2026-04-01,PRO-013,250
GR01253,GRL001253,PO01253,POL001253,2026-03-18,PRO-131,20
GR01254,GRL001254,PO01254,POL001254,2026-02-13,LOG-021,20
GR01255,GRL001255,PO01255,POL001255,2026-03-09,LOG-153,250
GR01256,GRL001256,PO01256,POL001256,2026-02-09,FAC-020,250
GR01257,GRL001257,PO01257,POL001257,2026-03-29,MAN-018,1
GR01258,GRL001258,PO01258,POL001258,2026-06-24,IT -077,5
GR01259,GRL001259,PO01259,POL001259,2026-04-23,FAC-143,2
GR01260,GRL001260,PO01260,POL001260,2026-05-14,LOG-113,250
GR01261,GRL001261,PO01261,POL001261,2026-09-22,PRO-015,2
GR01262,GRL001262,PO01262,POL001262,2026-05-12,OFF-045,250
GR01263,GRL001263,PO01263,POL001263,2026-05-03,FAC-087,10
GR01264,GRL001264,PO01264,POL001264,2026-01-23,IT -050,250
GR01265,GRL001265,PO01265,POL001265,2026-04-13,FAC-130,10
GR01266,GRL001266,PO01266,POL001266,2026-04-10,LOG-010,2
GR01267,GRL001267,PO01267,POL001267,2026-04-06,MAR-035,50
GR01268,GRL001268,PO01268,POL001268,2026-06-16,FAC-106,2
GR01269,GRL001269,PO01269,POL001269,2026-02-11,UTI-085,5
GR01270,GRL001270,PO01270,POL001270,2026-05-24,PRO-145,10
GR01271,GRL001271,PO01271,POL001271,2026-05-13,LOG-027,2
GR01272,GRL001272,PO01272,POL001272,2026-07-22,UTI-064,2
GR01273,GRL001273,PO01273,POL001273,2026-07-12,OFF-106,1
GR01274,GRL001274,PO01274,POL001274,2026-04-04,LOG-024,100
GR01275,GRL001275,PO01275,POL001275,2026-08-10,OFF-018,50
GR01276,GRL001276,PO01276,POL001276,2026-05-15,LOG-107,5
GR01277,GRL001277,PO01277,POL001277,2026-06-10,LOG-118,50
GR01278,GRL001278,PO01278,POL001278,2026-07-29,FAC-051,20
GR01279,GRL001279,PO01279,POL001279,2026-07-15,FAC-108,2
GR01280,GRL001280,PO01280,POL001280,2026-05-15,IT -141,1
GR01281,GRL001281,PO01281,POL001281,2026-03-26,PRO-146,250
GR01282,GRL001282,PO01282,POL001282,2026-07-03,FAC-051,100
GR01283,GRL001283,PO01283,POL001283,2026-09-11,UTI-041,20
GR01284,GRL001284,PO01284,POL001284,2026-06-06,UTI-014,2
GR01285,GRL001285,PO01285,POL001285,2026-07-02,UTI-036,5
GR01286,GRL001286,PO01286,POL001286,2026-04-13,IT -134,2
GR01287,GRL001287,PO01287,POL001287,2026-04-23,LOG-008,50
GR01288,GRL001288,PO01288,POL001288,2026-05-19,FAC-113,500
GR01289,GRL001289,PO01289,POL001289,2026-05-14,FAC-042,10
GR01290,GRL001290,PO01290,POL001290,2026-07-03,UTI-018,1
GR01291,GRL001291,PO01291,POL001291,2026-07-26,FAC-106,100
GR01292,GRL001292,PO01292,POL001292,2026-02-07,IT -158,1
GR01293,GRL001293,PO01293,POL001293,2026-03-28,FAC-111,50
GR01294,GRL001294,PO01294,POL001294,2026-05-04,IT -147,2
GR01295,GRL001295,PO01295,POL001295,2026-08-03,PRO-064,2
GR01296,GRL001296,PO01296,POL001296,2026-05-15,MAR-133,100
GR01297,GRL001297,PO01297,POL001297,2026-07-13,FAC-064,50
GR01298,GRL001298,PO01298,POL001298,2026-06-15,MAR-086,20
GR01299,GRL001299,PO01299,POL001299,2026-07-03,PRO-115,250
GR01300,GRL001300,PO01300,POL001300,2026-05-19,PRO-155,20
GR01301,GRL001301,PO01301,POL001301,2026-03-02,IT -144,50
GR01302,GRL001302,PO01302,POL001302,2026-05-01,MAR-001,10
GR01303,GRL001303,PO01303,POL001303,2026-08-09,MAR-134,20
GR01304,GRL001304,PO01304,POL001304,2026-07-27,PRO-067,5
GR01305,GRL001305,PO01305,POL001305,2026-07-09,PRO-007,2
GR01306,GRL001306,PO01306,POL001306,2026-05-31,PRO-143,2
GR01307,GRL001307,PO01307,POL001307,2026-04-30,MAN-100,1
GR01308,GRL001308,PO01308,POL001308,2026-06-21,LOG-120,100
GR01309,GRL001309,PO01309,POL001309,2026-02-12,MAR-121,10
GR01310,GRL001310,PO01310,POL001310,2026-02-01,LOG-069,500
GR01311,GRL001311,PO01311,POL001311,2026-04-29,OFF-093,50
GR01312,GRL001312,PO01312,POL001312,2026-04-08,OFF-007,10
GR01313,GRL001313,PO01313,POL001313,2026-03-01,IT -126,2
GR01314,GRL001314,PO01314,POL001314,2026-03-27,PRO-137,1
GR01315,GRL001315,PO01315,POL001315,2026-05-27,FAC-017,250
GR01316,GRL001316,PO01316,POL001316,2026-04-01,OFF-139,10
GR01317,GRL001317,PO01317,POL001317,2026-02-03,UTI-115,10
GR01318,GRL001318,PO01318,POL001318,2026-03-30,PRO-089,50
GR01319,GRL001319,PO01319,POL001319,2026-02-06,PRO-021,250
GR01320,GRL001320,PO01320,POL001320,2026-03-06,PRO-045,100
GR01321,GRL001321,PO01321,POL001321,2026-03-10,MAR-086,1
GR01322,GRL001322,PO01322,POL001322,2026-03-03,MAN-035,5
GR01323,GRL001323,PO01323,POL001323,2026-08-05,FAC-070,50
GR01324,GRL001324,PO01324,POL001324,2026-04-28,IT -073,10
GR01325,GRL001325,PO01325,POL001325,2026-03-15,MAR-083,250
GR01326,GRL001326,PO01326,POL001326,2026-03-11,MAR-085,5
GR01327,GRL001327,PO01327,POL001327,2026-06-13,PRO-043,500
GR01328,GRL001328,PO01328,POL001328,2026-03-28,MAR-035,250
GR01329,GRL001329,PO01329,POL001329,2026-07-22,PRO-022,20
GR01330,GRL001330,PO01330,POL001330,2026-03-29,MAN-095,5
GR01331,GRL001331,PO01331,POL001331,2026-07-14,MAN-087,50
GR01332,GRL001332,PO01332,POL001332,2026-03-24,PRO-157,10
GR01333,GRL001333,PO01333,POL001333,2026-03-17,UTI-133,50
GR01334,GRL001334,PO01334,POL001334,2026-05-03,MAN-157,250
GR01335,GRL001335,PO01335,POL001335,2026-06-12,UTI-145,20
GR01336,GRL001336,PO01336,POL001336,2026-03-17,PRO-118,5
GR01337,GRL001337,PO01337,POL001337,2026-08-09,FAC-101,10
GR01338,GRL001338,PO01338,POL001338,2026-06-19,PRO-101,20
GR01339,GRL001339,PO01339,POL001339,2026-05-09,MAN-148,5
GR01340,GRL001340,PO01340,POL001340,2026-02-05,PRO-130,500
GR01341,GRL001341,PO01341,POL001341,2026-06-12,OFF-066,50
GR01342,GRL001342,PO01342,POL001342,2026-02-20,PRO-141,20
GR01343,GRL001343,PO01343,POL001343,2026-04-27,LOG-124,2
GR01344,GRL001344,PO01344,POL001344,2026-03-09,FAC-129,250
GR01345,GRL001345,PO01345,POL001345,2026-06-09,UTI-056,20
GR01346,GRL001346,PO01346,POL001346,2026-03-06,PRO-156,100
GR01347,GRL001347,PO01347,POL001347,2026-04-15,PRO-159,20
GR01348,GRL001348,PO01348,POL001348,2026-06-16,FAC-001,5
GR01349,GRL001349,PO01349,POL001349,2026-04-18,IT -085,250
GR01350,GRL001350,PO01350,POL001350,2026-07-23,UTI-129,250
GR01351,GRL001351,PO01351,POL001351,2026-03-22,IT -054,20
GR01352,GRL001352,PO01352,POL001352,2026-07-13,FAC-115,100
GR01353,GRL001353,PO01353,POL001353,2026-05-11,IT -076,2
GR01354,GRL001354,PO01354,POL001354,2026-05-15,IT -028,500
GR01355,GRL001355,PO01355,POL001355,2026-02-16,IT -031,2
GR01356,GRL001356,PO01356,POL001356,2026-05-04,LOG-015,50
GR01357,GRL001357,PO01357,POL001357,2026-05-13,UTI-148,250
GR01358,GRL001358,PO01358,POL001358,2026-02-18,OFF-028,5
GR01359,GRL001359,PO01359,POL001359,2026-03-28,IT -073,5
GR01360,GRL001360,PO01360,POL001360,2026-05-25,OFF-101,250
GR01361,GRL001361,PO01361,POL001361,2026-07-24,FAC-109,2
GR01362,GRL001362,PO01362,POL001362,2026-02-06,PRO-075,500
GR01363,GRL001363,PO01363,POL001363,2026-04-22,MAR-089,20
GR01364,GRL001364,PO01364,POL001364,2026-03-02,IT -001,1
GR01365,GRL001365,PO01365,POL001365,2026-04-26,MAR-012,100
GR01366,GRL001366,PO01366,POL001366,2026-06-24,MAR-026,10
GR01367,GRL001367,PO01367,POL001367,2026-03-21,UTI-142,250
GR01368,GRL001368,PO01368,POL001368,2026-06-18,MAR-055,10
GR01369,GRL001369,PO01369,POL001369,2026-03-26,PRO-110,10
GR01370,GRL001370,PO01370,POL001370,2026-06-04,FAC-139,2
GR01371,GRL001371,PO01371,POL001371,2026-05-27,OFF-090,250
GR01372,GRL001372,PO01372,POL001372,2026-05-31,IT -039,50
GR01373,GRL001373,PO01373,POL001373,2026-03-23,LOG-055,2
GR01374,GRL001374,PO01374,POL001374,2026-02-16,MAN-121,50
GR01375,GRL001375,PO01375,POL001375,2026-04-17,FAC-130,500
GR01376,GRL001376,PO01376,POL001376,2026-05-07,FAC-028,5
GR01377,GRL001377,PO01377,POL001377,2026-03-31,OFF-100,5
GR01378,GRL001378,PO01378,POL001378,2026-05-16,MAR-151,1
GR01379,GRL001379,PO01379,POL001379,2026-07-25,PRO-153,1
GR01380,GRL001380,PO01380,POL001380,2026-09-15,FAC-078,20
GR01381,GRL001381,PO01381,POL001381,2026-01-23,LOG-040,500
GR01382,GRL001382,PO01382,POL001382,2026-02-05,IT -047,20
GR01383,GRL001383,PO01383,POL001383,2026-07-08,MAN-005,1
GR01384,GRL001384,PO01384,POL001384,2026-06-11,LOG-149,50
GR01385,GRL001385,PO01385,POL001385,2026-02-02,LOG-069,20
GR01386,GRL001386,PO01386,POL001386,2026-07-25,MAR-146,10
GR01387,GRL001387,PO01387,POL001387,2026-07-17,PRO-113,10
GR01388,GRL001388,PO01388,POL001388,2026-07-11,OFF-080,1
GR01389,GRL001389,PO01389,POL001389,2026-08-11,IT -087,100
GR01390,GRL001390,PO01390,POL001390,2026-04-30,FAC-060,250
GR01391,GRL001391,PO01391,POL001391,2026-06-27,PRO-001,100
GR01392,GRL001392,PO01392,POL001392,2026-01-28,MAN-061,20
GR01393,GRL001393,PO01393,POL001393,2026-06-10,MAR-132,10
GR01394,GRL001394,PO01394,POL001394,2026-05-18,FAC-060,100
GR01395,GRL001395,PO01395,POL001395,2026-04-27,LOG-132,1
GR01396,GRL001396,PO01396,POL001396,2026-07-05,OFF-094,250
GR01397,GRL001397,PO01397,POL001397,2026-07-09,UTI-055,100
GR01398,GRL001398,PO01398,POL001398,2026-03-22,IT -031,50
GR01399,GRL001399,PO01399,POL001399,2026-01-17,LOG-021,2
GR01400,GRL001400,PO01400,POL001400,2026-03-16,FAC-146,50
GR01401,GRL001401,PO01401,POL001401,2026-07-05,OFF-030,500
GR01402,GRL001402,PO01402,POL001402,2026-05-18,OFF-028,20
GR01403,GRL001403,PO01403,POL001403,2026-03-04,FAC-085,5
GR01404,GRL001404,PO01404,POL001404,2026-02-06,IT -070,100
GR01405,GRL001405,PO01405,POL001405,2026-06-29,OFF-051,500
GR01406,GRL001406,PO01406,POL001406,2026-04-20,MAN-030,10
GR01407,GRL001407,PO01407,POL001407,2026-01-21,FAC-016,100
GR01408,GRL001408,PO01408,POL001408,2026-04-09,PRO-001,50
GR01409,GRL001409,PO01409,POL001409,2026-02-05,OFF-035,10
GR01410,GRL001410,PO01410,POL001410,2026-04-12,IT -075,5
GR01411,GRL001411,PO01411,POL001411,2026-08-26,PRO-141,1
GR01412,GRL001412,PO01412,POL001412,2026-08-06,MAN-153,50
GR01413,GRL001413,PO01413,POL001413,2026-06-06,UTI-018,5
GR01414,GRL001414,PO01414,POL001414,2026-05-05,LOG-071,500
GR01415,GRL001415,PO01415,POL001415,2026-03-18,UTI-151,10
GR01416,GRL001416,PO01416,POL001416,2026-08-29,IT -147,100
GR01417,GRL001417,PO01417,POL001417,2026-03-18,UTI-042,250
GR01418,GRL001418,PO01418,POL001418,2026-05-01,LOG-037,500
GR01419,GRL001419,PO01419,POL001419,2026-03-21,MAN-018,5
GR01420,GRL001420,PO01420,POL001420,2026-06-13,IT -119,100
GR01421,GRL001421,PO01421,POL001421,2026-04-18,LOG-032,500
GR01422,GRL001422,PO01422,POL001422,2026-02-24,PRO-106,100
GR01423,GRL001423,PO01423,POL001423,2026-08-10,MAR-135,1
GR01424,GRL001424,PO01424,POL001424,2026-05-11,FAC-110,20
GR01425,GRL001425,PO01425,POL001425,2026-06-15,LOG-147,20
GR01426,GRL001426,PO01426,POL001426,2026-08-27,IT -074,1
GR01427,GRL001427,PO01427,POL001427,2026-03-31,FAC-095,100
GR01428,GRL001428,PO01428,POL001428,2026-01-27,OFF-076,50
GR01429,GRL001429,PO01429,POL001429,2026-06-03,PRO-050,10
GR01430,GRL001430,PO01430,POL001430,2026-03-11,OFF-093,1
GR01431,GRL001431,PO01431,POL001431,2026-04-21,MAN-148,20
GR01432,GRL001432,PO01432,POL001432,2026-02-24,PRO-095,20
GR01433,GRL001433,PO01433,POL001433,2026-01-24,MAN-097,5
GR01434,GRL001434,PO01434,POL001434,2026-04-28,MAR-031,500
GR01435,GRL001435,PO01435,POL001435,2026-04-08,UTI-156,250
GR01436,GRL001436,PO01436,POL001436,2026-09-12,IT -085,250
GR01437,GRL001437,PO01437,POL001437,2026-05-21,OFF-137,20
GR01438,GRL001438,PO01438,POL001438,2026-02-04,MAN-099,50
GR01439,GRL001439,PO01439,POL001439,2026-09-02,FAC-112,10
GR01440,GRL001440,PO01440,POL001440,2026-03-03,OFF-046,250
GR01441,GRL001441,PO01441,POL001441,2026-03-10,PRO-126,5
GR01442,GRL001442,PO01442,POL001442,2026-08-22,MAR-134,500
GR01443,GRL001443,PO01443,POL001443,2026-07-17,FAC-023,50
GR01444,GRL001444,PO01444,POL001444,2026-05-03,OFF-106,1
GR01445,GRL001445,PO01445,POL001445,2026-05-01,MAN-139,20
GR01446,GRL001446,PO01446,POL001446,2026-07-24,MAR-076,10
GR01447,GRL001447,PO01447,POL001447,2026-04-14,OFF-072,10
GR01448,GRL001448,PO01448,POL001448,2026-05-30,PRO-138,100
GR01449,GRL001449,PO01449,POL001449,2026-04-17,LOG-098,100
GR01450,GRL001450,PO01450,POL001450,2026-05-22,OFF-056,10
GR01451,GRL001451,PO01451,POL001451,2026-08-03,MAR-008,2
GR01452,GRL001452,PO01452,POL001452,2026-05-02,MAN-042,50
GR01453,GRL001453,PO01453,POL001453,2026-06-28,UTI-147,500
GR01454,GRL001454,PO01454,POL001454,2026-06-04,LOG-096,50
GR01455,GRL001455,PO01455,POL001455,2026-08-04,FAC-035,5
GR01456,GRL001456,PO01456,POL001456,2026-06-14,IT -001,50
GR01457,GRL001457,PO01457,POL001457,2026-07-05,IT -022,500
GR01458,GRL001458,PO01458,POL001458,2026-07-08,IT -077,100
GR01459,GRL001459,PO01459,POL001459,2026-03-01,LOG-006,10
GR01460,GRL001460,PO01460,POL001460,2026-03-24,MAR-027,50
GR01461,GRL001461,PO01461,POL001461,2026-04-07,OFF-088,500
GR01462,GRL001462,PO01462,POL001462,2026-07-25,UTI-005,2
GR01463,GRL001463,PO01463,POL001463,2026-06-23,UTI-098,100
GR01464,GRL001464,PO01464,POL001464,2026-01-18,MAN-153,2
GR01465,GRL001465,PO01465,POL001465,2026-03-09,IT -132,1
GR01466,GRL001466,PO01466,POL001466,2026-07-01,UTI-046,50
GR01467,GRL001467,PO01467,POL001467,2026-05-25,MAR-155,250
GR01468,GRL001468,PO01468,POL001468,2026-07-26,IT -080,500
GR01469,GRL001469,PO01469,POL001469,2026-07-29,MAN-046,5
GR01470,GRL001470,PO01470,POL001470,2026-05-28,FAC-118,1
GR01471,GRL001471,PO01471,POL001471,2026-08-03,IT -053,10
GR01472,GRL001472,PO01472,POL001472,2026-05-09,OFF-074,5
GR01473,GRL001473,PO01473,POL001473,2026-07-16,IT -008,2
GR01474,GRL001474,PO01474,POL001474,2026-06-02,PRO-147,1
GR01475,GRL001475,PO01475,POL001475,2026-06-24,OFF-094,1
GR01476,GRL001476,PO01476,POL001476,2026-03-30,OFF-057,100
GR01477,GRL001477,PO01477,POL001477,2026-04-26,MAR-137,250
GR01478,GRL001478,PO01478,POL001478,2026-07-24,OFF-059,2
GR01479,GRL001479,PO01479,POL001479,2026-06-08,MAR-136,100
GR01480,GRL001480,PO01480,POL001480,2026-08-21,UTI-046,500
GR01481,GRL001481,PO01481,POL001481,2026-06-26,PRO-081,20
GR01482,GRL001482,PO01482,POL001482,2026-04-27,LOG-114,250
GR01483,GRL001483,PO01483,POL001483,2026-05-11,LOG-013,2
GR01484,GRL001484,PO01484,POL001484,2026-03-25,PRO-020,50
GR01485,GRL001485,PO01485,POL001485,2026-07-20,UTI-057,1
GR01486,GRL001486,PO01486,POL001486,2026-05-11,MAR-054,1
GR01487,GRL001487,PO01487,POL001487,2026-08-13,FAC-090,2
GR01488,GRL001488,PO01488,POL001488,2026-03-04,FAC-035,5
GR01489,GRL001489,PO01489,POL001489,2026-03-07,UTI-085,10
GR01490,GRL001490,PO01490,POL001490,2026-03-28,MAN-042,5
GR01491,GRL001491,PO01491,POL001491,2026-08-30,UTI-016,500
GR01492,GRL001492,PO01492,POL001492,2026-04-15,IT -113,2
GR01493,GRL001493,PO01493,POL001493,2026-05-22,OFF-061,20
GR01494,GRL001494,PO01494,POL001494,2026-03-04,FAC-145,5
GR01495,GRL001495,PO01495,POL001495,2026-06-19,FAC-117,250
GR01496,GRL001496,PO01496,POL001496,2026-06-09,OFF-048,2
GR01497,GRL001497,PO01497,POL001497,2026-05-27,IT -058,100
GR01498,GRL001498,PO01498,POL001498,2026-06-27,IT -052,2
GR01499,GRL001499,PO01499,POL001499,2026-03-10,IT -154,250
GR01500,GRL001500,PO01500,POL001500,2026-04-16,PRO-065,5
GR01501,GRL001501,PO01501,POL001501,2026-02-05,FAC-125,5
GR01502,GRL001502,PO01502,POL001502,2026-07-21,IT -133,100
GR01503,GRL001503,PO01503,POL001503,2026-04-30,IT -118,10
GR01504,GRL001504,PO01504,POL001504,2026-02-22,MAN-114,50
GR01505,GRL001505,PO01505,POL001505,2026-03-29,PRO-067,500
GR01506,GRL001506,PO01506,POL001506,2026-04-13,MAR-118,500
GR01507,GRL001507,PO01507,POL001507,2026-06-03,MAR-101,20
GR01508,GRL001508,PO01508,POL001508,2026-06-16,MAN-012,10
GR01509,GRL001509,PO01509,POL001509,2026-07-06,IT -054,250
GR01510,GRL001510,PO01510,POL001510,2026-03-20,OFF-032,10
GR01511,GRL001511,PO01511,POL001511,2026-06-29,PRO-025,1
GR01512,GRL001512,PO01512,POL001512,2026-08-08,MAR-122,1
GR01513,GRL001513,PO01513,POL001513,2026-04-15,PRO-050,50
GR01514,GRL001514,PO01514,POL001514,2026-04-17,UTI-153,2
GR01515,GRL001515,PO01515,POL001515,2026-05-18,PRO-014,10
GR01516,GRL001516,PO01516,POL001516,2026-08-19,OFF-063,100
GR01517,GRL001517,PO01517,POL001517,2026-08-06,MAR-082,100
GR01518,GRL001518,PO01518,POL001518,2026-05-15,MAR-038,5
GR01519,GRL001519,PO01519,POL001519,2026-02-22,FAC-106,500
GR01520,GRL001520,PO01520,POL001520,2026-04-14,OFF-124,2
GR01521,GRL001521,PO01521,POL001521,2026-06-01,IT -040,100
GR01522,GRL001522,PO01522,POL001522,2026-06-27,LOG-144,2
GR01523,GRL001523,PO01523,POL001523,2026-08-20,OFF-027,20
GR01524,GRL001524,PO01524,POL001524,2026-04-13,IT -135,500
GR01525,GRL001525,PO01525,POL001525,2026-05-25,UTI-093,1
GR01526,GRL001526,PO01526,POL001526,2026-01-29,IT -137,10
GR01527,GRL001527,PO01527,POL001527,2026-07-22,UTI-131,20
GR01528,GRL001528,PO01528,POL001528,2026-02-05,MAR-014,5
GR01529,GRL001529,PO01529,POL001529,2026-07-30,FAC-004,1
GR01530,GRL001530,PO01530,POL001530,2026-08-10,PRO-134,1
GR01531,GRL001531,PO01531,POL001531,2026-06-13,LOG-107,100
GR01532,GRL001532,PO01532,POL001532,2026-06-02,IT -091,5
GR01533,GRL001533,PO01533,POL001533,2026-04-03,OFF-116,250
GR01534,GRL001534,PO01534,POL001534,2026-03-22,OFF-039,250
GR01535,GRL001535,PO01535,POL001535,2026-03-01,MAN-039,5
GR01536,GRL001536,PO01536,POL001536,2026-02-21,LOG-059,2
GR01537,GRL001537,PO01537,POL001537,2026-06-16,PRO-088,50
GR01538,GRL001538,PO01538,POL001538,2026-07-07,FAC-131,1
GR01539,GRL001539,PO01539,POL001539,2026-05-29,PRO-038,10
GR01540,GRL001540,PO01540,POL001540,2026-06-23,LOG-055,100
GR01541,GRL001541,PO01541,POL001541,2026-01-27,FAC-002,20
GR01542,GRL001542,PO01542,POL001542,2026-07-29,PRO-011,500
GR01543,GRL001543,PO01543,POL001543,2026-04-20,OFF-151,250
GR01544,GRL001544,PO01544,POL001544,2026-04-29,MAN-128,250
GR01545,GRL001545,PO01545,POL001545,2026-04-30,UTI-129,100
GR01546,GRL001546,PO01546,POL001546,2026-03-31,OFF-078,5
GR01547,GRL001547,PO01547,POL001547,2026-04-10,OFF-048,50
GR01548,GRL001548,PO01548,POL001548,2026-06-05,LOG-156,500
GR01549,GRL001549,PO01549,POL001549,2026-08-08,UTI-048,2
GR01550,GRL001550,PO01550,POL001550,2026-04-02,OFF-040,2
GR01551,GRL001551,PO01551,POL001551,2026-03-11,UTI-005,5
GR01552,GRL001552,PO01552,POL001552,2026-07-03,OFF-043,100
GR01553,GRL001553,PO01553,POL001553,2026-07-04,MAR-106,250
GR01554,GRL001554,PO01554,POL001554,2026-03-30,IT -117,2
GR01555,GRL001555,PO01555,POL001555,2026-06-30,UTI-097,500
GR01556,GRL001556,PO01556,POL001556,2026-07-30,FAC-137,1
GR01557,GRL001557,PO01557,POL001557,2026-02-14,FAC-001,5
GR01558,GRL001558,PO01558,POL001558,2026-03-09,LOG-097,2
GR01559,GRL001559,PO01559,POL001559,2026-03-20,IT -007,250
GR01560,GRL001560,PO01560,POL001560,2026-04-20,MAN-143,1
GR01561,GRL001561,PO01561,POL001561,2026-03-31,PRO-088,5
GR01562,GRL001562,PO01562,POL001562,2026-05-29,OFF-136,5
GR01563,GRL001563,PO01563,POL001563,2026-08-18,OFF-077,50
GR01564,GRL001564,PO01564,POL001564,2026-05-15,LOG-146,2
GR01565,GRL001565,PO01565,POL001565,2026-03-18,OFF-111,1
GR01566,GRL001566,PO01566,POL001566,2026-06-04,FAC-090,20
GR01567,GRL001567,PO01567,POL001567,2026-04-04,LOG-017,5
GR01568,GRL001568,PO01568,POL001568,2026-07-31,FAC-059,10
GR01569,GRL001569,PO01569,POL001569,2026-02-19,MAR-086,10
GR01570,GRL001570,PO01570,POL001570,2026-07-07,FAC-024,5
GR01571,GRL001571,PO01571,POL001571,2026-07-07,PRO-159,500
GR01572,GRL001572,PO01572,POL001572,2026-05-16,PRO-046,100
GR01573,GRL001573,PO01573,POL001573,2026-05-19,LOG-153,1
GR01574,GRL001574,PO01574,POL001574,2026-04-09,IT -068,20
GR01575,GRL001575,PO01575,POL001575,2026-02-23,PRO-020,250
GR01576,GRL001576,PO01576,POL001576,2026-07-26,FAC-032,1
GR01577,GRL001577,PO01577,POL001577,2026-04-10,UTI-073,100
GR01578,GRL001578,PO01578,POL001578,2026-05-07,MAR-022,20
GR01579,GRL001579,PO01579,POL001579,2026-02-05,LOG-119,2
GR01580,GRL001580,PO01580,POL001580,2026-06-10,MAR-111,5
GR01581,GRL001581,PO01581,POL001581,2026-06-10,UTI-025,2
GR01582,GRL001582,PO01582,POL001582,2026-07-09,FAC-050,1
GR01583,GRL001583,PO01583,POL001583,2026-05-20,FAC-093,100
GR01584,GRL001584,PO01584,POL001584,2026-02-19,OFF-005,10
GR01585,GRL001585,PO01585,POL001585,2026-04-22,OFF-088,250
GR01586,GRL001586,PO01586,POL001586,2026-02-02,MAN-087,10
GR01587,GRL001587,PO01587,POL001587,2026-03-11,MAN-066,250
GR01588,GRL001588,PO01588,POL001588,2026-02-16,PRO-108,20
GR01589,GRL001589,PO01589,POL001589,2026-06-28,UTI-032,20
GR01590,GRL001590,PO01590,POL001590,2026-04-29,FAC-018,2
GR01591,GRL001591,PO01591,POL001591,2026-04-08,IT -030,250
GR01592,GRL001592,PO01592,POL001592,2026-02-27,OFF-151,250
GR01593,GRL001593,PO01593,POL001593,2026-09-01,OFF-141,20
GR01594,GRL001594,PO01594,POL001594,2026-07-06,LOG-135,2
GR01595,GRL001595,PO01595,POL001595,2026-06-17,FAC-043,5
GR01596,GRL001596,PO01596,POL001596,2026-06-21,UTI-139,5
GR01597,GRL001597,PO01597,POL001597,2026-06-28,OFF-045,500
GR01598,GRL001598,PO01598,POL001598,2026-07-24,MAN-008,500
GR01599,GRL001599,PO01599,POL001599,2026-08-02,OFF-110,50
GR01600,GRL001600,PO01600,POL001600,2026-03-14,FAC-158,5
GR01601,GRL001601,PO01601,POL001601,2026-04-29,IT -027,1
GR01602,GRL001602,PO01602,POL001602,2026-08-04,PRO-074,250
GR01603,GRL001603,PO01603,POL001603,2026-04-04,MAN-068,50
GR01604,GRL001604,PO01604,POL001604,2026-05-28,MAR-051,500
GR01605,GRL001605,PO01605,POL001605,2026-03-09,MAN-016,100
GR01606,GRL001606,PO01606,POL001606,2026-02-12,UTI-072,5
GR01607,GRL001607,PO01607,POL001607,2026-02-22,MAR-108,5
GR01608,GRL001608,PO01608,POL001608,2026-05-25,UTI-149,2
GR01609,GRL001609,PO01609,POL001609,2026-05-31,MAR-107,500
GR01610,GRL001610,PO01610,POL001610,2026-03-25,IT -091,2
GR01611,GRL001611,PO01611,POL001611,2026-04-07,PRO-107,10
GR01612,GRL001612,PO01612,POL001612,2026-07-21,FAC-067,250
GR01613,GRL001613,PO01613,POL001613,2026-03-24,MAN-144,500
GR01614,GRL001614,PO01614,POL001614,2026-03-23,FAC-043,250
GR01615,GRL001615,PO01615,POL001615,2026-03-26,OFF-132,100
GR01616,GRL001616,PO01616,POL001616,2026-06-13,PRO-042,5
GR01617,GRL001617,PO01617,POL001617,2026-08-14,FAC-120,1
GR01618,GRL001618,PO01618,POL001618,2026-04-21,OFF-124,5
GR01619,GRL001619,PO01619,POL001619,2026-04-28,FAC-094,50
GR01620,GRL001620,PO01620,POL001620,2026-07-09,PRO-154,2
GR01621,GRL001621,PO01621,POL001621,2026-04-11,OFF-061,100
GR01622,GRL001622,PO01622,POL001622,2026-07-17,PRO-055,100
GR01623,GRL001623,PO01623,POL001623,2026-09-01,IT -033,5
GR01624,GRL001624,PO01624,POL001624,2026-04-03,IT -089,20
GR01625,GRL001625,PO01625,POL001625,2026-08-17,FAC-115,1
GR01626,GRL001626,PO01626,POL001626,2026-06-07,MAR-120,50
GR01627,GRL001627,PO01627,POL001627,2026-06-22,FAC-005,20
GR01628,GRL001628,PO01628,POL001628,2026-05-01,IT -077,5
GR01629,GRL001629,PO01629,POL001629,2026-06-18,UTI-068,10
GR01630,GRL001630,PO01630,POL001630,2026-06-03,UTI-107,10
GR01631,GRL001631,PO01631,POL001631,2026-07-11,OFF-078,50
GR01632,GRL001632,PO01632,POL001632,2026-08-22,PRO-081,250
GR01633,GRL001633,PO01633,POL001633,2026-09-03,FAC-147,5
GR01634,GRL001634,PO01634,POL001634,2026-07-11,MAN-067,100
GR01635,GRL001635,PO01635,POL001635,2026-08-09,MAN-134,10
GR01636,GRL001636,PO01636,POL001636,2026-07-09,MAN-137,20
GR01637,GRL001637,PO01637,POL001637,2026-06-04,PRO-159,1
GR01638,GRL001638,PO01638,POL001638,2026-02-12,LOG-109,10
GR01639,GRL001639,PO01639,POL001639,2026-07-21,IT -111,100
GR01640,GRL001640,PO01640,POL001640,2026-06-11,PRO-018,20
GR01641,GRL001641,PO01641,POL001641,2026-06-08,MAN-125,500
GR01642,GRL001642,PO01642,POL001642,2026-08-11,IT -113,250
GR01643,GRL001643,PO01643,POL001643,2026-07-20,FAC-135,250
GR01644,GRL001644,PO01644,POL001644,2026-06-23,UTI-008,250
GR01645,GRL001645,PO01645,POL001645,2026-03-22,PRO-063,250
GR01646,GRL001646,PO01646,POL001646,2026-09-03,IT -097,1
GR01647,GRL001647,PO01647,POL001647,2026-04-16,UTI-120,5
GR01648,GRL001648,PO01648,POL001648,2026-05-09,UTI-091,100
GR01649,GRL001649,PO01649,POL001649,2026-07-04,UTI-035,10
GR01650,GRL001650,PO01650,POL001650,2026-01-27,LOG-077,5
GR01651,GRL001651,PO01651,POL001651,2026-03-24,UTI-042,500
GR01652,GRL001652,PO01652,POL001652,2026-06-17,LOG-079,2
GR01653,GRL001653,PO01653,POL001653,2026-04-14,UTI-048,2
GR01654,GRL001654,PO01654,POL001654,2026-02-10,MAN-139,250
GR01655,GRL001655,PO01655,POL001655,2026-02-13,IT -023,100
GR01656,GRL001656,PO01656,POL001656,2026-04-28,FAC-108,2
GR01657,GRL001657,PO01657,POL001657,2026-07-09,UTI-160,500
GR01658,GRL001658,PO01658,POL001658,2026-03-13,MAR-077,50
GR01659,GRL001659,PO01659,POL001659,2026-05-10,MAR-076,250
GR01660,GRL001660,PO01660,POL001660,2026-06-15,PRO-051,1
GR01661,GRL001661,PO01661,POL001661,2026-08-12,LOG-053,5
GR01662,GRL001662,PO01662,POL001662,2026-06-13,UTI-143,20
GR01663,GRL001663,PO01663,POL001663,2026-04-15,OFF-001,250
GR01664,GRL001664,PO01664,POL001664,2026-06-14,PRO-048,20
GR01665,GRL001665,PO01665,POL001665,2026-06-10,UTI-072,100
GR01666,GRL001666,PO01666,POL001666,2026-03-24,LOG-157,100
GR01667,GRL001667,PO01667,POL001667,2026-02-22,OFF-119,10
GR01668,GRL001668,PO01668,POL001668,2026-06-02,MAN-155,250
GR01669,GRL001669,PO01669,POL001669,2026-06-14,OFF-061,500
GR01670,GRL001670,PO01670,POL001670,2026-04-26,PRO-140,10
GR01671,GRL001671,PO01671,POL001671,2026-04-01,OFF-134,100
GR01672,GRL001672,PO01672,POL001672,2026-05-01,FAC-064,2
GR01673,GRL001673,PO01673,POL001673,2026-01-20,PRO-088,5
GR01674,GRL001674,PO01674,POL001674,2026-05-15,MAR-049,50
GR01675,GRL001675,PO01675,POL001675,2026-02-06,PRO-008,100
GR01676,GRL001676,PO01676,POL001676,2026-02-25,OFF-019,100
GR01677,GRL001677,PO01677,POL001677,2026-05-01,LOG-026,5
GR01678,GRL001678,PO01678,POL001678,2026-07-02,IT -040,10
GR01679,GRL001679,PO01679,POL001679,2026-03-29,FAC-124,50
GR01680,GRL001680,PO01680,POL001680,2026-02-17,MAN-047,1
GR01681,GRL001681,PO01681,POL001681,2026-05-15,IT -158,5
GR01682,GRL001682,PO01682,POL001682,2026-07-05,UTI-070,50
GR01683,GRL001683,PO01683,POL001683,2026-03-08,PRO-024,100
GR01684,GRL001684,PO01684,POL001684,2026-04-10,FAC-137,500
GR01685,GRL001685,PO01685,POL001685,2026-01-29,UTI-151,10
GR01686,GRL001686,PO01686,POL001686,2026-06-21,FAC-127,250
GR01687,GRL001687,PO01687,POL001687,2026-08-25,MAR-053,5
GR01688,GRL001688,PO01688,POL001688,2026-03-09,PRO-158,20
GR01689,GRL001689,PO01689,POL001689,2026-07-07,OFF-151,20
GR01690,GRL001690,PO01690,POL001690,2026-05-29,MAN-088,2
GR01691,GRL001691,PO01691,POL001691,2026-08-07,OFF-088,100
GR01692,GRL001692,PO01692,POL001692,2026-05-09,IT -105,250
GR01693,GRL001693,PO01693,POL001693,2026-05-25,UTI-056,1
GR01694,GRL001694,PO01694,POL001694,2026-03-21,OFF-034,100
GR01695,GRL001695,PO01695,POL001695,2026-06-28,LOG-105,2
GR01696,GRL001696,PO01696,POL001696,2026-04-28,IT -108,20
GR01697,GRL001697,PO01697,POL001697,2026-05-08,LOG-125,500
GR01698,GRL001698,PO01698,POL001698,2026-06-08,LOG-041,1
GR01699,GRL001699,PO01699,POL001699,2026-02-14,FAC-092,500
GR01700,GRL001700,PO01700,POL001700,2026-04-13,OFF-034,1
GR01701,GRL001701,PO01701,POL001701,2026-05-10,OFF-104,500
GR01702,GRL001702,PO01702,POL001702,2026-06-29,OFF-134,2
GR01703,GRL001703,PO01703,POL001703,2026-05-24,OFF-089,5
GR01704,GRL001704,PO01704,POL001704,2026-07-23,MAN-079,100
GR01705,GRL001705,PO01705,POL001705,2026-03-16,MAR-139,250
GR01706,GRL001706,PO01706,POL001706,2026-04-24,PRO-042,250
GR01707,GRL001707,PO01707,POL001707,2026-04-24,IT -020,5
GR01708,GRL001708,PO01708,POL001708,2026-04-23,OFF-006,5
GR01709,GRL001709,PO01709,POL001709,2026-07-22,MAR-011,2
GR01710,GRL001710,PO01710,POL001710,2026-09-09,LOG-014,20
GR01711,GRL001711,PO01711,POL001711,2026-03-10,LOG-073,250
GR01712,GRL001712,PO01712,POL001712,2026-02-16,MAN-085,500
GR01713,GRL001713,PO01713,POL001713,2026-05-27,MAR-127,250
GR01714,GRL001714,PO01714,POL001714,2026-07-10,UTI-123,100
GR01715,GRL001715,PO01715,POL001715,2026-04-03,OFF-120,1
GR01716,GRL001716,PO01716,POL001716,2026-05-30,MAN-032,10
GR01717,GRL001717,PO01717,POL001717,2026-05-26,FAC-072,1
GR01718,GRL001718,PO01718,POL001718,2026-06-08,IT -154,20
GR01719,GRL001719,PO01719,POL001719,2026-06-27,FAC-098,500
GR01720,GRL001720,PO01720,POL001720,2026-04-03,IT -104,20
GR01721,GRL001721,PO01721,POL001721,2026-05-19,MAN-030,20
GR01722,GRL001722,PO01722,POL001722,2026-08-08,IT -063,5
GR01723,GRL001723,PO01723,POL001723,2026-04-01,FAC-136,20
GR01724,GRL001724,PO01724,POL001724,2026-03-29,LOG-008,100
GR01725,GRL001725,PO01725,POL001725,2026-03-08,OFF-126,100
GR01726,GRL001726,PO01726,POL001726,2026-04-22,LOG-147,5
GR01727,GRL001727,PO01727,POL001727,2026-07-29,MAN-133,5
GR01728,GRL001728,PO01728,POL001728,2026-05-01,OFF-036,100
GR01729,GRL001729,PO01729,POL001729,2026-05-11,FAC-012,50
GR01730,GRL001730,PO01730,POL001730,2026-02-22,OFF-059,500
GR01731,GRL001731,PO01731,POL001731,2026-05-05,IT -120,2
GR01732,GRL001732,PO01732,POL001732,2026-01-23,MAR-011,500
GR01733,GRL001733,PO01733,POL001733,2026-08-29,IT -072,1
GR01734,GRL001734,PO01734,POL001734,2026-07-01,PRO-155,1
GR01735,GRL001735,PO01735,POL001735,2026-08-15,PRO-040,100
GR01736,GRL001736,PO01736,POL001736,2026-07-24,PRO-037,100
GR01737,GRL001737,PO01737,POL001737,2026-05-25,LOG-082,500
GR01738,GRL001738,PO01738,POL001738,2026-08-06,LOG-084,10
GR01739,GRL001739,PO01739,POL001739,2026-05-26,IT -091,2
GR01740,GRL001740,PO01740,POL001740,2026-08-20,PRO-103,250
GR01741,GRL001741,PO01741,POL001741,2026-04-18,PRO-051,10
GR01742,GRL001742,PO01742,POL001742,2026-05-19,FAC-115,10
GR01743,GRL001743,PO01743,POL001743,2026-03-26,IT -085,100
GR01744,GRL001744,PO01744,POL001744,2026-07-24,IT -142,50
GR01745,GRL001745,PO01745,POL001745,2026-07-20,MAN-114,250
GR01746,GRL001746,PO01746,POL001746,2026-06-02,OFF-115,250
GR01747,GRL001747,PO01747,POL001747,2026-06-20,OFF-148,100
GR01748,GRL001748,PO01748,POL001748,2026-07-02,IT -148,100
GR01749,GRL001749,PO01749,POL001749,2026-02-01,IT -115,250
GR01750,GRL001750,PO01750,POL001750,2026-06-10,UTI-064,500
GR01751,GRL001751,PO01751,POL001751,2026-05-25,PRO-150,50
GR01752,GRL001752,PO01752,POL001752,2026-05-05,UTI-101,250
GR01753,GRL001753,PO01753,POL001753,2026-01-15,OFF-009,5
GR01754,GRL001754,PO01754,POL001754,2026-03-04,MAN-089,20
GR01755,GRL001755,PO01755,POL001755,2026-09-12,FAC-038,100
GR01756,GRL001756,PO01756,POL001756,2026-04-22,LOG-079,5
GR01757,GRL001757,PO01757,POL001757,2026-05-31,FAC-126,50
GR01758,GRL001758,PO01758,POL001758,2026-05-31,IT -064,50
GR01759,GRL001759,PO01759,POL001759,2026-07-04,LOG-018,20
GR01760,GRL001760,PO01760,POL001760,2026-05-07,MAN-033,10
GR01761,GRL001761,PO01761,POL001761,2026-03-06,LOG-129,50
GR01762,GRL001762,PO01762,POL001762,2026-01-26,PRO-014,10
GR01763,GRL001763,PO01763,POL001763,2026-01-18,UTI-026,500
GR01764,GRL001764,PO01764,POL001764,2026-08-20,MAN-128,100
GR01765,GRL001765,PO01765,POL001765,2026-05-15,UTI-068,20
GR01766,GRL001766,PO01766,POL001766,2026-02-11,MAN-007,50
GR01767,GRL001767,PO01767,POL001767,2026-06-06,FAC-132,10
GR01768,GRL001768,PO01768,POL001768,2026-07-21,MAR-085,250
GR01769,GRL001769,PO01769,POL001769,2026-04-27,IT -053,2
GR01770,GRL001770,PO01770,POL001770,2026-07-04,MAN-076,2
GR01771,GRL001771,PO01771,POL001771,2026-06-08,PRO-160,250
GR01772,GRL001772,PO01772,POL001772,2026-06-14,IT -075,250
GR01773,GRL001773,PO01773,POL001773,2026-03-25,UTI-151,1
GR01774,GRL001774,PO01774,POL001774,2026-08-06,FAC-109,20
GR01775,GRL001775,PO01775,POL001775,2026-08-07,FAC-146,20
GR01776,GRL001776,PO01776,POL001776,2026-01-27,PRO-064,1
GR01777,GRL001777,PO01777,POL001777,2026-03-14,MAN-129,500
GR01778,GRL001778,PO01778,POL001778,2026-08-29,LOG-019,1
GR01779,GRL001779,PO01779,POL001779,2026-02-06,MAN-017,50
GR01780,GRL001780,PO01780,POL001780,2026-06-10,IT -151,10
GR01781,GRL001781,PO01781,POL001781,2026-05-25,FAC-147,10
GR01782,GRL001782,PO01782,POL001782,2026-02-16,OFF-125,10
GR01783,GRL001783,PO01783,POL001783,2026-07-06,OFF-007,100
GR01784,GRL001784,PO01784,POL001784,2026-03-07,IT -140,500
GR01785,GRL001785,PO01785,POL001785,2026-07-31,UTI-096,50
GR01786,GRL001786,PO01786,POL001786,2026-04-30,OFF-076,1
GR01787,GRL001787,PO01787,POL001787,2026-04-25,PRO-071,100
GR01788,GRL001788,PO01788,POL001788,2026-05-11,MAR-104,10
GR01789,GRL001789,PO01789,POL001789,2026-08-26,MAR-129,5
GR01790,GRL001790,PO01790,POL001790,2026-05-29,OFF-077,2
GR01791,GRL001791,PO01791,POL001791,2026-05-03,OFF-077,250
GR01792,GRL001792,PO01792,POL001792,2026-04-02,PRO-151,50
GR01793,GRL001793,PO01793,POL001793,2026-06-02,MAR-109,50
GR01794,GRL001794,PO01794,POL001794,2026-06-13,MAN-099,500
GR01795,GRL001795,PO01795,POL001795,2026-06-03,FAC-150,5
GR01796,GRL001796,PO01796,POL001796,2026-05-16,OFF-073,50
GR01797,GRL001797,PO01797,POL001797,2026-03-09,UTI-076,20
GR01798,GRL001798,PO01798,POL001798,2026-05-20,IT -154,10
GR01799,GRL001799,PO01799,POL001799,2026-06-07,IT -028,10
GR01800,GRL001800,PO01800,POL001800,2026-07-25,PRO-155,250
GR01801,GRL001801,PO01801,POL001801,2026-04-14,LOG-070,500
GR01802,GRL001802,PO01802,POL001802,2026-03-25,MAN-068,5
GR01803,GRL001803,PO01803,POL001803,2026-06-20,PRO-119,5
GR01804,GRL001804,PO01804,POL001804,2026-08-04,OFF-040,250
GR01805,GRL001805,PO01805,POL001805,2026-06-05,MAR-147,250
GR01806,GRL001806,PO01806,POL001806,2026-02-20,IT -106,100
GR01807,GRL001807,PO01807,POL001807,2026-03-12,IT -108,250
GR01808,GRL001808,PO01808,POL001808,2026-04-19,OFF-125,1
GR01809,GRL001809,PO01809,POL001809,2026-04-24,PRO-054,1
GR01810,GRL001810,PO01810,POL001810,2026-08-26,LOG-114,1
GR01811,GRL001811,PO01811,POL001811,2026-07-28,MAR-130,250
GR01812,GRL001812,PO01812,POL001812,2026-02-28,UTI-099,20
GR01813,GRL001813,PO01813,POL001813,2026-07-04,PRO-079,250
GR01814,GRL001814,PO01814,POL001814,2026-04-22,PRO-115,250
GR01815,GRL001815,PO01815,POL001815,2026-04-14,OFF-136,50
GR01816,GRL001816,PO01816,POL001816,2026-08-29,IT -108,10
GR01817,GRL001817,PO01817,POL001817,2026-08-17,PRO-126,500
GR01818,GRL001818,PO01818,POL001818,2026-06-07,IT -002,1
GR01819,GRL001819,PO01819,POL001819,2026-06-29,FAC-069,10
GR01820,GRL001820,PO01820,POL001820,2026-08-06,MAN-144,100
GR01821,GRL001821,PO01821,POL001821,2026-04-29,LOG-077,500
GR01822,GRL001822,PO01822,POL001822,2026-07-09,OFF-051,2
GR01823,GRL001823,PO01823,POL001823,2026-08-08,OFF-036,50
GR01824,GRL001824,PO01824,POL001824,2026-05-23,LOG-100,500
GR01825,GRL001825,PO01825,POL001825,2026-03-27,IT -087,1
GR01826,GRL001826,PO01826,POL001826,2026-02-20,MAN-077,10
GR01827,GRL001827,PO01827,POL001827,2026-05-19,OFF-111,50
GR01828,GRL001828,PO01828,POL001828,2026-07-06,PRO-065,20
GR01829,GRL001829,PO01829,POL001829,2026-04-19,PRO-043,20
GR01830,GRL001830,PO01830,POL001830,2026-04-27,MAN-095,500
GR01831,GRL001831,PO01831,POL001831,2026-07-14,MAR-047,1
GR01832,GRL001832,PO01832,POL001832,2026-07-28,OFF-017,250
GR01833,GRL001833,PO01833,POL001833,2026-05-17,MAR-135,10
GR01834,GRL001834,PO01834,POL001834,2026-04-10,MAN-136,500
GR01835,GRL001835,PO01835,POL001835,2026-02-25,IT -004,2
GR01836,GRL001836,PO01836,POL001836,2026-08-13,MAR-131,50
GR01837,GRL001837,PO01837,POL001837,2026-01-24,FAC-026,5
GR01838,GRL001838,PO01838,POL001838,2026-05-28,UTI-065,20
GR01839,GRL001839,PO01839,POL001839,2026-05-26,LOG-046,50
GR01840,GRL001840,PO01840,POL001840,2026-02-26,PRO-050,20
GR01841,GRL001841,PO01841,POL001841,2026-02-11,PRO-047,1
GR01842,GRL001842,PO01842,POL001842,2026-01-30,PRO-082,2
GR01843,GRL001843,PO01843,POL001843,2026-08-01,FAC-156,250
GR01844,GRL001844,PO01844,POL001844,2026-04-07,OFF-156,20
GR01845,GRL001845,PO01845,POL001845,2026-02-28,MAR-069,500
GR01846,GRL001846,PO01846,POL001846,2026-04-29,PRO-053,250
GR01847,GRL001847,PO01847,POL001847,2026-08-07,FAC-018,100
GR01848,GRL001848,PO01848,POL001848,2026-02-08,FAC-114,5
GR01849,GRL001849,PO01849,POL001849,2026-08-25,LOG-020,10
GR01850,GRL001850,PO01850,POL001850,2026-05-08,MAN-151,1
GR01851,GRL001851,PO01851,POL001851,2026-02-12,IT -028,1
GR01852,GRL001852,PO01852,POL001852,2026-06-10,MAN-045,500
GR01853,GRL001853,PO01853,POL001853,2026-03-24,FAC-155,250
GR01854,GRL001854,PO01854,POL001854,2026-01-31,LOG-015,100
GR01855,GRL001855,PO01855,POL001855,2026-04-17,OFF-022,100
GR01856,GRL001856,PO01856,POL001856,2026-01-16,LOG-116,500
GR01857,GRL001857,PO01857,POL001857,2026-04-15,LOG-158,5
GR01858,GRL001858,PO01858,POL001858,2026-09-13,MAN-114,500
GR01859,GRL001859,PO01859,POL001859,2026-08-25,MAN-105,100
GR01860,GRL001860,PO01860,POL001860,2026-08-12,MAN-122,500
GR01861,GRL001861,PO01861,POL001861,2026-05-14,OFF-110,10
GR01862,GRL001862,PO01862,POL001862,2026-09-06,PRO-001,50
GR01863,GRL001863,PO01863,POL001863,2026-05-16,FAC-061,50
GR01864,GRL001864,PO01864,POL001864,2026-07-19,MAN-040,2
GR01865,GRL001865,PO01865,POL001865,2026-04-22,MAR-094,2
GR01866,GRL001866,PO01866,POL001866,2026-02-16,MAN-114,500
GR01867,GRL001867,PO01867,POL001867,2026-02-03,OFF-057,10
GR01868,GRL001868,PO01868,POL001868,2026-07-10,MAR-056,2
GR01869,GRL001869,PO01869,POL001869,2026-08-06,UTI-118,50
GR01870,GRL001870,PO01870,POL001870,2026-05-14,UTI-024,100
GR01871,GRL001871,PO01871,POL001871,2026-09-11,UTI-091,2
GR01872,GRL001872,PO01872,POL001872,2026-08-24,LOG-071,1
GR01873,GRL001873,PO01873,POL001873,2026-09-02,MAN-017,250
GR01874,GRL001874,PO01874,POL001874,2026-04-29,PRO-127,20
GR01875,GRL001875,PO01875,POL001875,2026-03-30,UTI-140,1
GR01876,GRL001876,PO01876,POL001876,2026-06-07,LOG-147,10
GR01877,GRL001877,PO01877,POL001877,2026-04-11,PRO-157,20
GR01878,GRL001878,PO01878,POL001878,2026-03-02,FAC-032,5
GR01879,GRL001879,PO01879,POL001879,2026-08-18,MAN-128,10
GR01880,GRL001880,PO01880,POL001880,2026-09-09,OFF-026,100
GR01881,GRL001881,PO01881,POL001881,2026-06-17,FAC-038,50
GR01882,GRL001882,PO01882,POL001882,2026-08-17,IT -014,250
GR01883,GRL001883,PO01883,POL001883,2026-06-12,LOG-141,20
GR01884,GRL001884,PO01884,POL001884,2026-03-24,UTI-060,5
GR01885,GRL001885,PO01885,POL001885,2026-09-02,MAN-146,10
GR01886,GRL001886,PO01886,POL001886,2026-09-04,MAN-096,2
GR01887,GRL001887,PO01887,POL001887,2026-03-02,UTI-001,100
GR01888,GRL001888,PO01888,POL001888,2026-04-18,IT -135,20
GR01889,GRL001889,PO01889,POL001889,2026-06-29,MAR-044,250
GR01890,GRL001890,PO01890,POL001890,2026-02-24,UTI-100,500
GR01891,GRL001891,PO01891,POL001891,2026-07-17,LOG-121,100
GR01892,GRL001892,PO01892,POL001892,2026-07-13,OFF-112,250
GR01893,GRL001893,PO01893,POL001893,2026-04-20,UTI-013,1
GR01894,GRL001894,PO01894,POL001894,2026-01-30,LOG-082,2
GR01895,GRL001895,PO01895,POL001895,2026-05-31,PRO-038,2
GR01896,GRL001896,PO01896,POL001896,2026-02-17,OFF-008,50
GR01897,GRL001897,PO01897,POL001897,2026-06-07,LOG-033,250
GR01898,GRL001898,PO01898,POL001898,2026-05-17,IT -117,500
GR01899,GRL001899,PO01899,POL001899,2026-04-25,MAR-077,20
GR01900,GRL001900,PO01900,POL001900,2026-05-21,MAN-105,5
GR01901,GRL001901,PO01901,POL001901,2026-02-23,MAR-102,5
GR01902,GRL001902,PO01902,POL001902,2026-05-25,MAN-069,2
GR01903,GRL001903,PO01903,POL001903,2026-04-27,MAR-095,5
GR01904,GRL001904,PO01904,POL001904,2026-05-06,FAC-052,50
GR01905,GRL001905,PO01905,POL001905,2026-08-20,MAN-140,250
GR01906,GRL001906,PO01906,POL001906,2026-05-03,OFF-119,250
GR01907,GRL001907,PO01907,POL001907,2026-08-07,OFF-101,2
GR01908,GRL001908,PO01908,POL001908,2026-07-09,UTI-152,1
GR01909,GRL001909,PO01909,POL001909,2026-06-14,MAR-133,20
GR01910,GRL001910,PO01910,POL001910,2026-03-27,PRO-022,1
GR01911,GRL001911,PO01911,POL001911,2026-06-20,PRO-006,2
GR01912,GRL001912,PO01912,POL001912,2026-06-27,UTI-041,2
GR01913,GRL001913,PO01913,POL001913,2026-09-02,OFF-023,1
GR01914,GRL001914,PO01914,POL001914,2026-08-04,LOG-006,5
GR01915,GRL001915,PO01915,POL001915,2026-08-03,PRO-041,10
GR01916,GRL001916,PO01916,POL001916,2026-07-03,MAR-052,250
GR01917,GRL001917,PO01917,POL001917,2026-04-21,UTI-131,1
GR01918,GRL001918,PO01918,POL001918,2026-06-28,MAN-099,50
GR01919,GRL001919,PO01919,POL001919,2026-05-03,FAC-022,1
GR01920,GRL001920,PO01920,POL001920,2026-02-15,IT -131,2
GR01921,GRL001921,PO01921,POL001921,2026-02-14,IT -016,250
GR01922,GRL001922,PO01922,POL001922,2026-07-24,LOG-038,1
GR01923,GRL001923,PO01923,POL001923,2026-04-09,FAC-043,20
GR01924,GRL001924,PO01924,POL001924,2026-05-14,FAC-021,20
GR01925,GRL001925,PO01925,POL001925,2026-03-17,MAR-072,500
GR01926,GRL001926,PO01926,POL001926,2026-06-04,IT -100,50
GR01927,GRL001927,PO01927,POL001927,2026-06-25,UTI-159,500
GR01928,GRL001928,PO01928,POL001928,2026-04-17,IT -037,2
GR01929,GRL001929,PO01929,POL001929,2026-04-06,IT -027,10
GR01930,GRL001930,PO01930,POL001930,2026-04-05,IT -050,500
GR01931,GRL001931,PO01931,POL001931,2026-04-05,FAC-046,1
GR01932,GRL001932,PO01932,POL001932,2026-06-20,MAR-063,50
GR01933,GRL001933,PO01933,POL001933,2026-05-25,MAR-121,500
GR01934,GRL001934,PO01934,POL001934,2026-02-01,OFF-033,5
GR01935,GRL001935,PO01935,POL001935,2026-02-10,UTI-079,10
GR01936,GRL001936,PO01936,POL001936,2026-03-03,FAC-035,1
GR01937,GRL001937,PO01937,POL001937,2026-02-15,FAC-034,5
GR01938,GRL001938,PO01938,POL001938,2026-02-21,UTI-084,100
GR01939,GRL001939,PO01939,POL001939,2026-03-01,IT -137,1
GR01940,GRL001940,PO01940,POL001940,2026-08-21,LOG-047,50
GR01941,GRL001941,PO01941,POL001941,2026-03-27,OFF-112,50
GR01942,GRL001942,PO01942,POL001942,2026-08-21,IT -144,5
GR01943,GRL001943,PO01943,POL001943,2026-03-20,IT -096,500
GR01944,GRL001944,PO01944,POL001944,2026-08-21,OFF-060,20
GR01945,GRL001945,PO01945,POL001945,2026-08-17,IT -007,5
GR01946,GRL001946,PO01946,POL001946,2026-02-06,PRO-015,1
GR01947,GRL001947,PO01947,POL001947,2026-08-02,MAN-007,50
GR01948,GRL001948,PO01948,POL001948,2026-02-11,LOG-008,5
GR01949,GRL001949,PO01949,POL001949,2026-03-26,FAC-035,250
GR01950,GRL001950,PO01950,POL001950,2026-03-24,OFF-062,250
GR01951,GRL001951,PO01951,POL001951,2026-05-18,MAR-141,250
GR01952,GRL001952,PO01952,POL001952,2026-07-10,OFF-004,50
GR01953,GRL001953,PO01953,POL001953,2026-03-11,MAN-009,250
GR01954,GRL001954,PO01954,POL001954,2026-06-02,IT -093,50
GR01955,GRL001955,PO01955,POL001955,2026-06-22,FAC-156,5
GR01956,GRL001956,PO01956,POL001956,2026-02-09,MAN-132,5
GR01957,GRL001957,PO01957,POL001957,2026-09-10,IT -019,100
GR01958,GRL001958,PO01958,POL001958,2026-01-12,UTI-046,500
GR01959,GRL001959,PO01959,POL001959,2026-06-13,FAC-140,100
GR01960,GRL001960,PO01960,POL001960,2026-06-30,MAR-088,50
GR01961,GRL001961,PO01961,POL001961,2026-07-07,PRO-152,20
GR01962,GRL001962,PO01962,POL001962,2026-07-01,FAC-018,50
GR01963,GRL001963,PO01963,POL001963,2026-08-06,LOG-112,10
GR01964,GRL001964,PO01964,POL001964,2026-03-29,OFF-033,250
GR01965,GRL001965,PO01965,POL001965,2026-03-18,OFF-133,1
GR01966,GRL001966,PO01966,POL001966,2026-01-29,MAN-031,10
GR01967,GRL001967,PO01967,POL001967,2026-06-12,MAR-064,10
GR01968,GRL001968,PO01968,POL001968,2026-04-13,UTI-149,500
GR01969,GRL001969,PO01969,POL001969,2026-04-22,UTI-042,250
GR01970,GRL001970,PO01970,POL001970,2026-06-09,OFF-078,250
GR01971,GRL001971,PO01971,POL001971,2026-03-31,MAN-065,100
GR01972,GRL001972,PO01972,POL001972,2026-05-11,MAR-042,500
GR01973,GRL001973,PO01973,POL001973,2026-05-08,IT -133,100
GR01974,GRL001974,PO01974,POL001974,2026-03-12,FAC-050,100
GR01975,GRL001975,PO01975,POL001975,2026-07-27,UTI-045,1
GR01976,GRL001976,PO01976,POL001976,2026-08-10,MAR-082,20
GR01977,GRL001977,PO01977,POL001977,2026-04-24,MAN-004,100
GR01978,GRL001978,PO01978,POL001978,2026-04-08,FAC-079,50
GR01979,GRL001979,PO01979,POL001979,2026-03-11,LOG-043,500
GR01980,GRL001980,PO01980,POL001980,2026-08-18,OFF-111,500
GR01981,GRL001981,PO01981,POL001981,2026-05-11,MAR-156,500
GR01982,GRL001982,PO01982,POL001982,2026-02-05,FAC-134,10
GR01983,GRL001983,PO01983,POL001983,2026-06-05,LOG-057,2
GR01984,GRL001984,PO01984,POL001984,2026-03-21,OFF-154,20
GR01985,GRL001985,PO01985,POL001985,2026-05-03,OFF-034,250
GR01986,GRL001986,PO01986,POL001986,2026-05-02,IT -136,100
GR01987,GRL001987,PO01987,POL001987,2026-03-03,LOG-148,10
GR01988,GRL001988,PO01988,POL001988,2026-03-23,FAC-046,50
GR01989,GRL001989,PO01989,POL001989,2026-06-27,MAR-028,2
GR01990,GRL001990,PO01990,POL001990,2026-07-13,LOG-042,20
GR01991,GRL001991,PO01991,POL001991,2026-01-27,IT -002,10
GR01992,GRL001992,PO01992,POL001992,2026-04-04,IT -149,2
GR01993,GRL001993,PO01993,POL001993,2026-06-09,IT -048,250
GR01994,GRL001994,PO01994,POL001994,2026-05-10,LOG-079,50
GR01995,GRL001995,PO01995,POL001995,2026-04-18,UTI-149,500
GR01996,GRL001996,PO01996,POL001996,2026-07-18,PRO-083,50
GR01997,GRL001997,PO01997,POL001997,2026-02-16,LOG-050,20
GR01998,GRL001998,PO01998,POL001998,2026-03-25,UTI-026,2
GR01999,GRL001999,PO01999,POL001999,2026-03-28,PRO-098,20
GR02000,GRL002000,PO02000,POL002000,2026-01-11,FAC-069,250
GR02001,GRL002001,PO02001,POL002001,2026-03-08,LOG-020,100
GR02002,GRL002002,PO02002,POL002002,2026-06-05,MAN-044,100
GR02003,GRL002003,PO02003,POL002003,2026-06-10,IT -040,5
GR02004,GRL002004,PO02004,POL002004,2026-08-15,PRO-002,100
GR02005,GRL002005,PO02005,POL002005,2026-05-31,UTI-099,1
GR02006,GRL002006,PO02006,POL002006,2026-04-03,PRO-128,10
GR02007,GRL002007,PO02007,POL002007,2026-05-14,IT -050,10
GR02008,GRL002008,PO02008,POL002008,2026-05-22,PRO-152,5
GR02009,GRL002009,PO02009,POL002009,2026-03-05,UTI-023,1
GR02010,GRL002010,PO02010,POL002010,2026-06-28,PRO-063,50
GR02011,GRL002011,PO02011,POL002011,2026-03-20,UTI-123,500
GR02012,GRL002012,PO02012,POL002012,2026-06-02,FAC-089,20
GR02013,GRL002013,PO02013,POL002013,2026-03-26,UTI-045,2
GR02014,GRL002014,PO02014,POL002014,2026-02-24,MAN-018,2
GR02015,GRL002015,PO02015,POL002015,2026-02-24,MAN-016,2
GR02016,GRL002016,PO02016,POL002016,2026-03-12,UTI-012,250
GR02017,GRL002017,PO02017,POL002017,2026-05-14,FAC-001,5
GR02018,GRL002018,PO02018,POL002018,2026-04-06,MAR-106,50
GR02019,GRL002019,PO02019,POL002019,2026-08-11,MAR-147,2
GR02020,GRL002020,PO02020,POL002020,2026-03-01,MAN-110,10
GR02021,GRL002021,PO02021,POL002021,2026-05-15,IT -055,1
GR02022,GRL002022,PO02022,POL002022,2026-05-15,LOG-076,1
GR02023,GRL002023,PO02023,POL002023,2026-01-24,MAR-141,50
GR02024,GRL002024,PO02024,POL002024,2026-05-02,PRO-061,5
GR02025,GRL002025,PO02025,POL002025,2026-07-07,IT -006,50
GR02026,GRL002026,PO02026,POL002026,2026-02-05,MAN-113,50
GR02027,GRL002027,PO02027,POL002027,2026-08-04,IT -066,500
GR02028,GRL002028,PO02028,POL002028,2026-08-09,OFF-023,10
GR02029,GRL002029,PO02029,POL002029,2026-01-25,MAN-142,500
GR02030,GRL002030,PO02030,POL002030,2026-05-28,OFF-023,5
GR02031,GRL002031,PO02031,POL002031,2026-06-17,MAN-052,10
GR02032,GRL002032,PO02032,POL002032,2026-03-12,PRO-090,1
GR02033,GRL002033,PO02033,POL002033,2026-03-22,FAC-061,250
GR02034,GRL002034,PO02034,POL002034,2026-01-24,IT -125,5
GR02035,GRL002035,PO02035,POL002035,2026-04-20,MAR-113,50
GR02036,GRL002036,PO02036,POL002036,2026-04-29,UTI-007,250
GR02037,GRL002037,PO02037,POL002037,2026-07-03,PRO-086,250
GR02038,GRL002038,PO02038,POL002038,2026-06-06,MAR-090,100
GR02039,GRL002039,PO02039,POL002039,2026-03-18,IT -077,20
GR02040,GRL002040,PO02040,POL002040,2026-02-13,IT -075,20
GR02041,GRL002041,PO02041,POL002041,2026-06-16,PRO-152,20
GR02042,GRL002042,PO02042,POL002042,2026-02-20,FAC-042,2
GR02043,GRL002043,PO02043,POL002043,2026-06-02,MAR-092,5
GR02044,GRL002044,PO02044,POL002044,2026-03-04,MAN-017,250
GR02045,GRL002045,PO02045,POL002045,2026-06-21,LOG-126,20
GR02046,GRL002046,PO02046,POL002046,2026-06-10,IT -080,1
GR02047,GRL002047,PO02047,POL002047,2026-08-03,FAC-059,2
GR02048,GRL002048,PO02048,POL002048,2026-06-20,IT -068,20
GR02049,GRL002049,PO02049,POL002049,2026-03-09,IT -114,100
GR02050,GRL002050,PO02050,POL002050,2026-03-28,UTI-010,500
GR02051,GRL002051,PO02051,POL002051,2026-02-27,MAR-136,500
GR02052,GRL002052,PO02052,POL002052,2026-04-22,FAC-159,250
GR02053,GRL002053,PO02053,POL002053,2026-06-25,MAR-013,20
GR02054,GRL002054,PO02054,POL002054,2026-06-19,FAC-158,2
GR02055,GRL002055,PO02055,POL002055,2026-06-16,IT -089,2
GR02056,GRL002056,PO02056,POL002056,2026-01-17,FAC-064,1
GR02057,GRL002057,PO02057,POL002057,2026-07-10,IT -091,100
GR02058,GRL002058,PO02058,POL002058,2026-07-14,OFF-100,2
GR02059,GRL002059,PO02059,POL002059,2026-05-12,LOG-096,2
GR02060,GRL002060,PO02060,POL002060,2026-03-27,UTI-104,5
GR02061,GRL002061,PO02061,POL002061,2026-07-17,UTI-160,50
GR02062,GRL002062,PO02062,POL002062,2026-05-21,FAC-014,20
GR02063,GRL002063,PO02063,POL002063,2026-05-20,PRO-020,100
GR02064,GRL002064,PO02064,POL002064,2026-05-11,FAC-063,50
GR02065,GRL002065,PO02065,POL002065,2026-06-26,MAR-073,250
GR02066,GRL002066,PO02066,POL002066,2026-06-11,FAC-123,100
GR02067,GRL002067,PO02067,POL002067,2026-06-17,IT -107,10
GR02068,GRL002068,PO02068,POL002068,2026-04-26,LOG-026,50
GR02069,GRL002069,PO02069,POL002069,2026-05-01,MAR-158,500
GR02070,GRL002070,PO02070,POL002070,2026-06-15,IT -152,500
GR02071,GRL002071,PO02071,POL002071,2026-03-08,FAC-069,250
GR02072,GRL002072,PO02072,POL002072,2026-02-01,PRO-148,2
GR02073,GRL002073,PO02073,POL002073,2026-04-08,FAC-084,50
GR02074,GRL002074,PO02074,POL002074,2026-03-26,PRO-158,1
GR02075,GRL002075,PO02075,POL002075,2026-01-12,FAC-153,100
GR02076,GRL002076,PO02076,POL002076,2026-04-06,IT -122,50
GR02077,GRL002077,PO02077,POL002077,2026-02-02,PRO-011,1
GR02078,GRL002078,PO02078,POL002078,2026-02-05,FAC-019,1
GR02079,GRL002079,PO02079,POL002079,2026-07-05,IT -018,50
GR02080,GRL002080,PO02080,POL002080,2026-02-11,UTI-091,5
GR02081,GRL002081,PO02081,POL002081,2026-07-13,FAC-050,2
GR02082,GRL002082,PO02082,POL002082,2026-04-29,IT -055,2
GR02083,GRL002083,PO02083,POL002083,2026-06-27,IT -065,20
GR02084,GRL002084,PO02084,POL002084,2026-07-17,FAC-078,100
GR02085,GRL002085,PO02085,POL002085,2026-06-29,UTI-055,50
GR02086,GRL002086,PO02086,POL002086,2026-05-31,MAR-076,500
GR02087,GRL002087,PO02087,POL002087,2026-02-27,IT -053,2
GR02088,GRL002088,PO02088,POL002088,2026-04-28,IT -135,500
GR02089,GRL002089,PO02089,POL002089,2026-07-20,LOG-098,10
GR02090,GRL002090,PO02090,POL002090,2026-02-11,LOG-119,50
GR02091,GRL002091,PO02091,POL002091,2026-03-07,UTI-011,2
GR02092,GRL002092,PO02092,POL002092,2026-08-14,OFF-138,50
GR02093,GRL002093,PO02093,POL002093,2026-06-10,FAC-150,100
GR02094,GRL002094,PO02094,POL002094,2026-07-02,LOG-147,10
GR02095,GRL002095,PO02095,POL002095,2026-04-08,PRO-155,20
GR02096,GRL002096,PO02096,POL002096,2026-07-08,OFF-076,20
GR02097,GRL002097,PO02097,POL002097,2026-04-29,FAC-103,50
GR02098,GRL002098,PO02098,POL002098,2026-01-21,PRO-114,1
GR02099,GRL002099,PO02099,POL002099,2026-04-24,IT -014,10
GR02100,GRL002100,PO02100,POL002100,2026-03-23,MAR-038,1
GR02101,GRL002101,PO02101,POL002101,2026-03-02,OFF-086,2
GR02102,GRL002102,PO02102,POL002102,2026-02-22,IT -119,50
GR02103,GRL002103,PO02103,POL002103,2026-08-09,LOG-112,5
GR02104,GRL002104,PO02104,POL002104,2026-08-23,MAR-035,20
GR02105,GRL002105,PO02105,POL002105,2026-08-05,FAC-127,5
GR02106,GRL002106,PO02106,POL002106,2026-04-17,FAC-049,10
GR02107,GRL002107,PO02107,POL002107,2026-02-19,PRO-154,100
GR02108,GRL002108,PO02108,POL002108,2026-01-25,FAC-067,20
GR02109,GRL002109,PO02109,POL002109,2026-06-27,OFF-116,50
GR02110,GRL002110,PO02110,POL002110,2026-05-05,FAC-137,100
GR02111,GRL002111,PO02111,POL002111,2026-03-04,IT -139,1
GR02112,GRL002112,PO02112,POL002112,2026-06-24,UTI-029,20
GR02113,GRL002113,PO02113,POL002113,2026-06-30,IT -130,10
GR02114,GRL002114,PO02114,POL002114,2026-05-11,PRO-149,250
GR02115,GRL002115,PO02115,POL002115,2026-07-04,UTI-046,5
GR02116,GRL002116,PO02116,POL002116,2026-01-18,FAC-051,50
GR02117,GRL002117,PO02117,POL002117,2026-07-21,UTI-058,2
GR02118,GRL002118,PO02118,POL002118,2026-03-16,PRO-077,250
GR02119,GRL002119,PO02119,POL002119,2026-01-17,UTI-080,500
GR02120,GRL002120,PO02120,POL002120,2026-06-15,IT -063,100
GR02121,GRL002121,PO02121,POL002121,2026-06-15,FAC-028,250
GR02122,GRL002122,PO02122,POL002122,2026-05-05,MAN-119,5
GR02123,GRL002123,PO02123,POL002123,2026-05-28,UTI-068,500
GR02124,GRL002124,PO02124,POL002124,2026-04-29,MAN-017,2
GR02125,GRL002125,PO02125,POL002125,2026-03-14,UTI-003,1
GR02126,GRL002126,PO02126,POL002126,2026-02-28,MAR-096,50
GR02127,GRL002127,PO02127,POL002127,2026-09-02,MAR-038,10
GR02128,GRL002128,PO02128,POL002128,2026-04-12,FAC-007,1
GR02129,GRL002129,PO02129,POL002129,2026-06-21,PRO-041,10
GR02130,GRL002130,PO02130,POL002130,2026-06-23,OFF-148,20
GR02131,GRL002131,PO02131,POL002131,2026-04-06,OFF-115,5
GR02132,GRL002132,PO02132,POL002132,2026-03-24,OFF-013,10
GR02133,GRL002133,PO02133,POL002133,2026-05-16,PRO-012,2
GR02134,GRL002134,PO02134,POL002134,2026-06-07,FAC-070,500
GR02135,GRL002135,PO02135,POL002135,2026-04-04,PRO-133,10
GR02136,GRL002136,PO02136,POL002136,2026-05-29,UTI-023,100
GR02137,GRL002137,PO02137,POL002137,2026-05-04,OFF-100,100
GR02138,GRL002138,PO02138,POL002138,2026-06-13,MAR-065,50
GR02139,GRL002139,PO02139,POL002139,2026-03-28,PRO-001,20
GR02140,GRL002140,PO02140,POL002140,2026-07-08,UTI-057,10
GR02141,GRL002141,PO02141,POL002141,2026-06-08,MAR-028,5
GR02142,GRL002142,PO02142,POL002142,2026-07-06,MAR-117,50
GR02143,GRL002143,PO02143,POL002143,2026-08-01,FAC-116,10
GR02144,GRL002144,PO02144,POL002144,2026-02-12,UTI-141,2
GR02145,GRL002145,PO02145,POL002145,2026-04-14,MAR-023,5
GR02146,GRL002146,PO02146,POL002146,2026-03-05,PRO-001,1
GR02147,GRL002147,PO02147,POL002147,2026-05-15,IT -054,250
GR02148,GRL002148,PO02148,POL002148,2026-04-12,OFF-019,10
GR02149,GRL002149,PO02149,POL002149,2026-08-15,MAR-140,500
GR02150,GRL002150,PO02150,POL002150,2026-02-18,OFF-130,1
GR02151,GRL002151,PO02151,POL002151,2026-06-21,IT -151,250
GR02152,GRL002152,PO02152,POL002152,2026-01-22,MAN-160,250
GR02153,GRL002153,PO02153,POL002153,2026-03-25,PRO-138,50
GR02154,GRL002154,PO02154,POL002154,2026-08-02,IT -052,10
GR02155,GRL002155,PO02155,POL002155,2026-04-02,PRO-076,1
GR02156,GRL002156,PO02156,POL002156,2026-09-20,IT -157,100
GR02157,GRL002157,PO02157,POL002157,2026-06-12,IT -149,500
GR02158,GRL002158,PO02158,POL002158,2026-03-22,MAR-146,250
GR02159,GRL002159,PO02159,POL002159,2026-05-09,UTI-111,100
GR02160,GRL002160,PO02160,POL002160,2026-02-13,IT -044,5
GR02161,GRL002161,PO02161,POL002161,2026-01-30,MAN-128,100
GR02162,GRL002162,PO02162,POL002162,2026-02-03,OFF-101,20
GR02163,GRL002163,PO02163,POL002163,2026-06-21,UTI-110,5
GR02164,GRL002164,PO02164,POL002164,2026-03-02,UTI-140,10
GR02165,GRL002165,PO02165,POL002165,2026-08-06,IT -153,5
GR02166,GRL002166,PO02166,POL002166,2026-07-04,FAC-025,500
GR02167,GRL002167,PO02167,POL002167,2026-05-28,FAC-082,5
GR02168,GRL002168,PO02168,POL002168,2026-07-13,LOG-102,20
GR02169,GRL002169,PO02169,POL002169,2026-04-17,FAC-030,1
GR02170,GRL002170,PO02170,POL002170,2026-06-29,MAN-147,2
GR02171,GRL002171,PO02171,POL002171,2026-07-31,MAR-019,50
GR02172,GRL002172,PO02172,POL002172,2026-04-29,MAR-027,20
GR02173,GRL002173,PO02173,POL002173,2026-03-30,MAR-129,250
GR02174,GRL002174,PO02174,POL002174,2026-03-05,LOG-101,20
GR02175,GRL002175,PO02175,POL002175,2026-05-22,UTI-040,2
GR02176,GRL002176,PO02176,POL002176,2026-05-08,MAN-158,10
GR02177,GRL002177,PO02177,POL002177,2026-08-10,UTI-136,100
GR02178,GRL002178,PO02178,POL002178,2026-04-28,LOG-094,1
GR02179,GRL002179,PO02179,POL002179,2026-08-06,LOG-132,250
GR02180,GRL002180,PO02180,POL002180,2026-02-16,IT -130,500
GR02181,GRL002181,PO02181,POL002181,2026-02-13,UTI-006,20
GR02182,GRL002182,PO02182,POL002182,2026-06-15,MAR-117,5
GR02183,GRL002183,PO02183,POL002183,2026-05-22,FAC-136,100
GR02184,GRL002184,PO02184,POL002184,2026-08-02,OFF-088,1
GR02185,GRL002185,PO02185,POL002185,2026-05-26,PRO-126,20
GR02186,GRL002186,PO02186,POL002186,2026-06-07,MAN-091,1
GR02187,GRL002187,PO02187,POL002187,2026-04-18,PRO-080,2
GR02188,GRL002188,PO02188,POL002188,2026-08-24,LOG-151,2
GR02189,GRL002189,PO02189,POL002189,2026-04-07,MAR-132,20
GR02190,GRL002190,PO02190,POL002190,2026-07-27,PRO-136,10
GR02191,GRL002191,PO02191,POL002191,2026-02-11,LOG-018,5
GR02192,GRL002192,PO02192,POL002192,2026-02-03,PRO-159,50
GR02193,GRL002193,PO02193,POL002193,2026-07-05,MAN-135,100
GR02194,GRL002194,PO02194,POL002194,2026-09-06,IT -084,500
GR02195,GRL002195,PO02195,POL002195,2026-03-20,IT -132,5
GR02196,GRL002196,PO02196,POL002196,2026-05-23,PRO-074,10
GR02197,GRL002197,PO02197,POL002197,2026-03-02,UTI-032,5
GR02198,GRL002198,PO02198,POL002198,2026-03-02,IT -046,100
GR02199,GRL002199,PO02199,POL002199,2026-03-23,PRO-039,2
GR02200,GRL002200,PO02200,POL002200,2026-07-05,UTI-143,2
GR02201,GRL002201,PO02201,POL002201,2026-03-11,UTI-129,500
GR02202,GRL002202,PO02202,POL002202,2026-04-14,OFF-107,1
GR02203,GRL002203,PO02203,POL002203,2026-03-02,PRO-106,2
GR02204,GRL002204,PO02204,POL002204,2026-07-17,FAC-104,5
GR02205,GRL002205,PO02205,POL002205,2026-05-18,LOG-101,1
GR02206,GRL002206,PO02206,POL002206,2026-04-29,PRO-124,50
GR02207,GRL002207,PO02207,POL002207,2026-06-23,UTI-018,20
GR02208,GRL002208,PO02208,POL002208,2026-04-01,MAR-067,500
GR02209,GRL002209,PO02209,POL002209,2026-02-17,FAC-160,1
GR02210,GRL002210,PO02210,POL002210,2026-05-19,FAC-155,5
GR02211,GRL002211,PO02211,POL002211,2026-04-12,IT -015,50
GR02212,GRL002212,PO02212,POL002212,2026-06-16,PRO-055,10
GR02213,GRL002213,PO02213,POL002213,2026-01-22,LOG-040,50
GR02214,GRL002214,PO02214,POL002214,2026-04-12,MAN-101,50
GR02215,GRL002215,PO02215,POL002215,2026-03-08,IT -119,100
GR02216,GRL002216,PO02216,POL002216,2026-07-31,PRO-029,500
GR02217,GRL002217,PO02217,POL002217,2026-05-08,UTI-158,5
GR02218,GRL002218,PO02218,POL002218,2026-03-04,OFF-013,500
GR02219,GRL002219,PO02219,POL002219,2026-04-27,OFF-106,2
GR02220,GRL002220,PO02220,POL002220,2026-05-04,MAR-132,20
GR02221,GRL002221,PO02221,POL002221,2026-03-08,PRO-145,500
GR02222,GRL002222,PO02222,POL002222,2026-08-03,UTI-052,2
GR02223,GRL002223,PO02223,POL002223,2026-03-16,PRO-084,250
GR02224,GRL002224,PO02224,POL002224,2026-04-26,MAN-028,5
GR02225,GRL002225,PO02225,POL002225,2026-04-04,FAC-018,50
GR02226,GRL002226,PO02226,POL002226,2026-06-13,FAC-126,1
GR02227,GRL002227,PO02227,POL002227,2026-07-24,MAN-152,5
GR02228,GRL002228,PO02228,POL002228,2026-02-05,MAR-007,5
GR02229,GRL002229,PO02229,POL002229,2026-01-03,UTI-040,50
GR02230,GRL002230,PO02230,POL002230,2026-04-22,PRO-131,10
GR02231,GRL002231,PO02231,POL002231,2026-08-22,OFF-159,100
GR02232,GRL002232,PO02232,POL002232,2026-04-02,MAN-069,50
GR02233,GRL002233,PO02233,POL002233,2026-09-01,FAC-019,10
GR02234,GRL002234,PO02234,POL002234,2026-03-06,UTI-001,10
GR02235,GRL002235,PO02235,POL002235,2026-08-03,IT -124,20
GR02236,GRL002236,PO02236,POL002236,2026-06-15,FAC-003,250
GR02237,GRL002237,PO02237,POL002237,2026-05-02,IT -082,250
GR02238,GRL002238,PO02238,POL002238,2026-08-13,MAR-097,20
GR02239,GRL002239,PO02239,POL002239,2026-02-05,MAN-059,10
GR02240,GRL002240,PO02240,POL002240,2026-03-14,PRO-003,500
GR02241,GRL002241,PO02241,POL002241,2026-08-04,OFF-103,50
GR02242,GRL002242,PO02242,POL002242,2026-06-30,PRO-108,1
GR02243,GRL002243,PO02243,POL002243,2026-08-22,OFF-044,10
GR02244,GRL002244,PO02244,POL002244,2026-03-08,PRO-138,5
GR02245,GRL002245,PO02245,POL002245,2026-08-06,UTI-012,250
GR02246,GRL002246,PO02246,POL002246,2026-05-17,MAR-023,250
GR02247,GRL002247,PO02247,POL002247,2026-03-27,MAN-031,5
GR02248,GRL002248,PO02248,POL002248,2026-07-22,MAR-087,1
GR02249,GRL002249,PO02249,POL002249,2026-06-07,IT -159,10
GR02250,GRL002250,PO02250,POL002250,2026-05-14,IT -068,100
GR02251,GRL002251,PO02251,POL002251,2026-02-10,LOG-051,50
GR02252,GRL002252,PO02252,POL002252,2026-05-23,FAC-118,2
GR02253,GRL002253,PO02253,POL002253,2026-06-30,UTI-002,5
GR02254,GRL002254,PO02254,POL002254,2026-07-25,UTI-046,20
GR02255,GRL002255,PO02255,POL002255,2026-06-07,IT -023,50
GR02256,GRL002256,PO02256,POL002256,2026-03-19,OFF-078,20
GR02257,GRL002257,PO02257,POL002257,2026-05-07,IT -100,50
GR02258,GRL002258,PO02258,POL002258,2026-03-13,IT -100,10
GR02259,GRL002259,PO02259,POL002259,2026-06-02,UTI-126,5
GR02260,GRL002260,PO02260,POL002260,2026-08-22,MAN-088,1
GR02261,GRL002261,PO02261,POL002261,2026-08-07,MAR-131,500
GR02262,GRL002262,PO02262,POL002262,2026-03-10,MAR-042,50
GR02263,GRL002263,PO02263,POL002263,2026-05-09,FAC-104,20
GR02264,GRL002264,PO02264,POL002264,2026-07-31,MAN-139,10
GR02265,GRL002265,PO02265,POL002265,2026-04-26,IT -099,250
GR02266,GRL002266,PO02266,POL002266,2026-07-16,PRO-123,100
GR02267,GRL002267,PO02267,POL002267,2026-05-26,OFF-103,100
GR02268,GRL002268,PO02268,POL002268,2026-06-07,IT -109,50
GR02269,GRL002269,PO02269,POL002269,2026-05-08,MAR-071,2
GR02270,GRL002270,PO02270,POL002270,2026-03-25,MAR-080,5
GR02271,GRL002271,PO02271,POL002271,2026-05-15,UTI-042,5
GR02272,GRL002272,PO02272,POL002272,2026-07-28,IT -019,10
GR02273,GRL002273,PO02273,POL002273,2026-03-17,MAN-050,10
GR02274,GRL002274,PO02274,POL002274,2026-06-12,OFF-081,10
GR02275,GRL002275,PO02275,POL002275,2026-02-13,IT -083,500
GR02276,GRL002276,PO02276,POL002276,2026-07-09,LOG-057,100
GR02277,GRL002277,PO02277,POL002277,2026-03-25,PRO-020,100
GR02278,GRL002278,PO02278,POL002278,2026-03-18,MAR-144,100
GR02279,GRL002279,PO02279,POL002279,2026-06-12,LOG-030,100
GR02280,GRL002280,PO02280,POL002280,2026-01-30,UTI-109,20
GR02281,GRL002281,PO02281,POL002281,2026-04-10,LOG-054,20
GR02282,GRL002282,PO02282,POL002282,2026-01-26,LOG-053,250
GR02283,GRL002283,PO02283,POL002283,2026-03-18,IT -070,10
GR02284,GRL002284,PO02284,POL002284,2026-01-28,MAN-084,20
GR02285,GRL002285,PO02285,POL002285,2026-01-22,MAR-040,2
GR02286,GRL002286,PO02286,POL002286,2026-07-25,MAR-123,100
GR02287,GRL002287,PO02287,POL002287,2026-03-26,MAN-038,50
GR02288,GRL002288,PO02288,POL002288,2026-07-01,OFF-045,50
GR02289,GRL002289,PO02289,POL002289,2026-05-11,OFF-093,5
GR02290,GRL002290,PO02290,POL002290,2026-03-14,IT -146,500
GR02291,GRL002291,PO02291,POL002291,2026-08-13,MAN-088,50
GR02292,GRL002292,PO02292,POL002292,2026-02-11,IT -078,20
GR02293,GRL002293,PO02293,POL002293,2026-04-21,LOG-097,250
GR02294,GRL002294,PO02294,POL002294,2026-02-01,LOG-040,50
GR02295,GRL002295,PO02295,POL002295,2026-05-20,PRO-122,50
GR02296,GRL002296,PO02296,POL002296,2026-08-01,PRO-020,1
GR02297,GRL002297,PO02297,POL002297,2026-08-11,UTI-084,5
GR02298,GRL002298,PO02298,POL002298,2026-08-09,PRO-027,50
GR02299,GRL002299,PO02299,POL002299,2026-03-18,MAR-057,2
GR02300,GRL002300,PO02300,POL002300,2026-06-14,MAR-105,250
GR02301,GRL002301,PO02301,POL002301,2026-03-11,IT -092,1
GR02302,GRL002302,PO02302,POL002302,2026-08-09,MAN-026,1
GR02303,GRL002303,PO02303,POL002303,2026-03-02,LOG-013,1
GR02304,GRL002304,PO02304,POL002304,2026-02-03,PRO-061,1
GR02305,GRL002305,PO02305,POL002305,2026-04-01,FAC-152,250
GR02306,GRL002306,PO02306,POL002306,2026-02-25,OFF-057,500
GR02307,GRL002307,PO02307,POL002307,2026-09-07,OFF-038,2
GR02308,GRL002308,PO02308,POL002308,2026-03-10,UTI-132,10
GR02309,GRL002309,PO02309,POL002309,2026-03-21,PRO-117,1
GR02310,GRL002310,PO02310,POL002310,2026-04-06,LOG-060,10
GR02311,GRL002311,PO02311,POL002311,2026-03-21,OFF-028,20
GR02312,GRL002312,PO02312,POL002312,2026-04-10,LOG-067,2
GR02313,GRL002313,PO02313,POL002313,2026-07-28,LOG-053,10
GR02314,GRL002314,PO02314,POL002314,2026-06-15,MAR-013,500
GR02315,GRL002315,PO02315,POL002315,2026-01-30,LOG-118,250
GR02316,GRL002316,PO02316,POL002316,2026-03-17,MAR-022,20
GR02317,GRL002317,PO02317,POL002317,2026-07-22,UTI-016,2
GR02318,GRL002318,PO02318,POL002318,2026-07-31,PRO-067,250
GR02319,GRL002319,PO02319,POL002319,2026-04-25,IT -071,100
GR02320,GRL002320,PO02320,POL002320,2026-06-17,OFF-135,500
GR02321,GRL002321,PO02321,POL002321,2026-06-16,MAR-016,500
GR02322,GRL002322,PO02322,POL002322,2026-03-11,PRO-016,5
GR02323,GRL002323,PO02323,POL002323,2026-08-25,PRO-058,1
GR02324,GRL002324,PO02324,POL002324,2026-05-14,IT -131,100
GR02325,GRL002325,PO02325,POL002325,2026-06-24,FAC-061,100
GR02326,GRL002326,PO02326,POL002326,2026-04-07,UTI-011,500
GR02327,GRL002327,PO02327,POL002327,2026-06-13,FAC-017,10
GR02328,GRL002328,PO02328,POL002328,2026-05-16,MAN-062,20
GR02329,GRL002329,PO02329,POL002329,2026-05-23,IT -155,5
GR02330,GRL002330,PO02330,POL002330,2026-07-08,PRO-153,100
GR02331,GRL002331,PO02331,POL002331,2026-05-17,FAC-020,1
GR02332,GRL002332,PO02332,POL002332,2026-03-24,PRO-154,5
GR02333,GRL002333,PO02333,POL002333,2026-05-19,PRO-096,250
GR02334,GRL002334,PO02334,POL002334,2026-07-16,IT -050,100
GR02335,GRL002335,PO02335,POL002335,2026-02-19,MAN-155,100
GR02336,GRL002336,PO02336,POL002336,2026-05-30,UTI-095,100
GR02337,GRL002337,PO02337,POL002337,2026-05-31,PRO-101,500
GR02338,GRL002338,PO02338,POL002338,2026-08-28,MAR-142,5
GR02339,GRL002339,PO02339,POL002339,2026-02-28,LOG-105,500
GR02340,GRL002340,PO02340,POL002340,2026-06-06,MAR-101,20
GR02341,GRL002341,PO02341,POL002341,2026-07-19,IT -048,2
GR02342,GRL002342,PO02342,POL002342,2026-03-28,FAC-149,10
GR02343,GRL002343,PO02343,POL002343,2026-03-25,MAN-037,5
GR02344,GRL002344,PO02344,POL002344,2026-02-02,LOG-010,100
GR02345,GRL002345,PO02345,POL002345,2026-04-17,UTI-056,100
GR02346,GRL002346,PO02346,POL002346,2026-06-21,UTI-077,100
GR02347,GRL002347,PO02347,POL002347,2026-07-27,MAR-011,250
GR02348,GRL002348,PO02348,POL002348,2026-05-30,OFF-122,5
GR02349,GRL002349,PO02349,POL002349,2026-02-15,PRO-049,50
GR02350,GRL002350,PO02350,POL002350,2026-09-08,MAR-133,500
GR02351,GRL002351,PO02351,POL002351,2026-06-06,UTI-054,2
GR02352,GRL002352,PO02352,POL002352,2026-05-18,LOG-054,20
GR02353,GRL002353,PO02353,POL002353,2026-03-28,FAC-006,20
GR02354,GRL002354,PO02354,POL002354,2026-04-24,LOG-086,250
GR02355,GRL002355,PO02355,POL002355,2026-07-14,IT -057,5
GR02356,GRL002356,PO02356,POL002356,2026-04-29,FAC-023,1
GR02357,GRL002357,PO02357,POL002357,2026-08-24,FAC-144,1
GR02358,GRL002358,PO02358,POL002358,2026-07-11,MAR-125,100
GR02359,GRL002359,PO02359,POL002359,2026-06-22,UTI-102,10
GR02360,GRL002360,PO02360,POL002360,2026-02-17,OFF-030,500
GR02361,GRL002361,PO02361,POL002361,2026-02-13,OFF-030,100
GR02362,GRL002362,PO02362,POL002362,2026-03-19,IT -136,20
GR02363,GRL002363,PO02363,POL002363,2026-03-09,IT -080,250
GR02364,GRL002364,PO02364,POL002364,2026-01-24,LOG-054,1
GR02365,GRL002365,PO02365,POL002365,2026-05-27,OFF-055,20
GR02366,GRL002366,PO02366,POL002366,2026-05-07,IT -095,1
GR02367,GRL002367,PO02367,POL002367,2026-02-24,OFF-043,10
GR02368,GRL002368,PO02368,POL002368,2026-08-21,IT -035,5
GR02369,GRL002369,PO02369,POL002369,2026-04-19,MAN-072,5
GR02370,GRL002370,PO02370,POL002370,2026-05-13,PRO-059,1
GR02371,GRL002371,PO02371,POL002371,2026-07-31,OFF-082,100
GR02372,GRL002372,PO02372,POL002372,2026-06-03,IT -001,250
GR02373,GRL002373,PO02373,POL002373,2026-05-06,IT -046,5
GR02374,GRL002374,PO02374,POL002374,2026-07-24,MAN-069,250
GR02375,GRL002375,PO02375,POL002375,2026-07-29,MAR-069,50
GR02376,GRL002376,PO02376,POL002376,2026-06-26,UTI-081,50
GR02377,GRL002377,PO02377,POL002377,2026-06-08,FAC-055,50
GR02378,GRL002378,PO02378,POL002378,2026-03-09,PRO-030,250
GR02379,GRL002379,PO02379,POL002379,2026-08-29,MAN-103,50
GR02380,GRL002380,PO02380,POL002380,2026-03-23,IT -007,100
GR02381,GRL002381,PO02381,POL002381,2026-07-15,FAC-051,500
GR02382,GRL002382,PO02382,POL002382,2026-08-05,UTI-129,2
GR02383,GRL002383,PO02383,POL002383,2026-03-21,UTI-141,2
GR02384,GRL002384,PO02384,POL002384,2026-08-22,UTI-123,1
GR02385,GRL002385,PO02385,POL002385,2026-07-01,LOG-098,250
GR02386,GRL002386,PO02386,POL002386,2026-03-27,IT -148,2
GR02387,GRL002387,PO02387,POL002387,2026-07-18,OFF-067,20
GR02388,GRL002388,PO02388,POL002388,2026-06-17,IT -107,5
GR02389,GRL002389,PO02389,POL002389,2026-08-12,PRO-141,50
GR02390,GRL002390,PO02390,POL002390,2026-05-16,FAC-140,1
GR02391,GRL002391,PO02391,POL002391,2026-08-20,OFF-012,100
GR02392,GRL002392,PO02392,POL002392,2026-08-12,UTI-112,2
GR02393,GRL002393,PO02393,POL002393,2026-05-27,UTI-053,2
GR02394,GRL002394,PO02394,POL002394,2026-07-23,FAC-012,250
GR02395,GRL002395,PO02395,POL002395,2026-04-29,MAR-160,2
GR02396,GRL002396,PO02396,POL002396,2026-06-03,FAC-140,20
GR02397,GRL002397,PO02397,POL002397,2026-03-14,PRO-135,10
GR02398,GRL002398,PO02398,POL002398,2026-03-15,LOG-158,1
GR02399,GRL002399,PO02399,POL002399,2026-07-24,LOG-126,2
GR02400,GRL002400,PO02400,POL002400,2026-03-22,OFF-111,20
GR02401,GRL002401,PO02401,POL002401,2026-07-03,PRO-083,100
GR02402,GRL002402,PO02402,POL002402,2026-03-23,LOG-118,5
GR02403,GRL002403,PO02403,POL002403,2026-02-03,MAR-132,2
GR02404,GRL002404,PO02404,POL002404,2026-04-10,MAN-098,5
GR02405,GRL002405,PO02405,POL002405,2026-03-30,FAC-068,5
GR02406,GRL002406,PO02406,POL002406,2026-04-30,MAR-063,10
GR02407,GRL002407,PO02407,POL002407,2026-04-25,LOG-038,1
GR02408,GRL002408,PO02408,POL002408,2026-08-04,UTI-142,10
GR02409,GRL002409,PO02409,POL002409,2026-04-13,OFF-084,50
GR02410,GRL002410,PO02410,POL002410,2026-05-08,IT -004,2
GR02411,GRL002411,PO02411,POL002411,2026-02-01,OFF-069,2
GR02412,GRL002412,PO02412,POL002412,2026-08-11,MAN-116,2
GR02413,GRL002413,PO02413,POL002413,2026-01-05,IT -092,2
GR02414,GRL002414,PO02414,POL002414,2026-08-08,UTI-087,2
GR02415,GRL002415,PO02415,POL002415,2026-06-27,IT -069,500
GR02416,GRL002416,PO02416,POL002416,2026-03-09,PRO-040,500
GR02417,GRL002417,PO02417,POL002417,2026-05-19,MAN-047,250
GR02418,GRL002418,PO02418,POL002418,2026-09-09,MAR-122,5
GR02419,GRL002419,PO02419,POL002419,2026-02-07,OFF-133,2
GR02420,GRL002420,PO02420,POL002420,2026-01-20,OFF-037,20
GR02421,GRL002421,PO02421,POL002421,2026-06-08,MAR-094,20
GR02422,GRL002422,PO02422,POL002422,2026-04-16,LOG-063,250
GR02423,GRL002423,PO02423,POL002423,2026-01-10,MAN-008,10
GR02424,GRL002424,PO02424,POL002424,2026-05-14,MAN-054,500
GR02425,GRL002425,PO02425,POL002425,2026-05-14,IT -048,1
GR02426,GRL002426,PO02426,POL002426,2026-05-06,LOG-037,50
GR02427,GRL002427,PO02427,POL002427,2026-07-04,IT -115,100
GR02428,GRL002428,PO02428,POL002428,2026-07-28,MAR-026,100
GR02429,GRL002429,PO02429,POL002429,2026-08-16,OFF-114,10
GR02430,GRL002430,PO02430,POL002430,2026-05-26,FAC-136,1
GR02431,GRL002431,PO02431,POL002431,2026-06-07,IT -022,100
GR02432,GRL002432,PO02432,POL002432,2026-07-30,LOG-052,100
GR02433,GRL002433,PO02433,POL002433,2026-07-03,MAN-018,100
GR02434,GRL002434,PO02434,POL002434,2026-07-07,OFF-028,50
GR02435,GRL002435,PO02435,POL002435,2026-05-31,IT -050,500
GR02436,GRL002436,PO02436,POL002436,2026-05-04,PRO-006,50
GR02437,GRL002437,PO02437,POL002437,2026-06-30,IT -058,1
GR02438,GRL002438,PO02438,POL002438,2026-02-27,PRO-070,10
GR02439,GRL002439,PO02439,POL002439,2026-07-22,UTI-100,10
GR02440,GRL002440,PO02440,POL002440,2026-06-03,LOG-118,1
GR02441,GRL002441,PO02441,POL002441,2026-05-20,FAC-133,1
GR02442,GRL002442,PO02442,POL002442,2026-04-22,FAC-078,250
GR02443,GRL002443,PO02443,POL002443,2026-05-10,PRO-130,10
GR02444,GRL002444,PO02444,POL002444,2026-06-18,OFF-050,5
GR02445,GRL002445,PO02445,POL002445,2026-09-03,LOG-004,250
GR02446,GRL002446,PO02446,POL002446,2026-03-09,PRO-083,100
GR02447,GRL002447,PO02447,POL002447,2026-06-07,IT -073,50
GR02448,GRL002448,PO02448,POL002448,2026-07-01,OFF-092,5
GR02449,GRL002449,PO02449,POL002449,2026-07-23,OFF-010,20
GR02450,GRL002450,PO02450,POL002450,2026-07-03,UTI-047,250
GR02451,GRL002451,PO02451,POL002451,2026-05-20,OFF-104,20
GR02452,GRL002452,PO02452,POL002452,2026-03-02,MAN-035,5
GR02453,GRL002453,PO02453,POL002453,2026-06-20,OFF-142,250
GR02454,GRL002454,PO02454,POL002454,2026-07-02,PRO-159,1
GR02455,GRL002455,PO02455,POL002455,2026-02-19,PRO-003,50
GR02456,GRL002456,PO02456,POL002456,2026-06-28,OFF-025,2
GR02457,GRL002457,PO02457,POL002457,2026-08-01,LOG-155,1
GR02458,GRL002458,PO02458,POL002458,2026-03-18,UTI-160,1
GR02459,GRL002459,PO02459,POL002459,2026-08-06,IT -094,500
GR02460,GRL002460,PO02460,POL002460,2026-01-22,OFF-019,100
GR02461,GRL002461,PO02461,POL002461,2026-02-27,IT -113,50
GR02462,GRL002462,PO02462,POL002462,2026-04-20,MAN-091,20
GR02463,GRL002463,PO02463,POL002463,2026-05-19,PRO-039,50
GR02464,GRL002464,PO02464,POL002464,2026-03-21,UTI-013,500
GR02465,GRL002465,PO02465,POL002465,2026-08-03,UTI-101,50
GR02466,GRL002466,PO02466,POL002466,2026-08-22,PRO-100,50
GR02467,GRL002467,PO02467,POL002467,2026-03-26,LOG-087,5
GR02468,GRL002468,PO02468,POL002468,2026-06-12,OFF-113,2
GR02469,GRL002469,PO02469,POL002469,2026-07-11,LOG-034,2
GR02470,GRL002470,PO02470,POL002470,2026-07-20,UTI-040,250
GR02471,GRL002471,PO02471,POL002471,2026-05-14,MAN-010,10
GR02472,GRL002472,PO02472,POL002472,2026-05-14,MAN-032,50
GR02473,GRL002473,PO02473,POL002473,2026-03-10,IT -085,500
GR02474,GRL002474,PO02474,POL002474,2026-02-09,PRO-147,1
GR02475,GRL002475,PO02475,POL002475,2026-05-31,UTI-076,500
GR02476,GRL002476,PO02476,POL002476,2026-06-18,PRO-150,2
GR02477,GRL002477,PO02477,POL002477,2026-05-14,FAC-071,20
GR02478,GRL002478,PO02478,POL002478,2026-05-26,FAC-101,5
GR02479,GRL002479,PO02479,POL002479,2026-06-24,LOG-106,100
GR02480,GRL002480,PO02480,POL002480,2026-05-30,PRO-084,250
GR02481,GRL002481,PO02481,POL002481,2026-02-20,FAC-041,20
GR02482,GRL002482,PO02482,POL002482,2026-03-07,MAR-084,1
GR02483,GRL002483,PO02483,POL002483,2026-03-21,MAR-051,50
GR02484,GRL002484,PO02484,POL002484,2026-03-31,LOG-029,5
GR02485,GRL002485,PO02485,POL002485,2026-03-25,IT -034,250
GR02486,GRL002486,PO02486,POL002486,2026-08-22,IT -103,500
GR02487,GRL002487,PO02487,POL002487,2026-06-27,MAR-112,1
GR02488,GRL002488,PO02488,POL002488,2026-06-16,OFF-091,10
GR02489,GRL002489,PO02489,POL002489,2026-03-14,MAN-085,1
GR02490,GRL002490,PO02490,POL002490,2026-05-04,OFF-153,10
GR02491,GRL002491,PO02491,POL002491,2026-05-17,LOG-114,1
GR02492,GRL002492,PO02492,POL002492,2026-04-08,PRO-048,1
GR02493,GRL002493,PO02493,POL002493,2026-06-12,MAR-117,50
GR02494,GRL002494,PO02494,POL002494,2026-08-01,UTI-122,500
GR02495,GRL002495,PO02495,POL002495,2026-04-21,UTI-102,5
GR02496,GRL002496,PO02496,POL002496,2026-02-12,MAN-015,2
GR02497,GRL002497,PO02497,POL002497,2026-06-21,LOG-046,20
GR02498,GRL002498,PO02498,POL002498,2026-08-18,UTI-153,100
GR02499,GRL002499,PO02499,POL002499,2026-01-28,OFF-159,100
GR02500,GRL002500,PO02500,POL002500,2026-09-03,LOG-124,500
GR02501,GRL002501,PO02501,POL002501,2026-03-23,IT -050,20
GR02502,GRL002502,PO02502,POL002502,2026-07-11,MAN-056,20
GR02503,GRL002503,PO02503,POL002503,2026-04-08,PRO-057,100
GR02504,GRL002504,PO02504,POL002504,2026-08-31,UTI-146,250
GR02505,GRL002505,PO02505,POL002505,2026-01-16,MAR-088,1
GR02506,GRL002506,PO02506,POL002506,2026-02-04,IT -120,500
GR02507,GRL002507,PO02507,POL002507,2026-04-29,UTI-096,100
GR02508,GRL002508,PO02508,POL002508,2026-07-11,MAN-002,250
GR02509,GRL002509,PO02509,POL002509,2026-03-31,PRO-062,50
GR02510,GRL002510,PO02510,POL002510,2026-02-23,MAN-127,2
GR02511,GRL002511,PO02511,POL002511,2026-02-19,MAR-062,100
GR02512,GRL002512,PO02512,POL002512,2026-01-11,MAN-153,250
GR02513,GRL002513,PO02513,POL002513,2026-07-07,LOG-056,250
GR02514,GRL002514,PO02514,POL002514,2026-03-29,PRO-070,5
GR02515,GRL002515,PO02515,POL002515,2026-06-15,OFF-144,250
GR02516,GRL002516,PO02516,POL002516,2026-03-31,IT -072,1
GR02517,GRL002517,PO02517,POL002517,2026-07-14,OFF-093,2
GR02518,GRL002518,PO02518,POL002518,2026-05-01,FAC-082,250
GR02519,GRL002519,PO02519,POL002519,2026-04-21,OFF-120,10
GR02520,GRL002520,PO02520,POL002520,2026-07-18,PRO-138,5
GR02521,GRL002521,PO02521,POL002521,2026-01-30,MAR-023,2
GR02522,GRL002522,PO02522,POL002522,2026-07-21,MAN-143,5
GR02523,GRL002523,PO02523,POL002523,2026-03-03,LOG-111,100
GR02524,GRL002524,PO02524,POL002524,2026-07-14,MAR-009,100
GR02525,GRL002525,PO02525,POL002525,2026-02-24,LOG-136,1
GR02526,GRL002526,PO02526,POL002526,2026-03-19,OFF-046,10
GR02527,GRL002527,PO02527,POL002527,2026-07-21,FAC-153,10
GR02528,GRL002528,PO02528,POL002528,2026-04-18,OFF-032,10
GR02529,GRL002529,PO02529,POL002529,2026-05-09,MAR-150,1
GR02530,GRL002530,PO02530,POL002530,2026-08-16,PRO-002,20
GR02531,GRL002531,PO02531,POL002531,2026-02-07,LOG-159,20
GR02532,GRL002532,PO02532,POL002532,2026-08-13,MAN-108,500
GR02533,GRL002533,PO02533,POL002533,2026-04-13,IT -117,100
GR02534,GRL002534,PO02534,POL002534,2026-04-08,OFF-103,100
GR02535,GRL002535,PO02535,POL002535,2026-01-05,LOG-148,2
GR02536,GRL002536,PO02536,POL002536,2026-02-23,UTI-153,500
GR02537,GRL002537,PO02537,POL002537,2026-04-17,IT -151,500
GR02538,GRL002538,PO02538,POL002538,2026-05-04,PRO-140,250
GR02539,GRL002539,PO02539,POL002539,2026-05-18,MAN-115,20
GR02540,GRL002540,PO02540,POL002540,2026-03-10,FAC-152,100
GR02541,GRL002541,PO02541,POL002541,2026-02-15,MAN-071,10
GR02542,GRL002542,PO02542,POL002542,2026-04-15,MAR-034,5
GR02543,GRL002543,PO02543,POL002543,2026-09-03,MAR-014,20
GR02544,GRL002544,PO02544,POL002544,2026-04-19,UTI-014,20
GR02545,GRL002545,PO02545,POL002545,2026-06-26,OFF-066,2
GR02546,GRL002546,PO02546,POL002546,2026-05-29,IT -036,500
GR02547,GRL002547,PO02547,POL002547,2026-02-18,UTI-106,500
GR02548,GRL002548,PO02548,POL002548,2026-07-23,OFF-021,250
GR02549,GRL002549,PO02549,POL002549,2026-04-20,OFF-091,250
GR02550,GRL002550,PO02550,POL002550,2026-06-16,LOG-036,5
GR02551,GRL002551,PO02551,POL002551,2026-07-09,FAC-034,500
GR02552,GRL002552,PO02552,POL002552,2026-04-10,MAR-085,10
GR02553,GRL002553,PO02553,POL002553,2026-06-17,IT -045,20
GR02554,GRL002554,PO02554,POL002554,2026-07-25,FAC-146,1
GR02555,GRL002555,PO02555,POL002555,2026-06-10,LOG-075,500
GR02556,GRL002556,PO02556,POL002556,2026-08-19,PRO-141,5
GR02557,GRL002557,PO02557,POL002557,2026-03-06,OFF-051,250
GR02558,GRL002558,PO02558,POL002558,2026-08-03,MAR-090,10
GR02559,GRL002559,PO02559,POL002559,2026-08-02,UTI-005,2
GR02560,GRL002560,PO02560,POL002560,2026-07-07,IT -103,5
GR02561,GRL002561,PO02561,POL002561,2026-03-25,UTI-144,10
GR02562,GRL002562,PO02562,POL002562,2026-04-24,IT -076,500
GR02563,GRL002563,PO02563,POL002563,2026-02-15,IT -160,50
GR02564,GRL002564,PO02564,POL002564,2026-08-26,PRO-039,500
GR02565,GRL002565,PO02565,POL002565,2026-04-13,IT -070,2
GR02566,GRL002566,PO02566,POL002566,2026-03-04,MAR-144,50
GR02567,GRL002567,PO02567,POL002567,2026-08-02,MAN-150,5
GR02568,GRL002568,PO02568,POL002568,2026-05-18,IT -083,5
GR02569,GRL002569,PO02569,POL002569,2026-05-10,FAC-005,250
GR02570,GRL002570,PO02570,POL002570,2026-07-02,IT -051,2
GR02571,GRL002571,PO02571,POL002571,2026-03-23,PRO-109,5
GR02572,GRL002572,PO02572,POL002572,2026-03-27,PRO-128,10
GR02573,GRL002573,PO02573,POL002573,2026-07-23,MAR-104,1
GR02574,GRL002574,PO02574,POL002574,2026-05-27,MAN-031,500
GR02575,GRL002575,PO02575,POL002575,2026-04-22,PRO-001,250
GR02576,GRL002576,PO02576,POL002576,2026-03-16,MAR-055,50
GR02577,GRL002577,PO02577,POL002577,2026-01-19,LOG-127,10
GR02578,GRL002578,PO02578,POL002578,2026-02-25,OFF-059,20
GR02579,GRL002579,PO02579,POL002579,2026-07-19,MAN-145,2
GR02580,GRL002580,PO02580,POL002580,2026-04-15,UTI-056,50
GR02581,GRL002581,PO02581,POL002581,2026-08-12,PRO-127,250
GR02582,GRL002582,PO02582,POL002582,2026-06-10,PRO-036,2
GR02583,GRL002583,PO02583,POL002583,2026-03-11,MAR-070,100
GR02584,GRL002584,PO02584,POL002584,2026-07-27,IT -061,100
GR02585,GRL002585,PO02585,POL002585,2026-03-05,PRO-005,100
GR02586,GRL002586,PO02586,POL002586,2026-05-17,PRO-018,500
GR02587,GRL002587,PO02587,POL002587,2026-04-20,MAR-059,100
GR02588,GRL002588,PO02588,POL002588,2026-07-10,LOG-006,10
GR02589,GRL002589,PO02589,POL002589,2026-02-26,MAN-051,100
GR02590,GRL002590,PO02590,POL002590,2026-03-05,IT -151,20
GR02591,GRL002591,PO02591,POL002591,2026-04-19,PRO-019,100
GR02592,GRL002592,PO02592,POL002592,2026-05-05,MAR-107,10
GR02593,GRL002593,PO02593,POL002593,2026-08-08,PRO-145,500
GR02594,GRL002594,PO02594,POL002594,2026-08-07,UTI-110,50
GR02595,GRL002595,PO02595,POL002595,2026-05-04,FAC-138,500
GR02596,GRL002596,PO02596,POL002596,2026-03-04,FAC-093,250
GR02597,GRL002597,PO02597,POL002597,2026-08-10,LOG-130,100
GR02598,GRL002598,PO02598,POL002598,2026-03-15,UTI-048,5
GR02599,GRL002599,PO02599,POL002599,2026-05-24,LOG-038,100
GR02600,GRL002600,PO02600,POL002600,2026-04-26,IT -016,5
GR02601,GRL002601,PO02601,POL002601,2026-03-22,IT -138,250
GR02602,GRL002602,PO02602,POL002602,2026-04-20,MAN-068,50
GR02603,GRL002603,PO02603,POL002603,2026-09-13,OFF-152,20
GR02604,GRL002604,PO02604,POL002604,2026-03-29,FAC-126,10
GR02605,GRL002605,PO02605,POL002605,2026-04-09,FAC-043,20
GR02606,GRL002606,PO02606,POL002606,2026-06-11,OFF-078,500
GR02607,GRL002607,PO02607,POL002607,2026-01-23,MAR-027,20
GR02608,GRL002608,PO02608,POL002608,2026-06-17,FAC-027,5
GR02609,GRL002609,PO02609,POL002609,2026-01-23,MAN-022,1
GR02610,GRL002610,PO02610,POL002610,2026-05-11,IT -073,10
GR02611,GRL002611,PO02611,POL002611,2026-01-22,UTI-109,100
GR02612,GRL002612,PO02612,POL002612,2026-06-07,PRO-107,5
GR02613,GRL002613,PO02613,POL002613,2026-06-12,PRO-129,2
GR02614,GRL002614,PO02614,POL002614,2026-07-17,PRO-003,50
GR02615,GRL002615,PO02615,POL002615,2026-02-23,LOG-063,250
GR02616,GRL002616,PO02616,POL002616,2026-03-12,PRO-125,1
GR02617,GRL002617,PO02617,POL002617,2026-06-16,PRO-027,50
GR02618,GRL002618,PO02618,POL002618,2026-05-03,IT -030,250
GR02619,GRL002619,PO02619,POL002619,2026-03-06,MAR-058,500
GR02620,GRL002620,PO02620,POL002620,2026-06-13,IT -073,5
GR02621,GRL002621,PO02621,POL002621,2026-03-25,FAC-079,5
GR02622,GRL002622,PO02622,POL002622,2026-06-21,OFF-036,10
GR02623,GRL002623,PO02623,POL002623,2026-04-29,OFF-004,5
GR02624,GRL002624,PO02624,POL002624,2026-05-04,LOG-063,2
GR02625,GRL002625,PO02625,POL002625,2026-07-13,PRO-120,5
GR02626,GRL002626,PO02626,POL002626,2026-01-31,OFF-130,1
GR02627,GRL002627,PO02627,POL002627,2026-05-01,OFF-106,1
GR02628,GRL002628,PO02628,POL002628,2026-07-10,FAC-154,500
GR02629,GRL002629,PO02629,POL002629,2026-04-17,FAC-140,250
GR02630,GRL002630,PO02630,POL002630,2026-07-17,IT -086,1
GR02631,GRL002631,PO02631,POL002631,2026-05-08,UTI-142,100
GR02632,GRL002632,PO02632,POL002632,2026-06-11,LOG-017,50
GR02633,GRL002633,PO02633,POL002633,2026-07-10,PRO-016,1
GR02634,GRL002634,PO02634,POL002634,2026-05-22,LOG-050,20
GR02635,GRL002635,PO02635,POL002635,2026-04-23,LOG-054,250
GR02636,GRL002636,PO02636,POL002636,2026-07-16,PRO-144,20
GR02637,GRL002637,PO02637,POL002637,2026-05-22,FAC-044,1
GR02638,GRL002638,PO02638,POL002638,2026-04-16,MAN-150,250
GR02639,GRL002639,PO02639,POL002639,2026-03-10,IT -072,100
GR02640,GRL002640,PO02640,POL002640,2026-05-11,FAC-009,2
GR02641,GRL002641,PO02641,POL002641,2026-07-28,MAN-142,250
GR02642,GRL002642,PO02642,POL002642,2026-08-04,MAN-101,500
GR02643,GRL002643,PO02643,POL002643,2026-02-22,PRO-122,5
GR02644,GRL002644,PO02644,POL002644,2026-03-11,OFF-103,500
GR02645,GRL002645,PO02645,POL002645,2026-03-05,MAN-001,2
GR02646,GRL002646,PO02646,POL002646,2026-07-19,PRO-019,10
GR02647,GRL002647,PO02647,POL002647,2026-05-02,PRO-050,50
GR02648,GRL002648,PO02648,POL002648,2026-07-05,LOG-048,20
GR02649,GRL002649,PO02649,POL002649,2026-04-09,IT -068,10
GR02650,GRL002650,PO02650,POL002650,2026-06-10,MAN-082,20
GR02651,GRL002651,PO02651,POL002651,2026-02-03,IT -059,5
GR02652,GRL002652,PO02652,POL002652,2026-05-05,FAC-093,50
GR02653,GRL002653,PO02653,POL002653,2026-06-06,UTI-034,500
GR02654,GRL002654,PO02654,POL002654,2026-06-25,IT -074,50
GR02655,GRL002655,PO02655,POL002655,2026-04-15,IT -068,50
GR02656,GRL002656,PO02656,POL002656,2026-02-08,MAR-067,20
GR02657,GRL002657,PO02657,POL002657,2026-06-25,MAN-088,1
GR02658,GRL002658,PO02658,POL002658,2026-07-26,OFF-109,2
GR02659,GRL002659,PO02659,POL002659,2026-07-25,OFF-158,20
GR02660,GRL002660,PO02660,POL002660,2026-06-16,IT -037,2
GR02661,GRL002661,PO02661,POL002661,2026-04-22,PRO-049,50
GR02662,GRL002662,PO02662,POL002662,2026-02-22,IT -035,5
GR02663,GRL002663,PO02663,POL002663,2026-06-09,MAN-139,250
GR02664,GRL002664,PO02664,POL002664,2026-07-16,OFF-032,500
GR02665,GRL002665,PO02665,POL002665,2026-03-19,LOG-021,500
GR02666,GRL002666,PO02666,POL002666,2026-02-22,PRO-145,100
GR02667,GRL002667,PO02667,POL002667,2026-07-24,MAR-103,1
GR02668,GRL002668,PO02668,POL002668,2026-07-09,OFF-073,20
GR02669,GRL002669,PO02669,POL002669,2026-01-14,OFF-080,20
GR02670,GRL002670,PO02670,POL002670,2026-03-07,UTI-139,250
GR02671,GRL002671,PO02671,POL002671,2026-07-01,MAR-026,10
GR02672,GRL002672,PO02672,POL002672,2026-05-23,FAC-006,2
GR02673,GRL002673,PO02673,POL002673,2026-08-16,OFF-026,500
GR02674,GRL002674,PO02674,POL002674,2026-07-01,OFF-107,250
GR02675,GRL002675,PO02675,POL002675,2026-03-09,PRO-033,100
GR02676,GRL002676,PO02676,POL002676,2026-08-30,FAC-009,50
GR02677,GRL002677,PO02677,POL002677,2026-04-28,UTI-098,500
GR02678,GRL002678,PO02678,POL002678,2026-04-13,UTI-050,250
GR02679,GRL002679,PO02679,POL002679,2026-02-21,IT -033,2
GR02680,GRL002680,PO02680,POL002680,2026-03-30,FAC-017,50
GR02681,GRL002681,PO02681,POL002681,2026-07-06,OFF-076,50
GR02682,GRL002682,PO02682,POL002682,2026-05-14,MAR-091,1
GR02683,GRL002683,PO02683,POL002683,2026-06-21,MAN-091,5
GR02684,GRL002684,PO02684,POL002684,2026-09-02,IT -002,250
GR02685,GRL002685,PO02685,POL002685,2026-06-01,FAC-125,500
GR02686,GRL002686,PO02686,POL002686,2026-05-11,PRO-068,50
GR02687,GRL002687,PO02687,POL002687,2026-03-18,IT -127,500
GR02688,GRL002688,PO02688,POL002688,2026-08-02,MAR-110,250
GR02689,GRL002689,PO02689,POL002689,2026-03-02,MAR-009,1
GR02690,GRL002690,PO02690,POL002690,2026-04-14,OFF-117,50
GR02691,GRL002691,PO02691,POL002691,2026-09-01,FAC-004,500
GR02692,GRL002692,PO02692,POL002692,2026-06-25,OFF-103,1
GR02693,GRL002693,PO02693,POL002693,2026-03-09,LOG-009,100
GR02694,GRL002694,PO02694,POL002694,2026-05-05,FAC-089,10
GR02695,GRL002695,PO02695,POL002695,2026-07-12,PRO-053,2
GR02696,GRL002696,PO02696,POL002696,2026-05-09,OFF-071,500
GR02697,GRL002697,PO02697,POL002697,2026-03-28,IT -084,10
GR02698,GRL002698,PO02698,POL002698,2026-05-25,OFF-070,10
GR02699,GRL002699,PO02699,POL002699,2026-06-14,MAR-009,2
GR02700,GRL002700,PO02700,POL002700,2026-05-18,MAR-147,20
GR02701,GRL002701,PO02701,POL002701,2026-07-22,IT -073,100
GR02702,GRL002702,PO02702,POL002702,2026-06-18,MAN-002,2
GR02703,GRL002703,PO02703,POL002703,2026-06-02,MAR-121,250
GR02704,GRL002704,PO02704,POL002704,2026-02-03,LOG-011,50
GR02705,GRL002705,PO02705,POL002705,2026-06-26,PRO-039,20
GR02706,GRL002706,PO02706,POL002706,2026-06-17,OFF-034,100
GR02707,GRL002707,PO02707,POL002707,2026-02-28,MAR-084,5
GR02708,GRL002708,PO02708,POL002708,2026-02-12,PRO-034,50
GR02709,GRL002709,PO02709,POL002709,2026-08-03,LOG-156,10
GR02710,GRL002710,PO02710,POL002710,2026-05-28,PRO-053,500
GR02711,GRL002711,PO02711,POL002711,2026-04-23,PRO-018,500
GR02712,GRL002712,PO02712,POL002712,2026-09-06,UTI-158,2
GR02713,GRL002713,PO02713,POL002713,2026-08-07,MAN-065,5
GR02714,GRL002714,PO02714,POL002714,2026-08-15,PRO-099,250
GR02715,GRL002715,PO02715,POL002715,2026-05-12,FAC-145,500
GR02716,GRL002716,PO02716,POL002716,2026-03-28,PRO-067,100
GR02717,GRL002717,PO02717,POL002717,2026-06-13,IT -022,5
GR02718,GRL002718,PO02718,POL002718,2026-04-13,OFF-071,20
GR02719,GRL002719,PO02719,POL002719,2026-08-24,FAC-061,1
GR02720,GRL002720,PO02720,POL002720,2026-08-22,UTI-006,250
GR02721,GRL002721,PO02721,POL002721,2026-07-31,LOG-098,2
GR02722,GRL002722,PO02722,POL002722,2026-04-26,MAN-159,1
GR02723,GRL002723,PO02723,POL002723,2026-08-21,MAR-011,250
GR02724,GRL002724,PO02724,POL002724,2026-06-29,IT -090,2
GR02725,GRL002725,PO02725,POL002725,2026-01-25,MAR-130,2
GR02726,GRL002726,PO02726,POL002726,2026-02-07,MAN-048,1
GR02727,GRL002727,PO02727,POL002727,2026-02-15,LOG-100,100
GR02728,GRL002728,PO02728,POL002728,2026-06-21,UTI-098,5
GR02729,GRL002729,PO02729,POL002729,2026-05-11,MAN-066,500
GR02730,GRL002730,PO02730,POL002730,2026-03-21,OFF-041,10
GR02731,GRL002731,PO02731,POL002731,2026-02-25,UTI-085,20
GR02732,GRL002732,PO02732,POL002732,2026-01-27,LOG-117,500
GR02733,GRL002733,PO02733,POL002733,2026-08-09,IT -155,5
GR02734,GRL002734,PO02734,POL002734,2026-06-10,MAR-107,250
GR02735,GRL002735,PO02735,POL002735,2026-06-15,PRO-152,2
GR02736,GRL002736,PO02736,POL002736,2026-03-12,OFF-037,50
GR02737,GRL002737,PO02737,POL002737,2026-05-14,PRO-120,10
GR02738,GRL002738,PO02738,POL002738,2026-06-14,FAC-027,20
GR02739,GRL002739,PO02739,POL002739,2026-02-19,MAN-099,1
GR02740,GRL002740,PO02740,POL002740,2026-08-08,FAC-160,1
GR02741,GRL002741,PO02741,POL002741,2026-02-20,IT -108,250
GR02742,GRL002742,PO02742,POL002742,2026-07-19,PRO-075,100
GR02743,GRL002743,PO02743,POL002743,2026-04-26,MAR-017,250
GR02744,GRL002744,PO02744,POL002744,2026-08-08,IT -160,500
GR02745,GRL002745,PO02745,POL002745,2026-05-06,FAC-011,5
GR02746,GRL002746,PO02746,POL002746,2026-06-08,IT -116,1
GR02747,GRL002747,PO02747,POL002747,2026-03-06,OFF-044,10
GR02748,GRL002748,PO02748,POL002748,2026-03-24,FAC-115,20
GR02749,GRL002749,PO02749,POL002749,2026-03-22,UTI-060,10
GR02750,GRL002750,PO02750,POL002750,2026-08-24,MAR-139,100
GR02751,GRL002751,PO02751,POL002751,2026-06-17,IT -035,250
GR02752,GRL002752,PO02752,POL002752,2026-05-28,UTI-042,5
GR02753,GRL002753,PO02753,POL002753,2026-06-05,FAC-100,50
GR02754,GRL002754,PO02754,POL002754,2026-06-23,LOG-021,50
GR02755,GRL002755,PO02755,POL002755,2026-03-05,LOG-062,2
GR02756,GRL002756,PO02756,POL002756,2026-07-20,FAC-104,10
GR02757,GRL002757,PO02757,POL002757,2026-01-24,PRO-130,100
GR02758,GRL002758,PO02758,POL002758,2026-06-25,OFF-112,1
GR02759,GRL002759,PO02759,POL002759,2026-04-11,MAR-143,500
GR02760,GRL002760,PO02760,POL002760,2026-06-13,OFF-067,5
GR02761,GRL002761,PO02761,POL002761,2026-05-24,MAN-088,2
GR02762,GRL002762,PO02762,POL002762,2026-03-18,MAR-068,500
GR02763,GRL002763,PO02763,POL002763,2026-03-22,MAR-013,1
GR02764,GRL002764,PO02764,POL002764,2026-04-21,MAN-137,250
GR02765,GRL002765,PO02765,POL002765,2026-02-21,PRO-041,500
GR02766,GRL002766,PO02766,POL002766,2026-02-23,LOG-114,2
GR02767,GRL002767,PO02767,POL002767,2026-07-08,OFF-030,50
GR02768,GRL002768,PO02768,POL002768,2026-02-28,FAC-090,1
GR02769,GRL002769,PO02769,POL002769,2026-06-18,MAN-114,20
GR02770,GRL002770,PO02770,POL002770,2026-08-06,IT -119,50
GR02771,GRL002771,PO02771,POL002771,2026-02-03,PRO-041,250
GR02772,GRL002772,PO02772,POL002772,2026-01-25,LOG-147,100
GR02773,GRL002773,PO02773,POL002773,2026-04-21,MAN-021,2
GR02774,GRL002774,PO02774,POL002774,2026-03-08,PRO-017,250
GR02775,GRL002775,PO02775,POL002775,2026-05-08,OFF-010,5
GR02776,GRL002776,PO02776,POL002776,2026-04-06,FAC-148,2
GR02777,GRL002777,PO02777,POL002777,2026-03-19,UTI-143,100
GR02778,GRL002778,PO02778,POL002778,2026-07-12,IT -144,500
GR02779,GRL002779,PO02779,POL002779,2026-02-08,PRO-102,50
GR02780,GRL002780,PO02780,POL002780,2026-05-18,IT -117,20
GR02781,GRL002781,PO02781,POL002781,2026-06-26,MAN-082,20
GR02782,GRL002782,PO02782,POL002782,2026-04-01,IT -028,2
GR02783,GRL002783,PO02783,POL002783,2026-03-07,PRO-058,1
GR02784,GRL002784,PO02784,POL002784,2026-08-14,OFF-139,250
GR02785,GRL002785,PO02785,POL002785,2026-08-24,LOG-124,100
GR02786,GRL002786,PO02786,POL002786,2026-03-15,IT -094,2
GR02787,GRL002787,PO02787,POL002787,2026-06-09,IT -110,1
GR02788,GRL002788,PO02788,POL002788,2026-08-06,LOG-061,500
GR02789,GRL002789,PO02789,POL002789,2026-02-26,UTI-033,2
GR02790,GRL002790,PO02790,POL002790,2026-07-14,MAN-046,5
GR02791,GRL002791,PO02791,POL002791,2026-08-14,PRO-095,100
GR02792,GRL002792,PO02792,POL002792,2026-01-14,FAC-098,500
GR02793,GRL002793,PO02793,POL002793,2026-08-01,PRO-129,5
GR02794,GRL002794,PO02794,POL002794,2026-07-04,UTI-113,5
GR02795,GRL002795,PO02795,POL002795,2026-06-05,IT -012,5
GR02796,GRL002796,PO02796,POL002796,2026-01-29,LOG-006,20
GR02797,GRL002797,PO02797,POL002797,2026-06-24,FAC-022,10
GR02798,GRL002798,PO02798,POL002798,2026-02-19,MAN-060,5
GR02799,GRL002799,PO02799,POL002799,2026-05-31,OFF-034,20
GR02800,GRL002800,PO02800,POL002800,2026-03-31,OFF-050,1
GR02801,GRL002801,PO02801,POL002801,2026-05-14,MAN-143,5
GR02802,GRL002802,PO02802,POL002802,2026-04-02,LOG-080,500
GR02803,GRL002803,PO02803,POL002803,2026-08-28,UTI-146,250
GR02804,GRL002804,PO02804,POL002804,2026-04-01,LOG-085,5
GR02805,GRL002805,PO02805,POL002805,2026-07-04,MAN-085,5
GR02806,GRL002806,PO02806,POL002806,2026-05-08,MAN-083,10
GR02807,GRL002807,PO02807,POL002807,2026-07-12,MAN-061,1
GR02808,GRL002808,PO02808,POL002808,2026-05-20,OFF-058,500
GR02809,GRL002809,PO02809,POL002809,2026-08-08,MAR-029,100
GR02810,GRL002810,PO02810,POL002810,2026-01-16,OFF-123,10
GR02811,GRL002811,PO02811,POL002811,2026-06-02,MAR-077,2
GR02812,GRL002812,PO02812,POL002812,2026-06-29,MAN-014,50
GR02813,GRL002813,PO02813,POL002813,2026-07-24,OFF-053,100
GR02814,GRL002814,PO02814,POL002814,2026-05-18,OFF-046,20
GR02815,GRL002815,PO02815,POL002815,2026-09-10,FAC-139,1
GR02816,GRL002816,PO02816,POL002816,2026-08-04,MAR-047,20
GR02817,GRL002817,PO02817,POL002817,2026-02-22,PRO-057,500
GR02818,GRL002818,PO02818,POL002818,2026-05-07,OFF-154,20
GR02819,GRL002819,PO02819,POL002819,2026-04-16,LOG-070,5
GR02820,GRL002820,PO02820,POL002820,2026-06-19,MAN-038,20
GR02821,GRL002821,PO02821,POL002821,2026-07-20,PRO-007,20
GR02822,GRL002822,PO02822,POL002822,2026-08-27,MAN-046,500
GR02823,GRL002823,PO02823,POL002823,2026-03-14,FAC-140,50
GR02824,GRL002824,PO02824,POL002824,2026-05-07,PRO-110,100
GR02825,GRL002825,PO02825,POL002825,2026-03-19,FAC-073,1
GR02826,GRL002826,PO02826,POL002826,2026-03-23,UTI-026,1
GR02827,GRL002827,PO02827,POL002827,2026-02-14,MAR-140,250
GR02828,GRL002828,PO02828,POL002828,2026-08-17,OFF-098,100
GR02829,GRL002829,PO02829,POL002829,2026-01-29,LOG-020,500
GR02830,GRL002830,PO02830,POL002830,2026-08-24,IT -030,2
GR02831,GRL002831,PO02831,POL002831,2026-02-25,LOG-002,50
GR02832,GRL002832,PO02832,POL002832,2026-06-09,MAR-015,500
GR02833,GRL002833,PO02833,POL002833,2026-02-24,PRO-001,1
GR02834,GRL002834,PO02834,POL002834,2026-07-25,IT -144,250
GR02835,GRL002835,PO02835,POL002835,2026-07-10,LOG-026,5
GR02836,GRL002836,PO02836,POL002836,2026-09-22,OFF-143,5
GR02837,GRL002837,PO02837,POL002837,2026-01-23,FAC-082,50
GR02838,GRL002838,PO02838,POL002838,2026-07-07,LOG-052,50
GR02839,GRL002839,PO02839,POL002839,2026-07-26,OFF-122,50
GR02840,GRL002840,PO02840,POL002840,2026-02-12,MAR-033,500
GR02841,GRL002841,PO02841,POL002841,2026-01-28,MAN-045,250
GR02842,GRL002842,PO02842,POL002842,2026-06-11,MAN-072,100
GR02843,GRL002843,PO02843,POL002843,2026-07-14,MAN-096,500
GR02844,GRL002844,PO02844,POL002844,2026-03-12,FAC-132,20
GR02845,GRL002845,PO02845,POL002845,2026-03-02,PRO-063,10
GR02846,GRL002846,PO02846,POL002846,2026-07-28,FAC-045,1
GR02847,GRL002847,PO02847,POL002847,2026-07-18,FAC-123,20
GR02848,GRL002848,PO02848,POL002848,2026-06-15,UTI-002,2
GR02849,GRL002849,PO02849,POL002849,2026-03-02,OFF-098,500
GR02850,GRL002850,PO02850,POL002850,2026-02-26,OFF-074,100
GR02851,GRL002851,PO02851,POL002851,2026-05-19,MAN-134,250
GR02852,GRL002852,PO02852,POL002852,2026-04-10,LOG-098,5
GR02853,GRL002853,PO02853,POL002853,2026-03-31,IT -091,50
GR02854,GRL002854,PO02854,POL002854,2026-07-11,MAR-047,5
GR02855,GRL002855,PO02855,POL002855,2026-08-24,IT -056,20
GR02856,GRL002856,PO02856,POL002856,2026-02-07,MAR-093,500
GR02857,GRL002857,PO02857,POL002857,2026-03-23,LOG-122,20
GR02858,GRL002858,PO02858,POL002858,2026-02-28,IT -019,5
GR02859,GRL002859,PO02859,POL002859,2026-04-29,IT -067,10
GR02860,GRL002860,PO02860,POL002860,2026-07-29,IT -011,50
GR02861,GRL002861,PO02861,POL002861,2026-03-31,OFF-152,50
GR02862,GRL002862,PO02862,POL002862,2026-05-25,FAC-126,1
GR02863,GRL002863,PO02863,POL002863,2026-06-02,MAN-007,500
GR02864,GRL002864,PO02864,POL002864,2026-02-12,FAC-007,5
GR02865,GRL002865,PO02865,POL002865,2026-04-03,PRO-138,50
GR02866,GRL002866,PO02866,POL002866,2026-07-05,IT -136,2
GR02867,GRL002867,PO02867,POL002867,2026-07-27,IT -154,20
GR02868,GRL002868,PO02868,POL002868,2026-04-04,MAN-059,50
GR02869,GRL002869,PO02869,POL002869,2026-07-25,FAC-016,2
GR02870,GRL002870,PO02870,POL002870,2026-07-14,MAR-057,50
GR02871,GRL002871,PO02871,POL002871,2026-07-29,FAC-033,50
GR02872,GRL002872,PO02872,POL002872,2026-07-29,LOG-004,500
GR02873,GRL002873,PO02873,POL002873,2026-05-05,MAN-036,5
GR02874,GRL002874,PO02874,POL002874,2026-07-23,PRO-032,100
GR02875,GRL002875,PO02875,POL002875,2026-03-11,PRO-068,50
GR02876,GRL002876,PO02876,POL002876,2026-03-06,MAN-026,100
GR02877,GRL002877,PO02877,POL002877,2026-08-12,FAC-071,10
GR02878,GRL002878,PO02878,POL002878,2026-02-08,OFF-141,1
GR02879,GRL002879,PO02879,POL002879,2026-05-05,OFF-032,1
GR02880,GRL002880,PO02880,POL002880,2026-07-01,MAR-112,100
GR02881,GRL002881,PO02881,POL002881,2026-04-18,OFF-076,50
GR02882,GRL002882,PO02882,POL002882,2026-05-19,LOG-134,50
GR02883,GRL002883,PO02883,POL002883,2026-03-31,MAR-012,50
GR02884,GRL002884,PO02884,POL002884,2026-05-08,UTI-038,100
GR02885,GRL002885,PO02885,POL002885,2026-08-15,UTI-062,1
GR02886,GRL002886,PO02886,POL002886,2026-04-24,UTI-080,1
GR02887,GRL002887,PO02887,POL002887,2026-08-01,PRO-039,5
GR02888,GRL002888,PO02888,POL002888,2026-02-13,IT -070,500
GR02889,GRL002889,PO02889,POL002889,2026-07-04,LOG-122,50
GR02890,GRL002890,PO02890,POL002890,2026-01-24,PRO-113,20
GR02891,GRL002891,PO02891,POL002891,2026-02-13,MAN-123,250
GR02892,GRL002892,PO02892,POL002892,2026-07-07,OFF-156,5
GR02893,GRL002893,PO02893,POL002893,2026-01-27,LOG-126,500
GR02894,GRL002894,PO02894,POL002894,2026-02-17,LOG-133,20
GR02895,GRL002895,PO02895,POL002895,2026-04-01,IT -050,20
GR02896,GRL002896,PO02896,POL002896,2026-04-26,PRO-084,100
GR02897,GRL002897,PO02897,POL002897,2026-03-07,FAC-129,500
GR02898,GRL002898,PO02898,POL002898,2026-04-16,PRO-101,2
GR02899,GRL002899,PO02899,POL002899,2026-06-17,MAN-089,500
GR02900,GRL002900,PO02900,POL002900,2026-03-28,IT -094,10
GR02901,GRL002901,PO02901,POL002901,2026-04-11,FAC-126,500
GR02902,GRL002902,PO02902,POL002902,2026-07-06,MAN-138,10
GR02903,GRL002903,PO02903,POL002903,2026-07-10,MAR-147,250
GR02904,GRL002904,PO02904,POL002904,2026-01-08,OFF-123,100
GR02905,GRL002905,PO02905,POL002905,2026-06-29,PRO-085,10
GR02906,GRL002906,PO02906,POL002906,2026-06-15,UTI-052,10
GR02907,GRL002907,PO02907,POL002907,2026-08-12,OFF-084,10
GR02908,GRL002908,PO02908,POL002908,2026-01-15,PRO-077,5
GR02909,GRL002909,PO02909,POL002909,2026-05-29,PRO-053,50
GR02910,GRL002910,PO02910,POL002910,2026-06-10,FAC-003,20
GR02911,GRL002911,PO02911,POL002911,2026-04-04,IT -073,20
GR02912,GRL002912,PO02912,POL002912,2026-07-27,PRO-114,500
GR02913,GRL002913,PO02913,POL002913,2026-04-30,IT -156,20
GR02914,GRL002914,PO02914,POL002914,2026-06-05,OFF-127,50
GR02915,GRL002915,PO02915,POL002915,2026-07-15,IT -090,100
GR02916,GRL002916,PO02916,POL002916,2026-07-12,IT -013,50
GR02917,GRL002917,PO02917,POL002917,2026-02-08,MAR-037,10
GR02918,GRL002918,PO02918,POL002918,2026-01-09,OFF-044,20
GR02919,GRL002919,PO02919,POL002919,2026-05-27,MAR-075,20
GR02920,GRL002920,PO02920,POL002920,2026-03-08,PRO-009,5
GR02921,GRL002921,PO02921,POL002921,2026-07-18,MAR-147,5
GR02922,GRL002922,PO02922,POL002922,2026-04-25,MAN-099,1
GR02923,GRL002923,PO02923,POL002923,2026-04-02,MAN-102,20
GR02924,GRL002924,PO02924,POL002924,2026-01-24,MAN-117,50
GR02925,GRL002925,PO02925,POL002925,2026-06-30,LOG-056,5
GR02926,GRL002926,PO02926,POL002926,2026-07-10,MAR-075,1
GR02927,GRL002927,PO02927,POL002927,2026-02-24,PRO-147,2
GR02928,GRL002928,PO02928,POL002928,2026-07-24,MAN-160,250
GR02929,GRL002929,PO02929,POL002929,2026-02-03,OFF-079,5
GR02930,GRL002930,PO02930,POL002930,2026-05-15,PRO-117,2
GR02931,GRL002931,PO02931,POL002931,2026-03-20,IT -148,500
GR02932,GRL002932,PO02932,POL002932,2026-08-01,OFF-101,5
GR02933,GRL002933,PO02933,POL002933,2026-07-11,PRO-086,250
GR02934,GRL002934,PO02934,POL002934,2026-05-20,PRO-042,250
GR02935,GRL002935,PO02935,POL002935,2026-07-21,UTI-037,500
GR02936,GRL002936,PO02936,POL002936,2026-09-10,LOG-139,20
GR02937,GRL002937,PO02937,POL002937,2026-07-22,IT -042,100
GR02938,GRL002938,PO02938,POL002938,2026-05-02,MAN-032,20
GR02939,GRL002939,PO02939,POL002939,2026-04-27,PRO-046,5
GR02940,GRL002940,PO02940,POL002940,2026-03-17,LOG-085,50
GR02941,GRL002941,PO02941,POL002941,2026-03-05,OFF-030,10
GR02942,GRL002942,PO02942,POL002942,2026-03-23,LOG-090,500
GR02943,GRL002943,PO02943,POL002943,2026-04-20,UTI-059,10
GR02944,GRL002944,PO02944,POL002944,2026-07-19,OFF-130,10
GR02945,GRL002945,PO02945,POL002945,2026-05-08,PRO-007,10
GR02946,GRL002946,PO02946,POL002946,2026-03-23,PRO-024,20
GR02947,GRL002947,PO02947,POL002947,2026-03-06,LOG-139,500
GR02948,GRL002948,PO02948,POL002948,2026-01-27,OFF-026,500
GR02949,GRL002949,PO02949,POL002949,2026-06-23,MAR-139,250
GR02950,GRL002950,PO02950,POL002950,2026-04-10,FAC-139,5
GR02951,GRL002951,PO02951,POL002951,2026-07-26,PRO-005,2
GR02952,GRL002952,PO02952,POL002952,2026-03-12,UTI-042,100
GR02953,GRL002953,PO02953,POL002953,2026-04-18,IT -147,10
GR02954,GRL002954,PO02954,POL002954,2026-02-25,LOG-033,20
GR02955,GRL002955,PO02955,POL002955,2026-03-31,IT -016,20
GR02956,GRL002956,PO02956,POL002956,2026-02-12,MAR-133,1
GR02957,GRL002957,PO02957,POL002957,2026-03-25,OFF-058,100
GR02958,GRL002958,PO02958,POL002958,2026-05-21,PRO-119,5
GR02959,GRL002959,PO02959,POL002959,2026-02-03,FAC-134,20
GR02960,GRL002960,PO02960,POL002960,2026-05-23,PRO-146,5
GR02961,GRL002961,PO02961,POL002961,2026-06-11,LOG-063,50
GR02962,GRL002962,PO02962,POL002962,2026-03-29,IT -080,250
GR02963,GRL002963,PO02963,POL002963,2026-08-01,LOG-090,250
GR02964,GRL002964,PO02964,POL002964,2026-07-01,PRO-081,250
GR02965,GRL002965,PO02965,POL002965,2026-03-02,MAN-111,100
GR02966,GRL002966,PO02966,POL002966,2026-04-20,PRO-056,100
GR02967,GRL002967,PO02967,POL002967,2026-06-29,IT -106,20
GR02968,GRL002968,PO02968,POL002968,2026-03-07,UTI-083,1
GR02969,GRL002969,PO02969,POL002969,2026-03-26,MAN-144,1
GR02970,GRL002970,PO02970,POL002970,2026-07-06,IT -110,100
GR02971,GRL002971,PO02971,POL002971,2026-03-28,MAR-038,1
GR02972,GRL002972,PO02972,POL002972,2026-06-28,FAC-126,100
GR02973,GRL002973,PO02973,POL002973,2026-02-03,MAR-022,10
GR02974,GRL002974,PO02974,POL002974,2026-03-23,MAR-020,50
GR02975,GRL002975,PO02975,POL002975,2026-08-15,LOG-003,100
GR02976,GRL002976,PO02976,POL002976,2026-08-27,LOG-135,1
GR02977,GRL002977,PO02977,POL002977,2026-03-25,UTI-003,20
GR02978,GRL002978,PO02978,POL002978,2026-03-28,MAN-015,500
GR02979,GRL002979,PO02979,POL002979,2026-06-03,LOG-131,1
GR02980,GRL002980,PO02980,POL002980,2026-02-23,FAC-136,50
GR02981,GRL002981,PO02981,POL002981,2026-03-28,PRO-044,2
GR02982,GRL002982,PO02982,POL002982,2026-03-10,LOG-067,5
GR02983,GRL002983,PO02983,POL002983,2026-08-03,PRO-063,50
GR02984,GRL002984,PO02984,POL002984,2026-03-19,MAN-023,5
GR02985,GRL002985,PO02985,POL002985,2026-03-28,UTI-081,100
GR02986,GRL002986,PO02986,POL002986,2026-05-17,MAR-042,2
GR02987,GRL002987,PO02987,POL002987,2026-08-04,FAC-051,10
GR02988,GRL002988,PO02988,POL002988,2026-04-18,IT -080,20
GR02989,GRL002989,PO02989,POL002989,2026-03-26,LOG-033,50
GR02990,GRL002990,PO02990,POL002990,2026-08-06,PRO-042,100
GR02991,GRL002991,PO02991,POL002991,2026-05-31,IT -015,100
GR02992,GRL002992,PO02992,POL002992,2026-07-15,OFF-141,2
GR02993,GRL002993,PO02993,POL002993,2026-09-02,PRO-095,2
GR02994,GRL002994,PO02994,POL002994,2026-08-05,PRO-110,1
GR02995,GRL002995,PO02995,POL002995,2026-02-09,OFF-132,20
GR02996,GRL002996,PO02996,POL002996,2026-05-19,IT -160,50
GR02997,GRL002997,PO02997,POL002997,2026-06-21,OFF-036,5
GR02998,GRL002998,PO02998,POL002998,2026-05-11,FAC-031,1
GR02999,GRL002999,PO02999,POL002999,2026-04-03,OFF-146,10
GR03000,GRL003000,PO03000,POL003000,2026-02-05,FAC-045,2
GR03001,GRL003001,PO03001,POL003001,2026-05-26,PRO-096,20
GR03002,GRL003002,PO03002,POL003002,2026-02-20,OFF-114,5
GR03003,GRL003003,PO03003,POL003003,2026-03-02,PRO-003,250
GR03004,GRL003004,PO03004,POL003004,2026-08-31,UTI-155,5
GR03005,GRL003005,PO03005,POL003005,2026-08-07,MAN-119,1
GR03006,GRL003006,PO03006,POL003006,2026-03-09,MAR-046,100
GR03007,GRL003007,PO03007,POL003007,2026-06-03,OFF-047,10
GR03008,GRL003008,PO03008,POL003008,2026-09-08,IT -092,500
GR03009,GRL003009,PO03009,POL003009,2026-06-10,UTI-133,10
GR03010,GRL003010,PO03010,POL003010,2026-07-04,FAC-076,2
GR03011,GRL003011,PO03011,POL003011,2026-07-05,OFF-030,100
GR03012,GRL003012,PO03012,POL003012,2026-07-08,UTI-001,10
GR03013,GRL003013,PO03013,POL003013,2026-01-06,OFF-156,50
GR03014,GRL003014,PO03014,POL003014,2026-07-02,MAN-152,500
GR03015,GRL003015,PO03015,POL003015,2026-05-25,MAN-075,500
GR03016,GRL003016,PO03016,POL003016,2026-02-19,PRO-065,2
GR03017,GRL003017,PO03017,POL003017,2026-08-12,OFF-082,20
GR03018,GRL003018,PO03018,POL003018,2026-02-07,MAN-060,250
GR03019,GRL003019,PO03019,POL003019,2026-08-08,IT -043,2
GR03020,GRL003020,PO03020,POL003020,2026-08-09,MAR-116,250
GR03021,GRL003021,PO03021,POL003021,2026-05-19,LOG-119,5
GR03022,GRL003022,PO03022,POL003022,2026-06-11,MAN-022,20
GR03023,GRL003023,PO03023,POL003023,2026-04-09,MAN-127,2
GR03024,GRL003024,PO03024,POL003024,2026-01-28,UTI-114,5
GR03025,GRL003025,PO03025,POL003025,2026-02-25,FAC-155,10
GR03026,GRL003026,PO03026,POL003026,2026-02-24,IT -039,500
GR03027,GRL003027,PO03027,POL003027,2026-08-21,OFF-101,10
GR03028,GRL003028,PO03028,POL003028,2026-02-20,OFF-031,1
GR03029,GRL003029,PO03029,POL003029,2026-03-23,PRO-038,250
GR03030,GRL003030,PO03030,POL003030,2026-04-02,OFF-026,10
GR03031,GRL003031,PO03031,POL003031,2026-09-10,IT -037,20
GR03032,GRL003032,PO03032,POL003032,2026-06-22,UTI-140,20
GR03033,GRL003033,PO03033,POL003033,2026-04-02,FAC-132,250
GR03034,GRL003034,PO03034,POL003034,2026-06-22,MAR-141,50
GR03035,GRL003035,PO03035,POL003035,2026-04-08,UTI-038,10
GR03036,GRL003036,PO03036,POL003036,2026-08-03,MAR-069,10
GR03037,GRL003037,PO03037,POL003037,2026-04-30,LOG-021,500
GR03038,GRL003038,PO03038,POL003038,2026-06-06,LOG-009,1
GR03039,GRL003039,PO03039,POL003039,2026-04-21,IT -098,50
GR03040,GRL003040,PO03040,POL003040,2026-03-24,PRO-122,2
GR03041,GRL003041,PO03041,POL003041,2026-06-06,MAR-011,250
GR03042,GRL003042,PO03042,POL003042,2026-03-05,LOG-009,2
GR03043,GRL003043,PO03043,POL003043,2026-07-10,FAC-086,5
GR03044,GRL003044,PO03044,POL003044,2026-05-20,OFF-005,1
GR03045,GRL003045,PO03045,POL003045,2026-08-11,PRO-074,250
GR03046,GRL003046,PO03046,POL003046,2026-04-11,OFF-071,100
GR03047,GRL003047,PO03047,POL003047,2026-03-04,MAN-043,500
GR03048,GRL003048,PO03048,POL003048,2026-03-12,MAR-069,5
GR03049,GRL003049,PO03049,POL003049,2026-02-28,OFF-100,100
GR03050,GRL003050,PO03050,POL003050,2026-05-05,LOG-063,1
GR03051,GRL003051,PO03051,POL003051,2026-02-16,IT -032,50
GR03052,GRL003052,PO03052,POL003052,2026-07-23,FAC-065,2
GR03053,GRL003053,PO03053,POL003053,2026-06-25,UTI-140,500
GR03054,GRL003054,PO03054,POL003054,2026-07-09,IT -160,2
GR03055,GRL003055,PO03055,POL003055,2026-03-05,PRO-001,250
GR03056,GRL003056,PO03056,POL003056,2026-08-17,FAC-005,100
GR03057,GRL003057,PO03057,POL003057,2026-05-30,PRO-025,250
GR03058,GRL003058,PO03058,POL003058,2026-07-16,MAN-075,5
GR03059,GRL003059,PO03059,POL003059,2026-05-31,FAC-151,20
GR03060,GRL003060,PO03060,POL003060,2026-03-30,MAN-084,1
GR03061,GRL003061,PO03061,POL003061,2026-03-20,LOG-063,5
GR03062,GRL003062,PO03062,POL003062,2026-03-28,FAC-046,50
GR03063,GRL003063,PO03063,POL003063,2026-07-21,MAN-114,2
GR03064,GRL003064,PO03064,POL003064,2026-07-19,OFF-157,100
GR03065,GRL003065,PO03065,POL003065,2026-05-27,IT -104,10
GR03066,GRL003066,PO03066,POL003066,2026-07-04,UTI-157,1
GR03067,GRL003067,PO03067,POL003067,2026-04-23,MAN-160,250
GR03068,GRL003068,PO03068,POL003068,2026-05-25,IT -008,10
GR03069,GRL003069,PO03069,POL003069,2026-05-19,MAN-054,500
GR03070,GRL003070,PO03070,POL003070,2026-03-17,IT -080,500
GR03071,GRL003071,PO03071,POL003071,2026-07-28,OFF-100,10
GR03072,GRL003072,PO03072,POL003072,2026-08-17,FAC-066,250
GR03073,GRL003073,PO03073,POL003073,2026-03-12,PRO-111,20
GR03074,GRL003074,PO03074,POL003074,2026-03-05,IT -012,250
GR03075,GRL003075,PO03075,POL003075,2026-06-15,MAN-028,50
GR03076,GRL003076,PO03076,POL003076,2026-08-03,PRO-088,100
GR03077,GRL003077,PO03077,POL003077,2026-07-07,UTI-122,2
GR03078,GRL003078,PO03078,POL003078,2026-01-25,MAR-125,1
GR03079,GRL003079,PO03079,POL003079,2026-05-17,IT -010,20
GR03080,GRL003080,PO03080,POL003080,2026-07-21,UTI-113,2
GR03081,GRL003081,PO03081,POL003081,2026-03-27,IT -125,20
GR03082,GRL003082,PO03082,POL003082,2026-07-15,FAC-109,50
GR03083,GRL003083,PO03083,POL003083,2026-05-25,UTI-138,500
GR03084,GRL003084,PO03084,POL003084,2026-07-29,OFF-114,500
GR03085,GRL003085,PO03085,POL003085,2026-04-27,IT -137,2
GR03086,GRL003086,PO03086,POL003086,2026-05-09,UTI-085,20
GR03087,GRL003087,PO03087,POL003087,2026-04-06,PRO-012,250
GR03088,GRL003088,PO03088,POL003088,2026-04-02,MAN-107,50
GR03089,GRL003089,PO03089,POL003089,2026-04-15,LOG-153,50
GR03090,GRL003090,PO03090,POL003090,2026-07-30,UTI-094,100
GR03091,GRL003091,PO03091,POL003091,2026-02-12,LOG-020,500
GR03092,GRL003092,PO03092,POL003092,2026-05-04,FAC-049,10
GR03093,GRL003093,PO03093,POL003093,2026-01-30,FAC-101,5
GR03094,GRL003094,PO03094,POL003094,2026-04-05,UTI-077,5
GR03095,GRL003095,PO03095,POL003095,2026-06-14,LOG-138,500
GR03096,GRL003096,PO03096,POL003096,2026-08-08,OFF-125,1
GR03097,GRL003097,PO03097,POL003097,2026-01-31,UTI-140,10
GR03098,GRL003098,PO03098,POL003098,2026-05-31,OFF-070,50
GR03099,GRL003099,PO03099,POL003099,2026-09-01,MAR-013,50
GR03100,GRL003100,PO03100,POL003100,2026-03-27,UTI-153,5
GR03101,GRL003101,PO03101,POL003101,2026-04-22,FAC-070,2
GR03102,GRL003102,PO03102,POL003102,2026-06-24,FAC-001,100
GR03103,GRL003103,PO03103,POL003103,2026-03-31,LOG-156,2
GR03104,GRL003104,PO03104,POL003104,2026-03-03,IT -007,5
GR03105,GRL003105,PO03105,POL003105,2026-02-17,IT -041,2
GR03106,GRL003106,PO03106,POL003106,2026-03-11,FAC-116,2
GR03107,GRL003107,PO03107,POL003107,2026-09-04,IT -052,250
GR03108,GRL003108,PO03108,POL003108,2026-05-02,IT -064,10
GR03109,GRL003109,PO03109,POL003109,2026-09-02,OFF-094,20
GR03110,GRL003110,PO03110,POL003110,2026-04-18,IT -105,10
GR03111,GRL003111,PO03111,POL003111,2026-06-26,UTI-139,2
GR03112,GRL003112,PO03112,POL003112,2026-05-25,PRO-058,250
GR03113,GRL003113,PO03113,POL003113,2026-06-05,FAC-107,20
GR03114,GRL003114,PO03114,POL003114,2026-05-03,IT -052,1
GR03115,GRL003115,PO03115,POL003115,2026-07-02,UTI-058,10
GR03116,GRL003116,PO03116,POL003116,2026-08-08,FAC-124,1
GR03117,GRL003117,PO03117,POL003117,2026-05-05,PRO-155,100
GR03118,GRL003118,PO03118,POL003118,2026-08-22,MAN-155,10
GR03119,GRL003119,PO03119,POL003119,2026-09-03,PRO-093,500
GR03120,GRL003120,PO03120,POL003120,2026-07-23,LOG-052,5
GR03121,GRL003121,PO03121,POL003121,2026-08-01,LOG-137,500
GR03122,GRL003122,PO03122,POL003122,2026-01-30,MAN-086,10
GR03123,GRL003123,PO03123,POL003123,2026-05-19,OFF-022,5
GR03124,GRL003124,PO03124,POL003124,2026-07-02,LOG-082,2
GR03125,GRL003125,PO03125,POL003125,2026-03-17,IT -014,100
GR03126,GRL003126,PO03126,POL003126,2026-06-17,IT -143,50
GR03127,GRL003127,PO03127,POL003127,2026-02-05,FAC-007,10
GR03128,GRL003128,PO03128,POL003128,2026-08-30,PRO-017,1
GR03129,GRL003129,PO03129,POL003129,2026-01-08,IT -069,20
GR03130,GRL003130,PO03130,POL003130,2026-03-05,IT -004,1
GR03131,GRL003131,PO03131,POL003131,2026-09-01,MAR-129,250
GR03132,GRL003132,PO03132,POL003132,2026-08-24,PRO-129,50
GR03133,GRL003133,PO03133,POL003133,2026-06-25,IT -082,250
GR03134,GRL003134,PO03134,POL003134,2026-02-23,LOG-149,2
GR03135,GRL003135,PO03135,POL003135,2026-04-17,IT -160,100
GR03136,GRL003136,PO03136,POL003136,2026-09-05,MAR-035,100
GR03137,GRL003137,PO03137,POL003137,2026-02-03,MAR-037,10
GR03138,GRL003138,PO03138,POL003138,2026-07-31,MAN-014,250
GR03139,GRL003139,PO03139,POL003139,2026-05-20,FAC-084,2
GR03140,GRL003140,PO03140,POL003140,2026-04-24,LOG-052,50
GR03141,GRL003141,PO03141,POL003141,2026-03-22,IT -107,250
GR03142,GRL003142,PO03142,POL003142,2026-04-04,FAC-071,5
GR03143,GRL003143,PO03143,POL003143,2026-07-26,PRO-100,500
GR03144,GRL003144,PO03144,POL003144,2026-02-18,PRO-027,250
GR03145,GRL003145,PO03145,POL003145,2026-06-29,IT -034,500
GR03146,GRL003146,PO03146,POL003146,2026-01-22,OFF-077,10
GR03147,GRL003147,PO03147,POL003147,2026-05-18,FAC-010,5
GR03148,GRL003148,PO03148,POL003148,2026-02-20,FAC-140,100
GR03149,GRL003149,PO03149,POL003149,2026-08-01,OFF-149,5
GR03150,GRL003150,PO03150,POL003150,2026-07-12,IT -018,1
GR03151,GRL003151,PO03151,POL003151,2026-04-20,MAR-089,5
GR03152,GRL003152,PO03152,POL003152,2026-04-03,OFF-125,100
GR03153,GRL003153,PO03153,POL003153,2026-06-26,LOG-024,250
GR03154,GRL003154,PO03154,POL003154,2026-07-15,IT -149,1
GR03155,GRL003155,PO03155,POL003155,2026-01-20,UTI-150,5
GR03156,GRL003156,PO03156,POL003156,2026-06-29,MAN-108,1
GR03157,GRL003157,PO03157,POL003157,2026-05-20,PRO-108,100
GR03158,GRL003158,PO03158,POL003158,2026-04-17,PRO-010,500
GR03159,GRL003159,PO03159,POL003159,2026-07-02,OFF-081,250
GR03160,GRL003160,PO03160,POL003160,2026-08-08,FAC-082,500
GR03161,GRL003161,PO03161,POL003161,2026-04-07,MAR-070,5
GR03162,GRL003162,PO03162,POL003162,2026-09-17,FAC-084,250
GR03163,GRL003163,PO03163,POL003163,2026-08-30,MAR-066,250
GR03164,GRL003164,PO03164,POL003164,2026-01-09,OFF-121,5
GR03165,GRL003165,PO03165,POL003165,2026-03-18,IT -049,5
GR03166,GRL003166,PO03166,POL003166,2026-06-17,UTI-105,10
GR03167,GRL003167,PO03167,POL003167,2026-06-23,IT -067,10
GR03168,GRL003168,PO03168,POL003168,2026-04-24,LOG-102,500
GR03169,GRL003169,PO03169,POL003169,2026-06-14,IT -134,100
GR03170,GRL003170,PO03170,POL003170,2026-03-24,IT -151,5
GR03171,GRL003171,PO03171,POL003171,2026-08-13,UTI-038,10
GR03172,GRL003172,PO03172,POL003172,2026-07-04,UTI-058,1
GR03173,GRL003173,PO03173,POL003173,2026-04-17,IT -151,100
GR03174,GRL003174,PO03174,POL003174,2026-05-16,LOG-116,500
GR03175,GRL003175,PO03175,POL003175,2026-01-27,UTI-076,50
GR03176,GRL003176,PO03176,POL003176,2026-02-07,PRO-036,5
GR03177,GRL003177,PO03177,POL003177,2026-05-03,FAC-098,5
GR03178,GRL003178,PO03178,POL003178,2026-06-17,UTI-149,2
GR03179,GRL003179,PO03179,POL003179,2026-08-22,PRO-035,10
GR03180,GRL003180,PO03180,POL003180,2026-08-17,MAN-028,500
GR03181,GRL003181,PO03181,POL003181,2026-05-06,MAN-083,500
GR03182,GRL003182,PO03182,POL003182,2026-03-14,OFF-069,5
GR03183,GRL003183,PO03183,POL003183,2026-05-26,FAC-143,5
GR03184,GRL003184,PO03184,POL003184,2026-06-18,FAC-113,5
GR03185,GRL003185,PO03185,POL003185,2026-02-15,UTI-142,10
GR03186,GRL003186,PO03186,POL003186,2026-04-02,IT -052,100
GR03187,GRL003187,PO03187,POL003187,2026-05-18,PRO-080,1
GR03188,GRL003188,PO03188,POL003188,2026-07-28,FAC-017,500
GR03189,GRL003189,PO03189,POL003189,2026-07-11,OFF-158,10
GR03190,GRL003190,PO03190,POL003190,2026-04-07,LOG-040,20
GR03191,GRL003191,PO03191,POL003191,2026-05-16,MAN-097,1
GR03192,GRL003192,PO03192,POL003192,2026-08-20,MAN-017,2
GR03193,GRL003193,PO03193,POL003193,2026-06-16,FAC-082,2
GR03194,GRL003194,PO03194,POL003194,2026-07-28,IT -102,1
GR03195,GRL003195,PO03195,POL003195,2026-03-16,PRO-065,10
GR03196,GRL003196,PO03196,POL003196,2026-08-02,UTI-087,5
GR03197,GRL003197,PO03197,POL003197,2026-07-12,IT -082,10
GR03198,GRL003198,PO03198,POL003198,2026-07-01,FAC-052,50
GR03199,GRL003199,PO03199,POL003199,2026-02-15,PRO-134,250
GR03200,GRL003200,PO03200,POL003200,2026-03-22,LOG-098,5
GR03201,GRL003201,PO03201,POL003201,2026-04-28,IT -013,100
GR03202,GRL003202,PO03202,POL003202,2026-05-17,OFF-068,100
GR03203,GRL003203,PO03203,POL003203,2026-03-23,PRO-141,10
GR03204,GRL003204,PO03204,POL003204,2026-03-06,PRO-072,100
GR03205,GRL003205,PO03205,POL003205,2026-05-13,PRO-096,50
GR03206,GRL003206,PO03206,POL003206,2026-03-24,LOG-064,5
GR03207,GRL003207,PO03207,POL003207,2026-08-08,UTI-112,5
GR03208,GRL003208,PO03208,POL003208,2026-03-30,IT -075,20
GR03209,GRL003209,PO03209,POL003209,2026-07-26,PRO-116,50
GR03210,GRL003210,PO03210,POL003210,2026-04-03,IT -021,20
GR03211,GRL003211,PO03211,POL003211,2026-02-26,FAC-078,20
GR03212,GRL003212,PO03212,POL003212,2026-08-06,LOG-104,10
GR03213,GRL003213,PO03213,POL003213,2026-06-07,PRO-001,500
GR03214,GRL003214,PO03214,POL003214,2026-07-26,PRO-012,1
GR03215,GRL003215,PO03215,POL003215,2026-05-18,LOG-140,5
GR03216,GRL003216,PO03216,POL003216,2026-02-26,PRO-136,100
GR03217,GRL003217,PO03217,POL003217,2026-06-14,UTI-097,100
GR03218,GRL003218,PO03218,POL003218,2026-03-17,OFF-054,2
GR03219,GRL003219,PO03219,POL003219,2026-05-28,LOG-041,500
GR03220,GRL003220,PO03220,POL003220,2026-02-28,OFF-131,1
GR03221,GRL003221,PO03221,POL003221,2026-04-19,UTI-032,5
GR03222,GRL003222,PO03222,POL003222,2026-06-21,IT -145,500
GR03223,GRL003223,PO03223,POL003223,2026-06-18,MAN-082,50
GR03224,GRL003224,PO03224,POL003224,2026-02-05,IT -095,250
GR03225,GRL003225,PO03225,POL003225,2026-09-04,LOG-066,500
GR03226,GRL003226,PO03226,POL003226,2026-06-26,UTI-069,250
GR03227,GRL003227,PO03227,POL003227,2026-03-08,FAC-115,20
GR03228,GRL003228,PO03228,POL003228,2026-05-16,FAC-095,100
GR03229,GRL003229,PO03229,POL003229,2026-04-02,MAR-108,100
GR03230,GRL003230,PO03230,POL003230,2026-05-04,OFF-159,5
GR03231,GRL003231,PO03231,POL003231,2026-07-11,OFF-095,500
GR03232,GRL003232,PO03232,POL003232,2026-04-01,UTI-030,500
GR03233,GRL003233,PO03233,POL003233,2026-06-15,OFF-010,50
GR03234,GRL003234,PO03234,POL003234,2026-07-19,OFF-008,1
GR03235,GRL003235,PO03235,POL003235,2026-03-07,PRO-081,1
GR03236,GRL003236,PO03236,POL003236,2026-04-05,PRO-098,1
GR03237,GRL003237,PO03237,POL003237,2026-07-12,MAR-046,1
GR03238,GRL003238,PO03238,POL003238,2026-08-02,LOG-110,250
GR03239,GRL003239,PO03239,POL003239,2026-05-20,FAC-104,250
GR03240,GRL003240,PO03240,POL003240,2026-07-09,IT -141,500
GR03241,GRL003241,PO03241,POL003241,2026-05-29,MAR-007,10
GR03242,GRL003242,PO03242,POL003242,2026-03-14,MAN-067,50
GR03243,GRL003243,PO03243,POL003243,2026-04-28,FAC-083,20
GR03244,GRL003244,PO03244,POL003244,2026-03-20,IT -085,2
GR03245,GRL003245,PO03245,POL003245,2026-03-29,UTI-063,50
GR03246,GRL003246,PO03246,POL003246,2026-01-16,FAC-084,20
GR03247,GRL003247,PO03247,POL003247,2026-05-29,LOG-007,100
GR03248,GRL003248,PO03248,POL003248,2026-02-21,OFF-115,50
GR03249,GRL003249,PO03249,POL003249,2026-09-19,PRO-023,2
GR03250,GRL003250,PO03250,POL003250,2026-04-25,IT -148,250
GR03251,GRL003251,PO03251,POL003251,2026-04-26,OFF-110,500
GR03252,GRL003252,PO03252,POL003252,2026-02-15,LOG-050,5
GR03253,GRL003253,PO03253,POL003253,2026-02-12,PRO-060,5
GR03254,GRL003254,PO03254,POL003254,2026-01-29,OFF-018,1
GR03255,GRL003255,PO03255,POL003255,2026-06-20,FAC-155,2
GR03256,GRL003256,PO03256,POL003256,2026-02-07,PRO-005,2
GR03257,GRL003257,PO03257,POL003257,2026-02-20,UTI-037,250
GR03258,GRL003258,PO03258,POL003258,2026-02-17,OFF-084,250
GR03259,GRL003259,PO03259,POL003259,2026-07-02,LOG-071,1
GR03260,GRL003260,PO03260,POL003260,2026-05-01,MAR-017,500
GR03261,GRL003261,PO03261,POL003261,2026-03-30,FAC-036,1
GR03262,GRL003262,PO03262,POL003262,2026-05-28,PRO-053,50
GR03263,GRL003263,PO03263,POL003263,2026-06-27,FAC-123,500
GR03264,GRL003264,PO03264,POL003264,2026-04-17,MAN-135,100
GR03265,GRL003265,PO03265,POL003265,2026-02-18,FAC-137,2
GR03266,GRL003266,PO03266,POL003266,2026-04-16,OFF-156,1
GR03267,GRL003267,PO03267,POL003267,2026-05-11,UTI-027,100
GR03268,GRL003268,PO03268,POL003268,2026-04-18,MAR-075,2
GR03269,GRL003269,PO03269,POL003269,2026-03-19,LOG-016,10
GR03270,GRL003270,PO03270,POL003270,2026-03-07,UTI-127,2
GR03271,GRL003271,PO03271,POL003271,2026-04-12,PRO-030,50
GR03272,GRL003272,PO03272,POL003272,2026-06-08,OFF-047,2
GR03273,GRL003273,PO03273,POL003273,2026-07-25,IT -061,20
GR03274,GRL003274,PO03274,POL003274,2026-06-25,MAR-054,50
GR03275,GRL003275,PO03275,POL003275,2026-04-27,PRO-121,250
GR03276,GRL003276,PO03276,POL003276,2026-05-12,PRO-028,2
GR03277,GRL003277,PO03277,POL003277,2026-03-19,LOG-053,10
GR03278,GRL003278,PO03278,POL003278,2026-08-09,IT -117,5
GR03279,GRL003279,PO03279,POL003279,2026-03-28,MAN-160,1
GR03280,GRL003280,PO03280,POL003280,2026-05-18,PRO-137,250
GR03281,GRL003281,PO03281,POL003281,2026-05-23,LOG-109,5
GR03282,GRL003282,PO03282,POL003282,2026-07-08,OFF-048,5
GR03283,GRL003283,PO03283,POL003283,2026-07-20,PRO-018,50
GR03284,GRL003284,PO03284,POL003284,2026-03-12,UTI-011,2
GR03285,GRL003285,PO03285,POL003285,2026-06-25,FAC-102,50
GR03286,GRL003286,PO03286,POL003286,2026-06-08,OFF-074,20
GR03287,GRL003287,PO03287,POL003287,2026-03-27,OFF-002,2
GR03288,GRL003288,PO03288,POL003288,2026-08-22,PRO-059,10
GR03289,GRL003289,PO03289,POL003289,2026-03-05,LOG-037,250
GR03290,GRL003290,PO03290,POL003290,2026-06-19,IT -025,20
GR03291,GRL003291,PO03291,POL003291,2026-04-13,OFF-123,2
GR03292,GRL003292,PO03292,POL003292,2026-05-22,MAR-072,10
GR03293,GRL003293,PO03293,POL003293,2026-05-25,PRO-157,50
GR03294,GRL003294,PO03294,POL003294,2026-03-22,UTI-025,2
GR03295,GRL003295,PO03295,POL003295,2026-07-28,UTI-002,5
GR03296,GRL003296,PO03296,POL003296,2026-05-20,PRO-160,50
GR03297,GRL003297,PO03297,POL003297,2026-07-25,IT -020,20
GR03298,GRL003298,PO03298,POL003298,2026-02-28,UTI-059,500
GR03299,GRL003299,PO03299,POL003299,2026-04-29,IT -127,500
GR03300,GRL003300,PO03300,POL003300,2026-06-22,IT -079,2
GR03301,GRL003301,PO03301,POL003301,2026-04-23,LOG-083,250
GR03302,GRL003302,PO03302,POL003302,2026-08-01,PRO-103,5
GR03303,GRL003303,PO03303,POL003303,2026-07-18,LOG-041,1
GR03304,GRL003304,PO03304,POL003304,2026-03-20,IT -039,100
GR03305,GRL003305,PO03305,POL003305,2026-06-01,IT -138,50
GR03306,GRL003306,PO03306,POL003306,2026-02-26,OFF-131,10
GR03307,GRL003307,PO03307,POL003307,2026-05-19,IT -146,1
GR03308,GRL003308,PO03308,POL003308,2026-08-28,FAC-040,10
GR03309,GRL003309,PO03309,POL003309,2026-05-17,LOG-137,100
GR03310,GRL003310,PO03310,POL003310,2026-06-22,IT -062,1
GR03311,GRL003311,PO03311,POL003311,2026-07-30,LOG-017,1
GR03312,GRL003312,PO03312,POL003312,2026-04-06,OFF-018,20
GR03313,GRL003313,PO03313,POL003313,2026-08-21,FAC-116,250
GR03314,GRL003314,PO03314,POL003314,2026-05-19,OFF-049,250
GR03315,GRL003315,PO03315,POL003315,2026-05-30,PRO-059,250
GR03316,GRL003316,PO03316,POL003316,2026-07-22,FAC-049,20
GR03317,GRL003317,PO03317,POL003317,2026-04-12,LOG-141,2
GR03318,GRL003318,PO03318,POL003318,2026-08-15,PRO-137,250
GR03319,GRL003319,PO03319,POL003319,2026-07-04,LOG-152,1
GR03320,GRL003320,PO03320,POL003320,2026-06-26,LOG-045,100
GR03321,GRL003321,PO03321,POL003321,2026-04-20,UTI-091,2
GR03322,GRL003322,PO03322,POL003322,2026-04-16,OFF-062,500
GR03323,GRL003323,PO03323,POL003323,2026-01-30,OFF-123,100
GR03324,GRL003324,PO03324,POL003324,2026-08-07,MAN-026,1
GR03325,GRL003325,PO03325,POL003325,2026-06-19,PRO-045,50
GR03326,GRL003326,PO03326,POL003326,2026-02-09,UTI-106,100
GR03327,GRL003327,PO03327,POL003327,2026-06-29,LOG-043,2
GR03328,GRL003328,PO03328,POL003328,2026-08-21,FAC-061,500
GR03329,GRL003329,PO03329,POL003329,2026-03-13,PRO-045,100
GR03330,GRL003330,PO03330,POL003330,2026-03-19,MAR-028,5
GR03331,GRL003331,PO03331,POL003331,2026-01-30,IT -026,20
GR03332,GRL003332,PO03332,POL003332,2026-07-13,MAN-098,20
GR03333,GRL003333,PO03333,POL003333,2026-04-30,MAR-097,2
GR03334,GRL003334,PO03334,POL003334,2026-04-06,FAC-071,1
GR03335,GRL003335,PO03335,POL003335,2026-04-16,IT -015,20
GR03336,GRL003336,PO03336,POL003336,2026-05-30,IT -108,2
GR03337,GRL003337,PO03337,POL003337,2026-06-10,UTI-144,500
GR03338,GRL003338,PO03338,POL003338,2026-07-15,OFF-001,20
GR03339,GRL003339,PO03339,POL003339,2026-03-05,IT -043,1
GR03340,GRL003340,PO03340,POL003340,2026-06-26,MAN-151,50
GR03341,GRL003341,PO03341,POL003341,2026-02-15,LOG-119,50
GR03342,GRL003342,PO03342,POL003342,2026-06-19,MAN-039,5
GR03343,GRL003343,PO03343,POL003343,2026-05-23,IT -056,20
GR03344,GRL003344,PO03344,POL003344,2026-09-06,MAN-111,500
GR03345,GRL003345,PO03345,POL003345,2026-05-07,LOG-080,5
GR03346,GRL003346,PO03346,POL003346,2026-06-07,OFF-028,50
GR03347,GRL003347,PO03347,POL003347,2026-02-09,OFF-008,1
GR03348,GRL003348,PO03348,POL003348,2026-03-13,MAN-001,2
GR03349,GRL003349,PO03349,POL003349,2026-04-13,UTI-132,1
GR03350,GRL003350,PO03350,POL003350,2026-07-11,MAR-038,2
GR03351,GRL003351,PO03351,POL003351,2026-02-21,FAC-050,100
GR03352,GRL003352,PO03352,POL003352,2026-03-23,PRO-132,20
GR03353,GRL003353,PO03353,POL003353,2026-07-16,MAR-075,5
GR03354,GRL003354,PO03354,POL003354,2026-06-03,OFF-053,1
GR03355,GRL003355,PO03355,POL003355,2026-01-25,OFF-090,250
GR03356,GRL003356,PO03356,POL003356,2026-05-01,UTI-025,5
GR03357,GRL003357,PO03357,POL003357,2026-06-25,FAC-088,20
GR03358,GRL003358,PO03358,POL003358,2026-05-24,PRO-018,20
GR03359,GRL003359,PO03359,POL003359,2026-04-23,PRO-048,10
GR03360,GRL003360,PO03360,POL003360,2026-05-21,LOG-149,1
GR03361,GRL003361,PO03361,POL003361,2026-06-28,MAN-119,100
GR03362,GRL003362,PO03362,POL003362,2026-06-08,OFF-097,100
GR03363,GRL003363,PO03363,POL003363,2026-05-20,PRO-013,10
GR03364,GRL003364,PO03364,POL003364,2026-03-22,OFF-029,2
GR03365,GRL003365,PO03365,POL003365,2026-07-03,FAC-157,250
GR03366,GRL003366,PO03366,POL003366,2026-02-19,PRO-102,2
GR03367,GRL003367,PO03367,POL003367,2026-07-20,MAR-005,100
GR03368,GRL003368,PO03368,POL003368,2026-05-24,PRO-036,50
GR03369,GRL003369,PO03369,POL003369,2026-05-14,PRO-102,50
GR03370,GRL003370,PO03370,POL003370,2026-07-29,IT -071,1
GR03371,GRL003371,PO03371,POL003371,2026-08-30,UTI-083,2
GR03372,GRL003372,PO03372,POL003372,2026-05-26,PRO-128,250
GR03373,GRL003373,PO03373,POL003373,2026-08-16,FAC-114,100
GR03374,GRL003374,PO03374,POL003374,2026-07-30,OFF-132,2
GR03375,GRL003375,PO03375,POL003375,2026-06-07,IT -136,250
GR03376,GRL003376,PO03376,POL003376,2026-08-06,LOG-143,20
GR03377,GRL003377,PO03377,POL003377,2026-03-20,MAR-077,5
GR03378,GRL003378,PO03378,POL003378,2026-05-05,MAN-082,5
GR03379,GRL003379,PO03379,POL003379,2026-07-22,FAC-025,5
GR03380,GRL003380,PO03380,POL003380,2026-06-01,MAR-087,1
GR03381,GRL003381,PO03381,POL003381,2026-07-03,FAC-048,100
GR03382,GRL003382,PO03382,POL003382,2026-04-04,PRO-136,250
GR03383,GRL003383,PO03383,POL003383,2026-02-18,MAN-056,50
GR03384,GRL003384,PO03384,POL003384,2026-06-12,IT -070,20
GR03385,GRL003385,PO03385,POL003385,2026-07-11,IT -132,1
GR03386,GRL003386,PO03386,POL003386,2026-02-09,MAN-089,250
GR03387,GRL003387,PO03387,POL003387,2026-08-23,PRO-005,50
GR03388,GRL003388,PO03388,POL003388,2026-05-10,MAN-094,10
GR03389,GRL003389,PO03389,POL003389,2026-02-10,MAN-158,50
GR03390,GRL003390,PO03390,POL003390,2026-06-19,PRO-020,5
GR03391,GRL003391,PO03391,POL003391,2026-04-13,IT -094,500
GR03392,GRL003392,PO03392,POL003392,2026-06-21,LOG-031,10
GR03393,GRL003393,PO03393,POL003393,2026-05-02,MAR-058,500
GR03394,GRL003394,PO03394,POL003394,2026-07-08,PRO-047,1
GR03395,GRL003395,PO03395,POL003395,2026-02-17,OFF-146,1
GR03396,GRL003396,PO03396,POL003396,2026-06-06,OFF-142,500
GR03397,GRL003397,PO03397,POL003397,2026-08-06,IT -120,2
GR03398,GRL003398,PO03398,POL003398,2026-06-26,OFF-160,50
GR03399,GRL003399,PO03399,POL003399,2026-06-25,FAC-150,2
GR03400,GRL003400,PO03400,POL003400,2026-06-07,LOG-087,500
GR03401,GRL003401,PO03401,POL003401,2026-05-18,IT -028,1
GR03402,GRL003402,PO03402,POL003402,2026-03-11,FAC-148,20
GR03403,GRL003403,PO03403,POL003403,2026-05-23,IT -114,50
GR03404,GRL003404,PO03404,POL003404,2026-05-13,IT -140,2
GR03405,GRL003405,PO03405,POL003405,2026-03-21,MAN-003,50
GR03406,GRL003406,PO03406,POL003406,2026-07-24,IT -028,10
GR03407,GRL003407,PO03407,POL003407,2026-07-05,UTI-087,10
GR03408,GRL003408,PO03408,POL003408,2026-06-18,OFF-072,500
GR03409,GRL003409,PO03409,POL003409,2026-07-14,IT -039,5
GR03410,GRL003410,PO03410,POL003410,2026-04-08,UTI-056,20
GR03411,GRL003411,PO03411,POL003411,2026-03-03,IT -125,20
GR03412,GRL003412,PO03412,POL003412,2026-05-14,FAC-091,1
GR03413,GRL003413,PO03413,POL003413,2026-02-13,PRO-063,1
GR03414,GRL003414,PO03414,POL003414,2026-06-12,LOG-157,250
GR03415,GRL003415,PO03415,POL003415,2026-06-23,MAN-105,250
GR03416,GRL003416,PO03416,POL003416,2026-02-20,MAN-069,2
GR03417,GRL003417,PO03417,POL003417,2026-06-29,MAR-123,250
GR03418,GRL003418,PO03418,POL003418,2026-06-16,IT -016,250
GR03419,GRL003419,PO03419,POL003419,2026-07-29,IT -076,5
GR03420,GRL003420,PO03420,POL003420,2026-05-08,IT -027,100
GR03421,GRL003421,PO03421,POL003421,2026-06-05,MAN-075,50
GR03422,GRL003422,PO03422,POL003422,2026-03-02,PRO-116,20
GR03423,GRL003423,PO03423,POL003423,2026-05-07,PRO-052,250
GR03424,GRL003424,PO03424,POL003424,2026-07-21,LOG-137,1
GR03425,GRL003425,PO03425,POL003425,2026-07-05,MAN-154,1
GR03426,GRL003426,PO03426,POL003426,2026-07-11,FAC-099,100
GR03427,GRL003427,PO03427,POL003427,2026-04-26,MAR-118,50
GR03428,GRL003428,PO03428,POL003428,2026-01-26,OFF-054,250
GR03429,GRL003429,PO03429,POL003429,2026-04-22,MAR-110,20
GR03430,GRL003430,PO03430,POL003430,2026-07-21,MAN-120,2
GR03431,GRL003431,PO03431,POL003431,2026-07-30,IT -036,10
GR03432,GRL003432,PO03432,POL003432,2026-07-13,PRO-139,100
GR03433,GRL003433,PO03433,POL003433,2026-03-09,OFF-136,250
GR03434,GRL003434,PO03434,POL003434,2026-08-25,PRO-009,10
GR03435,GRL003435,PO03435,POL003435,2026-07-06,IT -138,1
GR03436,GRL003436,PO03436,POL003436,2026-04-06,LOG-084,500
GR03437,GRL003437,PO03437,POL003437,2026-07-07,UTI-151,250
GR03438,GRL003438,PO03438,POL003438,2026-04-12,IT -147,10
GR03439,GRL003439,PO03439,POL003439,2026-08-22,MAN-111,50
GR03440,GRL003440,PO03440,POL003440,2026-04-01,MAN-001,10
GR03441,GRL003441,PO03441,POL003441,2026-04-22,MAN-106,1
GR03442,GRL003442,PO03442,POL003442,2026-03-25,UTI-124,100
GR03443,GRL003443,PO03443,POL003443,2026-05-12,FAC-010,100
GR03444,GRL003444,PO03444,POL003444,2026-08-09,PRO-022,100
GR03445,GRL003445,PO03445,POL003445,2026-08-21,UTI-018,5
GR03446,GRL003446,PO03446,POL003446,2026-07-23,UTI-108,2
GR03447,GRL003447,PO03447,POL003447,2026-02-28,PRO-024,10
GR03448,GRL003448,PO03448,POL003448,2026-06-25,IT -023,5
GR03449,GRL003449,PO03449,POL003449,2026-08-28,MAN-140,250
GR03450,GRL003450,PO03450,POL003450,2026-02-15,MAR-084,500
GR03451,GRL003451,PO03451,POL003451,2026-05-31,UTI-083,50
GR03452,GRL003452,PO03452,POL003452,2026-05-16,FAC-041,10
GR03453,GRL003453,PO03453,POL003453,2026-06-11,IT -134,2
GR03454,GRL003454,PO03454,POL003454,2026-05-24,PRO-034,20
GR03455,GRL003455,PO03455,POL003455,2026-04-15,LOG-027,1
GR03456,GRL003456,PO03456,POL003456,2026-04-12,UTI-139,2
GR03457,GRL003457,PO03457,POL003457,2026-02-25,MAN-039,2
GR03458,GRL003458,PO03458,POL003458,2026-04-25,PRO-049,20
GR03459,GRL003459,PO03459,POL003459,2026-03-10,IT -042,100
GR03460,GRL003460,PO03460,POL003460,2026-03-21,MAN-149,50
GR03461,GRL003461,PO03461,POL003461,2026-06-16,PRO-037,500
GR03462,GRL003462,PO03462,POL003462,2026-03-22,UTI-017,250
GR03463,GRL003463,PO03463,POL003463,2026-08-31,OFF-126,20
GR03464,GRL003464,PO03464,POL003464,2026-04-03,LOG-079,10
GR03465,GRL003465,PO03465,POL003465,2026-05-22,LOG-150,1
GR03466,GRL003466,PO03466,POL003466,2026-01-13,FAC-007,20
GR03467,GRL003467,PO03467,POL003467,2026-02-24,FAC-074,50
GR03468,GRL003468,PO03468,POL003468,2026-06-26,PRO-041,50
GR03469,GRL003469,PO03469,POL003469,2026-06-05,MAR-038,100
GR03470,GRL003470,PO03470,POL003470,2026-02-15,LOG-094,10
GR03471,GRL003471,PO03471,POL003471,2026-08-12,FAC-152,20
GR03472,GRL003472,PO03472,POL003472,2026-07-21,OFF-002,1
GR03473,GRL003473,PO03473,POL003473,2026-04-10,OFF-090,250
GR03474,GRL003474,PO03474,POL003474,2026-06-14,FAC-080,20
GR03475,GRL003475,PO03475,POL003475,2026-04-16,IT -118,100
GR03476,GRL003476,PO03476,POL003476,2026-05-12,FAC-119,100
GR03477,GRL003477,PO03477,POL003477,2026-03-15,PRO-064,250
GR03478,GRL003478,PO03478,POL003478,2026-07-14,OFF-011,10
GR03479,GRL003479,PO03479,POL003479,2026-01-30,IT -091,50
GR03480,GRL003480,PO03480,POL003480,2026-06-28,MAN-088,10
GR03481,GRL003481,PO03481,POL003481,2026-01-18,OFF-150,250
GR03482,GRL003482,PO03482,POL003482,2026-04-29,OFF-075,250
GR03483,GRL003483,PO03483,POL003483,2026-07-21,IT -101,2
GR03484,GRL003484,PO03484,POL003484,2026-02-02,UTI-120,10
GR03485,GRL003485,PO03485,POL003485,2026-05-13,LOG-119,10
GR03486,GRL003486,PO03486,POL003486,2026-03-26,IT -062,1
GR03487,GRL003487,PO03487,POL003487,2026-09-08,IT -013,20
GR03488,GRL003488,PO03488,POL003488,2026-03-22,UTI-076,100
GR03489,GRL003489,PO03489,POL003489,2026-05-01,MAR-125,5
GR03490,GRL003490,PO03490,POL003490,2026-06-22,IT -056,20
GR03491,GRL003491,PO03491,POL003491,2026-08-07,IT -089,5
GR03492,GRL003492,PO03492,POL003492,2026-02-13,MAR-121,50
GR03493,GRL003493,PO03493,POL003493,2026-05-08,FAC-053,500
GR03494,GRL003494,PO03494,POL003494,2026-07-22,IT -143,1
GR03495,GRL003495,PO03495,POL003495,2026-06-21,LOG-132,250
GR03496,GRL003496,PO03496,POL003496,2026-03-16,MAN-004,500
GR03497,GRL003497,PO03497,POL003497,2026-04-26,OFF-115,250
GR03498,GRL003498,PO03498,POL003498,2026-06-17,FAC-135,20
GR03499,GRL003499,PO03499,POL003499,2026-02-14,PRO-103,500
GR03500,GRL003500,PO03500,POL003500,2026-08-09,OFF-110,10
GR03501,GRL003501,PO03501,POL003501,2026-02-01,MAN-084,10
GR03502,GRL003502,PO03502,POL003502,2026-07-06,MAR-139,500
GR03503,GRL003503,PO03503,POL003503,2026-03-12,FAC-011,500
GR03504,GRL003504,PO03504,POL003504,2026-06-10,FAC-157,100
GR03505,GRL003505,PO03505,POL003505,2026-04-18,FAC-031,20
GR03506,GRL003506,PO03506,POL003506,2026-03-01,PRO-023,2
GR03507,GRL003507,PO03507,POL003507,2026-03-14,LOG-044,50
GR03508,GRL003508,PO03508,POL003508,2026-03-25,MAR-032,5
GR03509,GRL003509,PO03509,POL003509,2026-04-15,IT -013,500
GR03510,GRL003510,PO03510,POL003510,2026-05-23,MAN-134,10
GR03511,GRL003511,PO03511,POL003511,2026-03-30,FAC-008,500
GR03512,GRL003512,PO03512,POL003512,2026-03-03,PRO-072,20
GR03513,GRL003513,PO03513,POL003513,2026-08-10,FAC-039,20
GR03514,GRL003514,PO03514,POL003514,2026-07-06,PRO-105,500
GR03515,GRL003515,PO03515,POL003515,2026-06-29,PRO-080,500
GR03516,GRL003516,PO03516,POL003516,2026-05-19,FAC-076,50
GR03517,GRL003517,PO03517,POL003517,2026-07-29,OFF-142,50
GR03518,GRL003518,PO03518,POL003518,2026-04-02,PRO-098,5
GR03519,GRL003519,PO03519,POL003519,2026-03-26,PRO-023,50
GR03520,GRL003520,PO03520,POL003520,2026-05-24,FAC-067,1
GR03521,GRL003521,PO03521,POL003521,2026-08-23,LOG-080,5
GR03522,GRL003522,PO03522,POL003522,2026-03-01,UTI-100,1
GR03523,GRL003523,PO03523,POL003523,2026-04-20,OFF-049,1
GR03524,GRL003524,PO03524,POL003524,2026-05-18,MAN-105,5
GR03525,GRL003525,PO03525,POL003525,2026-02-02,PRO-119,100
GR03526,GRL003526,PO03526,POL003526,2026-04-14,MAR-149,100
GR03527,GRL003527,PO03527,POL003527,2026-03-15,UTI-108,20
GR03528,GRL003528,PO03528,POL003528,2026-03-27,LOG-091,1
GR03529,GRL003529,PO03529,POL003529,2026-08-04,MAN-041,2
GR03530,GRL003530,PO03530,POL003530,2026-07-08,LOG-005,1
GR03531,GRL003531,PO03531,POL003531,2026-08-11,IT -148,250
GR03532,GRL003532,PO03532,POL003532,2026-05-28,IT -022,2
GR03533,GRL003533,PO03533,POL003533,2026-07-03,OFF-105,250
GR03534,GRL003534,PO03534,POL003534,2026-03-13,PRO-080,1
GR03535,GRL003535,PO03535,POL003535,2026-01-28,PRO-123,1
GR03536,GRL003536,PO03536,POL003536,2026-06-25,MAN-075,10
GR03537,GRL003537,PO03537,POL003537,2026-07-01,OFF-098,1
GR03538,GRL003538,PO03538,POL003538,2026-07-03,MAN-158,5
GR03539,GRL003539,PO03539,POL003539,2026-06-27,OFF-128,250
GR03540,GRL003540,PO03540,POL003540,2026-06-08,UTI-055,50
GR03541,GRL003541,PO03541,POL003541,2026-01-27,OFF-127,5
GR03542,GRL003542,PO03542,POL003542,2026-07-04,OFF-151,50
GR03543,GRL003543,PO03543,POL003543,2026-02-11,FAC-074,250
GR03544,GRL003544,PO03544,POL003544,2026-06-05,UTI-063,20
GR03545,GRL003545,PO03545,POL003545,2026-06-08,PRO-070,5
GR03546,GRL003546,PO03546,POL003546,2026-07-05,UTI-054,1
GR03547,GRL003547,PO03547,POL003547,2026-03-28,LOG-131,1
GR03548,GRL003548,PO03548,POL003548,2026-05-03,IT -112,20
GR03549,GRL003549,PO03549,POL003549,2026-03-12,LOG-135,10
GR03550,GRL003550,PO03550,POL003550,2026-04-28,FAC-097,5
GR03551,GRL003551,PO03551,POL003551,2026-05-10,UTI-044,20
GR03552,GRL003552,PO03552,POL003552,2026-06-03,OFF-152,5
GR03553,GRL003553,PO03553,POL003553,2026-05-03,FAC-089,500
GR03554,GRL003554,PO03554,POL003554,2026-03-13,PRO-136,500
GR03555,GRL003555,PO03555,POL003555,2026-03-15,LOG-034,5
GR03556,GRL003556,PO03556,POL003556,2026-04-23,UTI-132,250
GR03557,GRL003557,PO03557,POL003557,2026-03-02,PRO-054,1
GR03558,GRL003558,PO03558,POL003558,2026-07-11,UTI-096,1
GR03559,GRL003559,PO03559,POL003559,2026-04-28,UTI-074,2
GR03560,GRL003560,PO03560,POL003560,2026-04-24,MAR-045,2
GR03561,GRL003561,PO03561,POL003561,2026-07-21,MAN-128,100
GR03562,GRL003562,PO03562,POL003562,2026-08-16,PRO-014,1
GR03563,GRL003563,PO03563,POL003563,2026-01-09,FAC-054,250
GR03564,GRL003564,PO03564,POL003564,2026-02-04,OFF-135,1
GR03565,GRL003565,PO03565,POL003565,2026-06-09,MAN-145,5
GR03566,GRL003566,PO03566,POL003566,2026-04-01,OFF-123,10
GR03567,GRL003567,PO03567,POL003567,2026-06-03,IT -158,100
GR03568,GRL003568,PO03568,POL003568,2026-04-18,FAC-064,250
GR03569,GRL003569,PO03569,POL003569,2026-05-05,MAR-031,20
GR03570,GRL003570,PO03570,POL003570,2026-06-12,MAN-115,1
GR03571,GRL003571,PO03571,POL003571,2026-07-08,IT -125,10
GR03572,GRL003572,PO03572,POL003572,2026-06-12,MAN-144,2
GR03573,GRL003573,PO03573,POL003573,2026-02-23,IT -142,10
GR03574,GRL003574,PO03574,POL003574,2026-07-23,IT -060,2
GR03575,GRL003575,PO03575,POL003575,2026-05-22,IT -152,20
GR03576,GRL003576,PO03576,POL003576,2026-06-27,OFF-098,20
GR03577,GRL003577,PO03577,POL003577,2026-06-11,LOG-007,100
GR03578,GRL003578,PO03578,POL003578,2026-07-24,OFF-040,2
GR03579,GRL003579,PO03579,POL003579,2026-03-06,MAR-034,1
GR03580,GRL003580,PO03580,POL003580,2026-05-14,OFF-107,5
GR03581,GRL003581,PO03581,POL003581,2026-06-21,PRO-081,10
GR03582,GRL003582,PO03582,POL003582,2026-05-03,LOG-028,100
GR03583,GRL003583,PO03583,POL003583,2026-06-22,MAN-145,20
GR03584,GRL003584,PO03584,POL003584,2026-06-28,IT -100,20
GR03585,GRL003585,PO03585,POL003585,2026-03-14,LOG-135,5
GR03586,GRL003586,PO03586,POL003586,2026-03-08,UTI-141,100
GR03587,GRL003587,PO03587,POL003587,2026-07-02,PRO-119,50
GR03588,GRL003588,PO03588,POL003588,2026-07-13,PRO-156,50
GR03589,GRL003589,PO03589,POL003589,2026-02-19,UTI-137,20
GR03590,GRL003590,PO03590,POL003590,2026-05-14,IT -109,1
GR03591,GRL003591,PO03591,POL003591,2026-02-08,FAC-152,250
GR03592,GRL003592,PO03592,POL003592,2026-08-26,MAR-009,20
GR03593,GRL003593,PO03593,POL003593,2026-07-11,OFF-149,50
GR03594,GRL003594,PO03594,POL003594,2026-05-28,FAC-156,100
GR03595,GRL003595,PO03595,POL003595,2026-04-08,MAR-115,1
GR03596,GRL003596,PO03596,POL003596,2026-02-06,LOG-154,1
GR03597,GRL003597,PO03597,POL003597,2026-06-13,UTI-142,20
GR03598,GRL003598,PO03598,POL003598,2026-06-26,PRO-088,20
GR03599,GRL003599,PO03599,POL003599,2026-06-28,OFF-099,1
GR03600,GRL003600,PO03600,POL003600,2026-04-10,IT -087,1
GR03601,GRL003601,PO03601,POL003601,2026-06-09,OFF-030,10
GR03602,GRL003602,PO03602,POL003602,2026-06-10,LOG-123,1
GR03603,GRL003603,PO03603,POL003603,2026-05-17,PRO-067,2
GR03604,GRL003604,PO03604,POL003604,2026-08-31,MAN-092,50
GR03605,GRL003605,PO03605,POL003605,2026-03-20,PRO-077,1
GR03606,GRL003606,PO03606,POL003606,2026-07-14,UTI-066,1
GR03607,GRL003607,PO03607,POL003607,2026-06-24,UTI-053,20
GR03608,GRL003608,PO03608,POL003608,2026-08-20,OFF-097,50
GR03609,GRL003609,PO03609,POL003609,2026-02-11,LOG-099,1
GR03610,GRL003610,PO03610,POL003610,2026-04-19,MAR-125,100
GR03611,GRL003611,PO03611,POL003611,2026-02-08,LOG-084,50
GR03612,GRL003612,PO03612,POL003612,2026-06-21,PRO-130,250
GR03613,GRL003613,PO03613,POL003613,2026-07-08,MAR-112,100
GR03614,GRL003614,PO03614,POL003614,2026-06-10,LOG-043,2
GR03615,GRL003615,PO03615,POL003615,2026-01-07,OFF-072,50
GR03616,GRL003616,PO03616,POL003616,2026-06-04,IT -029,1
GR03617,GRL003617,PO03617,POL003617,2026-06-28,UTI-138,100
GR03618,GRL003618,PO03618,POL003618,2026-06-13,FAC-132,2
GR03619,GRL003619,PO03619,POL003619,2026-03-15,FAC-046,20
GR03620,GRL003620,PO03620,POL003620,2026-06-19,MAN-056,500
GR03621,GRL003621,PO03621,POL003621,2026-06-15,MAN-029,250
GR03622,GRL003622,PO03622,POL003622,2026-04-26,MAR-016,5
GR03623,GRL003623,PO03623,POL003623,2026-01-29,FAC-070,2
GR03624,GRL003624,PO03624,POL003624,2026-04-01,IT -083,20
GR03625,GRL003625,PO03625,POL003625,2026-04-13,FAC-069,2
GR03626,GRL003626,PO03626,POL003626,2026-04-20,MAN-098,2
GR03627,GRL003627,PO03627,POL003627,2026-04-13,MAR-011,250
GR03628,GRL003628,PO03628,POL003628,2026-06-03,PRO-083,20
GR03629,GRL003629,PO03629,POL003629,2026-03-22,UTI-039,2
GR03630,GRL003630,PO03630,POL003630,2026-06-23,LOG-147,20
GR03631,GRL003631,PO03631,POL003631,2026-06-11,PRO-106,50
GR03632,GRL003632,PO03632,POL003632,2026-05-20,MAR-025,20
GR03633,GRL003633,PO03633,POL003633,2026-08-02,IT -123,2
GR03634,GRL003634,PO03634,POL003634,2026-02-06,PRO-074,1
GR03635,GRL003635,PO03635,POL003635,2026-03-01,OFF-040,250
GR03636,GRL003636,PO03636,POL003636,2026-04-19,PRO-120,2
GR03637,GRL003637,PO03637,POL003637,2026-05-17,OFF-016,2
GR03638,GRL003638,PO03638,POL003638,2026-03-07,IT -088,5
GR03639,GRL003639,PO03639,POL003639,2026-02-17,IT -127,10
GR03640,GRL003640,PO03640,POL003640,2026-04-20,IT -142,20
GR03641,GRL003641,PO03641,POL003641,2026-07-07,OFF-159,100
GR03642,GRL003642,PO03642,POL003642,2026-04-15,IT -045,50
GR03643,GRL003643,PO03643,POL003643,2026-08-27,OFF-059,20
GR03644,GRL003644,PO03644,POL003644,2026-06-09,MAN-099,10
GR03645,GRL003645,PO03645,POL003645,2026-06-28,UTI-120,50
GR03646,GRL003646,PO03646,POL003646,2026-05-20,OFF-078,5
GR03647,GRL003647,PO03647,POL003647,2026-09-09,PRO-086,50
GR03648,GRL003648,PO03648,POL003648,2026-05-31,MAR-054,100
GR03649,GRL003649,PO03649,POL003649,2026-06-14,UTI-124,5
GR03650,GRL003650,PO03650,POL003650,2026-05-27,UTI-054,20
GR03651,GRL003651,PO03651,POL003651,2026-07-14,IT -059,20
GR03652,GRL003652,PO03652,POL003652,2026-07-18,FAC-144,2
GR03653,GRL003653,PO03653,POL003653,2026-07-28,IT -083,2
GR03654,GRL003654,PO03654,POL003654,2026-05-01,MAN-127,100
GR03655,GRL003655,PO03655,POL003655,2026-08-22,FAC-132,2
GR03656,GRL003656,PO03656,POL003656,2026-05-18,UTI-051,50
GR03657,GRL003657,PO03657,POL003657,2026-08-09,OFF-050,250
GR03658,GRL003658,PO03658,POL003658,2026-08-18,MAR-101,50
GR03659,GRL003659,PO03659,POL003659,2026-05-27,MAR-142,50
GR03660,GRL003660,PO03660,POL003660,2026-06-10,IT -026,250
GR03661,GRL003661,PO03661,POL003661,2026-04-10,IT -071,1
GR03662,GRL003662,PO03662,POL003662,2026-06-04,PRO-147,5
GR03663,GRL003663,PO03663,POL003663,2026-08-06,PRO-084,500
GR03664,GRL003664,PO03664,POL003664,2026-04-28,MAR-009,10
GR03665,GRL003665,PO03665,POL003665,2026-07-04,OFF-057,5
GR03666,GRL003666,PO03666,POL003666,2026-05-08,FAC-051,50
GR03667,GRL003667,PO03667,POL003667,2026-04-02,UTI-078,5
GR03668,GRL003668,PO03668,POL003668,2026-08-28,MAN-016,500
GR03669,GRL003669,PO03669,POL003669,2026-08-04,IT -025,100
GR03670,GRL003670,PO03670,POL003670,2026-02-18,LOG-156,2
GR03671,GRL003671,PO03671,POL003671,2026-05-11,UTI-071,100
GR03672,GRL003672,PO03672,POL003672,2026-05-18,UTI-127,20
GR03673,GRL003673,PO03673,POL003673,2026-07-08,MAN-120,50
GR03674,GRL003674,PO03674,POL003674,2026-08-06,OFF-157,500
GR03675,GRL003675,PO03675,POL003675,2026-05-01,OFF-082,5
GR03676,GRL003676,PO03676,POL003676,2026-09-02,PRO-153,50
GR03677,GRL003677,PO03677,POL003677,2026-02-19,IT -027,5
GR03678,GRL003678,PO03678,POL003678,2026-06-22,OFF-094,10
GR03679,GRL003679,PO03679,POL003679,2026-04-09,IT -109,1
GR03680,GRL003680,PO03680,POL003680,2026-06-20,PRO-065,50
GR03681,GRL003681,PO03681,POL003681,2026-04-30,IT -144,2
GR03682,GRL003682,PO03682,POL003682,2026-03-06,OFF-038,20
GR03683,GRL003683,PO03683,POL003683,2026-03-06,OFF-097,500
GR03684,GRL003684,PO03684,POL003684,2026-01-23,PRO-066,250
GR03685,GRL003685,PO03685,POL003685,2026-08-01,MAN-112,250
GR03686,GRL003686,PO03686,POL003686,2026-07-10,PRO-141,1
GR03687,GRL003687,PO03687,POL003687,2026-05-31,MAR-096,5
GR03688,GRL003688,PO03688,POL003688,2026-02-05,IT -130,250
GR03689,GRL003689,PO03689,POL003689,2026-05-28,MAR-030,250
GR03690,GRL003690,PO03690,POL003690,2026-04-08,FAC-139,10
GR03691,GRL003691,PO03691,POL003691,2026-08-07,MAR-118,1
GR03692,GRL003692,PO03692,POL003692,2026-05-26,IT -091,500
GR03693,GRL003693,PO03693,POL003693,2026-07-19,UTI-036,10
GR03694,GRL003694,PO03694,POL003694,2026-05-13,MAN-063,20
GR03695,GRL003695,PO03695,POL003695,2026-03-23,FAC-037,1
GR03696,GRL003696,PO03696,POL003696,2026-02-13,FAC-073,10
GR03697,GRL003697,PO03697,POL003697,2026-06-10,UTI-094,1
GR03698,GRL003698,PO03698,POL003698,2026-07-31,PRO-024,10
GR03699,GRL003699,PO03699,POL003699,2026-04-02,OFF-026,10
GR03700,GRL003700,PO03700,POL003700,2026-05-02,PRO-132,500
GR03701,GRL003701,PO03701,POL003701,2026-02-28,PRO-030,50
GR03702,GRL003702,PO03702,POL003702,2026-06-30,OFF-082,10
GR03703,GRL003703,PO03703,POL003703,2026-03-18,LOG-056,500
GR03704,GRL003704,PO03704,POL003704,2026-02-20,MAR-091,50
GR03705,GRL003705,PO03705,POL003705,2026-08-07,MAN-157,500
GR03706,GRL003706,PO03706,POL003706,2026-03-10,LOG-158,1
GR03707,GRL003707,PO03707,POL003707,2026-04-30,PRO-043,100
GR03708,GRL003708,PO03708,POL003708,2026-07-17,UTI-027,5
GR03709,GRL003709,PO03709,POL003709,2026-02-18,PRO-079,2
GR03710,GRL003710,PO03710,POL003710,2026-06-26,MAN-124,250
GR03711,GRL003711,PO03711,POL003711,2026-04-19,UTI-079,10
GR03712,GRL003712,PO03712,POL003712,2026-06-18,OFF-004,50
GR03713,GRL003713,PO03713,POL003713,2026-09-05,MAR-159,50
GR03714,GRL003714,PO03714,POL003714,2026-08-14,OFF-150,1
GR03715,GRL003715,PO03715,POL003715,2026-07-25,MAR-015,100
GR03716,GRL003716,PO03716,POL003716,2026-05-23,IT -118,20
GR03717,GRL003717,PO03717,POL003717,2026-04-02,LOG-007,20
GR03718,GRL003718,PO03718,POL003718,2026-04-03,PRO-115,100
GR03719,GRL003719,PO03719,POL003719,2026-06-27,FAC-115,100
GR03720,GRL003720,PO03720,POL003720,2026-04-10,IT -080,10
GR03721,GRL003721,PO03721,POL003721,2026-08-07,PRO-137,5
GR03722,GRL003722,PO03722,POL003722,2026-08-01,OFF-002,250
GR03723,GRL003723,PO03723,POL003723,2026-04-20,LOG-111,20
GR03724,GRL003724,PO03724,POL003724,2026-07-01,PRO-096,20
GR03725,GRL003725,PO03725,POL003725,2026-08-07,UTI-109,5
GR03726,GRL003726,PO03726,POL003726,2026-07-02,FAC-037,500
GR03727,GRL003727,PO03727,POL003727,2026-06-27,MAR-106,250
GR03728,GRL003728,PO03728,POL003728,2026-02-26,FAC-134,20
GR03729,GRL003729,PO03729,POL003729,2026-06-30,IT -142,100
GR03730,GRL003730,PO03730,POL003730,2026-03-13,OFF-039,1
GR03731,GRL003731,PO03731,POL003731,2026-04-11,MAR-081,100
GR03732,GRL003732,PO03732,POL003732,2026-06-28,PRO-117,5
GR03733,GRL003733,PO03733,POL003733,2026-03-14,PRO-141,250
GR03734,GRL003734,PO03734,POL003734,2026-05-01,UTI-154,250
GR03735,GRL003735,PO03735,POL003735,2026-07-15,PRO-065,50
GR03736,GRL003736,PO03736,POL003736,2026-02-13,FAC-009,2
GR03737,GRL003737,PO03737,POL003737,2026-06-29,IT -086,50
GR03738,GRL003738,PO03738,POL003738,2026-02-26,IT -072,250
GR03739,GRL003739,PO03739,POL003739,2026-02-23,PRO-015,1
GR03740,GRL003740,PO03740,POL003740,2026-07-01,MAN-067,1
GR03741,GRL003741,PO03741,POL003741,2026-03-23,OFF-077,50
GR03742,GRL003742,PO03742,POL003742,2026-03-10,PRO-022,2
GR03743,GRL003743,PO03743,POL003743,2026-05-12,LOG-071,50
GR03744,GRL003744,PO03744,POL003744,2026-09-08,MAR-042,50
GR03745,GRL003745,PO03745,POL003745,2026-04-01,UTI-111,250
GR03746,GRL003746,PO03746,POL003746,2026-05-22,UTI-144,2
GR03747,GRL003747,PO03747,POL003747,2026-02-17,LOG-149,20
GR03748,GRL003748,PO03748,POL003748,2026-03-09,LOG-060,500
GR03749,GRL003749,PO03749,POL003749,2026-05-07,IT -066,100
GR03750,GRL003750,PO03750,POL003750,2026-03-02,PRO-114,5
GR03751,GRL003751,PO03751,POL003751,2026-02-26,UTI-089,500
GR03752,GRL003752,PO03752,POL003752,2026-08-28,MAN-054,2
GR03753,GRL003753,PO03753,POL003753,2026-02-24,MAN-040,100
GR03754,GRL003754,PO03754,POL003754,2026-01-21,MAN-039,20
GR03755,GRL003755,PO03755,POL003755,2026-03-06,LOG-148,2
GR03756,GRL003756,PO03756,POL003756,2026-06-05,UTI-027,20
GR03757,GRL003757,PO03757,POL003757,2026-08-07,IT -067,5
GR03758,GRL003758,PO03758,POL003758,2026-08-14,LOG-002,250
GR03759,GRL003759,PO03759,POL003759,2026-08-17,PRO-142,1
GR03760,GRL003760,PO03760,POL003760,2026-06-22,OFF-025,20
GR03761,GRL003761,PO03761,POL003761,2026-03-20,IT -017,20
GR03762,GRL003762,PO03762,POL003762,2026-05-26,MAN-010,5
GR03763,GRL003763,PO03763,POL003763,2026-05-16,MAN-155,500
GR03764,GRL003764,PO03764,POL003764,2026-07-03,OFF-069,250
GR03765,GRL003765,PO03765,POL003765,2026-02-06,PRO-089,1
GR03766,GRL003766,PO03766,POL003766,2026-06-25,MAR-056,250
GR03767,GRL003767,PO03767,POL003767,2026-08-28,MAR-140,2
GR03768,GRL003768,PO03768,POL003768,2026-08-05,PRO-066,50
GR03769,GRL003769,PO03769,POL003769,2026-03-26,PRO-088,50
GR03770,GRL003770,PO03770,POL003770,2026-02-13,MAN-003,250
GR03771,GRL003771,PO03771,POL003771,2026-06-04,UTI-026,50
GR03772,GRL003772,PO03772,POL003772,2026-07-23,MAR-156,250
GR03773,GRL003773,PO03773,POL003773,2026-03-16,UTI-046,100
GR03774,GRL003774,PO03774,POL003774,2026-03-18,MAN-157,500
GR03775,GRL003775,PO03775,POL003775,2026-05-10,UTI-114,500
GR03776,GRL003776,PO03776,POL003776,2026-03-16,PRO-109,5
GR03777,GRL003777,PO03777,POL003777,2026-04-27,OFF-048,5
GR03778,GRL003778,PO03778,POL003778,2026-03-06,UTI-107,10
GR03779,GRL003779,PO03779,POL003779,2026-04-06,MAR-137,500
GR03780,GRL003780,PO03780,POL003780,2026-01-04,MAN-152,2
GR03781,GRL003781,PO03781,POL003781,2026-03-02,MAR-036,2
GR03782,GRL003782,PO03782,POL003782,2026-04-26,MAR-060,250
GR03783,GRL003783,PO03783,POL003783,2026-01-23,MAN-084,50
GR03784,GRL003784,PO03784,POL003784,2026-05-26,MAR-026,20
GR03785,GRL003785,PO03785,POL003785,2026-05-06,UTI-146,250
GR03786,GRL003786,PO03786,POL003786,2026-07-06,OFF-088,250
GR03787,GRL003787,PO03787,POL003787,2026-02-18,PRO-076,2
GR03788,GRL003788,PO03788,POL003788,2026-05-16,PRO-089,500
GR03789,GRL003789,PO03789,POL003789,2026-04-13,FAC-126,20
GR03790,GRL003790,PO03790,POL003790,2026-04-20,IT -039,50
GR03791,GRL003791,PO03791,POL003791,2026-06-06,IT -080,5
GR03792,GRL003792,PO03792,POL003792,2026-02-20,LOG-086,2
GR03793,GRL003793,PO03793,POL003793,2026-03-23,PRO-010,1
GR03794,GRL003794,PO03794,POL003794,2026-03-06,PRO-027,1
GR03795,GRL003795,PO03795,POL003795,2026-04-23,OFF-087,500
GR03796,GRL003796,PO03796,POL003796,2026-05-23,OFF-037,500
GR03797,GRL003797,PO03797,POL003797,2026-07-08,PRO-052,50
GR03798,GRL003798,PO03798,POL003798,2026-08-03,IT -045,500
GR03799,GRL003799,PO03799,POL003799,2026-04-21,FAC-060,250
GR03800,GRL003800,PO03800,POL003800,2026-03-29,OFF-046,2
GR03801,GRL003801,PO03801,POL003801,2026-07-04,UTI-086,1
GR03802,GRL003802,PO03802,POL003802,2026-07-21,PRO-047,2
GR03803,GRL003803,PO03803,POL003803,2026-03-24,IT -014,20
GR03804,GRL003804,PO03804,POL003804,2026-08-04,PRO-133,500
GR03805,GRL003805,PO03805,POL003805,2026-04-29,LOG-047,100
GR03806,GRL003806,PO03806,POL003806,2026-04-01,LOG-066,2
GR03807,GRL003807,PO03807,POL003807,2026-06-02,MAR-074,1
GR03808,GRL003808,PO03808,POL003808,2026-03-09,MAN-029,50
GR03809,GRL003809,PO03809,POL003809,2026-03-21,LOG-072,10
GR03810,GRL003810,PO03810,POL003810,2026-09-05,UTI-001,50
GR03811,GRL003811,PO03811,POL003811,2026-04-13,MAR-078,5
GR03812,GRL003812,PO03812,POL003812,2026-06-22,MAR-144,1
GR03813,GRL003813,PO03813,POL003813,2026-04-25,IT -084,1
GR03814,GRL003814,PO03814,POL003814,2026-08-16,LOG-156,250
GR03815,GRL003815,PO03815,POL003815,2026-08-07,FAC-067,20
GR03816,GRL003816,PO03816,POL003816,2026-08-29,UTI-152,500
GR03817,GRL003817,PO03817,POL003817,2026-06-03,UTI-076,1
GR03818,GRL003818,PO03818,POL003818,2026-02-25,FAC-014,5
GR03819,GRL003819,PO03819,POL003819,2026-07-20,UTI-122,10
GR03820,GRL003820,PO03820,POL003820,2026-03-17,FAC-095,20
GR03821,GRL003821,PO03821,POL003821,2026-06-26,PRO-028,5
GR03822,GRL003822,PO03822,POL003822,2026-05-16,LOG-067,100
GR03823,GRL003823,PO03823,POL003823,2026-05-13,MAR-042,50
GR03824,GRL003824,PO03824,POL003824,2026-02-24,FAC-081,100
GR03825,GRL003825,PO03825,POL003825,2026-05-23,PRO-045,5
GR03826,GRL003826,PO03826,POL003826,2026-07-02,LOG-159,5
GR03827,GRL003827,PO03827,POL003827,2026-07-22,LOG-068,50
GR03828,GRL003828,PO03828,POL003828,2026-04-01,FAC-054,10
GR03829,GRL003829,PO03829,POL003829,2026-03-06,MAR-155,20
GR03830,GRL003830,PO03830,POL003830,2026-03-28,FAC-043,20
GR03831,GRL003831,PO03831,POL003831,2026-05-11,LOG-098,20
GR03832,GRL003832,PO03832,POL003832,2026-04-01,PRO-091,20
GR03833,GRL003833,PO03833,POL003833,2026-02-28,MAN-154,10
GR03834,GRL003834,PO03834,POL003834,2026-03-23,IT -099,50
GR03835,GRL003835,PO03835,POL003835,2026-08-15,LOG-121,50
GR03836,GRL003836,PO03836,POL003836,2026-04-08,LOG-043,10
GR03837,GRL003837,PO03837,POL003837,2026-05-25,LOG-127,1
GR03838,GRL003838,PO03838,POL003838,2026-08-07,MAR-052,20
GR03839,GRL003839,PO03839,POL003839,2026-02-06,LOG-035,500
GR03840,GRL003840,PO03840,POL003840,2026-08-23,LOG-030,50
GR03841,GRL003841,PO03841,POL003841,2026-07-03,IT -072,50
GR03842,GRL003842,PO03842,POL003842,2026-07-09,OFF-069,50
GR03843,GRL003843,PO03843,POL003843,2026-07-16,IT -117,50
GR03844,GRL003844,PO03844,POL003844,2026-04-23,FAC-051,100
GR03845,GRL003845,PO03845,POL003845,2026-08-28,LOG-155,1
GR03846,GRL003846,PO03846,POL003846,2026-04-01,FAC-039,5
GR03847,GRL003847,PO03847,POL003847,2026-08-21,LOG-010,1
GR03848,GRL003848,PO03848,POL003848,2026-03-07,PRO-126,5
GR03849,GRL003849,PO03849,POL003849,2026-05-30,MAN-054,500
GR03850,GRL003850,PO03850,POL003850,2026-06-17,MAN-144,500
GR03851,GRL003851,PO03851,POL003851,2026-03-28,MAR-142,2
GR03852,GRL003852,PO03852,POL003852,2026-03-27,IT -010,50
GR03853,GRL003853,PO03853,POL003853,2026-07-01,OFF-025,250
GR03854,GRL003854,PO03854,POL003854,2026-05-29,LOG-158,20
GR03855,GRL003855,PO03855,POL003855,2026-08-08,FAC-050,50
GR03856,GRL003856,PO03856,POL003856,2026-04-16,PRO-119,2
GR03857,GRL003857,PO03857,POL003857,2026-02-17,UTI-056,1
GR03858,GRL003858,PO03858,POL003858,2026-08-22,IT -093,5
GR03859,GRL003859,PO03859,POL003859,2026-07-21,FAC-122,2
GR03860,GRL003860,PO03860,POL003860,2026-02-01,FAC-074,2
GR03861,GRL003861,PO03861,POL003861,2026-08-02,OFF-159,1
GR03862,GRL003862,PO03862,POL003862,2026-03-19,MAR-120,50
GR03863,GRL003863,PO03863,POL003863,2026-05-19,UTI-135,50
GR03864,GRL003864,PO03864,POL003864,2026-03-03,OFF-065,2
GR03865,GRL003865,PO03865,POL003865,2026-01-26,UTI-143,20
GR03866,GRL003866,PO03866,POL003866,2026-04-29,UTI-065,100
GR03867,GRL003867,PO03867,POL003867,2026-08-04,UTI-017,100
GR03868,GRL003868,PO03868,POL003868,2026-02-09,PRO-044,250
GR03869,GRL003869,PO03869,POL003869,2026-02-05,IT -146,10
GR03870,GRL003870,PO03870,POL003870,2026-02-26,MAR-059,10
GR03871,GRL003871,PO03871,POL003871,2026-07-21,UTI-072,50
GR03872,GRL003872,PO03872,POL003872,2026-08-02,FAC-132,20
GR03873,GRL003873,PO03873,POL003873,2026-03-17,PRO-083,5
GR03874,GRL003874,PO03874,POL003874,2026-03-06,UTI-131,20
GR03875,GRL003875,PO03875,POL003875,2026-05-25,IT -101,5
GR03876,GRL003876,PO03876,POL003876,2026-06-22,MAN-047,500
GR03877,GRL003877,PO03877,POL003877,2026-04-09,LOG-155,1
GR03878,GRL003878,PO03878,POL003878,2026-07-24,PRO-096,250
GR03879,GRL003879,PO03879,POL003879,2026-05-16,UTI-127,20
GR03880,GRL003880,PO03880,POL003880,2026-03-04,MAR-120,250
GR03881,GRL003881,PO03881,POL003881,2026-07-11,MAN-139,500
GR03882,GRL003882,PO03882,POL003882,2026-03-09,MAN-097,20
GR03883,GRL003883,PO03883,POL003883,2026-08-03,IT -074,100
GR03884,GRL003884,PO03884,POL003884,2026-01-17,MAN-081,250
GR03885,GRL003885,PO03885,POL003885,2026-08-26,UTI-004,20
GR03886,GRL003886,PO03886,POL003886,2026-02-21,UTI-093,500
GR03887,GRL003887,PO03887,POL003887,2026-09-09,MAN-082,2
GR03888,GRL003888,PO03888,POL003888,2026-04-20,PRO-049,500
GR03889,GRL003889,PO03889,POL003889,2026-05-19,MAR-098,500
GR03890,GRL003890,PO03890,POL003890,2026-06-25,FAC-004,50
GR03891,GRL003891,PO03891,POL003891,2026-02-22,MAR-039,10
GR03892,GRL003892,PO03892,POL003892,2026-04-06,MAR-090,2
GR03893,GRL003893,PO03893,POL003893,2026-05-10,IT -138,5
GR03894,GRL003894,PO03894,POL003894,2026-06-03,UTI-078,20
GR03895,GRL003895,PO03895,POL003895,2026-01-30,OFF-042,10
GR03896,GRL003896,PO03896,POL003896,2026-02-05,FAC-040,100
GR03897,GRL003897,PO03897,POL003897,2026-04-21,MAR-127,10
GR03898,GRL003898,PO03898,POL003898,2026-04-18,MAN-014,20
GR03899,GRL003899,PO03899,POL003899,2026-07-14,IT -150,1
GR03900,GRL003900,PO03900,POL003900,2026-07-10,OFF-039,1
GR03901,GRL003901,PO03901,POL003901,2026-04-24,FAC-020,250
GR03902,GRL003902,PO03902,POL003902,2026-08-12,LOG-054,250
GR03903,GRL003903,PO03903,POL003903,2026-06-02,PRO-120,500
GR03904,GRL003904,PO03904,POL003904,2026-03-31,PRO-078,250
GR03905,GRL003905,PO03905,POL003905,2026-08-07,MAR-020,500
GR03906,GRL003906,PO03906,POL003906,2026-01-28,LOG-098,20
GR03907,GRL003907,PO03907,POL003907,2026-09-14,OFF-084,5
GR03908,GRL003908,PO03908,POL003908,2026-02-08,FAC-053,50
GR03909,GRL003909,PO03909,POL003909,2026-08-25,UTI-060,20
GR03910,GRL003910,PO03910,POL003910,2026-03-15,LOG-052,500
GR03911,GRL003911,PO03911,POL003911,2026-05-01,MAR-081,1
GR03912,GRL003912,PO03912,POL003912,2026-07-07,PRO-055,10
GR03913,GRL003913,PO03913,POL003913,2026-06-17,LOG-136,100
GR03914,GRL003914,PO03914,POL003914,2026-06-08,MAR-100,10
GR03915,GRL003915,PO03915,POL003915,2026-02-17,FAC-049,250
GR03916,GRL003916,PO03916,POL003916,2026-02-01,LOG-078,2
GR03917,GRL003917,PO03917,POL003917,2026-03-14,FAC-152,100
GR03918,GRL003918,PO03918,POL003918,2026-08-04,LOG-068,2
GR03919,GRL003919,PO03919,POL003919,2026-04-04,MAN-065,20
GR03920,GRL003920,PO03920,POL003920,2026-04-03,MAN-041,2
GR03921,GRL003921,PO03921,POL003921,2026-02-27,UTI-069,1
GR03922,GRL003922,PO03922,POL003922,2026-03-22,LOG-052,5
GR03923,GRL003923,PO03923,POL003923,2026-06-02,UTI-020,20
GR03924,GRL003924,PO03924,POL003924,2026-05-06,MAR-058,50
GR03925,GRL003925,PO03925,POL003925,2026-02-28,OFF-055,2
GR03926,GRL003926,PO03926,POL003926,2026-07-08,LOG-121,250
GR03927,GRL003927,PO03927,POL003927,2026-07-06,MAN-124,250
GR03928,GRL003928,PO03928,POL003928,2026-07-28,OFF-023,2
GR03929,GRL003929,PO03929,POL003929,2026-06-22,MAR-049,500
GR03930,GRL003930,PO03930,POL003930,2026-04-07,OFF-153,20
GR03931,GRL003931,PO03931,POL003931,2026-02-13,IT -093,250
GR03932,GRL003932,PO03932,POL003932,2026-03-29,LOG-078,500
GR03933,GRL003933,PO03933,POL003933,2026-03-18,OFF-131,2
GR03934,GRL003934,PO03934,POL003934,2026-04-23,PRO-088,50
GR03935,GRL003935,PO03935,POL003935,2026-03-23,FAC-081,10
GR03936,GRL003936,PO03936,POL003936,2026-04-04,FAC-094,250
GR03937,GRL003937,PO03937,POL003937,2026-08-29,MAR-086,1
GR03938,GRL003938,PO03938,POL003938,2026-05-20,IT -041,2
GR03939,GRL003939,PO03939,POL003939,2026-04-22,OFF-146,50
GR03940,GRL003940,PO03940,POL003940,2026-04-25,UTI-135,250
GR03941,GRL003941,PO03941,POL003941,2026-04-15,PRO-119,20
GR03942,GRL003942,PO03942,POL003942,2026-06-18,PRO-121,1
GR03943,GRL003943,PO03943,POL003943,2026-07-09,OFF-005,5
GR03944,GRL003944,PO03944,POL003944,2026-02-15,MAN-144,20
GR03945,GRL003945,PO03945,POL003945,2026-08-23,UTI-001,500
GR03946,GRL003946,PO03946,POL003946,2026-07-03,MAR-002,250
GR03947,GRL003947,PO03947,POL003947,2026-06-16,PRO-051,5
GR03948,GRL003948,PO03948,POL003948,2026-08-15,LOG-047,10
GR03949,GRL003949,PO03949,POL003949,2026-04-26,PRO-074,1
GR03950,GRL003950,PO03950,POL003950,2026-06-23,PRO-102,50
GR03951,GRL003951,PO03951,POL003951,2026-05-28,FAC-109,2
GR03952,GRL003952,PO03952,POL003952,2026-03-24,LOG-004,5
GR03953,GRL003953,PO03953,POL003953,2026-07-27,OFF-134,500
GR03954,GRL003954,PO03954,POL003954,2026-03-21,MAN-070,250
GR03955,GRL003955,PO03955,POL003955,2026-02-02,FAC-082,500
GR03956,GRL003956,PO03956,POL003956,2026-08-15,MAR-137,100
GR03957,GRL003957,PO03957,POL003957,2026-02-25,OFF-135,500
GR03958,GRL003958,PO03958,POL003958,2026-06-27,FAC-009,1
GR03959,GRL003959,PO03959,POL003959,2026-04-16,FAC-091,500
GR03960,GRL003960,PO03960,POL003960,2026-06-24,OFF-042,2
GR03961,GRL003961,PO03961,POL003961,2026-02-22,LOG-093,250
GR03962,GRL003962,PO03962,POL003962,2026-02-19,OFF-090,500
GR03963,GRL003963,PO03963,POL003963,2026-06-27,PRO-140,1
GR03964,GRL003964,PO03964,POL003964,2026-04-05,PRO-059,50
GR03965,GRL003965,PO03965,POL003965,2026-04-08,MAR-056,1
GR03966,GRL003966,PO03966,POL003966,2026-07-22,OFF-113,5
GR03967,GRL003967,PO03967,POL003967,2026-04-26,MAR-159,500
GR03968,GRL003968,PO03968,POL003968,2026-06-21,FAC-028,2
GR03969,GRL003969,PO03969,POL003969,2026-07-18,LOG-159,1
GR03970,GRL003970,PO03970,POL003970,2026-01-22,IT -018,20
GR03971,GRL003971,PO03971,POL003971,2026-04-10,IT -083,100
GR03972,GRL003972,PO03972,POL003972,2026-05-23,IT -013,250
GR03973,GRL003973,PO03973,POL003973,2026-07-21,OFF-116,1
GR03974,GRL003974,PO03974,POL003974,2026-08-25,UTI-112,500
GR03975,GRL003975,PO03975,POL003975,2026-05-26,IT -033,20
GR03976,GRL003976,PO03976,POL003976,2026-03-19,IT -065,5
GR03977,GRL003977,PO03977,POL003977,2026-06-14,MAR-099,2
GR03978,GRL003978,PO03978,POL003978,2026-07-13,MAR-093,250
GR03979,GRL003979,PO03979,POL003979,2026-04-20,MAN-060,500
GR03980,GRL003980,PO03980,POL003980,2026-02-15,PRO-061,20
GR03981,GRL003981,PO03981,POL003981,2026-04-02,OFF-019,20
GR03982,GRL003982,PO03982,POL003982,2026-04-25,MAR-131,250
GR03983,GRL003983,PO03983,POL003983,2026-02-21,LOG-017,5
GR03984,GRL003984,PO03984,POL003984,2026-08-23,MAN-112,50
GR03985,GRL003985,PO03985,POL003985,2026-05-16,FAC-010,1
GR03986,GRL003986,PO03986,POL003986,2026-05-02,UTI-092,250
GR03987,GRL003987,PO03987,POL003987,2026-02-26,LOG-013,10
GR03988,GRL003988,PO03988,POL003988,2026-07-23,LOG-072,100
GR03989,GRL003989,PO03989,POL003989,2026-01-31,LOG-156,1
GR03990,GRL003990,PO03990,POL003990,2026-05-21,LOG-018,100
GR03991,GRL003991,PO03991,POL003991,2026-05-30,FAC-041,500
GR03992,GRL003992,PO03992,POL003992,2026-06-16,MAR-019,50
GR03993,GRL003993,PO03993,POL003993,2026-03-14,IT -121,1
GR03994,GRL003994,PO03994,POL003994,2026-04-18,MAN-077,250
GR03995,GRL003995,PO03995,POL003995,2026-06-13,PRO-062,20
GR03996,GRL003996,PO03996,POL003996,2026-03-27,PRO-135,500
GR03997,GRL003997,PO03997,POL003997,2026-03-13,MAR-132,50
GR03998,GRL003998,PO03998,POL003998,2026-05-26,MAN-156,20
GR03999,GRL003999,PO03999,POL003999,2026-03-29,OFF-128,50
GR04000,GRL004000,PO04000,POL004000,2026-05-12,MAN-008,500
GR04001,GRL004001,PO04001,POL004001,2026-07-05,IT -012,2
GR04002,GRL004002,PO04002,POL004002,2026-06-30,PRO-121,2
GR04003,GRL004003,PO04003,POL004003,2026-03-10,IT -099,250
GR04004,GRL004004,PO04004,POL004004,2026-02-15,FAC-100,250
GR04005,GRL004005,PO04005,POL004005,2026-02-14,MAN-078,20
GR04006,GRL004006,PO04006,POL004006,2026-07-22,UTI-117,5
GR04007,GRL004007,PO04007,POL004007,2026-05-20,IT -103,5
GR04008,GRL004008,PO04008,POL004008,2026-04-03,MAN-135,100
GR04009,GRL004009,PO04009,POL004009,2026-04-12,FAC-063,20
GR04010,GRL004010,PO04010,POL004010,2026-08-18,IT -127,100
GR04011,GRL004011,PO04011,POL004011,2026-04-04,OFF-144,100
GR04012,GRL004012,PO04012,POL004012,2026-04-20,UTI-033,10
GR04013,GRL004013,PO04013,POL004013,2026-03-17,PRO-131,100
GR04014,GRL004014,PO04014,POL004014,2026-05-10,OFF-144,20
GR04015,GRL004015,PO04015,POL004015,2026-06-22,OFF-137,10
GR04016,GRL004016,PO04016,POL004016,2026-04-20,MAN-099,10
GR04017,GRL004017,PO04017,POL004017,2026-02-19,OFF-001,1
GR04018,GRL004018,PO04018,POL004018,2026-01-18,LOG-005,50
GR04019,GRL004019,PO04019,POL004019,2026-05-03,LOG-060,5
GR04020,GRL004020,PO04020,POL004020,2026-02-25,IT -099,2
GR04021,GRL004021,PO04021,POL004021,2026-07-14,OFF-123,2
GR04022,GRL004022,PO04022,POL004022,2026-03-14,UTI-076,50
GR04023,GRL004023,PO04023,POL004023,2026-04-19,PRO-019,2
GR04024,GRL004024,PO04024,POL004024,2026-01-09,PRO-097,10
GR04025,GRL004025,PO04025,POL004025,2026-05-19,FAC-149,5
GR04026,GRL004026,PO04026,POL004026,2026-06-01,UTI-116,5
GR04027,GRL004027,PO04027,POL004027,2026-03-12,IT -150,5
GR04028,GRL004028,PO04028,POL004028,2026-04-12,OFF-125,2
GR04029,GRL004029,PO04029,POL004029,2026-02-12,FAC-053,50
GR04030,GRL004030,PO04030,POL004030,2026-08-12,MAR-126,250
GR04031,GRL004031,PO04031,POL004031,2026-05-26,MAN-147,10
GR04032,GRL004032,PO04032,POL004032,2026-07-17,PRO-066,2
GR04033,GRL004033,PO04033,POL004033,2026-05-20,PRO-023,2
GR04034,GRL004034,PO04034,POL004034,2026-07-23,IT -074,50
GR04035,GRL004035,PO04035,POL004035,2026-08-03,FAC-019,1
GR04036,GRL004036,PO04036,POL004036,2026-02-23,LOG-148,1
GR04037,GRL004037,PO04037,POL004037,2026-07-15,UTI-052,100
GR04038,GRL004038,PO04038,POL004038,2026-07-13,OFF-063,250
GR04039,GRL004039,PO04039,POL004039,2026-03-23,UTI-079,500
GR04040,GRL004040,PO04040,POL004040,2026-03-22,FAC-022,250
GR04041,GRL004041,PO04041,POL004041,2026-01-12,IT -055,10
GR04042,GRL004042,PO04042,POL004042,2026-08-08,IT -090,2
GR04043,GRL004043,PO04043,POL004043,2026-07-07,OFF-070,5
GR04044,GRL004044,PO04044,POL004044,2026-02-19,OFF-086,500
GR04045,GRL004045,PO04045,POL004045,2026-04-30,PRO-087,1
GR04046,GRL004046,PO04046,POL004046,2026-03-28,PRO-059,100
GR04047,GRL004047,PO04047,POL004047,2026-08-20,MAN-142,10
GR04048,GRL004048,PO04048,POL004048,2026-07-28,LOG-131,500
GR04049,GRL004049,PO04049,POL004049,2026-04-20,FAC-080,100
GR04050,GRL004050,PO04050,POL004050,2026-02-20,MAN-111,100
GR04051,GRL004051,PO04051,POL004051,2026-06-01,FAC-062,1
GR04052,GRL004052,PO04052,POL004052,2026-01-30,IT -003,10
GR04053,GRL004053,PO04053,POL004053,2026-05-09,PRO-155,2
GR04054,GRL004054,PO04054,POL004054,2026-03-02,OFF-028,100
GR04055,GRL004055,PO04055,POL004055,2026-03-11,MAR-006,10
GR04056,GRL004056,PO04056,POL004056,2026-03-04,LOG-088,10
GR04057,GRL004057,PO04057,POL004057,2026-04-14,OFF-126,50
GR04058,GRL004058,PO04058,POL004058,2026-05-06,OFF-150,10
GR04059,GRL004059,PO04059,POL004059,2026-03-02,OFF-108,20
GR04060,GRL004060,PO04060,POL004060,2026-08-01,OFF-090,500
GR04061,GRL004061,PO04061,POL004061,2026-05-20,LOG-134,100
GR04062,GRL004062,PO04062,POL004062,2026-04-08,OFF-075,2
GR04063,GRL004063,PO04063,POL004063,2026-05-22,UTI-083,250
GR04064,GRL004064,PO04064,POL004064,2026-03-17,FAC-148,2
GR04065,GRL004065,PO04065,POL004065,2026-02-14,FAC-045,100
GR04066,GRL004066,PO04066,POL004066,2026-07-24,FAC-141,10
GR04067,GRL004067,PO04067,POL004067,2026-05-31,IT -157,2
GR04068,GRL004068,PO04068,POL004068,2026-02-18,FAC-113,50
GR04069,GRL004069,PO04069,POL004069,2026-08-11,FAC-069,10
GR04070,GRL004070,PO04070,POL004070,2026-06-05,OFF-153,2
GR04071,GRL004071,PO04071,POL004071,2026-05-07,MAR-090,5
GR04072,GRL004072,PO04072,POL004072,2026-05-17,IT -039,2
GR04073,GRL004073,PO04073,POL004073,2026-03-30,IT -089,250
GR04074,GRL004074,PO04074,POL004074,2026-06-15,PRO-040,5
GR04075,GRL004075,PO04075,POL004075,2026-01-07,IT -105,2
GR04076,GRL004076,PO04076,POL004076,2026-04-27,PRO-056,50
GR04077,GRL004077,PO04077,POL004077,2026-05-05,OFF-103,2
GR04078,GRL004078,PO04078,POL004078,2026-05-28,MAN-078,1
GR04079,GRL004079,PO04079,POL004079,2026-02-01,UTI-067,250
GR04080,GRL004080,PO04080,POL004080,2026-07-23,MAR-134,250
GR04081,GRL004081,PO04081,POL004081,2026-04-28,FAC-121,10
GR04082,GRL004082,PO04082,POL004082,2026-07-08,FAC-059,50
GR04083,GRL004083,PO04083,POL004083,2026-07-08,IT -088,100
GR04084,GRL004084,PO04084,POL004084,2026-01-10,MAN-094,50
GR04085,GRL004085,PO04085,POL004085,2026-05-09,MAR-011,250
GR04086,GRL004086,PO04086,POL004086,2026-06-15,FAC-044,5
GR04087,GRL004087,PO04087,POL004087,2026-04-18,LOG-025,1
GR04088,GRL004088,PO04088,POL004088,2026-07-23,MAR-102,10
GR04089,GRL004089,PO04089,POL004089,2026-04-03,OFF-023,500
GR04090,GRL004090,PO04090,POL004090,2026-04-18,FAC-079,500
GR04091,GRL004091,PO04091,POL004091,2026-01-24,PRO-081,100
GR04092,GRL004092,PO04092,POL004092,2026-05-14,IT -106,10
GR04093,GRL004093,PO04093,POL004093,2026-05-21,PRO-065,50
GR04094,GRL004094,PO04094,POL004094,2026-02-24,OFF-039,10
GR04095,GRL004095,PO04095,POL004095,2026-07-24,MAR-014,20
GR04096,GRL004096,PO04096,POL004096,2026-04-23,PRO-131,10
GR04097,GRL004097,PO04097,POL004097,2026-08-30,IT -091,10
GR04098,GRL004098,PO04098,POL004098,2026-05-02,PRO-130,500
GR04099,GRL004099,PO04099,POL004099,2026-06-04,MAN-051,250
GR04100,GRL004100,PO04100,POL004100,2026-04-06,MAN-039,2
GR04101,GRL004101,PO04101,POL004101,2026-05-16,OFF-067,2
GR04102,GRL004102,PO04102,POL004102,2026-03-05,MAN-101,2
GR04103,GRL004103,PO04103,POL004103,2026-05-22,LOG-034,1
GR04104,GRL004104,PO04104,POL004104,2026-05-23,IT -137,20
GR04105,GRL004105,PO04105,POL004105,2026-08-29,IT -102,100
GR04106,GRL004106,PO04106,POL004106,2026-07-24,IT -085,2
GR04107,GRL004107,PO04107,POL004107,2026-03-30,OFF-028,20
GR04108,GRL004108,PO04108,POL004108,2026-02-22,PRO-138,50
GR04109,GRL004109,PO04109,POL004109,2026-06-01,FAC-107,20
GR04110,GRL004110,PO04110,POL004110,2026-07-23,PRO-008,50
GR04111,GRL004111,PO04111,POL004111,2026-06-18,LOG-119,1
GR04112,GRL004112,PO04112,POL004112,2026-09-19,UTI-066,100
GR04113,GRL004113,PO04113,POL004113,2026-08-06,OFF-036,5
GR04114,GRL004114,PO04114,POL004114,2026-06-26,MAN-037,50
GR04115,GRL004115,PO04115,POL004115,2026-03-22,MAN-056,100
GR04116,GRL004116,PO04116,POL004116,2026-04-23,FAC-033,250
GR04117,GRL004117,PO04117,POL004117,2026-01-21,PRO-063,100
GR04118,GRL004118,PO04118,POL004118,2026-05-07,IT -139,1
GR04119,GRL004119,PO04119,POL004119,2026-04-22,LOG-087,2
GR04120,GRL004120,PO04120,POL004120,2026-08-23,PRO-123,5
GR04121,GRL004121,PO04121,POL004121,2026-07-31,OFF-039,2
GR04122,GRL004122,PO04122,POL004122,2026-03-08,IT -057,100
GR04123,GRL004123,PO04123,POL004123,2026-06-04,FAC-082,250
GR04124,GRL004124,PO04124,POL004124,2026-06-26,UTI-067,50
GR04125,GRL004125,PO04125,POL004125,2026-03-19,OFF-004,20
GR04126,GRL004126,PO04126,POL004126,2026-07-29,UTI-047,500
GR04127,GRL004127,PO04127,POL004127,2026-08-02,LOG-133,250
GR04128,GRL004128,PO04128,POL004128,2026-05-08,MAR-112,500
GR04129,GRL004129,PO04129,POL004129,2026-02-09,IT -078,10
GR04130,GRL004130,PO04130,POL004130,2026-07-06,IT -085,20
GR04131,GRL004131,PO04131,POL004131,2026-08-25,LOG-138,20
GR04132,GRL004132,PO04132,POL004132,2026-03-24,OFF-024,5
GR04133,GRL004133,PO04133,POL004133,2026-04-01,PRO-112,50
GR04134,GRL004134,PO04134,POL004134,2026-04-22,FAC-134,50
GR04135,GRL004135,PO04135,POL004135,2026-06-26,PRO-114,50
GR04136,GRL004136,PO04136,POL004136,2026-02-21,LOG-084,500
GR04137,GRL004137,PO04137,POL004137,2026-06-01,FAC-030,20
GR04138,GRL004138,PO04138,POL004138,2026-03-12,IT -036,100
GR04139,GRL004139,PO04139,POL004139,2026-08-05,IT -074,50
GR04140,GRL004140,PO04140,POL004140,2026-08-03,IT -067,100
GR04141,GRL004141,PO04141,POL004141,2026-02-05,MAN-033,250
GR04142,GRL004142,PO04142,POL004142,2026-08-11,OFF-055,20
GR04143,GRL004143,PO04143,POL004143,2026-02-28,PRO-077,50
GR04144,GRL004144,PO04144,POL004144,2026-07-31,LOG-156,1
GR04145,GRL004145,PO04145,POL004145,2026-06-24,OFF-125,20
GR04146,GRL004146,PO04146,POL004146,2026-06-27,OFF-081,500
GR04147,GRL004147,PO04147,POL004147,2026-01-29,MAR-119,100
GR04148,GRL004148,PO04148,POL004148,2026-09-05,PRO-028,5
GR04149,GRL004149,PO04149,POL004149,2026-02-20,PRO-111,100
GR04150,GRL004150,PO04150,POL004150,2026-02-22,FAC-091,2
GR04151,GRL004151,PO04151,POL004151,2026-03-30,LOG-034,10
GR04152,GRL004152,PO04152,POL004152,2026-08-06,PRO-023,20
GR04153,GRL004153,PO04153,POL004153,2026-07-05,IT -155,2
GR04154,GRL004154,PO04154,POL004154,2026-02-21,MAN-065,1
GR04155,GRL004155,PO04155,POL004155,2026-06-27,UTI-060,20
GR04156,GRL004156,PO04156,POL004156,2026-02-24,UTI-024,10
GR04157,GRL004157,PO04157,POL004157,2026-08-26,PRO-019,20
GR04158,GRL004158,PO04158,POL004158,2026-04-24,OFF-054,2
GR04159,GRL004159,PO04159,POL004159,2026-03-31,IT -148,100
GR04160,GRL004160,PO04160,POL004160,2026-02-01,OFF-062,1
GR04161,GRL004161,PO04161,POL004161,2026-02-20,PRO-129,1
GR04162,GRL004162,PO04162,POL004162,2026-01-16,PRO-106,20
GR04163,GRL004163,PO04163,POL004163,2026-07-15,LOG-018,50
GR04164,GRL004164,PO04164,POL004164,2026-03-14,FAC-087,50
GR04165,GRL004165,PO04165,POL004165,2026-06-09,UTI-050,1
GR04166,GRL004166,PO04166,POL004166,2026-04-19,LOG-122,50
GR04167,GRL004167,PO04167,POL004167,2026-07-09,IT -044,500
GR04168,GRL004168,PO04168,POL004168,2026-05-06,FAC-018,100
GR04169,GRL004169,PO04169,POL004169,2026-06-19,UTI-116,50
GR04170,GRL004170,PO04170,POL004170,2026-06-22,OFF-144,20
GR04171,GRL004171,PO04171,POL004171,2026-01-22,FAC-038,250
GR04172,GRL004172,PO04172,POL004172,2026-03-05,IT -010,250
GR04173,GRL004173,PO04173,POL004173,2026-07-04,FAC-005,5
GR04174,GRL004174,PO04174,POL004174,2026-05-11,FAC-139,100
GR04175,GRL004175,PO04175,POL004175,2026-07-07,MAR-131,500
GR04176,GRL004176,PO04176,POL004176,2026-03-16,OFF-146,1
GR04177,GRL004177,PO04177,POL004177,2026-08-16,LOG-053,100
GR04178,GRL004178,PO04178,POL004178,2026-03-19,OFF-150,100
GR04179,GRL004179,PO04179,POL004179,2026-01-26,OFF-091,250
GR04180,GRL004180,PO04180,POL004180,2026-06-15,UTI-080,20
GR04181,GRL004181,PO04181,POL004181,2026-03-15,LOG-082,100
GR04182,GRL004182,PO04182,POL004182,2026-05-11,UTI-106,500
GR04183,GRL004183,PO04183,POL004183,2026-03-01,FAC-148,50
GR04184,GRL004184,PO04184,POL004184,2026-03-07,MAN-091,500
GR04185,GRL004185,PO04185,POL004185,2026-08-20,MAN-119,2
GR04186,GRL004186,PO04186,POL004186,2026-06-11,FAC-127,5
GR04187,GRL004187,PO04187,POL004187,2026-04-06,FAC-011,500
GR04188,GRL004188,PO04188,POL004188,2026-05-23,IT -058,20
GR04189,GRL004189,PO04189,POL004189,2026-05-14,PRO-082,20
GR04190,GRL004190,PO04190,POL004190,2026-08-22,LOG-118,50
GR04191,GRL004191,PO04191,POL004191,2026-06-12,IT -137,250
GR04192,GRL004192,PO04192,POL004192,2026-05-05,MAR-102,20
GR04193,GRL004193,PO04193,POL004193,2026-01-20,MAR-039,100
GR04194,GRL004194,PO04194,POL004194,2026-03-11,FAC-013,10
GR04195,GRL004195,PO04195,POL004195,2026-05-30,IT -102,50
GR04196,GRL004196,PO04196,POL004196,2026-04-12,LOG-020,1
GR04197,GRL004197,PO04197,POL004197,2026-03-23,FAC-134,250
GR04198,GRL004198,PO04198,POL004198,2026-06-21,UTI-064,2
GR04199,GRL004199,PO04199,POL004199,2026-08-03,OFF-078,2
GR04200,GRL004200,PO04200,POL004200,2026-09-11,LOG-141,100
GR04201,GRL004201,PO04201,POL004201,2026-04-12,OFF-139,2
GR04202,GRL004202,PO04202,POL004202,2026-07-30,UTI-150,10
GR04203,GRL004203,PO04203,POL004203,2026-02-15,MAN-018,2
GR04204,GRL004204,PO04204,POL004204,2026-02-17,IT -151,10
GR04205,GRL004205,PO04205,POL004205,2026-03-28,OFF-013,100
GR04206,GRL004206,PO04206,POL004206,2026-05-11,FAC-112,10
GR04207,GRL004207,PO04207,POL004207,2026-06-04,OFF-078,2
GR04208,GRL004208,PO04208,POL004208,2026-01-11,OFF-015,100
GR04209,GRL004209,PO04209,POL004209,2026-07-29,LOG-073,2
GR04210,GRL004210,PO04210,POL004210,2026-04-10,UTI-111,500
GR04211,GRL004211,PO04211,POL004211,2026-09-18,IT -049,50
GR04212,GRL004212,PO04212,POL004212,2026-07-04,MAR-074,250
GR04213,GRL004213,PO04213,POL004213,2026-03-01,PRO-048,5
GR04214,GRL004214,PO04214,POL004214,2026-03-18,OFF-054,50
GR04215,GRL004215,PO04215,POL004215,2026-06-03,PRO-006,5
GR04216,GRL004216,PO04216,POL004216,2026-02-14,FAC-041,250
GR04217,GRL004217,PO04217,POL004217,2026-06-17,OFF-014,100
GR04218,GRL004218,PO04218,POL004218,2026-02-24,UTI-059,500
GR04219,GRL004219,PO04219,POL004219,2026-04-05,FAC-048,500
GR04220,GRL004220,PO04220,POL004220,2026-03-15,UTI-060,5
GR04221,GRL004221,PO04221,POL004221,2026-06-16,PRO-097,500
GR04222,GRL004222,PO04222,POL004222,2026-05-06,PRO-082,5
GR04223,GRL004223,PO04223,POL004223,2026-03-21,OFF-126,10
GR04224,GRL004224,PO04224,POL004224,2026-04-18,IT -114,1
GR04225,GRL004225,PO04225,POL004225,2026-04-16,UTI-118,500
GR04226,GRL004226,PO04226,POL004226,2026-09-02,FAC-078,20
GR04227,GRL004227,PO04227,POL004227,2026-03-16,UTI-076,10
GR04228,GRL004228,PO04228,POL004228,2026-03-07,MAR-074,50
GR04229,GRL004229,PO04229,POL004229,2026-01-25,LOG-021,250
GR04230,GRL004230,PO04230,POL004230,2026-04-12,OFF-145,50
GR04231,GRL004231,PO04231,POL004231,2026-04-27,IT -005,5
GR04232,GRL004232,PO04232,POL004232,2026-04-02,FAC-139,10
GR04233,GRL004233,PO04233,POL004233,2026-05-10,FAC-020,10
GR04234,GRL004234,PO04234,POL004234,2026-04-26,MAN-013,2
GR04235,GRL004235,PO04235,POL004235,2026-01-25,UTI-020,1
GR04236,GRL004236,PO04236,POL004236,2026-04-09,MAR-027,250
GR04237,GRL004237,PO04237,POL004237,2026-08-04,MAR-156,250
GR04238,GRL004238,PO04238,POL004238,2026-04-16,PRO-120,100
GR04239,GRL004239,PO04239,POL004239,2026-03-23,PRO-159,20
GR04240,GRL004240,PO04240,POL004240,2026-03-03,UTI-140,5
GR04241,GRL004241,PO04241,POL004241,2026-06-08,MAR-001,1
GR04242,GRL004242,PO04242,POL004242,2026-02-23,MAR-148,100
GR04243,GRL004243,PO04243,POL004243,2026-09-05,MAR-003,20
GR04244,GRL004244,PO04244,POL004244,2026-03-14,OFF-103,1
GR04245,GRL004245,PO04245,POL004245,2026-07-01,MAR-071,10
GR04246,GRL004246,PO04246,POL004246,2026-02-16,UTI-106,500
GR04247,GRL004247,PO04247,POL004247,2026-05-23,IT -112,10
GR04248,GRL004248,PO04248,POL004248,2026-01-25,PRO-032,250
GR04249,GRL004249,PO04249,POL004249,2026-01-21,FAC-071,20
GR04250,GRL004250,PO04250,POL004250,2026-07-03,LOG-041,100
GR04251,GRL004251,PO04251,POL004251,2026-08-06,PRO-115,10
GR04252,GRL004252,PO04252,POL004252,2026-02-06,IT -160,100
GR04253,GRL004253,PO04253,POL004253,2026-08-16,OFF-082,1
GR04254,GRL004254,PO04254,POL004254,2026-07-25,LOG-087,100
GR04255,GRL004255,PO04255,POL004255,2026-05-20,LOG-063,50
GR04256,GRL004256,PO04256,POL004256,2026-02-03,MAN-082,10
GR04257,GRL004257,PO04257,POL004257,2026-04-27,LOG-130,2
GR04258,GRL004258,PO04258,POL004258,2026-04-29,UTI-016,500
GR04259,GRL004259,PO04259,POL004259,2026-09-13,UTI-085,5
GR04260,GRL004260,PO04260,POL004260,2026-03-03,IT -058,1
GR04261,GRL004261,PO04261,POL004261,2026-05-19,UTI-107,10
GR04262,GRL004262,PO04262,POL004262,2026-04-17,UTI-138,20
GR04263,GRL004263,PO04263,POL004263,2026-03-10,FAC-080,2
GR04264,GRL004264,PO04264,POL004264,2026-05-18,MAR-080,250
GR04265,GRL004265,PO04265,POL004265,2026-07-24,MAN-003,50
GR04266,GRL004266,PO04266,POL004266,2026-05-16,IT -141,5
GR04267,GRL004267,PO04267,POL004267,2026-07-06,IT -135,500
GR04268,GRL004268,PO04268,POL004268,2026-05-21,UTI-137,500
GR04269,GRL004269,PO04269,POL004269,2026-01-29,PRO-124,5
GR04270,GRL004270,PO04270,POL004270,2026-01-06,OFF-001,5
GR04271,GRL004271,PO04271,POL004271,2026-08-05,MAN-012,250
GR04272,GRL004272,PO04272,POL004272,2026-01-31,MAN-109,500
GR04273,GRL004273,PO04273,POL004273,2026-01-28,MAR-142,100
GR04274,GRL004274,PO04274,POL004274,2026-02-02,UTI-048,5
GR04275,GRL004275,PO04275,POL004275,2026-07-29,OFF-012,500
GR04276,GRL004276,PO04276,POL004276,2026-01-19,MAN-006,5
GR04277,GRL004277,PO04277,POL004277,2026-02-05,PRO-077,50
GR04278,GRL004278,PO04278,POL004278,2026-03-31,MAR-040,5
GR04279,GRL004279,PO04279,POL004279,2026-02-23,IT -027,1
GR04280,GRL004280,PO04280,POL004280,2026-05-31,FAC-082,1
GR04281,GRL004281,PO04281,POL004281,2026-05-22,OFF-010,10
GR04282,GRL004282,PO04282,POL004282,2026-09-18,OFF-029,2
GR04283,GRL004283,PO04283,POL004283,2026-04-21,MAR-061,1
GR04284,GRL004284,PO04284,POL004284,2026-06-26,MAN-125,100
GR04285,GRL004285,PO04285,POL004285,2026-05-05,FAC-146,500
GR04286,GRL004286,PO04286,POL004286,2026-08-17,PRO-111,5
GR04287,GRL004287,PO04287,POL004287,2026-03-31,PRO-069,50
GR04288,GRL004288,PO04288,POL004288,2026-02-14,IT -124,1
GR04289,GRL004289,PO04289,POL004289,2026-05-25,OFF-114,50
GR04290,GRL004290,PO04290,POL004290,2026-07-24,UTI-038,10
GR04291,GRL004291,PO04291,POL004291,2026-02-12,UTI-045,5
GR04292,GRL004292,PO04292,POL004292,2026-05-20,LOG-027,250
GR04293,GRL004293,PO04293,POL004293,2026-04-05,IT -153,2
GR04294,GRL004294,PO04294,POL004294,2026-03-25,LOG-150,50
GR04295,GRL004295,PO04295,POL004295,2026-04-29,OFF-101,1
GR04296,GRL004296,PO04296,POL004296,2026-01-31,MAR-107,10
GR04297,GRL004297,PO04297,POL004297,2026-05-22,OFF-127,20
GR04298,GRL004298,PO04298,POL004298,2026-06-09,OFF-093,50
GR04299,GRL004299,PO04299,POL004299,2026-06-19,FAC-150,20
GR04300,GRL004300,PO04300,POL004300,2026-06-24,FAC-071,100
GR04301,GRL004301,PO04301,POL004301,2026-08-18,FAC-069,2
GR04302,GRL004302,PO04302,POL004302,2026-08-29,OFF-159,250
GR04303,GRL004303,PO04303,POL004303,2026-08-20,OFF-127,500
GR04304,GRL004304,PO04304,POL004304,2026-07-17,PRO-147,20
GR04305,GRL004305,PO04305,POL004305,2026-04-26,FAC-147,10
GR04306,GRL004306,PO04306,POL004306,2026-07-15,OFF-152,10
GR04307,GRL004307,PO04307,POL004307,2026-04-16,PRO-125,20
GR04308,GRL004308,PO04308,POL004308,2026-07-04,OFF-160,5
GR04309,GRL004309,PO04309,POL004309,2026-06-11,IT -031,1
GR04310,GRL004310,PO04310,POL004310,2026-08-01,PRO-070,100
GR04311,GRL004311,PO04311,POL004311,2026-07-25,MAN-086,5
GR04312,GRL004312,PO04312,POL004312,2026-07-26,UTI-007,2
GR04313,GRL004313,PO04313,POL004313,2026-08-05,UTI-033,500
GR04314,GRL004314,PO04314,POL004314,2026-03-31,MAR-028,5
GR04315,GRL004315,PO04315,POL004315,2026-08-28,UTI-073,100
GR04316,GRL004316,PO04316,POL004316,2026-05-10,LOG-140,20
GR04317,GRL004317,PO04317,POL004317,2026-03-01,PRO-141,20
GR04318,GRL004318,PO04318,POL004318,2026-07-23,OFF-027,50
GR04319,GRL004319,PO04319,POL004319,2026-06-28,OFF-024,20
GR04320,GRL004320,PO04320,POL004320,2026-06-09,IT -117,100
GR04321,GRL004321,PO04321,POL004321,2026-04-05,LOG-056,1
GR04322,GRL004322,PO04322,POL004322,2026-05-22,FAC-133,1
GR04323,GRL004323,PO04323,POL004323,2026-06-19,UTI-124,5
GR04324,GRL004324,PO04324,POL004324,2026-05-12,OFF-114,1
GR04325,GRL004325,PO04325,POL004325,2026-02-14,LOG-059,5
GR04326,GRL004326,PO04326,POL004326,2026-05-13,UTI-063,20
GR04327,GRL004327,PO04327,POL004327,2026-03-05,OFF-056,2
GR04328,GRL004328,PO04328,POL004328,2026-05-26,MAN-050,250
GR04329,GRL004329,PO04329,POL004329,2026-04-02,IT -004,10
GR04330,GRL004330,PO04330,POL004330,2026-06-21,PRO-085,20
GR04331,GRL004331,PO04331,POL004331,2026-04-23,MAR-028,10
GR04332,GRL004332,PO04332,POL004332,2026-07-02,OFF-055,10
GR04333,GRL004333,PO04333,POL004333,2026-08-26,FAC-066,20
GR04334,GRL004334,PO04334,POL004334,2026-03-31,MAR-042,2
GR04335,GRL004335,PO04335,POL004335,2026-07-30,IT -086,10
GR04336,GRL004336,PO04336,POL004336,2026-02-19,LOG-135,250
GR04337,GRL004337,PO04337,POL004337,2026-08-12,LOG-145,20
GR04338,GRL004338,PO04338,POL004338,2026-03-14,MAR-130,10
GR04339,GRL004339,PO04339,POL004339,2026-06-04,OFF-066,20
GR04340,GRL004340,PO04340,POL004340,2026-01-26,IT -054,50
GR04341,GRL004341,PO04341,POL004341,2026-03-31,MAN-095,5
GR04342,GRL004342,PO04342,POL004342,2026-04-02,PRO-019,1
GR04343,GRL004343,PO04343,POL004343,2026-07-01,IT -043,250
GR04344,GRL004344,PO04344,POL004344,2026-05-05,IT -116,10
GR04345,GRL004345,PO04345,POL004345,2026-08-07,OFF-099,5
GR04346,GRL004346,PO04346,POL004346,2026-09-02,LOG-018,20
GR04347,GRL004347,PO04347,POL004347,2026-07-17,OFF-111,5
GR04348,GRL004348,PO04348,POL004348,2026-05-11,UTI-031,100
GR04349,GRL004349,PO04349,POL004349,2026-03-09,MAN-138,2
GR04350,GRL004350,PO04350,POL004350,2026-06-14,OFF-137,50
GR04351,GRL004351,PO04351,POL004351,2026-05-21,OFF-112,2
GR04352,GRL004352,PO04352,POL004352,2026-06-26,IT -104,100
GR04353,GRL004353,PO04353,POL004353,2026-05-15,LOG-097,50
GR04354,GRL004354,PO04354,POL004354,2026-05-18,LOG-039,50
GR04355,GRL004355,PO04355,POL004355,2026-04-18,OFF-118,1
GR04356,GRL004356,PO04356,POL004356,2026-07-04,IT -076,500
GR04357,GRL004357,PO04357,POL004357,2026-05-02,PRO-085,20
GR04358,GRL004358,PO04358,POL004358,2026-05-04,MAR-082,500
GR04359,GRL004359,PO04359,POL004359,2026-09-23,FAC-036,250
GR04360,GRL004360,PO04360,POL004360,2026-01-15,MAN-090,1
GR04361,GRL004361,PO04361,POL004361,2026-08-03,UTI-090,1
GR04362,GRL004362,PO04362,POL004362,2026-08-17,LOG-079,2
GR04363,GRL004363,PO04363,POL004363,2026-06-30,PRO-016,250
GR04364,GRL004364,PO04364,POL004364,2026-05-14,PRO-157,20
GR04365,GRL004365,PO04365,POL004365,2026-03-26,PRO-113,500
GR04366,GRL004366,PO04366,POL004366,2026-02-23,OFF-104,100
GR04367,GRL004367,PO04367,POL004367,2026-04-23,PRO-032,500
GR04368,GRL004368,PO04368,POL004368,2026-05-12,PRO-062,20
GR04369,GRL004369,PO04369,POL004369,2026-03-22,LOG-026,500
GR04370,GRL004370,PO04370,POL004370,2026-06-23,FAC-069,20
GR04371,GRL004371,PO04371,POL004371,2026-09-03,FAC-049,2
GR04372,GRL004372,PO04372,POL004372,2026-08-21,MAN-058,2
GR04373,GRL004373,PO04373,POL004373,2026-05-27,LOG-128,2
GR04374,GRL004374,PO04374,POL004374,2026-06-21,IT -106,5
GR04375,GRL004375,PO04375,POL004375,2026-05-01,LOG-055,50
GR04376,GRL004376,PO04376,POL004376,2026-04-20,UTI-022,500
GR04377,GRL004377,PO04377,POL004377,2026-02-06,PRO-112,5
GR04378,GRL004378,PO04378,POL004378,2026-05-02,UTI-138,250
GR04379,GRL004379,PO04379,POL004379,2026-04-01,MAR-086,10
GR04380,GRL004380,PO04380,POL004380,2026-05-26,IT -042,1
GR04381,GRL004381,PO04381,POL004381,2026-03-25,MAR-138,250
GR04382,GRL004382,PO04382,POL004382,2026-05-11,FAC-145,250
GR04383,GRL004383,PO04383,POL004383,2026-04-16,FAC-115,50
GR04384,GRL004384,PO04384,POL004384,2026-04-13,MAN-041,100
GR04385,GRL004385,PO04385,POL004385,2026-03-01,FAC-011,2
GR04386,GRL004386,PO04386,POL004386,2026-08-24,MAR-091,100
GR04387,GRL004387,PO04387,POL004387,2026-07-30,LOG-069,20
GR04388,GRL004388,PO04388,POL004388,2026-06-16,FAC-106,250
GR04389,GRL004389,PO04389,POL004389,2026-01-09,FAC-091,2
GR04390,GRL004390,PO04390,POL004390,2026-05-31,PRO-093,500
GR04391,GRL004391,PO04391,POL004391,2026-09-05,PRO-096,1
GR04392,GRL004392,PO04392,POL004392,2026-05-16,PRO-125,250
GR04393,GRL004393,PO04393,POL004393,2026-08-01,PRO-031,500
GR04394,GRL004394,PO04394,POL004394,2026-07-08,PRO-125,20
GR04395,GRL004395,PO04395,POL004395,2026-05-31,IT -105,100
GR04396,GRL004396,PO04396,POL004396,2026-03-21,LOG-063,500
GR04397,GRL004397,PO04397,POL004397,2026-06-30,LOG-120,1
GR04398,GRL004398,PO04398,POL004398,2026-02-25,MAN-025,250
GR04399,GRL004399,PO04399,POL004399,2026-08-01,OFF-019,5
GR04400,GRL004400,PO04400,POL004400,2026-05-02,MAN-048,500
GR04401,GRL004401,PO04401,POL004401,2026-04-25,IT -062,5
GR04402,GRL004402,PO04402,POL004402,2026-08-14,PRO-131,50
GR04403,GRL004403,PO04403,POL004403,2026-06-30,PRO-122,100
GR04404,GRL004404,PO04404,POL004404,2026-06-27,FAC-054,500
GR04405,GRL004405,PO04405,POL004405,2026-09-04,MAN-057,50
GR04406,GRL004406,PO04406,POL004406,2026-06-19,UTI-083,1
GR04407,GRL004407,PO04407,POL004407,2026-06-02,MAR-142,100
GR04408,GRL004408,PO04408,POL004408,2026-03-23,OFF-001,100
GR04409,GRL004409,PO04409,POL004409,2026-04-12,PRO-118,1
GR04410,GRL004410,PO04410,POL004410,2026-01-30,OFF-033,1
GR04411,GRL004411,PO04411,POL004411,2026-05-19,OFF-143,500
GR04412,GRL004412,PO04412,POL004412,2026-04-18,MAR-063,500
GR04413,GRL004413,PO04413,POL004413,2026-04-22,FAC-004,2
GR04414,GRL004414,PO04414,POL004414,2026-03-21,MAN-142,20
GR04415,GRL004415,PO04415,POL004415,2026-07-28,UTI-158,500
GR04416,GRL004416,PO04416,POL004416,2026-06-11,OFF-006,2
GR04417,GRL004417,PO04417,POL004417,2026-07-24,OFF-088,10
GR04418,GRL004418,PO04418,POL004418,2026-09-14,PRO-012,500
GR04419,GRL004419,PO04419,POL004419,2026-03-20,LOG-146,20
GR04420,GRL004420,PO04420,POL004420,2026-05-23,UTI-141,2
GR04421,GRL004421,PO04421,POL004421,2026-04-14,UTI-156,1
GR04422,GRL004422,PO04422,POL004422,2026-06-18,PRO-044,20
GR04423,GRL004423,PO04423,POL004423,2026-04-03,MAR-084,2
GR04424,GRL004424,PO04424,POL004424,2026-06-20,PRO-069,10
GR04425,GRL004425,PO04425,POL004425,2026-05-26,UTI-156,100
GR04426,GRL004426,PO04426,POL004426,2026-03-26,LOG-007,20
GR04427,GRL004427,PO04427,POL004427,2026-03-24,PRO-042,10
GR04428,GRL004428,PO04428,POL004428,2026-02-23,LOG-050,100
GR04429,GRL004429,PO04429,POL004429,2026-05-03,MAN-096,500
GR04430,GRL004430,PO04430,POL004430,2026-06-24,PRO-116,500
GR04431,GRL004431,PO04431,POL004431,2026-04-28,IT -075,250
GR04432,GRL004432,PO04432,POL004432,2026-02-12,PRO-158,10
GR04433,GRL004433,PO04433,POL004433,2026-02-16,MAN-062,50
GR04434,GRL004434,PO04434,POL004434,2026-04-19,IT -060,250
GR04435,GRL004435,PO04435,POL004435,2026-05-03,IT -092,5
GR04436,GRL004436,PO04436,POL004436,2026-02-02,OFF-144,5
GR04437,GRL004437,PO04437,POL004437,2026-02-27,OFF-130,50
GR04438,GRL004438,PO04438,POL004438,2026-01-28,LOG-159,5
GR04439,GRL004439,PO04439,POL004439,2026-07-07,IT -146,1
GR04440,GRL004440,PO04440,POL004440,2026-06-01,OFF-028,10
GR04441,GRL004441,PO04441,POL004441,2026-08-27,LOG-103,5
GR04442,GRL004442,PO04442,POL004442,2026-08-27,MAN-119,2
GR04443,GRL004443,PO04443,POL004443,2026-06-19,UTI-010,20
GR04444,GRL004444,PO04444,POL004444,2026-03-28,UTI-159,500
GR04445,GRL004445,PO04445,POL004445,2026-02-22,PRO-131,20
GR04446,GRL004446,PO04446,POL004446,2026-08-03,UTI-109,10
GR04447,GRL004447,PO04447,POL004447,2026-08-03,UTI-039,250
GR04448,GRL004448,PO04448,POL004448,2026-03-16,IT -004,1
GR04449,GRL004449,PO04449,POL004449,2026-06-13,LOG-041,20
GR04450,GRL004450,PO04450,POL004450,2026-05-08,FAC-080,2
GR04451,GRL004451,PO04451,POL004451,2026-08-21,PRO-036,50
GR04452,GRL004452,PO04452,POL004452,2026-08-29,UTI-049,10
GR04453,GRL004453,PO04453,POL004453,2026-03-17,PRO-141,500
GR04454,GRL004454,PO04454,POL004454,2026-09-16,MAR-026,500
GR04455,GRL004455,PO04455,POL004455,2026-02-15,IT -061,2
GR04456,GRL004456,PO04456,POL004456,2026-03-17,UTI-080,500
GR04457,GRL004457,PO04457,POL004457,2026-08-13,FAC-009,500
GR04458,GRL004458,PO04458,POL004458,2026-05-08,FAC-095,5
GR04459,GRL004459,PO04459,POL004459,2026-04-22,LOG-160,250
GR04460,GRL004460,PO04460,POL004460,2026-08-02,PRO-049,20
GR04461,GRL004461,PO04461,POL004461,2026-02-26,MAN-059,5
GR04462,GRL004462,PO04462,POL004462,2026-04-12,FAC-128,500
GR04463,GRL004463,PO04463,POL004463,2026-04-28,MAN-141,50
GR04464,GRL004464,PO04464,POL004464,2026-06-25,IT -057,5
GR04465,GRL004465,PO04465,POL004465,2026-04-24,PRO-098,500
GR04466,GRL004466,PO04466,POL004466,2026-06-08,OFF-154,100
GR04467,GRL004467,PO04467,POL004467,2026-05-06,UTI-113,20
GR04468,GRL004468,PO04468,POL004468,2026-05-08,MAN-063,100
GR04469,GRL004469,PO04469,POL004469,2026-07-03,MAR-053,500
GR04470,GRL004470,PO04470,POL004470,2026-05-15,FAC-062,20
GR04471,GRL004471,PO04471,POL004471,2026-04-30,LOG-009,20
GR04472,GRL004472,PO04472,POL004472,2026-06-01,UTI-007,50
GR04473,GRL004473,PO04473,POL004473,2026-02-19,PRO-127,10
GR04474,GRL004474,PO04474,POL004474,2026-04-11,PRO-118,20
GR04475,GRL004475,PO04475,POL004475,2026-06-08,IT -160,500
GR04476,GRL004476,PO04476,POL004476,2026-07-29,MAR-127,2
GR04477,GRL004477,PO04477,POL004477,2026-06-27,MAR-028,10
GR04478,GRL004478,PO04478,POL004478,2026-06-24,IT -144,1
GR04479,GRL004479,PO04479,POL004479,2026-06-01,PRO-078,500
GR04480,GRL004480,PO04480,POL004480,2026-08-12,OFF-033,100
GR04481,GRL004481,PO04481,POL004481,2026-03-16,PRO-025,250
GR04482,GRL004482,PO04482,POL004482,2026-07-08,LOG-054,250
GR04483,GRL004483,PO04483,POL004483,2026-03-26,MAR-103,100
GR04484,GRL004484,PO04484,POL004484,2026-04-18,OFF-021,1
GR04485,GRL004485,PO04485,POL004485,2026-02-10,OFF-155,10
GR04486,GRL004486,PO04486,POL004486,2026-03-26,MAR-135,10
GR04487,GRL004487,PO04487,POL004487,2026-06-13,PRO-091,50
GR04488,GRL004488,PO04488,POL004488,2026-07-28,MAR-120,10
GR04489,GRL004489,PO04489,POL004489,2026-07-01,LOG-090,250
GR04490,GRL004490,PO04490,POL004490,2026-04-19,MAN-118,500
GR04491,GRL004491,PO04491,POL004491,2026-03-29,MAN-065,100
GR04492,GRL004492,PO04492,POL004492,2026-02-07,MAR-060,500
GR04493,GRL004493,PO04493,POL004493,2026-02-01,IT -130,1
GR04494,GRL004494,PO04494,POL004494,2026-07-04,MAN-132,2
GR04495,GRL004495,PO04495,POL004495,2026-05-19,UTI-119,10
GR04496,GRL004496,PO04496,POL004496,2026-05-19,IT -160,500
GR04497,GRL004497,PO04497,POL004497,2026-03-05,MAN-044,10
GR04498,GRL004498,PO04498,POL004498,2026-04-14,MAR-133,10
GR04499,GRL004499,PO04499,POL004499,2026-01-26,PRO-089,20
GR04500,GRL004500,PO04500,POL004500,2026-02-27,IT -042,10
GR04501,GRL004501,PO04501,POL004501,2026-08-03,MAN-029,100
GR04502,GRL004502,PO04502,POL004502,2026-05-13,OFF-023,100
GR04503,GRL004503,PO04503,POL004503,2026-04-21,LOG-041,500
GR04504,GRL004504,PO04504,POL004504,2026-08-29,FAC-106,2
GR04505,GRL004505,PO04505,POL004505,2026-08-11,IT -144,1
GR04506,GRL004506,PO04506,POL004506,2026-01-15,OFF-094,250
GR04507,GRL004507,PO04507,POL004507,2026-03-30,OFF-087,5
GR04508,GRL004508,PO04508,POL004508,2026-02-17,UTI-058,10
GR04509,GRL004509,PO04509,POL004509,2026-04-02,IT -035,100
GR04510,GRL004510,PO04510,POL004510,2026-05-24,MAN-154,5
GR04511,GRL004511,PO04511,POL004511,2026-04-01,LOG-107,2
GR04512,GRL004512,PO04512,POL004512,2026-03-23,MAN-056,2
GR04513,GRL004513,PO04513,POL004513,2026-05-15,OFF-139,1
GR04514,GRL004514,PO04514,POL004514,2026-01-15,LOG-004,10
GR04515,GRL004515,PO04515,POL004515,2026-06-01,OFF-066,50
GR04516,GRL004516,PO04516,POL004516,2026-08-11,OFF-042,250
GR04517,GRL004517,PO04517,POL004517,2026-05-18,OFF-066,5
GR04518,GRL004518,PO04518,POL004518,2026-06-15,UTI-082,10
GR04519,GRL004519,PO04519,POL004519,2026-08-22,IT -078,100
GR04520,GRL004520,PO04520,POL004520,2026-03-11,UTI-150,500
GR04521,GRL004521,PO04521,POL004521,2026-06-23,PRO-119,500
GR04522,GRL004522,PO04522,POL004522,2026-04-30,MAR-149,20
GR04523,GRL004523,PO04523,POL004523,2026-07-09,IT -026,50
GR04524,GRL004524,PO04524,POL004524,2026-02-26,MAN-089,5
GR04525,GRL004525,PO04525,POL004525,2026-02-19,FAC-104,10
GR04526,GRL004526,PO04526,POL004526,2026-02-09,LOG-090,1
GR04527,GRL004527,PO04527,POL004527,2026-03-08,UTI-157,1
GR04528,GRL004528,PO04528,POL004528,2026-08-10,FAC-096,20
GR04529,GRL004529,PO04529,POL004529,2026-03-31,MAN-036,10
GR04530,GRL004530,PO04530,POL004530,2026-08-26,MAR-009,5
GR04531,GRL004531,PO04531,POL004531,2026-05-19,OFF-146,2
GR04532,GRL004532,PO04532,POL004532,2026-06-30,OFF-096,100
GR04533,GRL004533,PO04533,POL004533,2026-08-16,FAC-136,1
GR04534,GRL004534,PO04534,POL004534,2026-02-23,FAC-002,250
GR04535,GRL004535,PO04535,POL004535,2026-03-17,UTI-005,100
GR04536,GRL004536,PO04536,POL004536,2026-01-29,IT -087,20
GR04537,GRL004537,PO04537,POL004537,2026-08-29,OFF-123,20
GR04538,GRL004538,PO04538,POL004538,2026-06-15,MAR-002,50
GR04539,GRL004539,PO04539,POL004539,2026-08-28,MAN-006,250
GR04540,GRL004540,PO04540,POL004540,2026-03-11,IT -005,500
GR04541,GRL004541,PO04541,POL004541,2026-01-15,IT -092,20
GR04542,GRL004542,PO04542,POL004542,2026-04-23,OFF-140,50
GR04543,GRL004543,PO04543,POL004543,2026-07-17,IT -009,2
GR04544,GRL004544,PO04544,POL004544,2026-05-20,FAC-053,500
GR04545,GRL004545,PO04545,POL004545,2026-08-07,PRO-071,1
GR04546,GRL004546,PO04546,POL004546,2026-07-08,LOG-114,1
GR04547,GRL004547,PO04547,POL004547,2026-04-27,MAN-025,250
GR04548,GRL004548,PO04548,POL004548,2026-06-28,PRO-024,2
GR04549,GRL004549,PO04549,POL004549,2026-03-10,IT -150,250
GR04550,GRL004550,PO04550,POL004550,2026-05-30,IT -125,2
GR04551,GRL004551,PO04551,POL004551,2026-05-01,PRO-138,10
GR04552,GRL004552,PO04552,POL004552,2026-04-05,PRO-056,50
GR04553,GRL004553,PO04553,POL004553,2026-07-23,IT -067,10
GR04554,GRL004554,PO04554,POL004554,2026-03-17,PRO-047,250
GR04555,GRL004555,PO04555,POL004555,2026-07-21,MAR-020,20
GR04556,GRL004556,PO04556,POL004556,2026-05-16,MAR-041,250
GR04557,GRL004557,PO04557,POL004557,2026-01-30,FAC-159,2
GR04558,GRL004558,PO04558,POL004558,2026-05-15,MAN-082,250
GR04559,GRL004559,PO04559,POL004559,2026-03-22,IT -004,5
GR04560,GRL004560,PO04560,POL004560,2026-03-12,MAN-152,20
GR04561,GRL004561,PO04561,POL004561,2026-08-30,MAN-062,10
GR04562,GRL004562,PO04562,POL004562,2026-04-06,MAN-121,1
GR04563,GRL004563,PO04563,POL004563,2026-03-04,MAN-032,250
GR04564,GRL004564,PO04564,POL004564,2026-05-02,IT -083,100
GR04565,GRL004565,PO04565,POL004565,2026-04-05,LOG-073,5
GR04566,GRL004566,PO04566,POL004566,2026-07-25,FAC-088,10
GR04567,GRL004567,PO04567,POL004567,2026-06-10,MAR-062,250
GR04568,GRL004568,PO04568,POL004568,2026-06-02,PRO-001,20
GR04569,GRL004569,PO04569,POL004569,2026-06-02,OFF-113,20
GR04570,GRL004570,PO04570,POL004570,2026-03-31,OFF-136,20
GR04571,GRL004571,PO04571,POL004571,2026-07-26,OFF-004,2
GR04572,GRL004572,PO04572,POL004572,2026-05-28,LOG-087,500
GR04573,GRL004573,PO04573,POL004573,2026-07-28,PRO-157,500
GR04574,GRL004574,PO04574,POL004574,2026-06-24,IT -087,500
GR04575,GRL004575,PO04575,POL004575,2026-02-23,FAC-146,500
GR04576,GRL004576,PO04576,POL004576,2026-02-28,MAR-135,100
GR04577,GRL004577,PO04577,POL004577,2026-05-08,LOG-113,10
GR04578,GRL004578,PO04578,POL004578,2026-05-21,IT -079,50
GR04579,GRL004579,PO04579,POL004579,2026-02-28,MAR-060,5
GR04580,GRL004580,PO04580,POL004580,2026-06-05,FAC-097,250
GR04581,GRL004581,PO04581,POL004581,2026-02-23,OFF-150,5
GR04582,GRL004582,PO04582,POL004582,2026-03-01,MAN-124,1
GR04583,GRL004583,PO04583,POL004583,2026-04-14,FAC-032,10
GR04584,GRL004584,PO04584,POL004584,2026-07-12,LOG-057,500
GR04585,GRL004585,PO04585,POL004585,2026-07-23,MAN-107,5
GR04586,GRL004586,PO04586,POL004586,2026-07-13,FAC-082,20
GR04587,GRL004587,PO04587,POL004587,2026-07-12,LOG-055,1
GR04588,GRL004588,PO04588,POL004588,2026-03-25,UTI-082,250
GR04589,GRL004589,PO04589,POL004589,2026-06-16,LOG-131,5
GR04590,GRL004590,PO04590,POL004590,2026-03-19,LOG-140,10
GR04591,GRL004591,PO04591,POL004591,2026-02-23,MAN-104,500
GR04592,GRL004592,PO04592,POL004592,2026-05-02,FAC-051,2
GR04593,GRL004593,PO04593,POL004593,2026-06-01,PRO-004,20
GR04594,GRL004594,PO04594,POL004594,2026-08-28,LOG-097,2
GR04595,GRL004595,PO04595,POL004595,2026-08-14,UTI-032,250
GR04596,GRL004596,PO04596,POL004596,2026-05-21,MAR-031,250
GR04597,GRL004597,PO04597,POL004597,2026-06-03,MAR-047,5
GR04598,GRL004598,PO04598,POL004598,2026-07-04,MAN-100,100
GR04599,GRL004599,PO04599,POL004599,2026-08-10,UTI-151,100
GR04600,GRL004600,PO04600,POL004600,2026-05-08,PRO-066,250
GR04601,GRL004601,PO04601,POL004601,2026-08-26,OFF-018,50
GR04602,GRL004602,PO04602,POL004602,2026-07-12,OFF-033,2
GR04603,GRL004603,PO04603,POL004603,2026-06-10,PRO-025,10
GR04604,GRL004604,PO04604,POL004604,2026-05-22,MAN-138,20
GR04605,GRL004605,PO04605,POL004605,2026-02-23,FAC-014,50
GR04606,GRL004606,PO04606,POL004606,2026-02-13,LOG-024,100
GR04607,GRL004607,PO04607,POL004607,2026-01-17,LOG-121,500
GR04608,GRL004608,PO04608,POL004608,2026-02-26,MAN-070,100
GR04609,GRL004609,PO04609,POL004609,2026-07-21,UTI-055,500
GR04610,GRL004610,PO04610,POL004610,2026-07-04,FAC-095,500
GR04611,GRL004611,PO04611,POL004611,2026-05-08,FAC-066,250
GR04612,GRL004612,PO04612,POL004612,2026-05-17,MAR-092,2
GR04613,GRL004613,PO04613,POL004613,2026-04-20,IT -080,100
GR04614,GRL004614,PO04614,POL004614,2026-07-04,IT -144,250
GR04615,GRL004615,PO04615,POL004615,2026-02-03,LOG-018,50
GR04616,GRL004616,PO04616,POL004616,2026-05-10,IT -144,50
GR04617,GRL004617,PO04617,POL004617,2026-07-28,FAC-106,500
GR04618,GRL004618,PO04618,POL004618,2026-06-23,OFF-149,50
GR04619,GRL004619,PO04619,POL004619,2026-08-24,LOG-135,10
GR04620,GRL004620,PO04620,POL004620,2026-05-07,IT -068,100
GR04621,GRL004621,PO04621,POL004621,2026-04-17,LOG-153,20
GR04622,GRL004622,PO04622,POL004622,2026-02-19,UTI-112,10
GR04623,GRL004623,PO04623,POL004623,2026-04-09,IT -005,2
GR04624,GRL004624,PO04624,POL004624,2026-02-04,IT -052,20
GR04625,GRL004625,PO04625,POL004625,2026-05-01,OFF-158,20
GR04626,GRL004626,PO04626,POL004626,2026-06-24,IT -017,50
GR04627,GRL004627,PO04627,POL004627,2026-08-09,UTI-044,100
GR04628,GRL004628,PO04628,POL004628,2026-03-14,IT -144,100
GR04629,GRL004629,PO04629,POL004629,2026-06-02,OFF-105,250
GR04630,GRL004630,PO04630,POL004630,2026-03-12,FAC-117,50
GR04631,GRL004631,PO04631,POL004631,2026-06-28,OFF-053,250
GR04632,GRL004632,PO04632,POL004632,2026-08-11,MAR-062,1
GR04633,GRL004633,PO04633,POL004633,2026-03-01,OFF-077,500
GR04634,GRL004634,PO04634,POL004634,2026-07-23,LOG-066,500
GR04635,GRL004635,PO04635,POL004635,2026-03-25,PRO-117,50
GR04636,GRL004636,PO04636,POL004636,2026-07-25,LOG-016,2
GR04637,GRL004637,PO04637,POL004637,2026-08-31,IT -016,10
GR04638,GRL004638,PO04638,POL004638,2026-05-19,PRO-131,250
GR04639,GRL004639,PO04639,POL004639,2026-02-23,MAN-038,50
GR04640,GRL004640,PO04640,POL004640,2026-04-29,FAC-113,2
GR04641,GRL004641,PO04641,POL004641,2026-03-15,OFF-060,250
GR04642,GRL004642,PO04642,POL004642,2026-05-26,PRO-054,50
GR04643,GRL004643,PO04643,POL004643,2026-02-16,MAN-110,2
GR04644,GRL004644,PO04644,POL004644,2026-03-15,OFF-092,2
GR04645,GRL004645,PO04645,POL004645,2026-08-01,FAC-065,2
GR04646,GRL004646,PO04646,POL004646,2026-03-16,FAC-082,5
GR04647,GRL004647,PO04647,POL004647,2026-04-29,IT -097,250
GR04648,GRL004648,PO04648,POL004648,2026-04-03,FAC-102,5
GR04649,GRL004649,PO04649,POL004649,2026-05-20,PRO-122,500
GR04650,GRL004650,PO04650,POL004650,2026-04-16,MAR-046,5
GR04651,GRL004651,PO04651,POL004651,2026-05-02,LOG-004,5
GR04652,GRL004652,PO04652,POL004652,2026-03-25,FAC-035,1
GR04653,GRL004653,PO04653,POL004653,2026-07-12,MAN-042,500
GR04654,GRL004654,PO04654,POL004654,2026-01-28,IT -102,500
GR04655,GRL004655,PO04655,POL004655,2026-06-09,FAC-074,5
GR04656,GRL004656,PO04656,POL004656,2026-03-28,MAR-148,100
GR04657,GRL004657,PO04657,POL004657,2026-02-26,FAC-006,10
GR04658,GRL004658,PO04658,POL004658,2026-05-31,MAR-082,2
GR04659,GRL004659,PO04659,POL004659,2026-07-02,MAN-019,250
GR04660,GRL004660,PO04660,POL004660,2026-06-13,MAN-034,2
GR04661,GRL004661,PO04661,POL004661,2026-04-14,IT -042,500
GR04662,GRL004662,PO04662,POL004662,2026-02-10,LOG-014,2
GR04663,GRL004663,PO04663,POL004663,2026-08-01,PRO-020,500
GR04664,GRL004664,PO04664,POL004664,2026-04-06,MAN-079,500
GR04665,GRL004665,PO04665,POL004665,2026-06-04,MAR-100,100
GR04666,GRL004666,PO04666,POL004666,2026-08-02,LOG-039,250
GR04667,GRL004667,PO04667,POL004667,2026-08-08,MAN-133,5
GR04668,GRL004668,PO04668,POL004668,2026-04-05,UTI-080,2
GR04669,GRL004669,PO04669,POL004669,2026-02-26,FAC-157,100
GR04670,GRL004670,PO04670,POL004670,2026-07-22,IT -132,250
GR04671,GRL004671,PO04671,POL004671,2026-04-09,MAR-005,250
GR04672,GRL004672,PO04672,POL004672,2026-08-28,MAR-135,1
GR04673,GRL004673,PO04673,POL004673,2026-05-07,LOG-060,20
GR04674,GRL004674,PO04674,POL004674,2026-04-03,FAC-038,250
GR04675,GRL004675,PO04675,POL004675,2026-04-09,UTI-094,500
GR04676,GRL004676,PO04676,POL004676,2026-02-15,MAN-116,250
GR04677,GRL004677,PO04677,POL004677,2026-05-15,OFF-043,50
GR04678,GRL004678,PO04678,POL004678,2026-02-07,MAN-098,50
GR04679,GRL004679,PO04679,POL004679,2026-06-18,MAN-003,10
GR04680,GRL004680,PO04680,POL004680,2026-03-20,MAR-009,250
GR04681,GRL004681,PO04681,POL004681,2026-06-08,LOG-064,20
GR04682,GRL004682,PO04682,POL004682,2026-07-19,PRO-040,20
GR04683,GRL004683,PO04683,POL004683,2026-03-31,IT -045,5
GR04684,GRL004684,PO04684,POL004684,2026-08-30,PRO-150,20
GR04685,GRL004685,PO04685,POL004685,2026-07-31,FAC-010,500
GR04686,GRL004686,PO04686,POL004686,2026-04-15,FAC-103,2
GR04687,GRL004687,PO04687,POL004687,2026-04-25,IT -034,5
GR04688,GRL004688,PO04688,POL004688,2026-04-25,MAN-111,500
GR04689,GRL004689,PO04689,POL004689,2026-04-01,OFF-089,250
GR04690,GRL004690,PO04690,POL004690,2026-06-04,MAN-117,50
GR04691,GRL004691,PO04691,POL004691,2026-05-27,IT -027,250
GR04692,GRL004692,PO04692,POL004692,2026-03-09,PRO-075,1
GR04693,GRL004693,PO04693,POL004693,2026-03-29,MAN-100,10
GR04694,GRL004694,PO04694,POL004694,2026-03-18,LOG-144,1
GR04695,GRL004695,PO04695,POL004695,2026-05-07,FAC-159,250
GR04696,GRL004696,PO04696,POL004696,2026-03-13,IT -039,2
GR04697,GRL004697,PO04697,POL004697,2026-05-15,IT -062,50
GR04698,GRL004698,PO04698,POL004698,2026-07-01,UTI-118,10
GR04699,GRL004699,PO04699,POL004699,2026-07-20,IT -048,10
GR04700,GRL004700,PO04700,POL004700,2026-07-20,MAN-024,100
GR04701,GRL004701,PO04701,POL004701,2026-06-23,OFF-109,500
GR04702,GRL004702,PO04702,POL004702,2026-02-21,LOG-012,100
GR04703,GRL004703,PO04703,POL004703,2026-05-22,FAC-134,1
GR04704,GRL004704,PO04704,POL004704,2026-06-21,OFF-153,2
GR04705,GRL004705,PO04705,POL004705,2026-07-11,FAC-035,100
GR04706,GRL004706,PO04706,POL004706,2026-08-13,UTI-059,50
GR04707,GRL004707,PO04707,POL004707,2026-09-04,IT -145,2
GR04708,GRL004708,PO04708,POL004708,2026-06-25,UTI-052,1
GR04709,GRL004709,PO04709,POL004709,2026-04-24,LOG-024,20
GR04710,GRL004710,PO04710,POL004710,2026-05-08,PRO-014,100
GR04711,GRL004711,PO04711,POL004711,2026-05-22,MAR-106,250
GR04712,GRL004712,PO04712,POL004712,2026-03-13,PRO-058,1
GR04713,GRL004713,PO04713,POL004713,2026-03-25,FAC-134,20
GR04714,GRL004714,PO04714,POL004714,2026-06-24,FAC-095,1
GR04715,GRL004715,PO04715,POL004715,2026-03-17,FAC-159,5
GR04716,GRL004716,PO04716,POL004716,2026-04-18,LOG-107,20
GR04717,GRL004717,PO04717,POL004717,2026-06-23,LOG-158,10
GR04718,GRL004718,PO04718,POL004718,2026-05-19,PRO-140,1
GR04719,GRL004719,PO04719,POL004719,2026-05-10,OFF-105,10
GR04720,GRL004720,PO04720,POL004720,2026-06-26,MAR-068,250
GR04721,GRL004721,PO04721,POL004721,2026-03-15,IT -071,100
GR04722,GRL004722,PO04722,POL004722,2026-02-08,LOG-064,100
GR04723,GRL004723,PO04723,POL004723,2026-04-08,MAN-096,20
GR04724,GRL004724,PO04724,POL004724,2026-04-13,LOG-074,10
GR04725,GRL004725,PO04725,POL004725,2026-03-27,PRO-116,250
GR04726,GRL004726,PO04726,POL004726,2026-02-19,MAN-063,100
GR04727,GRL004727,PO04727,POL004727,2026-02-16,FAC-131,500
GR04728,GRL004728,PO04728,POL004728,2026-07-21,MAN-058,5
GR04729,GRL004729,PO04729,POL004729,2026-03-20,FAC-121,2
GR04730,GRL004730,PO04730,POL004730,2026-04-17,UTI-062,500
GR04731,GRL004731,PO04731,POL004731,2026-07-21,IT -159,500
GR04732,GRL004732,PO04732,POL004732,2026-05-09,MAR-131,500
GR04733,GRL004733,PO04733,POL004733,2026-08-21,PRO-107,50
GR04734,GRL004734,PO04734,POL004734,2026-05-29,MAR-085,500
GR04735,GRL004735,PO04735,POL004735,2026-07-19,IT -138,5
GR04736,GRL004736,PO04736,POL004736,2026-07-24,IT -151,5
GR04737,GRL004737,PO04737,POL004737,2026-06-04,LOG-129,10
GR04738,GRL004738,PO04738,POL004738,2026-07-17,MAN-051,50
GR04739,GRL004739,PO04739,POL004739,2026-02-20,MAR-095,50
GR04740,GRL004740,PO04740,POL004740,2026-08-19,IT -040,20
GR04741,GRL004741,PO04741,POL004741,2026-03-17,FAC-154,50
GR04742,GRL004742,PO04742,POL004742,2026-09-04,FAC-152,250
GR04743,GRL004743,PO04743,POL004743,2026-03-02,MAN-006,20
GR04744,GRL004744,PO04744,POL004744,2026-01-17,LOG-065,5
GR04745,GRL004745,PO04745,POL004745,2026-07-13,UTI-111,50
GR04746,GRL004746,PO04746,POL004746,2026-05-18,IT -154,10
GR04747,GRL004747,PO04747,POL004747,2026-05-15,MAR-005,10
GR04748,GRL004748,PO04748,POL004748,2026-06-15,OFF-122,500
GR04749,GRL004749,PO04749,POL004749,2026-07-17,MAN-083,250
GR04750,GRL004750,PO04750,POL004750,2026-01-27,PRO-093,500
GR04751,GRL004751,PO04751,POL004751,2026-01-30,OFF-145,5
GR04752,GRL004752,PO04752,POL004752,2026-08-25,MAN-100,20
GR04753,GRL004753,PO04753,POL004753,2026-06-12,LOG-022,100
GR04754,GRL004754,PO04754,POL004754,2026-03-17,PRO-080,50
GR04755,GRL004755,PO04755,POL004755,2026-03-26,MAN-035,250
GR04756,GRL004756,PO04756,POL004756,2026-03-26,MAR-105,1
GR04757,GRL004757,PO04757,POL004757,2026-05-18,MAN-115,1
GR04758,GRL004758,PO04758,POL004758,2026-06-01,PRO-105,2
GR04759,GRL004759,PO04759,POL004759,2026-05-27,OFF-055,1
GR04760,GRL004760,PO04760,POL004760,2026-06-28,MAR-023,5
GR04761,GRL004761,PO04761,POL004761,2026-03-22,MAN-020,50
GR04762,GRL004762,PO04762,POL004762,2026-06-25,OFF-140,500
GR04763,GRL004763,PO04763,POL004763,2026-03-21,MAN-066,20
GR04764,GRL004764,PO04764,POL004764,2026-06-20,OFF-098,500
GR04765,GRL004765,PO04765,POL004765,2026-02-04,MAR-133,10
GR04766,GRL004766,PO04766,POL004766,2026-07-12,IT -039,2
GR04767,GRL004767,PO04767,POL004767,2026-07-25,LOG-115,100
GR04768,GRL004768,PO04768,POL004768,2026-05-26,OFF-066,250
GR04769,GRL004769,PO04769,POL004769,2026-07-11,FAC-020,100
GR04770,GRL004770,PO04770,POL004770,2026-06-01,FAC-069,500
GR04771,GRL004771,PO04771,POL004771,2026-04-01,LOG-149,100
GR04772,GRL004772,PO04772,POL004772,2026-02-09,LOG-080,20
GR04773,GRL004773,PO04773,POL004773,2026-06-03,PRO-037,100
GR04774,GRL004774,PO04774,POL004774,2026-03-04,IT -091,10
GR04775,GRL004775,PO04775,POL004775,2026-01-05,PRO-156,20
GR04776,GRL004776,PO04776,POL004776,2026-03-23,LOG-118,100
GR04777,GRL004777,PO04777,POL004777,2026-04-29,MAR-092,5
GR04778,GRL004778,PO04778,POL004778,2026-06-08,PRO-123,50
GR04779,GRL004779,PO04779,POL004779,2026-08-04,PRO-006,100
GR04780,GRL004780,PO04780,POL004780,2026-04-19,UTI-021,1
GR04781,GRL004781,PO04781,POL004781,2026-08-05,FAC-060,250
GR04782,GRL004782,PO04782,POL004782,2026-07-05,UTI-013,100
GR04783,GRL004783,PO04783,POL004783,2026-06-19,IT -156,5
GR04784,GRL004784,PO04784,POL004784,2026-08-16,PRO-130,2
GR04785,GRL004785,PO04785,POL004785,2026-03-15,IT -082,20
GR04786,GRL004786,PO04786,POL004786,2026-05-16,IT -115,20
GR04787,GRL004787,PO04787,POL004787,2026-06-06,FAC-141,250
GR04788,GRL004788,PO04788,POL004788,2026-09-02,FAC-073,100
GR04789,GRL004789,PO04789,POL004789,2026-07-06,MAR-058,20
GR04790,GRL004790,PO04790,POL004790,2026-08-01,OFF-136,5
GR04791,GRL004791,PO04791,POL004791,2026-03-26,IT -160,50
GR04792,GRL004792,PO04792,POL004792,2026-05-16,MAN-096,20
GR04793,GRL004793,PO04793,POL004793,2026-04-20,OFF-043,1
GR04794,GRL004794,PO04794,POL004794,2026-04-09,MAN-124,2
GR04795,GRL004795,PO04795,POL004795,2026-02-07,OFF-042,5
GR04796,GRL004796,PO04796,POL004796,2026-05-21,OFF-032,10
GR04797,GRL004797,PO04797,POL004797,2026-07-07,IT -072,100
GR04798,GRL004798,PO04798,POL004798,2026-08-27,OFF-117,250
GR04799,GRL004799,PO04799,POL004799,2026-08-14,OFF-063,1
GR04800,GRL004800,PO04800,POL004800,2026-09-15,UTI-039,500
GR04801,GRL004801,PO04801,POL004801,2026-02-15,MAN-134,1
GR04802,GRL004802,PO04802,POL004802,2026-07-24,LOG-031,10
GR04803,GRL004803,PO04803,POL004803,2026-05-25,FAC-045,20
GR04804,GRL004804,PO04804,POL004804,2026-03-10,OFF-159,500
GR04805,GRL004805,PO04805,POL004805,2026-07-15,PRO-146,5
GR04806,GRL004806,PO04806,POL004806,2026-03-05,PRO-102,20
GR04807,GRL004807,PO04807,POL004807,2026-03-02,UTI-099,2
GR04808,GRL004808,PO04808,POL004808,2026-07-08,UTI-159,500
GR04809,GRL004809,PO04809,POL004809,2026-08-29,FAC-018,10
GR04810,GRL004810,PO04810,POL004810,2026-04-06,IT -159,5
GR04811,GRL004811,PO04811,POL004811,2026-05-06,FAC-116,10
GR04812,GRL004812,PO04812,POL004812,2026-03-21,IT -118,100
GR04813,GRL004813,PO04813,POL004813,2026-04-22,FAC-052,250
GR04814,GRL004814,PO04814,POL004814,2026-04-24,UTI-103,250
GR04815,GRL004815,PO04815,POL004815,2026-04-11,PRO-036,20
GR04816,GRL004816,PO04816,POL004816,2026-07-12,MAR-141,20
GR04817,GRL004817,PO04817,POL004817,2026-06-20,IT -087,5
GR04818,GRL004818,PO04818,POL004818,2026-03-30,OFF-075,1
GR04819,GRL004819,PO04819,POL004819,2026-04-28,OFF-037,20
GR04820,GRL004820,PO04820,POL004820,2026-03-23,OFF-033,500
GR04821,GRL004821,PO04821,POL004821,2026-04-09,OFF-082,1
GR04822,GRL004822,PO04822,POL004822,2026-04-10,IT -020,250
GR04823,GRL004823,PO04823,POL004823,2026-08-15,PRO-131,10
GR04824,GRL004824,PO04824,POL004824,2026-04-01,MAR-052,250
GR04825,GRL004825,PO04825,POL004825,2026-04-10,MAR-070,5
GR04826,GRL004826,PO04826,POL004826,2026-02-12,UTI-118,20
GR04827,GRL004827,PO04827,POL004827,2026-03-15,UTI-112,50
GR04828,GRL004828,PO04828,POL004828,2026-08-27,OFF-051,2
GR04829,GRL004829,PO04829,POL004829,2026-02-25,OFF-106,20
GR04830,GRL004830,PO04830,POL004830,2026-05-19,PRO-154,100
GR04831,GRL004831,PO04831,POL004831,2026-07-19,MAR-100,10
GR04832,GRL004832,PO04832,POL004832,2026-02-23,LOG-071,5
GR04833,GRL004833,PO04833,POL004833,2026-02-16,PRO-069,10
GR04834,GRL004834,PO04834,POL004834,2026-02-21,FAC-007,250
GR04835,GRL004835,PO04835,POL004835,2026-03-28,IT -150,10
GR04836,GRL004836,PO04836,POL004836,2026-01-06,PRO-031,100
GR04837,GRL004837,PO04837,POL004837,2026-03-20,OFF-135,20
GR04838,GRL004838,PO04838,POL004838,2026-03-27,PRO-046,50
GR04839,GRL004839,PO04839,POL004839,2026-01-23,LOG-155,250
GR04840,GRL004840,PO04840,POL004840,2026-04-04,PRO-073,10
GR04841,GRL004841,PO04841,POL004841,2026-08-15,MAR-146,20
GR04842,GRL004842,PO04842,POL004842,2026-04-21,OFF-037,2
GR04843,GRL004843,PO04843,POL004843,2026-06-07,LOG-115,2
GR04844,GRL004844,PO04844,POL004844,2026-06-10,OFF-046,5
GR04845,GRL004845,PO04845,POL004845,2026-06-03,IT -012,20
GR04846,GRL004846,PO04846,POL004846,2026-08-10,MAN-069,50
GR04847,GRL004847,PO04847,POL004847,2026-02-18,MAN-112,100
GR04848,GRL004848,PO04848,POL004848,2026-07-30,MAN-101,20
GR04849,GRL004849,PO04849,POL004849,2026-06-09,PRO-007,2
GR04850,GRL004850,PO04850,POL004850,2026-09-20,FAC-103,50
GR04851,GRL004851,PO04851,POL004851,2026-07-30,MAR-046,50
GR04852,GRL004852,PO04852,POL004852,2026-03-29,IT -118,50
GR04853,GRL004853,PO04853,POL004853,2026-07-14,IT -132,250
GR04854,GRL004854,PO04854,POL004854,2026-05-27,MAR-098,5
GR04855,GRL004855,PO04855,POL004855,2026-03-27,IT -060,50
GR04856,GRL004856,PO04856,POL004856,2026-07-26,IT -143,2
GR04857,GRL004857,PO04857,POL004857,2026-07-29,MAN-085,50
GR04858,GRL004858,PO04858,POL004858,2026-07-02,IT -113,250
GR04859,GRL004859,PO04859,POL004859,2026-04-29,UTI-039,500
GR04860,GRL004860,PO04860,POL004860,2026-06-27,PRO-067,100
GR04861,GRL004861,PO04861,POL004861,2026-06-25,OFF-100,250
GR04862,GRL004862,PO04862,POL004862,2026-03-03,PRO-080,500
GR04863,GRL004863,PO04863,POL004863,2026-02-18,FAC-145,1
GR04864,GRL004864,PO04864,POL004864,2026-04-05,MAN-115,20
GR04865,GRL004865,PO04865,POL004865,2026-05-15,MAR-049,20
GR04866,GRL004866,PO04866,POL004866,2026-06-06,IT -002,250
GR04867,GRL004867,PO04867,POL004867,2026-04-09,FAC-003,100
GR04868,GRL004868,PO04868,POL004868,2026-08-19,PRO-078,50
GR04869,GRL004869,PO04869,POL004869,2026-06-06,OFF-021,1
GR04870,GRL004870,PO04870,POL004870,2026-06-14,OFF-025,2
GR04871,GRL004871,PO04871,POL004871,2026-03-22,LOG-029,10
GR04872,GRL004872,PO04872,POL004872,2026-04-27,UTI-151,100
GR04873,GRL004873,PO04873,POL004873,2026-01-27,PRO-038,2
GR04874,GRL004874,PO04874,POL004874,2026-04-11,MAN-001,2
GR04875,GRL004875,PO04875,POL004875,2026-05-13,LOG-084,2
GR04876,GRL004876,PO04876,POL004876,2026-03-26,MAR-005,1
GR04877,GRL004877,PO04877,POL004877,2026-05-21,IT -062,50
GR04878,GRL004878,PO04878,POL004878,2026-03-12,FAC-123,20
GR04879,GRL004879,PO04879,POL004879,2026-03-14,MAN-080,20
GR04880,GRL004880,PO04880,POL004880,2026-02-12,MAN-144,500
GR04881,GRL004881,PO04881,POL004881,2026-08-16,MAR-022,1
GR04882,GRL004882,PO04882,POL004882,2026-07-25,FAC-074,10
GR04883,GRL004883,PO04883,POL004883,2026-02-11,OFF-149,1
GR04884,GRL004884,PO04884,POL004884,2026-07-22,FAC-029,10
GR04885,GRL004885,PO04885,POL004885,2026-05-14,IT -120,5
GR04886,GRL004886,PO04886,POL004886,2026-01-30,LOG-078,500
GR04887,GRL004887,PO04887,POL004887,2026-05-12,FAC-080,5
GR04888,GRL004888,PO04888,POL004888,2026-04-26,PRO-124,20
GR04889,GRL004889,PO04889,POL004889,2026-05-19,IT -102,5
GR04890,GRL004890,PO04890,POL004890,2026-05-20,MAR-131,5
GR04891,GRL004891,PO04891,POL004891,2026-07-19,MAR-030,5
GR04892,GRL004892,PO04892,POL004892,2026-03-19,MAR-056,50
GR04893,GRL004893,PO04893,POL004893,2026-06-12,MAR-060,20
GR04894,GRL004894,PO04894,POL004894,2026-08-05,MAR-050,250
GR04895,GRL004895,PO04895,POL004895,2026-06-19,IT -086,20
GR04896,GRL004896,PO04896,POL004896,2026-03-17,MAR-071,50
GR04897,GRL004897,PO04897,POL004897,2026-08-04,MAN-075,20
GR04898,GRL004898,PO04898,POL004898,2026-02-11,OFF-023,500
GR04899,GRL004899,PO04899,POL004899,2026-04-27,FAC-143,1
GR04900,GRL004900,PO04900,POL004900,2026-02-04,OFF-034,20
GR04901,GRL004901,PO04901,POL004901,2026-04-25,MAR-078,20
GR04902,GRL004902,PO04902,POL004902,2026-03-28,MAN-057,1
GR04903,GRL004903,PO04903,POL004903,2026-03-25,FAC-146,100
GR04904,GRL004904,PO04904,POL004904,2026-04-05,LOG-038,2
GR04905,GRL004905,PO04905,POL004905,2026-02-16,MAR-133,250
GR04906,GRL004906,PO04906,POL004906,2026-01-26,UTI-079,1
GR04907,GRL004907,PO04907,POL004907,2026-05-04,OFF-106,100
GR04908,GRL004908,PO04908,POL004908,2026-05-22,FAC-120,2
GR04909,GRL004909,PO04909,POL004909,2026-07-07,MAR-143,2
GR04910,GRL004910,PO04910,POL004910,2026-01-14,IT -029,5
GR04911,GRL004911,PO04911,POL004911,2026-02-06,FAC-124,10
GR04912,GRL004912,PO04912,POL004912,2026-07-23,IT -105,500
GR04913,GRL004913,PO04913,POL004913,2026-04-11,FAC-105,100
GR04914,GRL004914,PO04914,POL004914,2026-02-27,UTI-085,10
GR04915,GRL004915,PO04915,POL004915,2026-07-04,LOG-108,10
GR04916,GRL004916,PO04916,POL004916,2026-07-21,MAR-047,500
GR04917,GRL004917,PO04917,POL004917,2026-04-11,PRO-058,5
GR04918,GRL004918,PO04918,POL004918,2026-04-09,MAN-052,250
GR04919,GRL004919,PO04919,POL004919,2026-02-18,OFF-148,5
GR04920,GRL004920,PO04920,POL004920,2026-06-16,OFF-049,250
GR04921,GRL004921,PO04921,POL004921,2026-03-09,IT -002,10
GR04922,GRL004922,PO04922,POL004922,2026-07-25,LOG-091,250
GR04923,GRL004923,PO04923,POL004923,2026-05-19,MAR-082,500
GR04924,GRL004924,PO04924,POL004924,2026-02-18,IT -127,20
GR04925,GRL004925,PO04925,POL004925,2026-06-01,FAC-129,100
GR04926,GRL004926,PO04926,POL004926,2026-07-19,OFF-146,10
GR04927,GRL004927,PO04927,POL004927,2026-03-04,OFF-089,500
GR04928,GRL004928,PO04928,POL004928,2026-05-10,PRO-111,2
GR04929,GRL004929,PO04929,POL004929,2026-04-09,PRO-140,2
GR04930,GRL004930,PO04930,POL004930,2026-04-18,FAC-153,500
GR04931,GRL004931,PO04931,POL004931,2026-08-05,FAC-084,10
GR04932,GRL004932,PO04932,POL004932,2026-08-18,OFF-155,2
GR04933,GRL004933,PO04933,POL004933,2026-08-02,LOG-023,10
GR04934,GRL004934,PO04934,POL004934,2026-06-08,UTI-129,250
GR04935,GRL004935,PO04935,POL004935,2026-03-15,MAN-138,10
GR04936,GRL004936,PO04936,POL004936,2026-06-16,MAN-066,5
GR04937,GRL004937,PO04937,POL004937,2026-08-09,LOG-154,100
GR04938,GRL004938,PO04938,POL004938,2026-06-12,MAN-160,20
GR04939,GRL004939,PO04939,POL004939,2026-04-16,OFF-034,5
GR04940,GRL004940,PO04940,POL004940,2026-08-10,MAR-009,20
GR04941,GRL004941,PO04941,POL004941,2026-02-16,UTI-088,100
GR04942,GRL004942,PO04942,POL004942,2026-03-08,OFF-013,250
GR04943,GRL004943,PO04943,POL004943,2026-03-02,MAN-130,100
GR04944,GRL004944,PO04944,POL004944,2026-07-20,UTI-150,1
GR04945,GRL004945,PO04945,POL004945,2026-04-18,IT -121,50
GR04946,GRL004946,PO04946,POL004946,2026-04-29,UTI-107,2
GR04947,GRL004947,PO04947,POL004947,2026-07-28,OFF-043,500
GR04948,GRL004948,PO04948,POL004948,2026-05-13,PRO-085,500
GR04949,GRL004949,PO04949,POL004949,2026-06-21,PRO-051,100
GR04950,GRL004950,PO04950,POL004950,2026-08-20,MAN-021,10
GR04951,GRL004951,PO04951,POL004951,2026-05-20,PRO-101,50
GR04952,GRL004952,PO04952,POL004952,2026-03-09,FAC-122,250
GR04953,GRL004953,PO04953,POL004953,2026-05-31,OFF-062,250
GR04954,GRL004954,PO04954,POL004954,2026-04-18,MAN-018,500
GR04955,GRL004955,PO04955,POL004955,2026-05-08,PRO-102,500
GR04956,GRL004956,PO04956,POL004956,2026-02-04,UTI-145,1
GR04957,GRL004957,PO04957,POL004957,2026-05-27,MAR-094,5
GR04958,GRL004958,PO04958,POL004958,2026-07-01,FAC-146,5
GR04959,GRL004959,PO04959,POL004959,2026-07-02,IT -142,100
GR04960,GRL004960,PO04960,POL004960,2026-01-29,OFF-006,250
GR04961,GRL004961,PO04961,POL004961,2026-08-14,FAC-027,20
GR04962,GRL004962,PO04962,POL004962,2026-04-10,OFF-136,2
GR04963,GRL004963,PO04963,POL004963,2026-07-30,FAC-083,10
GR04964,GRL004964,PO04964,POL004964,2026-07-28,MAR-116,5
GR04965,GRL004965,PO04965,POL004965,2026-05-15,IT -155,100
GR04966,GRL004966,PO04966,POL004966,2026-06-28,PRO-045,5
GR04967,GRL004967,PO04967,POL004967,2026-04-19,MAR-026,20
GR04968,GRL004968,PO04968,POL004968,2026-06-22,PRO-148,2
GR04969,GRL004969,PO04969,POL004969,2026-07-02,IT -015,2
GR04970,GRL004970,PO04970,POL004970,2026-01-25,UTI-158,2
GR04971,GRL004971,PO04971,POL004971,2026-04-04,PRO-098,250
GR04972,GRL004972,PO04972,POL004972,2026-06-11,MAN-099,20
GR04973,GRL004973,PO04973,POL004973,2026-09-02,IT -093,10
GR04974,GRL004974,PO04974,POL004974,2026-07-26,MAN-032,2
GR04975,GRL004975,PO04975,POL004975,2026-08-18,PRO-153,500
GR04976,GRL004976,PO04976,POL004976,2026-05-02,UTI-154,2
GR04977,GRL004977,PO04977,POL004977,2026-03-12,FAC-061,20
GR04978,GRL004978,PO04978,POL004978,2026-03-12,PRO-031,20
GR04979,GRL004979,PO04979,POL004979,2026-03-29,PRO-006,50
GR04980,GRL004980,PO04980,POL004980,2026-07-21,LOG-095,500
GR04981,GRL004981,PO04981,POL004981,2026-03-22,IT -010,500
GR04982,GRL004982,PO04982,POL004982,2026-01-19,PRO-118,250
GR04983,GRL004983,PO04983,POL004983,2026-03-01,PRO-013,50
GR04984,GRL004984,PO04984,POL004984,2026-01-28,UTI-103,500
GR04985,GRL004985,PO04985,POL004985,2026-06-24,MAN-148,2
GR04986,GRL004986,PO04986,POL004986,2026-01-25,IT -080,250
GR04987,GRL004987,PO04987,POL004987,2026-03-03,IT -136,100
GR04988,GRL004988,PO04988,POL004988,2026-06-18,UTI-023,1
GR04989,GRL004989,PO04989,POL004989,2026-02-08,UTI-006,500
GR04990,GRL004990,PO04990,POL004990,2026-06-04,IT -096,500
GR04991,GRL004991,PO04991,POL004991,2026-07-03,FAC-020,1
GR04992,GRL004992,PO04992,POL004992,2026-06-29,PRO-074,20
GR04993,GRL004993,PO04993,POL004993,2026-08-15,UTI-149,5
GR04994,GRL004994,PO04994,POL004994,2026-03-05,FAC-046,2
GR04995,GRL004995,PO04995,POL004995,2026-04-25,OFF-136,1
GR04996,GRL004996,PO04996,POL004996,2026-02-20,PRO-090,250
GR04997,GRL004997,PO04997,POL004997,2026-02-25,IT -010,50
GR04998,GRL004998,PO04998,POL004998,2026-07-05,LOG-139,500
GR04999,GRL004999,PO04999,POL004999,2026-04-21,MAN-133,2
GR05000,GRL005000,PO05000,POL005000,2026-06-03,MAR-113,20
GR05001,GRL005001,PO02008,POL002008,2026-05-25,PRO-152,1.25
GR05002,GRL005002,PO04411,POL004411,2026-05-27,OFF-143,125.0
GR05003,GRL005003,PO02394,POL002394,2026-08-16,FAC-012,125.0
GR05004,GRL005004,PO01979,POL001979,2026-03-10,LOG-043,125.0
GR05005,GRL005005,PO00117,POL000117,2026-02-21,MAN-001,15.0
GR05006,GRL005006,PO00692,POL000692,2026-04-03,OFF-079,0.25
GR05007,GRL005007,PO02467,POL002467,2026-03-31,LOG-087,1.25
GR05008,GRL005008,PO00189,POL000189,2026-08-02,UTI-158,1.5
GR05009,GRL005009,PO01343,POL001343,2026-04-29,LOG-124,0.5
GR05010,GRL005010,PO03530,POL003530,2026-07-20,LOG-005,0.25
GR05011,GRL005011,PO04288,POL004288,2026-02-22,IT -124,0.75
GR05012,GRL005012,PO03224,POL003224,2026-02-04,IT -095,187.5
GR05013,GRL005013,PO04837,POL004837,2026-04-08,OFF-135,10.0
GR05014,GRL005014,PO03414,POL003414,2026-06-17,LOG-157,187.5
GR05015,GRL005015,PO01048,POL001048,2026-05-13,PRO-159,2.5
GR05016,GRL005016,PO01409,POL001409,2026-02-05,OFF-035,2.5
GR05017,GRL005017,PO01139,POL001139,2026-07-14,FAC-097,2.5
GR05018,GRL005018,PO02650,POL002650,2026-06-01,MAN-082,5.0
GR05019,GRL005019,PO00235,POL000235,2026-03-23,PRO-064,1.5
GR05020,GRL005020,PO03560,POL003560,2026-04-10,MAR-045,1.0
GR05021,GRL005021,PO01618,POL001618,2026-05-06,OFF-124,2.5
GR05022,GRL005022,PO04211,POL004211,2026-08-06,IT -049,25.0
GR05023,GRL005023,PO03908,POL003908,2026-02-07,FAC-053,12.5
GR05024,GRL005024,PO04062,POL004062,2026-05-08,OFF-075,1.5
GR05025,GRL005025,PO04349,POL004349,2026-01-26,MAN-138,1.5
GR05026,GRL005026,PO01998,POL001998,2026-04-02,UTI-026,1.0
GR05027,GRL005027,PO01901,POL001901,2026-03-05,MAR-102,1.25
GR05028,GRL005028,PO03777,POL003777,2026-04-30,OFF-048,2.5
GR05029,GRL005029,PO00945,POL000945,2026-04-20,IT -145,2.5
GR05030,GRL005030,PO02630,POL002630,2026-07-28,IT -086,0.25
GR05031,GRL005031,PO00846,POL000846,2026-04-21,PRO-143,0.25
GR05032,GRL005032,PO03667,POL003667,2026-04-28,UTI-078,1.25
GR05033,GRL005033,PO03083,POL003083,2026-05-16,UTI-138,125.0
GR05034,GRL005034,PO01952,POL001952,2026-06-22,OFF-004,12.5
GR05035,GRL005035,PO04257,POL004257,2026-04-21,LOG-130,0.5
GR05036,GRL005036,PO02054,POL002054,2026-06-17,FAC-158,1.0
GR05037,GRL005037,PO02705,POL002705,2026-06-22,PRO-039,10.0
GR05038,GRL005038,PO02864,POL002864,2026-03-03,FAC-007,2.5
GR05039,GRL005039,PO02214,POL002214,2026-02-27,MAN-101,12.5
GR05040,GRL005040,PO00184,POL000184,2026-04-20,PRO-038,2.5
GR05041,GRL005041,PO04583,POL004583,2026-04-24,FAC-032,2.5
GR05042,GRL005042,PO03235,POL003235,2026-04-26,PRO-081,0.75
GR05043,GRL005043,PO03860,POL003860,2026-02-14,FAC-074,1.0
GR05044,GRL005044,PO02574,POL002574,2026-04-19,MAN-031,125.0
GR05045,GRL005045,PO01613,POL001613,2026-02-20,MAN-144,250.0
GR05046,GRL005046,PO00491,POL000491,2026-02-25,UTI-088,2.5
GR05047,GRL005047,PO02893,POL002893,2026-02-28,LOG-126,125.0
GR05048,GRL005048,PO00088,POL000088,2026-06-16,FAC-121,125.0
GR05049,GRL005049,PO04374,POL004374,2026-07-12,IT -106,1.25
GR05050,GRL005050,PO04861,POL004861,2026-06-12,OFF-100,187.5
GR05051,GRL005051,PO03126,POL003126,2026-05-12,IT -143,12.5
GR05052,GRL005052,PO03880,POL003880,2026-04-02,MAR-120,62.5
GR05053,GRL005053,PO04892,POL004892,2026-04-05,MAR-056,12.5
GR05054,GRL005054,PO01649,POL001649,2026-07-05,UTI-035,7.5
GR05055,GRL005055,PO04044,POL004044,2026-02-11,OFF-086,375.0
GR05056,GRL005056,PO04199,POL004199,2026-09-09,OFF-078,0.5
GR05057,GRL005057,PO02489,POL002489,2026-02-10,MAN-085,0.75
GR05058,GRL005058,PO00566,POL000566,2026-04-14,PRO-019,2.5
GR05059,GRL005059,PO01243,POL001243,2026-07-24,PRO-146,187.5
GR05060,GRL005060,PO00378,POL000378,2026-04-01,UTI-106,50.0
GR05061,GRL005061,PO02895,POL002895,2026-03-03,IT -050,15.0
GR05062,GRL005062,PO03618,POL003618,2026-06-11,FAC-132,0.5
GR05063,GRL005063,PO03893,POL003893,2026-05-13,IT -138,3.75
GR05064,GRL005064,PO02595,POL002595,2026-04-20,FAC-138,125.0
GR05065,GRL005065,PO01857,POL001857,2026-03-27,LOG-158,2.5
GR05066,GRL005066,PO04644,POL004644,2026-03-06,OFF-092,1.5
GR05067,GRL005067,PO04972,POL004972,2026-06-19,MAN-099,5.0
GR05068,GRL005068,PO04569,POL004569,2026-05-17,OFF-113,15.0
GR05069,GRL005069,PO04499,POL004499,2026-01-27,PRO-089,15.0
GR05070,GRL005070,PO00686,POL000686,2026-04-08,LOG-004,37.5
GR05071,GRL005071,PO03068,POL003068,2026-04-27,IT -008,5.0
GR05072,GRL005072,PO03218,POL003218,2026-02-11,OFF-054,1.5
GR05073,GRL005073,PO02708,POL002708,2026-03-23,PRO-034,25.0
GR05074,GRL005074,PO04452,POL004452,2026-08-22,UTI-049,5.0
GR05075,GRL005075,PO02703,POL002703,2026-04-12,MAR-121,125.0
GR05076,GRL005076,PO03904,POL003904,2026-04-18,PRO-078,62.5
GR05077,GRL005077,PO00336,POL000336,2026-06-23,OFF-060,125.0
GR05078,GRL005078,PO04211,POL004211,2026-07-29,IT -049,25.0
GR05079,GRL005079,PO00987,POL000987,2026-02-04,MAR-049,0.5
GR05080,GRL005080,PO00191,POL000191,2026-05-31,IT -147,37.5
GR05081,GRL005081,PO00643,POL000643,2026-07-16,LOG-032,250.0
GR05082,GRL005082,PO02529,POL002529,2026-04-23,MAR-150,0.75
GR05083,GRL005083,PO00552,POL000552,2026-06-22,MAN-152,12.5
GR05084,GRL005084,PO04047,POL004047,2026-07-21,MAN-142,2.5
GR05085,GRL005085,PO04632,POL004632,2026-08-03,MAR-062,0.5
GR05086,GRL005086,PO01861,POL001861,2026-06-07,OFF-110,2.5
GR05087,GRL005087,PO04554,POL004554,2026-03-02,PRO-047,62.5
GR05088,GRL005088,PO03432,POL003432,2026-07-05,PRO-139,25.0
GR05089,GRL005089,PO01208,POL001208,2026-01-23,IT -156,25.0
GR05090,GRL005090,PO01426,POL001426,2026-09-02,IT -074,0.5
GR05091,GRL005091,PO03914,POL003914,2026-05-22,MAR-100,5.0
GR05092,GRL005092,PO03547,POL003547,2026-04-02,LOG-131,0.25
GR05093,GRL005093,PO01825,POL001825,2026-03-03,IT -087,0.75
GR05094,GRL005094,PO04223,POL004223,2026-02-25,OFF-126,5.0
GR05095,GRL005095,PO02178,POL002178,2026-04-30,LOG-094,0.25
GR05096,GRL005096,PO00612,POL000612,2026-03-17,OFF-144,2.5
GR05097,GRL005097,PO03391,POL003391,2026-05-06,IT -094,250.0
GR05098,GRL005098,PO00008,POL000008,2026-05-06,PRO-085,1.5
GR05099,GRL005099,PO01119,POL001119,2026-05-01,IT -051,62.5
GR05100,GRL005100,PO02021,POL002021,2026-05-11,IT -055,0.5
GR05101,GRL005101,PO03301,POL003301,2026-04-30,LOG-083,62.5
GR05102,GRL005102,PO04096,POL004096,2026-05-02,PRO-131,7.5
GR05103,GRL005103,PO02798,POL002798,2026-03-14,MAN-060,1.25
GR05104,GRL005104,PO02006,POL002006,2026-03-27,PRO-128,7.5
GR05105,GRL005105,PO00028,POL000028,2026-06-18,MAN-023,62.5
GR05106,GRL005106,PO00308,POL000308,2026-07-15,LOG-055,25.0
GR05107,GRL005107,PO03297,POL003297,2026-08-16,IT -020,10.0
GR05108,GRL005108,PO02818,POL002818,2026-04-05,OFF-154,5.0
GR05109,GRL005109,PO04966,POL004966,2026-06-08,PRO-045,1.25
GR05110,GRL005110,PO02458,POL002458,2026-02-21,UTI-160,0.25
GR05111,GRL005111,PO03065,POL003065,2026-04-10,IT -104,2.5
GR05112,GRL005112,PO03373,POL003373,2026-08-25,FAC-114,50.0
GR05113,GRL005113,PO03310,POL003310,2026-06-27,IT -062,0.25
GR05114,GRL005114,PO02634,POL002634,2026-07-03,LOG-050,15.0
GR05115,GRL005115,PO04573,POL004573,2026-07-30,PRO-157,250.0
GR05116,GRL005116,PO00137,POL000137,2026-03-06,UTI-012,7.5
GR05117,GRL005117,PO04637,POL004637,2026-09-04,IT -016,5.0
GR05118,GRL005118,PO04608,POL004608,2026-02-20,MAN-070,75.0
GR05119,GRL005119,PO00276,POL000276,2026-07-08,IT -143,187.5
GR05120,GRL005120,PO00633,POL000633,2026-08-19,LOG-127,25.0
GR05121,GRL005121,PO03655,POL003655,2026-08-02,FAC-132,0.5
GR05122,GRL005122,PO03824,POL003824,2026-03-10,FAC-081,75.0
GR05123,GRL005123,PO02021,POL002021,2026-05-03,IT -055,0.5
GR05124,GRL005124,PO01442,POL001442,2026-08-09,MAR-134,125.0
GR05125,GRL005125,PO02620,POL002620,2026-05-24,IT -073,3.75
GR05126,GRL005126,PO04089,POL004089,2026-03-25,OFF-023,250.0
GR05127,GRL005127,PO04607,POL004607,2026-01-26,LOG-121,375.0
GR05128,GRL005128,PO03708,POL003708,2026-07-30,UTI-027,2.5
GR05129,GRL005129,PO04569,POL004569,2026-05-06,OFF-113,10.0
GR05130,GRL005130,PO00213,POL000213,2026-01-23,MAN-038,75.0
GR05131,GRL005131,PO00263,POL000263,2026-07-20,UTI-121,25.0
GR05132,GRL005132,PO04598,POL004598,2026-06-18,MAN-100,50.0
GR05133,GRL005133,PO03868,POL003868,2026-02-23,PRO-044,62.5
GR05134,GRL005134,PO01542,POL001542,2026-08-30,PRO-011,375.0
GR05135,GRL005135,PO04565,POL004565,2026-04-11,LOG-073,3.75
GR05136,GRL005136,PO00909,POL000909,2026-05-18,UTI-091,1.25
GR05137,GRL005137,PO03933,POL003933,2026-03-21,OFF-131,0.5
GR05138,GRL005138,PO00249,POL000249,2026-06-23,LOG-070,375.0
GR05139,GRL005139,PO00489,POL000489,2026-04-08,OFF-147,0.25
GR05140,GRL005140,PO02308,POL002308,2026-03-03,UTI-132,7.5
GR05141,GRL005141,PO02331,POL002331,2026-06-08,FAC-020,0.75
GR05142,GRL005142,PO03728,POL003728,2026-02-19,FAC-134,5.0
GR05143,GRL005143,PO00258,POL000258,2026-06-25,MAN-044,15.0
GR05144,GRL005144,PO00363,POL000363,2026-04-03,IT -155,25.0
GR05145,GRL005145,PO02147,POL002147,2026-06-14,IT -054,125.0
GR05146,GRL005146,PO02346,POL002346,2026-05-26,UTI-077,25.0
GR05147,GRL005147,PO03320,POL003320,2026-07-07,LOG-045,25.0
GR05148,GRL005148,PO01274,POL001274,2026-03-17,LOG-024,50.0
GR05149,GRL005149,PO02310,POL002310,2026-05-27,LOG-060,2.5
GR05150,GRL005150,PO02156,POL002156,2026-08-08,IT -157,25.0
GR05151,GRL005151,PO00541,POL000541,2026-03-22,PRO-024,2.5
GR05152,GRL005152,PO00517,POL000517,2026-02-27,OFF-099,37.5
GR05153,GRL005153,PO03167,POL003167,2026-07-11,IT -067,2.5
GR05154,GRL005154,PO01413,POL001413,2026-05-15,UTI-018,1.25
GR05155,GRL005155,PO01424,POL001424,2026-05-26,FAC-110,15.0
GR05156,GRL005156,PO04950,POL004950,2026-07-16,MAN-021,7.5
GR05157,GRL005157,PO01932,POL001932,2026-06-26,MAR-063,37.5
GR05158,GRL005158,PO04006,POL004006,2026-08-08,UTI-117,3.75
GR05159,GRL005159,PO03259,POL003259,2026-08-02,LOG-071,0.5
GR05160,GRL005160,PO04271,POL004271,2026-07-14,MAN-012,187.5
GR05161,GRL005161,PO02274,POL002274,2026-05-31,OFF-081,7.5
GR05162,GRL005162,PO04547,POL004547,2026-03-30,MAN-025,187.5
GR05163,GRL005163,PO01052,POL001052,2026-03-19,MAN-040,50.0
GR05164,GRL005164,PO01696,POL001696,2026-04-03,IT -108,15.0
GR05165,GRL005165,PO03616,POL003616,2026-07-02,IT -029,0.75
GR05166,GRL005166,PO03931,POL003931,2026-02-27,IT -093,62.5
GR05167,GRL005167,PO01514,POL001514,2026-05-20,UTI-153,1.0
GR05168,GRL005168,PO03498,POL003498,2026-06-25,FAC-135,10.0
GR05169,GRL005169,PO00185,POL000185,2026-02-17,UTI-109,1.0
GR05170,GRL005170,PO03586,POL003586,2026-03-31,UTI-141,25.0
GR05171,GRL005171,PO03695,POL003695,2026-03-01,FAC-037,0.75
GR05172,GRL005172,PO03107,POL003107,2026-08-18,IT -052,62.5
GR05173,GRL005173,PO04010,POL004010,2026-08-18,IT -127,25.0
GR05174,GRL005174,PO04050,POL004050,2026-03-19,MAN-111,50.0
GR05175,GRL005175,PO03280,POL003280,2026-05-13,PRO-137,187.5
GR05176,GRL005176,PO04007,POL004007,2026-05-11,IT -103,2.5
GR05177,GRL005177,PO00867,POL000867,2026-03-16,OFF-080,15.0
GR05178,GRL005178,PO03100,POL003100,2026-04-08,UTI-153,2.5
GR05179,GRL005179,PO02176,POL002176,2026-04-19,MAN-158,5.0
GR05180,GRL005180,PO00809,POL000809,2026-02-14,PRO-114,1.5
GR05181,GRL005181,PO00519,POL000519,2026-02-21,LOG-047,187.5
GR05182,GRL005182,PO04170,POL004170,2026-06-08,OFF-144,5.0
GR05183,GRL005183,PO04216,POL004216,2026-01-19,FAC-041,187.5
GR05184,GRL005184,PO01438,POL001438,2026-02-10,MAN-099,12.5
GR05185,GRL005185,PO04381,POL004381,2026-03-30,MAR-138,125.0
GR05186,GRL005186,PO01587,POL001587,2026-03-20,MAN-066,62.5
GR05187,GRL005187,PO03348,POL003348,2026-03-26,MAN-001,0.5
GR05188,GRL005188,PO04980,POL004980,2026-08-06,LOG-095,125.0
GR05189,GRL005189,PO02688,POL002688,2026-07-30,MAR-110,62.5
GR05190,GRL005190,PO01697,POL001697,2026-05-08,LOG-125,250.0
GR05191,GRL005191,PO02164,POL002164,2026-02-02,UTI-140,7.5
GR05192,GRL005192,PO02001,POL002001,2026-03-28,LOG-020,75.0
GR05193,GRL005193,PO00257,POL000257,2026-02-14,FAC-113,62.5
GR05194,GRL005194,PO02605,POL002605,2026-04-02,FAC-043,10.0
GR05195,GRL005195,PO04472,POL004472,2026-06-23,UTI-007,25.0
GR05196,GRL005196,PO02717,POL002717,2026-05-17,IT -022,1.25
GR05197,GRL005197,PO01600,POL001600,2026-03-22,FAC-158,3.75
GR05198,GRL005198,PO02042,POL002042,2026-02-12,FAC-042,0.5
GR05199,GRL005199,PO02075,POL002075,2026-01-26,FAC-153,75.0
GR05200,GRL005200,PO01033,POL001033,2026-01-18,OFF-070,15.0
GR05201,GRL005201,PO01188,POL001188,2026-05-16,MAR-126,2.5
GR05202,GRL005202,PO00707,POL000707,2026-05-19,FAC-065,187.5
GR05203,GRL005203,PO02741,POL002741,2026-03-13,IT -108,125.0
GR05204,GRL005204,PO01196,POL001196,2026-08-22,FAC-114,1.5
GR05205,GRL005205,PO03075,POL003075,2026-06-23,MAN-028,37.5
GR05206,GRL005206,PO04892,POL004892,2026-03-05,MAR-056,25.0
GR05207,GRL005207,PO01701,POL001701,2026-04-12,OFF-104,125.0
GR05208,GRL005208,PO01839,POL001839,2026-04-26,LOG-046,12.5
GR05209,GRL005209,PO03133,POL003133,2026-07-13,IT -082,125.0
GR05210,GRL005210,PO01932,POL001932,2026-07-27,MAR-063,12.5
GR05211,GRL005211,PO00553,POL000553,2026-08-19,FAC-131,50.0
GR05212,GRL005212,PO02706,POL002706,2026-06-15,OFF-034,25.0
GR05213,GRL005213,PO01816,POL001816,2026-07-28,IT -108,2.5
GR05214,GRL005214,PO00807,POL000807,2026-02-13,UTI-133,50.0
GR05215,GRL005215,PO00622,POL000622,2026-06-05,PRO-014,12.5
GR05216,GRL005216,PO01288,POL001288,2026-05-21,FAC-113,125.0
GR05217,GRL005217,PO00820,POL000820,2026-04-16,MAR-015,75.0
GR05218,GRL005218,PO00638,POL000638,2026-03-15,MAN-046,0.25
GR05219,GRL005219,PO00437,POL000437,2026-05-28,MAN-040,25.0
GR05220,GRL005220,PO01492,POL001492,2026-03-04,IT -113,1.5
GR05221,GRL005221,PO04127,POL004127,2026-07-03,LOG-133,125.0
GR05222,GRL005222,PO03507,POL003507,2026-03-02,LOG-044,12.5
GR05223,GRL005223,PO03894,POL003894,2026-06-11,UTI-078,15.0
GR05224,GRL005224,PO03865,POL003865,2026-02-26,UTI-143,5.0
GR05225,GRL005225,PO04939,POL004939,2026-04-20,OFF-034,1.25
GR05226,GRL005226,PO00742,POL000742,2026-04-19,IT -080,2.5
GR05227,GRL005227,PO03665,POL003665,2026-07-04,OFF-057,3.75
GR05228,GRL005228,PO03164,POL003164,2026-01-27,OFF-121,2.5
GR05229,GRL005229,PO03587,POL003587,2026-07-31,PRO-119,37.5
GR05230,GRL005230,PO03296,POL003296,2026-05-11,PRO-160,37.5
GR05231,GRL005231,PO00455,POL000455,2026-08-01,MAR-084,2.5
GR05232,GRL005232,PO02557,POL002557,2026-04-17,OFF-051,187.5
GR05233,GRL005233,PO02348,POL002348,2026-05-07,OFF-122,1.25
GR05234,GRL005234,PO02223,POL002223,2026-04-14,PRO-084,125.0
GR05235,GRL005235,PO00099,POL000099,2026-02-12,FAC-018,15.0
GR05236,GRL005236,PO01566,POL001566,2026-05-17,FAC-090,10.0
GR05237,GRL005237,PO00347,POL000347,2026-02-04,OFF-132,0.5
GR05238,GRL005238,PO00517,POL000517,2026-02-07,OFF-099,12.5
GR05239,GRL005239,PO02603,POL002603,2026-07-30,OFF-152,15.0
GR05240,GRL005240,PO03576,POL003576,2026-06-05,OFF-098,5.0
GR05241,GRL005241,PO03529,POL003529,2026-08-24,MAN-041,1.5
GR05242,GRL005242,PO01734,POL001734,2026-06-30,PRO-155,0.25
GR05243,GRL005243,PO01935,POL001935,2026-03-06,UTI-079,2.5
GR05244,GRL005244,PO01515,POL001515,2026-06-01,PRO-014,5.0
GR05245,GRL005245,PO02583,POL002583,2026-03-22,MAR-070,50.0
GR05246,GRL005246,PO01240,POL001240,2026-04-25,UTI-142,50.0
GR05247,GRL005247,PO03261,POL003261,2026-04-02,FAC-036,0.75
GR05248,GRL005248,PO01429,POL001429,2026-05-08,PRO-050,7.5
GR05249,GRL005249,PO04680,POL004680,2026-03-14,MAR-009,62.5
GR05250,GRL005250,PO02902,POL002902,2026-06-19,MAN-138,2.5
GR05251,GRL005251,PO03826,POL003826,2026-08-01,LOG-159,3.75
GR05252,GRL005252,PO01878,POL001878,2026-03-03,FAC-032,1.25
GR05253,GRL005253,PO00685,POL000685,2026-08-02,FAC-014,7.5
GR05254,GRL005254,PO00812,POL000812,2026-08-02,IT -087,25.0
GR05255,GRL005255,PO00734,POL000734,2026-06-27,IT -002,125.0
GR05256,GRL005256,PO03245,POL003245,2026-03-12,UTI-063,12.5
GR05257,GRL005257,PO03190,POL003190,2026-05-18,LOG-040,5.0
GR05258,GRL005258,PO03795,POL003795,2026-03-13,OFF-087,250.0
GR05259,GRL005259,PO03111,POL003111,2026-07-11,UTI-139,0.5
GR05260,GRL005260,PO03311,POL003311,2026-08-12,LOG-017,0.25
GR05261,GRL005261,PO02629,POL002629,2026-04-14,FAC-140,187.5
GR05262,GRL005262,PO02396,POL002396,2026-06-14,FAC-140,5.0
GR05263,GRL005263,PO01098,POL001098,2026-03-23,PRO-113,0.5
GR05264,GRL005264,PO03293,POL003293,2026-04-28,PRO-157,37.5
GR05265,GRL005265,PO03183,POL003183,2026-05-17,FAC-143,1.25
GR05266,GRL005266,PO02891,POL002891,2026-03-19,MAN-123,125.0
GR05267,GRL005267,PO04641,POL004641,2026-02-04,OFF-060,187.5
GR05268,GRL005268,PO01870,POL001870,2026-05-04,UTI-024,50.0
GR05269,GRL005269,PO02416,POL002416,2026-03-27,PRO-040,375.0
GR05270,GRL005270,PO00963,POL000963,2026-07-11,PRO-044,15.0
GR05271,GRL005271,PO00751,POL000751,2026-05-15,UTI-084,62.5
GR05272,GRL005272,PO01143,POL001143,2026-02-08,OFF-001,12.5
GR05273,GRL005273,PO02029,POL002029,2026-02-05,MAN-142,250.0
GR05274,GRL005274,PO04187,POL004187,2026-03-20,FAC-011,250.0
GR05275,GRL005275,PO04732,POL004732,2026-05-28,MAR-131,125.0
GR05276,GRL005276,PO00678,POL000678,2026-06-13,PRO-158,5.0
GR05277,GRL005277,PO00515,POL000515,2026-03-06,LOG-065,50.0
GR05278,GRL005278,PO04054,POL004054,2026-02-16,OFF-028,25.0
GR05279,GRL005279,PO00952,POL000952,2026-04-05,MAN-017,0.25
GR05280,GRL005280,PO02912,POL002912,2026-08-06,PRO-114,250.0
GR05281,GRL005281,PO02639,POL002639,2026-03-23,IT -072,50.0
GR05282,GRL005282,PO03782,POL003782,2026-04-25,MAR-060,125.0
GR05283,GRL005283,PO03146,POL003146,2026-02-12,OFF-077,2.5
GR05284,GRL005284,PO00301,POL000301,2026-05-18,MAN-031,250.0
GR05285,GRL005285,PO03236,POL003236,2026-03-18,PRO-098,0.25
GR05286,GRL005286,PO04952,POL004952,2026-04-15,FAC-122,62.5
GR05287,GRL005287,PO01621,POL001621,2026-03-04,OFF-061,50.0
GR05288,GRL005288,PO03966,POL003966,2026-07-01,OFF-113,3.75
GR05289,GRL005289,PO02006,POL002006,2026-03-20,PRO-128,7.5
GR05290,GRL005290,PO02161,POL002161,2026-03-11,MAN-128,75.0
GR05291,GRL005291,PO03724,POL003724,2026-06-23,PRO-096,15.0
GR05292,GRL005292,PO04930,POL004930,2026-04-12,FAC-153,375.0
GR05293,GRL005293,PO02158,POL002158,2026-04-19,MAR-146,125.0
GR05294,GRL005294,PO00377,POL000377,2026-06-08,PRO-150,7.5
GR05295,GRL005295,PO00229,POL000229,2026-04-23,MAR-042,62.5
GR05296,GRL005296,PO00301,POL000301,2026-06-19,MAN-031,250.0
GR05297,GRL005297,PO03016,POL003016,2026-01-22,PRO-065,0.5
GR05298,GRL005298,PO02123,POL002123,2026-05-28,UTI-068,125.0
GR05299,GRL005299,PO04781,POL004781,2026-07-26,FAC-060,62.5
GR05300,GRL005300,PO02367,POL002367,2026-03-09,OFF-043,2.5
GR05301,GRL005301,PO02837,POL002837,2026-02-12,FAC-082,37.5
GR05302,GRL005302,PO00214,POL000214,2026-04-30,IT -147,375.0
GR05303,GRL005303,PO03614,POL003614,2026-06-18,LOG-043,1.5
GR05304,GRL005304,PO04320,POL004320,2026-05-14,IT -117,75.0
GR05305,GRL005305,PO03090,POL003090,2026-07-22,UTI-094,75.0
GR05306,GRL005306,PO04557,POL004557,2026-02-06,FAC-159,1.5
GR05307,GRL005307,PO00116,POL000116,2026-05-01,OFF-063,250.0
GR05308,GRL005308,PO04024,POL004024,2026-02-05,PRO-097,5.0
GR05309,GRL005309,PO02291,POL002291,2026-07-24,MAN-088,12.5
GR05310,GRL005310,PO03608,POL003608,2026-07-25,OFF-097,12.5
GR05311,GRL005311,PO01844,POL001844,2026-05-19,OFF-156,15.0
GR05312,GRL005312,PO04138,POL004138,2026-03-17,IT -036,75.0
GR05313,GRL005313,PO04137,POL004137,2026-05-16,FAC-030,10.0
GR05314,GRL005314,PO02019,POL002019,2026-09-04,MAR-147,0.5
GR05315,GRL005315,PO02111,POL002111,2026-02-19,IT -139,0.75
GR05316,GRL005316,PO01176,POL001176,2026-07-21,IT -052,5.0
GR05317,GRL005317,PO01699,POL001699,2026-02-16,FAC-092,125.0
GR05318,GRL005318,PO01803,POL001803,2026-06-22,PRO-119,3.75
GR05319,GRL005319,PO02658,POL002658,2026-06-25,OFF-109,1.0
GR05320,GRL005320,PO03900,POL003900,2026-06-10,OFF-039,0.75
GR05321,GRL005321,PO00031,POL000031,2026-04-23,PRO-045,62.5
GR05322,GRL005322,PO01182,POL001182,2026-02-28,PRO-076,1.25
GR05323,GRL005323,PO00421,POL000421,2026-08-21,FAC-014,1.25
GR05324,GRL005324,PO02490,POL002490,2026-05-06,OFF-153,7.5
GR05325,GRL005325,PO04608,POL004608,2026-02-20,MAN-070,75.0
GR05326,GRL005326,PO04239,POL004239,2026-03-23,PRO-159,10.0
GR05327,GRL005327,PO03823,POL003823,2026-04-17,MAR-042,37.5
GR05328,GRL005328,PO03386,POL003386,2026-02-16,MAN-089,62.5
GR05329,GRL005329,PO02060,POL002060,2026-03-19,UTI-104,1.25
GR05330,GRL005330,PO00938,POL000938,2026-04-21,MAN-008,375.0
GR05331,GRL005331,PO04823,POL004823,2026-07-30,PRO-131,7.5
GR05332,GRL005332,PO03230,POL003230,2026-06-01,OFF-159,1.25
GR05333,GRL005333,PO00544,POL000544,2026-08-10,MAR-054,125.0
GR05334,GRL005334,PO04062,POL004062,2026-03-29,OFF-075,1.5
GR05335,GRL005335,PO02724,POL002724,2026-07-14,IT -090,1.5
GR05336,GRL005336,PO02592,POL002592,2026-05-11,MAR-107,7.5
GR05337,GRL005337,PO02860,POL002860,2026-07-08,IT -011,25.0
GR05338,GRL005338,PO02869,POL002869,2026-08-11,FAC-016,0.5
GR05339,GRL005339,PO04221,POL004221,2026-07-21,PRO-097,125.0
GR05340,GRL005340,PO03134,POL003134,2026-02-25,LOG-149,1.5
GR05341,GRL005341,PO00264,POL000264,2026-02-26,MAN-007,3.75
GR05342,GRL005342,PO03330,POL003330,2026-03-04,MAR-028,2.5
GR05343,GRL005343,PO00436,POL000436,2026-03-03,LOG-112,1.0
GR05344,GRL005344,PO01981,POL001981,2026-05-22,MAR-156,125.0
GR05345,GRL005345,PO04219,POL004219,2026-04-11,FAC-048,250.0
GR05346,GRL005346,PO03438,POL003438,2026-03-12,IT -147,7.5
GR05347,GRL005347,PO01561,POL001561,2026-04-15,PRO-088,1.25
GR05348,GRL005348,PO04718,POL004718,2026-06-10,PRO-140,0.75
GR05349,GRL005349,PO01219,POL001219,2026-08-21,FAC-051,50.0
GR05350,GRL005350,PO03607,POL003607,2026-06-19,UTI-053,15.0
GR05351,GRL005351,PO04749,POL004749,2026-06-18,MAN-083,125.0
GR05352,GRL005352,PO04073,POL004073,2026-04-05,IT -089,62.5
GR05353,GRL005353,PO04798,POL004798,2026-08-18,OFF-117,62.5
GR05354,GRL005354,PO01207,POL001207,2026-06-08,IT -126,0.5
GR05355,GRL005355,PO04006,POL004006,2026-07-31,UTI-117,3.75
GR05356,GRL005356,PO04263,POL004263,2026-02-04,FAC-080,1.0
GR05357,GRL005357,PO03516,POL003516,2026-06-09,FAC-076,25.0
GR05358,GRL005358,PO01380,POL001380,2026-08-03,FAC-078,10.0
GR05359,GRL005359,PO01435,POL001435,2026-03-07,UTI-156,187.5
GR05360,GRL005360,PO03034,POL003034,2026-05-17,MAR-141,37.5
GR05361,GRL005361,PO03094,POL003094,2026-04-10,UTI-077,2.5
GR05362,GRL005362,PO02725,POL002725,2026-02-03,MAR-130,1.0
GR05363,GRL005363,PO02119,POL002119,2026-02-06,UTI-080,250.0
GR05364,GRL005364,PO01548,POL001548,2026-05-17,LOG-156,375.0
GR05365,GRL005365,PO01265,POL001265,2026-04-13,FAC-130,7.5
GR05366,GRL005366,PO01238,POL001238,2026-01-31,MAN-138,25.0
GR05367,GRL005367,PO02451,POL002451,2026-06-13,OFF-104,15.0
GR05368,GRL005368,PO02135,POL002135,2026-04-23,PRO-133,5.0
GR05369,GRL005369,PO04005,POL004005,2026-01-17,MAN-078,15.0
GR05370,GRL005370,PO04179,POL004179,2026-02-10,OFF-091,125.0
GR05371,GRL005371,PO03322,POL003322,2026-04-15,OFF-062,375.0
GR05372,GRL005372,PO03750,POL003750,2026-02-19,PRO-114,1.25
GR05373,GRL005373,PO00672,POL000672,2026-04-01,MAN-159,7.5
GR05374,GRL005374,PO00722,POL000722,2026-02-25,OFF-055,75.0
GR05375,GRL005375,PO01604,POL001604,2026-07-05,MAR-051,250.0
GR05376,GRL005376,PO00397,POL000397,2026-04-13,IT -037,2.5
GR05377,GRL005377,PO01205,POL001205,2026-06-21,OFF-004,1.25
GR05378,GRL005378,PO02741,POL002741,2026-03-30,IT -108,62.5
GR05379,GRL005379,PO04609,POL004609,2026-05-29,UTI-055,375.0
GR05380,GRL005380,PO04849,POL004849,2026-06-23,PRO-007,1.0
GR05381,GRL005381,PO01646,POL001646,2026-09-15,IT -097,0.25
GR05382,GRL005382,PO03116,POL003116,2026-09-17,FAC-124,0.75
GR05383,GRL005383,PO01446,POL001446,2026-07-05,MAR-076,2.5
GR05384,GRL005384,PO01379,POL001379,2026-07-05,PRO-153,0.75
GR05385,GRL005385,PO00241,POL000241,2026-02-10,MAR-133,1.25
GR05386,GRL005386,PO04794,POL004794,2026-04-27,MAN-124,1.0
GR05387,GRL005387,PO01990,POL001990,2026-07-10,LOG-042,5.0
GR05388,GRL005388,PO01372,POL001372,2026-06-13,IT -039,12.5
GR05389,GRL005389,PO02565,POL002565,2026-04-29,IT -070,1.0
GR05390,GRL005390,PO04997,POL004997,2026-02-11,IT -010,37.5
GR05391,GRL005391,PO03343,POL003343,2026-07-14,IT -056,15.0
GR05392,GRL005392,PO04341,POL004341,2026-04-10,MAN-095,3.75
GR05393,GRL005393,PO04765,POL004765,2026-02-06,MAR-133,5.0
GR05394,GRL005394,PO01169,POL001169,2026-04-05,MAN-092,125.0
GR05395,GRL005395,PO04532,POL004532,2026-06-16,OFF-096,50.0
GR05396,GRL005396,PO02976,POL002976,2026-08-10,LOG-135,0.5
GR05397,GRL005397,PO03735,POL003735,2026-08-06,PRO-065,12.5
GR05398,GRL005398,PO00501,POL000501,2026-03-20,MAR-001,0.5
GR05399,GRL005399,PO03921,POL003921,2026-04-03,UTI-069,0.5
GR05400,GRL005400,PO04804,POL004804,2026-02-25,OFF-159,375.0
GR05401,GRL005401,PO02221,POL002221,2026-02-24,PRO-145,375.0
GR05402,GRL005402,PO02396,POL002396,2026-06-07,FAC-140,15.0
GR05403,GRL005403,PO04517,POL004517,2026-06-25,OFF-066,2.5
GR05404,GRL005404,PO00200,POL000200,2026-03-26,OFF-018,187.5
GR05405,GRL005405,PO01450,POL001450,2026-06-17,OFF-056,7.5
GR05406,GRL005406,PO02812,POL002812,2026-06-09,MAN-014,25.0
GR05407,GRL005407,PO04284,POL004284,2026-06-13,MAN-125,25.0
GR05408,GRL005408,PO03762,POL003762,2026-05-28,MAN-010,1.25
GR05409,GRL005409,PO02160,POL002160,2026-02-27,IT -044,2.5
GR05410,GRL005410,PO01054,POL001054,2026-07-29,IT -132,15.0
GR05411,GRL005411,PO03078,POL003078,2026-02-03,MAR-125,0.25
GR05412,GRL005412,PO04519,POL004519,2026-08-04,IT -078,50.0
GR05413,GRL005413,PO03953,POL003953,2026-06-28,OFF-134,250.0
GR05414,GRL005414,PO01219,POL001219,2026-09-04,FAC-051,50.0
GR05415,GRL005415,PO02753,POL002753,2026-07-06,FAC-100,12.5
GR05416,GRL005416,PO01885,POL001885,2026-07-25,MAN-146,5.0
GR05417,GRL005417,PO00734,POL000734,2026-06-10,IT -002,375.0
GR05418,GRL005418,PO02815,POL002815,2026-07-30,FAC-139,0.25
GR05419,GRL005419,PO01841,POL001841,2026-02-11,PRO-047,0.5
GR05420,GRL005420,PO03080,POL003080,2026-06-20,UTI-113,1.5
GR05421,GRL005421,PO01864,POL001864,2026-06-02,MAN-040,0.5
GR05422,GRL005422,PO04149,POL004149,2026-03-13,PRO-111,75.0
GR05423,GRL005423,PO04325,POL004325,2026-03-14,LOG-059,3.75
GR05424,GRL005424,PO00142,POL000142,2026-05-02,IT -068,25.0
GR05425,GRL005425,PO03312,POL003312,2026-03-15,OFF-018,10.0
GR05426,GRL005426,PO02860,POL002860,2026-08-02,IT -011,37.5
GR05427,GRL005427,PO04205,POL004205,2026-04-09,OFF-013,50.0
GR05428,GRL005428,PO03968,POL003968,2026-06-19,FAC-028,1.0
GR05429,GRL005429,PO04556,POL004556,2026-05-29,MAR-041,125.0
GR05430,GRL005430,PO02774,POL002774,2026-03-19,PRO-017,125.0
GR05431,GRL005431,PO02688,POL002688,2026-07-16,MAR-110,125.0
GR05432,GRL005432,PO00583,POL000583,2026-07-13,OFF-136,1.5
GR05433,GRL005433,PO01508,POL001508,2026-06-14,MAN-012,5.0
GR05434,GRL005434,PO02917,POL002917,2026-01-13,MAR-037,2.5
GR05435,GRL005435,PO04745,POL004745,2026-07-13,UTI-111,37.5
GR05436,GRL005436,PO00813,POL000813,2026-06-10,MAR-009,10.0
GR05437,GRL005437,PO04802,POL004802,2026-07-15,LOG-031,7.5
GR05438,GRL005438,PO03352,POL003352,2026-05-10,PRO-132,15.0
GR05439,GRL005439,PO03573,POL003573,2026-02-03,IT -142,2.5
GR05440,GRL005440,PO03289,POL003289,2026-02-06,LOG-037,125.0
GR05441,GRL005441,PO02671,POL002671,2026-07-13,MAR-026,7.5
GR05442,GRL005442,PO00078,POL000078,2026-07-04,OFF-004,50.0
GR05443,GRL005443,PO01741,POL001741,2026-05-05,PRO-051,2.5
GR05444,GRL005444,PO03447,POL003447,2026-02-18,PRO-024,7.5
GR05445,GRL005445,PO04228,POL004228,2026-03-27,MAR-074,25.0
GR05446,GRL005446,PO01444,POL001444,2026-05-25,OFF-106,0.25
GR05447,GRL005447,PO02674,POL002674,2026-05-17,OFF-107,62.5
GR05448,GRL005448,PO03426,POL003426,2026-08-08,FAC-099,50.0
GR05449,GRL005449,PO03113,POL003113,2026-07-06,FAC-107,10.0
GR05450,GRL005450,PO04050,POL004050,2026-02-20,MAN-111,75.0
GR05451,GRL005451,PO01967,POL001967,2026-06-16,MAR-064,2.5
GR05452,GRL005452,PO00794,POL000794,2026-05-09,MAN-032,0.5
GR05453,GRL005453,PO00850,POL000850,2026-08-03,FAC-024,5.0
GR05454,GRL005454,PO00798,POL000798,2026-02-02,IT -046,375.0
GR05455,GRL005455,PO00184,POL000184,2026-05-22,PRO-038,2.5
GR05456,GRL005456,PO00700,POL000700,2026-06-14,OFF-109,25.0
GR05457,GRL005457,PO04491,POL004491,2026-04-05,MAN-065,25.0
GR05458,GRL005458,PO01654,POL001654,2026-03-20,MAN-139,62.5
GR05459,GRL005459,PO02957,POL002957,2026-03-23,OFF-058,25.0
GR05460,GRL005460,PO02592,POL002592,2026-05-12,MAR-107,7.5
GR05461,GRL005461,PO04456,POL004456,2026-03-17,UTI-080,250.0
GR05462,GRL005462,PO02917,POL002917,2026-02-07,MAR-037,7.5
GR05463,GRL005463,PO00558,POL000558,2026-03-13,FAC-126,50.0
GR05464,GRL005464,PO00162,POL000162,2026-07-09,PRO-120,10.0
GR05465,GRL005465,PO04074,POL004074,2026-05-14,PRO-040,1.25
GR05466,GRL005466,PO01819,POL001819,2026-06-14,FAC-069,5.0
GR05467,GRL005467,PO04063,POL004063,2026-04-15,UTI-083,62.5
GR05468,GRL005468,PO04669,POL004669,2026-03-19,FAC-157,25.0
GR05469,GRL005469,PO00416,POL000416,2026-07-02,LOG-055,25.0
GR05470,GRL005470,PO03972,POL003972,2026-05-25,IT -013,62.5
GR05471,GRL005471,PO00855,POL000855,2026-03-03,OFF-130,0.5
GR05472,GRL005472,PO01447,POL001447,2026-05-03,OFF-072,5.0
GR05473,GRL005473,PO00758,POL000758,2026-07-24,MAN-160,5.0
GR05474,GRL005474,PO03050,POL003050,2026-05-30,LOG-063,0.5
GR05475,GRL005475,PO02084,POL002084,2026-07-04,FAC-078,75.0
GR05476,GRL005476,PO01058,POL001058,2026-09-14,MAR-085,37.5
GR05477,GRL005477,PO04383,POL004383,2026-04-06,FAC-115,37.5
GR05478,GRL005478,PO01824,POL001824,2026-05-29,LOG-100,125.0
GR05479,GRL005479,PO02976,POL002976,2026-07-23,LOG-135,0.5
GR05480,GRL005480,PO03099,POL003099,2026-07-23,MAR-013,37.5
GR05481,GRL005481,PO01423,POL001423,2026-07-19,MAR-135,0.25
GR05482,GRL005482,PO04846,POL004846,2026-08-01,MAN-069,12.5
GR05483,GRL005483,PO04709,POL004709,2026-03-23,LOG-024,15.0
GR05484,GRL005484,PO01215,POL001215,2026-03-30,LOG-110,187.5
GR05485,GRL005485,PO01427,POL001427,2026-03-30,FAC-095,25.0
GR05486,GRL005486,PO03091,POL003091,2026-03-05,LOG-020,125.0
GR05487,GRL005487,PO03152,POL003152,2026-03-06,OFF-125,75.0
GR05488,GRL005488,PO00964,POL000964,2026-08-24,MAR-037,1.5
GR05489,GRL005489,PO03022,POL003022,2026-05-15,MAN-022,5.0
GR05490,GRL005490,PO04518,POL004518,2026-07-19,UTI-082,5.0
GR05491,GRL005491,PO03165,POL003165,2026-02-01,IT -049,1.25
GR05492,GRL005492,PO04586,POL004586,2026-07-23,FAC-082,5.0
GR05493,GRL005493,PO01018,POL001018,2026-03-03,MAN-094,125.0
GR05494,GRL005494,PO01549,POL001549,2026-08-02,UTI-048,1.5
GR05495,GRL005495,PO01416,POL001416,2026-08-30,IT -147,50.0
GR05496,GRL005496,PO00998,POL000998,2026-07-16,FAC-075,0.75
GR05497,GRL005497,PO01612,POL001612,2026-06-30,FAC-067,62.5
GR05498,GRL005498,PO04086,POL004086,2026-06-21,FAC-044,2.5
GR05499,GRL005499,PO02032,POL002032,2026-02-01,PRO-090,0.25
GR05500,GRL005500,PO00599,POL000599,2026-04-09,LOG-091,250.0
GR05501,GRL005501,PO02700,POL002700,2026-06-17,MAR-147,15.0
GR05502,GRL005502,PO02000,POL002000,2026-01-15,FAC-069,187.5
GR05503,GRL005503,PO01533,POL001533,2026-05-11,OFF-116,62.5
GR05504,GRL005504,PO02711,POL002711,2026-04-30,PRO-018,375.0
GR05505,GRL005505,PO04766,POL004766,2026-07-17,IT -039,1.0
GR05506,GRL005506,PO00026,POL000026,2026-03-13,FAC-152,37.5
GR05507,GRL005507,PO00496,POL000496,2026-02-18,LOG-038,125.0
GR05508,GRL005508,PO00214,POL000214,2026-05-04,IT -147,125.0
GR05509,GRL005509,PO02210,POL002210,2026-05-17,FAC-155,2.5
GR05510,GRL005510,PO03068,POL003068,2026-04-13,IT -008,7.5
GR05511,GRL005511,PO01266,POL001266,2026-04-06,LOG-010,1.5
GR05512,GRL005512,PO00956,POL000956,2026-04-15,UTI-126,0.5
GR05513,GRL005513,PO00548,POL000548,2026-06-27,OFF-015,15.0
GR05514,GRL005514,PO03101,POL003101,2026-04-17,FAC-070,1.5
GR05515,GRL005515,PO04293,POL004293,2026-03-26,IT -153,1.0
GR05516,GRL005516,PO03745,POL003745,2026-03-20,UTI-111,62.5
GR05517,GRL005517,PO02170,POL002170,2026-06-11,MAN-147,1.0
GR05518,GRL005518,PO00063,POL000063,2026-04-26,IT -037,125.0
GR05519,GRL005519,PO04245,POL004245,2026-06-30,MAR-071,7.5
GR05520,GRL005520,PO04626,POL004626,2026-06-05,IT -017,25.0
GR05521,GRL005521,PO00243,POL000243,2026-04-04,IT -071,12.5
GR05522,GRL005522,PO00644,POL000644,2026-01-30,IT -148,0.25
GR05523,GRL005523,PO00362,POL000362,2026-03-03,MAR-034,37.5
GR05524,GRL005524,PO04902,POL004902,2026-05-04,MAN-057,0.25
GR05525,GRL005525,PO00945,POL000945,2026-04-05,IT -145,5.0
GR05526,GRL005526,PO03742,POL003742,2026-04-16,PRO-022,1.5
GR05527,GRL005527,PO04678,POL004678,2026-02-17,MAN-098,12.5
GR05528,GRL005528,PO04755,POL004755,2026-02-27,MAN-035,125.0
GR05529,GRL005529,PO00184,POL000184,2026-05-08,PRO-038,2.5
GR05530,GRL005530,PO04987,POL004987,2026-03-27,IT -136,75.0
GR05531,GRL005531,PO01433,POL001433,2026-03-17,MAN-097,1.25
GR05532,GRL005532,PO00608,POL000608,2026-05-28,MAN-131,15.0
GR05533,GRL005533,PO04539,POL004539,2026-08-21,MAN-006,187.5
GR05534,GRL005534,PO02822,POL002822,2026-08-07,MAN-046,375.0
GR05535,GRL005535,PO03779,POL003779,2026-04-09,MAR-137,250.0
GR05536,GRL005536,PO04771,POL004771,2026-03-27,LOG-149,25.0
GR05537,GRL005537,PO00491,POL000491,2026-02-14,UTI-088,5.0
GR05538,GRL005538,PO03394,POL003394,2026-05-31,PRO-047,0.25
GR05539,GRL005539,PO03664,POL003664,2026-04-29,MAR-009,2.5
GR05540,GRL005540,PO00580,POL000580,2026-02-20,LOG-103,0.75
GR05541,GRL005541,PO00194,POL000194,2026-03-25,IT -094,1.0
GR05542,GRL005542,PO03068,POL003068,2026-05-25,IT -008,5.0
GR05543,GRL005543,PO04421,POL004421,2026-03-23,UTI-156,0.75
GR05544,GRL005544,PO00611,POL000611,2026-01-23,LOG-014,5.0
GR05545,GRL005545,PO04278,POL004278,2026-03-28,MAR-040,2.5
GR05546,GRL005546,PO01474,POL001474,2026-07-07,PRO-147,0.5
GR05547,GRL005547,PO03987,POL003987,2026-04-03,LOG-013,2.5
GR05548,GRL005548,PO01233,POL001233,2026-06-02,OFF-041,62.5
GR05549,GRL005549,PO00862,POL000862,2026-06-02,LOG-059,75.0
GR05550,GRL005550,PO02567,POL002567,2026-07-31,MAN-150,3.75
GR05551,GRL005551,PO03817,POL003817,2026-07-01,UTI-076,0.5
GR05552,GRL005552,PO03088,POL003088,2026-02-16,MAN-107,37.5
GR05553,GRL005553,PO02358,POL002358,2026-07-05,MAR-125,25.0
GR05554,GRL005554,PO01848,POL001848,2026-02-22,FAC-114,1.25
GR05555,GRL005555,PO00783,POL000783,2026-06-26,PRO-011,37.5
GR05556,GRL005556,PO04670,POL004670,2026-07-15,IT -132,62.5
GR05557,GRL005557,PO02995,POL002995,2026-02-11,OFF-132,10.0
GR05558,GRL005558,PO03661,POL003661,2026-02-26,IT -071,0.75
GR05559,GRL005559,PO03061,POL003061,2026-03-18,LOG-063,1.25
GR05560,GRL005560,PO02378,POL002378,2026-04-03,PRO-030,62.5
GR05561,GRL005561,PO02616,POL002616,2026-02-23,PRO-125,0.5
GR05562,GRL005562,PO04475,POL004475,2026-06-29,IT -160,125.0
GR05563,GRL005563,PO03196,POL003196,2026-06-26,UTI-087,3.75
GR05564,GRL005564,PO03120,POL003120,2026-08-15,LOG-052,1.25
GR05565,GRL005565,PO00535,POL000535,2026-02-03,UTI-035,75.0
GR05566,GRL005566,PO03465,POL003465,2026-04-13,LOG-150,0.75
GR05567,GRL005567,PO04311,POL004311,2026-06-08,MAN-086,3.75
GR05568,GRL005568,PO04867,POL004867,2026-04-14,FAC-003,75.0
GR05569,GRL005569,PO00273,POL000273,2026-03-28,MAR-090,1.25
GR05570,GRL005570,PO02292,POL002292,2026-03-07,IT -078,15.0
GR05571,GRL005571,PO04902,POL004902,2026-04-14,MAN-057,0.5
GR05572,GRL005572,PO02143,POL002143,2026-06-12,FAC-116,5.0
GR05573,GRL005573,PO00566,POL000566,2026-05-02,PRO-019,1.25
GR05574,GRL005574,PO00071,POL000071,2026-04-25,IT -130,37.5
GR05575,GRL005575,PO00172,POL000172,2026-06-14,IT -147,2.5
GR05576,GRL005576,PO00513,POL000513,2026-03-13,UTI-131,1.5
GR05577,GRL005577,PO01595,POL001595,2026-05-27,FAC-043,3.75
GR05578,GRL005578,PO03613,POL003613,2026-08-03,MAR-112,25.0
GR05579,GRL005579,PO04027,POL004027,2026-03-06,IT -150,1.25
GR05580,GRL005580,PO02307,POL002307,2026-08-03,OFF-038,0.5
GR05581,GRL005581,PO04167,POL004167,2026-05-30,IT -044,375.0
GR05582,GRL005582,PO00352,POL000352,2026-03-20,FAC-107,37.5
GR05583,GRL005583,PO02817,POL002817,2026-03-13,PRO-057,125.0
GR05584,GRL005584,PO03694,POL003694,2026-05-23,MAN-063,10.0
GR05585,GRL005585,PO01996,POL001996,2026-09-01,PRO-083,25.0
GR05586,GRL005586,PO02166,POL002166,2026-08-10,FAC-025,375.0
GR05587,GRL005587,PO02588,POL002588,2026-06-28,LOG-006,7.5
GR05588,GRL005588,PO01598,POL001598,2026-08-23,MAN-008,125.0
GR05589,GRL005589,PO01468,POL001468,2026-07-25,IT -080,375.0
GR05590,GRL005590,PO04342,POL004342,2026-04-13,PRO-019,0.75
GR05591,GRL005591,PO00361,POL000361,2026-03-26,LOG-049,12.5
GR05592,GRL005592,PO01090,POL001090,2026-07-17,LOG-019,25.0
GR05593,GRL005593,PO03052,POL003052,2026-06-21,FAC-065,1.0
GR05594,GRL005594,PO01656,POL001656,2026-03-22,FAC-108,1.0
GR05595,GRL005595,PO03696,POL003696,2026-02-04,FAC-073,5.0
GR05596,GRL005596,PO04828,POL004828,2026-09-12,OFF-051,1.0
GR05597,GRL005597,PO01601,POL001601,2026-06-08,IT -027,0.25
GR05598,GRL005598,PO04184,POL004184,2026-01-25,MAN-091,375.0
GR05599,GRL005599,PO01415,POL001415,2026-03-05,UTI-151,5.0
GR05600,GRL005600,PO02352,POL002352,2026-04-12,LOG-054,10.0
GR05601,GRL005601,PO04314,POL004314,2026-04-04,MAR-028,3.75
GR05602,GRL005602,PO03492,POL003492,2026-02-23,MAR-121,37.5
GR05603,GRL005603,PO04449,POL004449,2026-06-10,LOG-041,10.0
GR05604,GRL005604,PO00727,POL000727,2026-02-10,PRO-092,5.0
GR05605,GRL005605,PO02248,POL002248,2026-07-28,MAR-087,0.75
GR05606,GRL005606,PO00391,POL000391,2026-06-22,FAC-108,62.5
GR05607,GRL005607,PO03846,POL003846,2026-03-08,FAC-039,2.5
GR05608,GRL005608,PO04232,POL004232,2026-04-11,FAC-139,2.5
GR05609,GRL005609,PO01124,POL001124,2026-08-22,OFF-091,3.75
GR05610,GRL005610,PO02990,POL002990,2026-09-09,PRO-042,75.0
GR05611,GRL005611,PO01647,POL001647,2026-03-27,UTI-120,1.25
GR05612,GRL005612,PO04366,POL004366,2026-01-26,OFF-104,50.0
GR05613,GRL005613,PO00200,POL000200,2026-04-15,OFF-018,125.0
GR05614,GRL005614,PO02518,POL002518,2026-03-26,FAC-082,187.5
GR05615,GRL005615,PO00597,POL000597,2026-07-18,MAR-068,50.0
GR05616,GRL005616,PO01091,POL001091,2026-06-21,FAC-015,125.0
GR05617,GRL005617,PO03610,POL003610,2026-04-18,MAR-125,50.0
GR05618,GRL005618,PO01380,POL001380,2026-09-04,FAC-078,10.0
GR05619,GRL005619,PO02195,POL002195,2026-03-24,IT -132,2.5
GR05620,GRL005620,PO01971,POL001971,2026-03-20,MAN-065,25.0
GR05621,GRL005621,PO02866,POL002866,2026-07-12,IT -136,0.5
GR05622,GRL005622,PO01394,POL001394,2026-04-30,FAC-060,25.0
GR05623,GRL005623,PO04316,POL004316,2026-04-12,LOG-140,15.0
GR05624,GRL005624,PO03734,POL003734,2026-05-15,UTI-154,125.0
GR05625,GRL005625,PO01541,POL001541,2026-01-23,FAC-002,10.0
GR05626,GRL005626,PO02909,POL002909,2026-05-28,PRO-053,25.0
GR05627,GRL005627,PO02568,POL002568,2026-06-22,IT -083,1.25
GR05628,GRL005628,PO01453,POL001453,2026-06-13,UTI-147,125.0
GR05629,GRL005629,PO03859,POL003859,2026-07-06,FAC-122,0.5
GR05630,GRL005630,PO01770,POL001770,2026-07-21,MAN-076,1.0
GR05631,GRL005631,PO03069,POL003069,2026-05-14,MAN-054,375.0
GR05632,GRL005632,PO04324,POL004324,2026-05-22,OFF-114,0.75
GR05633,GRL005633,PO02554,POL002554,2026-08-13,FAC-146,0.75
GR05634,GRL005634,PO00009,POL000009,2026-01-22,OFF-007,0.5
GR05635,GRL005635,PO00388,POL000388,2026-01-25,PRO-058,2.5
GR05636,GRL005636,PO00857,POL000857,2026-06-21,PRO-033,187.5
GR05637,GRL005637,PO01463,POL001463,2026-07-09,UTI-098,50.0
GR05638,GRL005638,PO02616,POL002616,2026-02-19,PRO-125,0.5
GR05639,GRL005639,PO01045,POL001045,2026-03-29,FAC-014,0.75
GR05640,GRL005640,PO01571,POL001571,2026-06-27,PRO-159,375.0
GR05641,GRL005641,PO03049,POL003049,2026-02-27,OFF-100,50.0
GR05642,GRL005642,PO04134,POL004134,2026-04-19,FAC-134,25.0
GR05643,GRL005643,PO01080,POL001080,2026-08-11,MAN-080,187.5
GR05644,GRL005644,PO04558,POL004558,2026-05-06,MAN-082,62.5
GR05645,GRL005645,PO03662,POL003662,2026-05-14,PRO-147,3.75
GR05646,GRL005646,PO02273,POL002273,2026-04-17,MAN-050,2.5
GR05647,GRL005647,PO01222,POL001222,2026-04-13,IT -064,2.5
GR05648,GRL005648,PO00286,POL000286,2026-08-25,MAR-133,50.0
GR05649,GRL005649,PO01883,POL001883,2026-07-22,LOG-141,15.0
GR05650,GRL005650,PO04905,POL004905,2026-01-22,MAR-133,125.0
GR05651,GRL005651,PO04572,POL004572,2026-05-15,LOG-087,375.0
GR05652,GRL005652,PO01497,POL001497,2026-06-07,IT -058,50.0
GR05653,GRL005653,PO02768,POL002768,2026-03-27,FAC-090,0.25
GR05654,GRL005654,PO03050,POL003050,2026-05-17,LOG-063,0.75
GR05655,GRL005655,PO02396,POL002396,2026-06-18,FAC-140,5.0
GR05656,GRL005656,PO02036,POL002036,2026-03-28,UTI-007,187.5
GR05657,GRL005657,PO00965,POL000965,2026-03-04,MAN-035,187.5
GR05658,GRL005658,PO02357,POL002357,2026-09-10,FAC-144,0.5
GR05659,GRL005659,PO04114,POL004114,2026-06-22,MAN-037,37.5
GR05660,GRL005660,PO04004,POL004004,2026-03-14,FAC-100,125.0
GR05661,GRL005661,PO00038,POL000038,2026-02-03,MAR-085,3.75
GR05662,GRL005662,PO03114,POL003114,2026-03-19,IT -052,0.25
GR05663,GRL005663,PO03339,POL003339,2026-04-05,IT -043,0.5
GR05664,GRL005664,PO01736,POL001736,2026-07-27,PRO-037,25.0
GR05665,GRL005665,PO01113,POL001113,2026-03-16,FAC-096,5.0
GR05666,GRL005666,PO03319,POL003319,2026-08-06,LOG-152,0.5
GR05667,GRL005667,PO00687,POL000687,2026-06-14,MAR-013,1.5
GR05668,GRL005668,PO02585,POL002585,2026-01-19,PRO-005,25.0
GR05669,GRL005669,PO02667,POL002667,2026-08-04,MAR-103,0.5
GR05670,GRL005670,PO04899,POL004899,2026-04-30,FAC-143,0.5
GR05671,GRL005671,PO04925,POL004925,2026-05-14,FAC-129,75.0
GR05672,GRL005672,PO00977,POL000977,2026-03-13,LOG-054,15.0
GR05673,GRL005673,PO02764,POL002764,2026-05-27,MAN-137,62.5
GR05674,GRL005674,PO02391,POL002391,2026-07-23,OFF-012,25.0
GR05675,GRL005675,PO02210,POL002210,2026-06-16,FAC-155,3.75
GR05676,GRL005676,PO00165,POL000165,2026-06-11,UTI-054,1.5
GR05677,GRL005677,PO04776,POL004776,2026-03-24,LOG-118,25.0
GR05678,GRL005678,PO00431,POL000431,2026-04-05,IT -087,7.5
GR05679,GRL005679,PO00292,POL000292,2026-02-16,MAR-099,75.0
GR05680,GRL005680,PO01023,POL001023,2026-03-24,MAN-088,62.5
GR05681,GRL005681,PO00153,POL000153,2026-08-03,PRO-021,2.5
GR05682,GRL005682,PO03876,POL003876,2026-06-27,MAN-047,125.0
GR05683,GRL005683,PO02837,POL002837,2026-01-20,FAC-082,12.5
GR05684,GRL005684,PO01872,POL001872,2026-08-06,LOG-071,0.75
GR05685,GRL005685,PO04172,POL004172,2026-02-17,IT -010,62.5
GR05686,GRL005686,PO02038,POL002038,2026-05-29,MAR-090,50.0
GR05687,GRL005687,PO03749,POL003749,2026-06-05,IT -066,50.0
GR05688,GRL005688,PO01133,POL001133,2026-06-10,OFF-159,15.0
GR05689,GRL005689,PO00255,POL000255,2026-02-15,IT -089,1.25
GR05690,GRL005690,PO04114,POL004114,2026-07-24,MAN-037,12.5
GR05691,GRL005691,PO00387,POL000387,2026-06-24,MAN-093,187.5
GR05692,GRL005692,PO03098,POL003098,2026-05-24,OFF-070,25.0
GR05693,GRL005693,PO04019,POL004019,2026-06-02,LOG-060,3.75
GR05694,GRL005694,PO01775,POL001775,2026-08-01,FAC-146,10.0
GR05695,GRL005695,PO01414,POL001414,2026-04-25,LOG-071,125.0
GR05696,GRL005696,PO02952,POL002952,2026-03-23,UTI-042,75.0
GR05697,GRL005697,PO02610,POL002610,2026-05-19,IT -073,2.5
GR05698,GRL005698,PO02173,POL002173,2026-05-16,MAR-129,187.5
GR05699,GRL005699,PO04391,POL004391,2026-08-21,PRO-096,0.25
GR05700,GRL005700,PO01476,POL001476,2026-05-01,OFF-057,50.0
GR05701,GRL005701,PO00826,POL000826,2026-05-02,PRO-082,125.0
GR05702,GRL005702,PO04622,POL004622,2026-02-25,UTI-112,5.0
GR05703,GRL005703,PO02050,POL002050,2026-04-03,UTI-010,250.0
GR05704,GRL005704,PO01165,POL001165,2026-03-20,MAR-009,5.0
GR05705,GRL005705,PO04210,POL004210,2026-05-17,UTI-111,125.0
GR05706,GRL005706,PO03553,POL003553,2026-05-30,FAC-089,125.0
GR05707,GRL005707,PO00829,POL000829,2026-02-21,OFF-051,2.5
GR05708,GRL005708,PO00037,POL000037,2026-08-05,PRO-156,3.75
GR05709,GRL005709,PO02157,POL002157,2026-05-31,IT -149,125.0
GR05710,GRL005710,PO04972,POL004972,2026-06-24,MAN-099,10.0
GR05711,GRL005711,PO00153,POL000153,2026-07-14,PRO-021,5.0
GR05712,GRL005712,PO04120,POL004120,2026-07-28,PRO-123,1.25
GR05713,GRL005713,PO01352,POL001352,2026-08-15,FAC-115,50.0
GR05714,GRL005714,PO04186,POL004186,2026-06-11,FAC-127,2.5
GR05715,GRL005715,PO02639,POL002639,2026-04-10,IT -072,75.0
GR05716,GRL005716,PO03709,POL003709,2026-03-08,PRO-079,1.0
GR05717,GRL005717,PO02850,POL002850,2026-03-22,OFF-074,25.0
GR05718,GRL005718,PO02734,POL002734,2026-07-28,MAR-107,62.5
GR05719,GRL005719,PO02047,POL002047,2026-07-22,FAC-059,1.5
GR05720,GRL005720,PO00882,POL000882,2026-03-08,LOG-021,75.0
GR05721,GRL005721,PO04000,POL004000,2026-06-16,MAN-008,375.0
GR05722,GRL005722,PO03181,POL003181,2026-05-22,MAN-083,375.0
GR05723,GRL005723,PO04437,POL004437,2026-04-01,OFF-130,12.5
GR05724,GRL005724,PO01090,POL001090,2026-07-22,LOG-019,25.0
GR05725,GRL005725,PO01012,POL001012,2026-07-10,PRO-146,50.0
GR05726,GRL005726,PO02054,POL002054,2026-06-30,FAC-158,1.5
GR05727,GRL005727,PO03628,POL003628,2026-06-27,PRO-083,10.0
GR05728,GRL005728,PO04668,POL004668,2026-03-06,UTI-080,0.5
GR05729,GRL005729,PO03142,POL003142,2026-02-22,FAC-071,1.25
GR05730,GRL005730,PO01341,POL001341,2026-07-12,OFF-066,25.0
GR05731,GRL005731,PO03809,POL003809,2026-03-23,LOG-072,2.5
GR05732,GRL005732,PO04631,POL004631,2026-06-29,OFF-053,125.0
GR05733,GRL005733,PO00525,POL000525,2026-05-26,UTI-024,5.0
GR05734,GRL005734,PO00612,POL000612,2026-04-03,OFF-144,1.25
GR05735,GRL005735,PO03584,POL003584,2026-07-13,IT -100,5.0
GR05736,GRL005736,PO03097,POL003097,2026-02-15,UTI-140,7.5
GR05737,GRL005737,PO04508,POL004508,2026-03-11,UTI-058,7.5
GR05738,GRL005738,PO02724,POL002724,2026-06-14,IT -090,1.0
GR05739,GRL005739,PO03180,POL003180,2026-07-09,MAN-028,125.0
GR05740,GRL005740,PO03467,POL003467,2026-02-05,FAC-074,37.5
GR05741,GRL005741,PO04038,POL004038,2026-07-20,OFF-063,187.5
GR05742,GRL005742,PO04475,POL004475,2026-06-29,IT -160,375.0
GR05743,GRL005743,PO04409,POL004409,2026-03-24,PRO-118,0.5
GR05744,GRL005744,PO00601,POL000601,2026-04-29,OFF-158,2.5
GR05745,GRL005745,PO00185,POL000185,2026-02-15,UTI-109,1.5
GR05746,GRL005746,PO02254,POL002254,2026-07-23,UTI-046,15.0
GR05747,GRL005747,PO00823,POL000823,2026-04-03,FAC-059,1.0
GR05748,GRL005748,PO04245,POL004245,2026-06-09,MAR-071,2.5
GR05749,GRL005749,PO04609,POL004609,2026-05-28,UTI-055,375.0
GR05750,GRL005750,PO04356,POL004356,2026-07-06,IT -076,375.0
GR05751,GRL005751,PO03393,POL003393,2026-06-17,MAR-058,375.0
GR05752,GRL005752,PO04881,POL004881,2026-08-08,MAR-022,0.25
GR05753,GRL005753,PO01159,POL001159,2026-06-22,MAN-015,187.5
GR05754,GRL005754,PO03744,POL003744,2026-07-31,MAR-042,37.5
GR05755,GRL005755,PO01090,POL001090,2026-07-07,LOG-019,25.0
GR05756,GRL005756,PO01296,POL001296,2026-05-09,MAR-133,25.0
GR05757,GRL005757,PO02044,POL002044,2026-04-02,MAN-017,62.5
GR05758,GRL005758,PO01130,POL001130,2026-03-27,OFF-132,1.0
GR05759,GRL005759,PO04418,POL004418,2026-08-25,PRO-012,375.0
GR05760,GRL005760,PO00862,POL000862,2026-06-14,LOG-059,50.0
GR05761,GRL005761,PO04509,POL004509,2026-04-09,IT -035,75.0
GR05762,GRL005762,PO00041,POL000041,2026-08-07,OFF-084,0.75
GR05763,GRL005763,PO03630,POL003630,2026-06-18,LOG-147,10.0
GR05764,GRL005764,PO02456,POL002456,2026-06-14,OFF-025,1.0
GR05765,GRL005765,PO01160,POL001160,2026-02-24,FAC-018,5.0
GR05766,GRL005766,PO01061,POL001061,2026-03-18,OFF-059,12.5
GR05767,GRL005767,PO03189,POL003189,2026-06-19,OFF-158,5.0
GR05768,GRL005768,PO04363,POL004363,2026-06-23,PRO-016,125.0
GR05769,GRL005769,PO03493,POL003493,2026-06-26,FAC-053,125.0
GR05770,GRL005770,PO01005,POL001005,2026-09-03,OFF-041,0.75
GR05771,GRL005771,PO03552,POL003552,2026-06-30,OFF-152,3.75
GR05772,GRL005772,PO02355,POL002355,2026-08-02,IT -057,1.25
GR05773,GRL005773,PO04810,POL004810,2026-05-15,IT -159,1.25
GR05774,GRL005774,PO02839,POL002839,2026-07-10,OFF-122,12.5
GR05775,GRL005775,PO00253,POL000253,2026-07-22,IT -086,12.5
GR05776,GRL005776,PO03753,POL003753,2026-02-23,MAN-040,25.0
GR05777,GRL005777,PO03395,POL003395,2026-03-28,OFF-146,0.25
GR05778,GRL005778,PO04675,POL004675,2026-05-02,UTI-094,125.0
GR05779,GRL005779,PO00744,POL000744,2026-07-12,MAN-121,7.5
GR05780,GRL005780,PO00221,POL000221,2026-03-04,MAN-160,0.75
GR05781,GRL005781,PO00319,POL000319,2026-04-09,MAN-095,250.0
GR05782,GRL005782,PO00441,POL000441,2026-06-04,FAC-156,0.5
GR05783,GRL005783,PO03529,POL003529,2026-08-18,MAN-041,0.5
GR05784,GRL005784,PO03150,POL003150,2026-08-14,IT -018,0.5
GR05785,GRL005785,PO02652,POL002652,2026-03-30,FAC-093,12.5
GR05786,GRL005786,PO04457,POL004457,2026-07-02,FAC-009,250.0
GR05787,GRL005787,PO01547,POL001547,2026-04-24,OFF-048,25.0
GR05788,GRL005788,PO03261,POL003261,2026-03-29,FAC-036,0.25
GR05789,GRL005789,PO02659,POL002659,2026-07-03,OFF-158,15.0
GR05790,GRL005790,PO03504,POL003504,2026-07-02,FAC-157,75.0
GR05791,GRL005791,PO03502,POL003502,2026-06-14,MAR-139,250.0
GR05792,GRL005792,PO03332,POL003332,2026-08-04,MAN-098,10.0
GR05793,GRL005793,PO00961,POL000961,2026-02-10,MAN-104,5.0
GR05794,GRL005794,PO03486,POL003486,2026-03-16,IT -062,0.25
GR05795,GRL005795,PO00743,POL000743,2026-02-23,LOG-082,5.0
GR05796,GRL005796,PO01915,POL001915,2026-07-23,PRO-041,5.0
GR05797,GRL005797,PO04043,POL004043,2026-06-30,OFF-070,2.5
GR05798,GRL005798,PO00518,POL000518,2026-02-26,UTI-005,1.5
GR05799,GRL005799,PO04153,POL004153,2026-08-19,IT -155,0.5
GR05800,GRL005800,PO04498,POL004498,2026-03-11,MAR-133,5.0
GR05801,GRL005801,PO01800,POL001800,2026-06-26,PRO-155,62.5
GR05802,GRL005802,PO02895,POL002895,2026-03-03,IT -050,10.0
GR05803,GRL005803,PO03599,POL003599,2026-06-26,OFF-099,0.25
GR05804,GRL005804,PO02556,POL002556,2026-08-05,PRO-141,1.25
GR05805,GRL005805,PO01898,POL001898,2026-05-04,IT -117,250.0
GR05806,GRL005806,PO04273,POL004273,2026-03-11,MAR-142,25.0
GR05807,GRL005807,PO04303,POL004303,2026-08-13,OFF-127,250.0
GR05808,GRL005808,PO03759,POL003759,2026-07-24,PRO-142,0.5
GR05809,GRL005809,PO03068,POL003068,2026-04-28,IT -008,5.0
GR05810,GRL005810,PO03341,POL003341,2026-02-25,LOG-119,25.0
GR05811,GRL005811,PO03475,POL003475,2026-05-06,IT -118,50.0
GR05812,GRL005812,PO03562,POL003562,2026-08-15,PRO-014,0.75
GR05813,GRL005813,PO04912,POL004912,2026-08-07,IT -105,125.0
GR05814,GRL005814,PO04880,POL004880,2026-02-09,MAN-144,125.0
GR05815,GRL005815,PO00565,POL000565,2026-06-25,MAN-149,25.0
GR05816,GRL005816,PO01781,POL001781,2026-05-03,FAC-147,7.5
GR05817,GRL005817,PO03090,POL003090,2026-08-04,UTI-094,25.0
GR05818,GRL005818,PO02377,POL002377,2026-07-19,FAC-055,37.5
GR05819,GRL005819,PO00957,POL000957,2026-04-12,PRO-159,1.25
GR05820,GRL005820,PO01105,POL001105,2026-08-11,MAN-135,7.5
GR05821,GRL005821,PO03728,POL003728,2026-02-09,FAC-134,5.0
GR05822,GRL005822,PO03363,POL003363,2026-06-01,PRO-013,7.5
GR05823,GRL005823,PO04096,POL004096,2026-04-08,PRO-131,2.5
GR05824,GRL005824,PO00193,POL000193,2026-04-13,OFF-016,12.5
GR05825,GRL005825,PO01872,POL001872,2026-08-15,LOG-071,0.75
GR05826,GRL005826,PO00619,POL000619,2026-09-11,FAC-100,5.0
GR05827,GRL005827,PO03658,POL003658,2026-07-28,MAR-101,37.5
GR05828,GRL005828,PO03819,POL003819,2026-06-08,UTI-122,7.5
GR05829,GRL005829,PO00930,POL000930,2026-08-28,IT -031,37.5
GR05830,GRL005830,PO02299,POL002299,2026-03-22,MAR-057,1.5
GR05831,GRL005831,PO02224,POL002224,2026-05-02,MAN-028,2.5
GR05832,GRL005832,PO04384,POL004384,2026-04-03,MAN-041,50.0
GR05833,GRL005833,PO04617,POL004617,2026-08-22,FAC-106,250.0
GR05834,GRL005834,PO02239,POL002239,2026-01-13,MAN-059,2.5
GR05835,GRL005835,PO00188,POL000188,2026-03-21,OFF-087,125.0
GR05836,GRL005836,PO01387,POL001387,2026-08-30,PRO-113,7.5
GR05837,GRL005837,PO04521,POL004521,2026-06-15,PRO-119,375.0
GR05838,GRL005838,PO02336,POL002336,2026-05-30,UTI-095,75.0
GR05839,GRL005839,PO01311,POL001311,2026-03-15,OFF-093,25.0
GR05840,GRL005840,PO04203,POL004203,2026-03-13,MAN-018,1.0
GR05841,GRL005841,PO01432,POL001432,2026-03-16,PRO-095,15.0
GR05842,GRL005842,PO03181,POL003181,2026-05-29,MAN-083,250.0
GR05843,GRL005843,PO04686,POL004686,2026-03-31,FAC-103,1.5
GR05844,GRL005844,PO04898,POL004898,2026-02-27,OFF-023,250.0
GR05845,GRL005845,PO01186,POL001186,2026-03-28,OFF-053,10.0
GR05846,GRL005846,PO01388,POL001388,2026-08-07,OFF-080,0.25
GR05847,GRL005847,PO02053,POL002053,2026-07-20,MAR-013,10.0
GR05848,GRL005848,PO03987,POL003987,2026-04-20,LOG-013,5.0
GR05849,GRL005849,PO03286,POL003286,2026-05-16,OFF-074,5.0
GR05850,GRL005850,PO01197,POL001197,2026-03-01,OFF-142,12.5
GR05851,GRL005851,PO02106,POL002106,2026-04-03,FAC-049,5.0
GR05852,GRL005852,PO02666,POL002666,2026-02-18,PRO-145,75.0
GR05853,GRL005853,PO03456,POL003456,2026-04-11,UTI-139,0.5
GR05854,GRL005854,PO03690,POL003690,2026-04-21,FAC-139,5.0
GR05855,GRL005855,PO00023,POL000023,2026-06-28,FAC-143,12.5
GR05856,GRL005856,PO03433,POL003433,2026-04-03,OFF-136,62.5
GR05857,GRL005857,PO02845,POL002845,2026-02-19,PRO-063,2.5
GR05858,GRL005858,PO00075,POL000075,2026-03-21,OFF-031,1.0
GR05859,GRL005859,PO04001,POL004001,2026-07-12,IT -012,1.5
GR05860,GRL005860,PO00334,POL000334,2026-05-27,PRO-030,375.0
GR05861,GRL005861,PO03016,POL003016,2026-02-11,PRO-065,1.5
GR05862,GRL005862,PO01962,POL001962,2026-06-02,FAC-018,25.0
GR05863,GRL005863,PO04033,POL004033,2026-06-01,PRO-023,1.0
GR05864,GRL005864,PO02577,POL002577,2026-02-25,LOG-127,7.5
GR05865,GRL005865,PO04218,POL004218,2026-03-15,UTI-059,125.0
GR05866,GRL005866,PO03461,POL003461,2026-05-26,PRO-037,375.0
GR05867,GRL005867,PO00585,POL000585,2026-08-13,MAN-077,5.0
GR05868,GRL005868,PO02998,POL002998,2026-06-20,FAC-031,0.75
GR05869,GRL005869,PO03928,POL003928,2026-07-28,OFF-023,1.5
GR05870,GRL005870,PO01804,POL001804,2026-07-27,OFF-040,187.5
GR05871,GRL005871,PO01176,POL001176,2026-07-17,IT -052,15.0
GR05872,GRL005872,PO01024,POL001024,2026-06-28,MAR-147,187.5
GR05873,GRL005873,PO03990,POL003990,2026-06-12,LOG-018,75.0
GR05874,GRL005874,PO01355,POL001355,2026-02-10,IT -031,1.0
GR05875,GRL005875,PO01261,POL001261,2026-08-26,PRO-015,1.5
GR05876,GRL005876,PO02493,POL002493,2026-05-21,MAR-117,12.5
GR05877,GRL005877,PO01301,POL001301,2026-02-11,IT -144,25.0
GR05878,GRL005878,PO02259,POL002259,2026-05-06,UTI-126,2.5
GR05879,GRL005879,PO03876,POL003876,2026-07-03,MAN-047,375.0
GR05880,GRL005880,PO01488,POL001488,2026-04-03,FAC-035,2.5
GR05881,GRL005881,PO04729,POL004729,2026-03-02,FAC-121,1.5
GR05882,GRL005882,PO02431,POL002431,2026-06-17,IT -022,50.0
GR05883,GRL005883,PO01977,POL001977,2026-05-16,MAN-004,25.0
GR05884,GRL005884,PO02230,POL002230,2026-04-30,PRO-131,7.5
GR05885,GRL005885,PO04107,POL004107,2026-04-20,OFF-028,5.0
GR05886,GRL005886,PO03530,POL003530,2026-07-16,LOG-005,0.25
GR05887,GRL005887,PO02870,POL002870,2026-07-10,MAR-057,25.0
GR05888,GRL005888,PO01059,POL001059,2026-07-31,PRO-054,5.0
GR05889,GRL005889,PO00971,POL000971,2026-04-19,PRO-108,375.0
GR05890,GRL005890,PO00711,POL000711,2026-05-31,MAN-062,3.75
GR05891,GRL005891,PO01866,POL001866,2026-02-18,MAN-114,250.0
GR05892,GRL005892,PO03215,POL003215,2026-04-05,LOG-140,2.5
GR05893,GRL005893,PO00381,POL000381,2026-07-28,PRO-123,50.0
GR05894,GRL005894,PO02407,POL002407,2026-04-16,LOG-038,0.5
GR05895,GRL005895,PO00890,POL000890,2026-02-22,UTI-026,375.0
GR05896,GRL005896,PO02756,POL002756,2026-08-27,FAC-104,7.5
GR05897,GRL005897,PO02580,POL002580,2026-04-17,UTI-056,37.5
GR05898,GRL005898,PO04647,POL004647,2026-05-16,IT -097,62.5
GR05899,GRL005899,PO02922,POL002922,2026-04-25,MAN-099,0.5
GR05900,GRL005900,PO02291,POL002291,2026-08-24,MAN-088,37.5
GR05901,GRL005901,PO01981,POL001981,2026-06-23,MAR-156,250.0
GR05902,GRL005902,PO04881,POL004881,2026-09-12,MAR-022,0.25
GR05903,GRL005903,PO02257,POL002257,2026-05-22,IT -100,25.0
GR05904,GRL005904,PO04374,POL004374,2026-08-09,IT -106,1.25
GR05905,GRL005905,PO03890,POL003890,2026-06-24,FAC-004,25.0
GR05906,GRL005906,PO00483,POL000483,2026-07-03,MAN-126,187.5
GR05907,GRL005907,PO00008,POL000008,2026-04-18,PRO-085,1.5
GR05908,GRL005908,PO04883,POL004883,2026-03-19,OFF-149,0.75
GR05909,GRL005909,PO00412,POL000412,2026-07-01,PRO-123,25.0
GR05910,GRL005910,PO01898,POL001898,2026-05-17,IT -117,250.0
GR05911,GRL005911,PO02937,POL002937,2026-06-18,IT -042,25.0
GR05912,GRL005912,PO02022,POL002022,2026-05-20,LOG-076,0.5
GR05913,GRL005913,PO01376,POL001376,2026-04-11,FAC-028,2.5
GR05914,GRL005914,PO00721,POL000721,2026-03-14,MAR-138,15.0
GR05915,GRL005915,PO00631,POL000631,2026-05-06,PRO-046,250.0
GR05916,GRL005916,PO00145,POL000145,2026-06-09,FAC-145,125.0
GR05917,GRL005917,PO03916,POL003916,2026-02-20,LOG-078,0.5
GR05918,GRL005918,PO02427,POL002427,2026-07-28,IT -115,75.0
GR05919,GRL005919,PO02375,POL002375,2026-08-05,MAR-069,12.5
GR05920,GRL005920,PO04239,POL004239,2026-02-26,PRO-159,15.0
GR05921,GRL005921,PO00716,POL000716,2026-04-19,FAC-087,1.25
GR05922,GRL005922,PO03930,POL003930,2026-03-19,OFF-153,10.0
GR05923,GRL005923,PO02997,POL002997,2026-06-06,OFF-036,1.25
GR05924,GRL005924,PO00567,POL000567,2026-06-20,LOG-066,7.5
GR05925,GRL005925,PO02251,POL002251,2026-03-15,LOG-051,25.0
GR05926,GRL005926,PO02078,POL002078,2026-02-05,FAC-019,0.5
GR05927,GRL005927,PO02176,POL002176,2026-04-16,MAN-158,7.5
GR05928,GRL005928,PO02849,POL002849,2026-02-18,OFF-098,375.0
GR05929,GRL005929,PO04171,POL004171,2026-03-02,FAC-038,187.5
GR05930,GRL005930,PO02802,POL002802,2026-03-12,LOG-080,250.0
GR05931,GRL005931,PO03791,POL003791,2026-06-07,IT -080,2.5
GR05932,GRL005932,PO02382,POL002382,2026-08-03,UTI-129,0.5
GR05933,GRL005933,PO03612,POL003612,2026-05-21,PRO-130,62.5
GR05934,GRL005934,PO04644,POL004644,2026-02-04,OFF-092,0.5
GR05935,GRL005935,PO03630,POL003630,2026-07-23,LOG-147,5.0
GR05936,GRL005936,PO00439,POL000439,2026-09-11,PRO-017,0.25
GR05937,GRL005937,PO04321,POL004321,2026-03-27,LOG-056,0.5
GR05938,GRL005938,PO04829,POL004829,2026-02-12,OFF-106,15.0
GR05939,GRL005939,PO01262,POL001262,2026-04-12,OFF-045,187.5
GR05940,GRL005940,PO02294,POL002294,2026-02-19,LOG-040,37.5
GR05941,GRL005941,PO01803,POL001803,2026-07-03,PRO-119,2.5
GR05942,GRL005942,PO02823,POL002823,2026-03-23,FAC-140,12.5
GR05943,GRL005943,PO04198,POL004198,2026-06-20,UTI-064,1.0
GR05944,GRL005944,PO00895,POL000895,2026-05-29,FAC-044,12.5
GR05945,GRL005945,PO04299,POL004299,2026-07-15,FAC-150,10.0
GR05946,GRL005946,PO01723,POL001723,2026-03-18,FAC-136,15.0
GR05947,GRL005947,PO02067,POL002067,2026-06-21,IT -107,7.5
GR05948,GRL005948,PO03541,POL003541,2026-01-15,OFF-127,3.75
GR05949,GRL005949,PO02086,POL002086,2026-07-05,MAR-076,375.0
GR05950,GRL005950,PO00852,POL000852,2026-06-09,IT -061,0.25
GR05951,GRL005951,PO00757,POL000757,2026-05-03,UTI-062,12.5
GR05952,GRL005952,PO02638,POL002638,2026-05-17,MAN-150,125.0
GR05953,GRL005953,PO02331,POL002331,2026-05-20,FAC-020,0.5
GR05954,GRL005954,PO00719,POL000719,2026-06-13,MAR-087,0.5
GR05955,GRL005955,PO01787,POL001787,2026-03-27,PRO-071,25.0
GR05956,GRL005956,PO04304,POL004304,2026-07-06,PRO-147,10.0
GR05957,GRL005957,PO01688,POL001688,2026-03-09,PRO-158,15.0
GR05958,GRL005958,PO03450,POL003450,2026-03-06,MAR-084,250.0
GR05959,GRL005959,PO01516,POL001516,2026-09-15,OFF-063,25.0
GR05960,GRL005960,PO02311,POL002311,2026-02-09,OFF-028,5.0
GR05961,GRL005961,PO04921,POL004921,2026-02-25,IT -002,7.5
GR05962,GRL005962,PO03773,POL003773,2026-02-04,UTI-046,75.0
GR05963,GRL005963,PO00313,POL000313,2026-03-06,OFF-154,25.0
GR05964,GRL005964,PO04414,POL004414,2026-04-10,MAN-142,5.0
GR05965,GRL005965,PO04384,POL004384,2026-04-05,MAN-041,75.0
GR05966,GRL005966,PO01190,POL001190,2026-03-27,FAC-158,1.25
GR05967,GRL005967,PO02857,POL002857,2026-04-01,LOG-122,5.0
GR05968,GRL005968,PO01184,POL001184,2026-06-30,IT -122,187.5
GR05969,GRL005969,PO03762,POL003762,2026-06-11,MAN-010,2.5
GR05970,GRL005970,PO03937,POL003937,2026-07-20,MAR-086,0.5
GR05971,GRL005971,PO01285,POL001285,2026-06-13,UTI-036,3.75
GR05972,GRL005972,PO01355,POL001355,2026-03-06,IT -031,0.5
GR05973,GRL005973,PO00137,POL000137,2026-03-18,UTI-012,7.5
GR05974,GRL005974,PO01860,POL001860,2026-07-30,MAN-122,125.0
GR05975,GRL005975,PO01038,POL001038,2026-02-20,MAR-128,5.0
GR05976,GRL005976,PO02663,POL002663,2026-05-09,MAN-139,62.5
GR05977,GRL005977,PO01017,POL001017,2026-06-07,MAN-103,5.0
GR05978,GRL005978,PO04105,POL004105,2026-07-27,IT -102,25.0
GR05979,GRL005979,PO01455,POL001455,2026-09-07,FAC-035,1.25
GR05980,GRL005980,PO01824,POL001824,2026-04-23,LOG-100,125.0
GR05981,GRL005981,PO03287,POL003287,2026-03-03,OFF-002,1.5
GR05982,GRL005982,PO01109,POL001109,2026-02-10,UTI-012,1.0
GR05983,GRL005983,PO00081,POL000081,2026-05-19,LOG-097,37.5
GR05984,GRL005984,PO04597,POL004597,2026-07-11,MAR-047,1.25
GR05985,GRL005985,PO01350,POL001350,2026-07-02,UTI-129,125.0
GR05986,GRL005986,PO00722,POL000722,2026-02-13,OFF-055,50.0
GR05987,GRL005987,PO00620,POL000620,2026-06-19,LOG-098,1.5
GR05988,GRL005988,PO04707,POL004707,2026-08-21,IT -145,1.0
GR05989,GRL005989,PO00543,POL000543,2026-04-28,IT -122,0.75
GR05990,GRL005990,PO01350,POL001350,2026-07-01,UTI-129,62.5
GR05991,GRL005991,PO01740,POL001740,2026-07-25,PRO-103,62.5
GR05992,GRL005992,PO00322,POL000322,2026-05-29,IT -151,1.25
GR05993,GRL005993,PO00913,POL000913,2026-07-21,LOG-010,15.0
GR05994,GRL005994,PO02259,POL002259,2026-06-04,UTI-126,3.75
GR05995,GRL005995,PO01304,POL001304,2026-08-12,PRO-067,2.5
GR05996,GRL005996,PO04397,POL004397,2026-06-11,LOG-120,0.75
GR05997,GRL005997,PO00385,POL000385,2026-05-14,PRO-126,0.75
GR05998,GRL005998,PO00683,POL000683,2026-03-02,OFF-007,0.75
GR05999,GRL005999,PO04139,POL004139,2026-08-27,IT -074,12.5
GR06000,GRL006000,PO04288,POL004288,2026-01-24,IT -124,0.75
GR06001,GRL006001,PO04440,POL004440,2026-06-03,OFF-028,5.0
GR06002,GRL006002,PO01376,POL001376,2026-04-01,FAC-028,1.25
GR06003,GRL006003,PO04946,POL004946,2026-03-11,UTI-107,0.5
GR06004,GRL006004,PO03835,POL003835,2026-09-09,LOG-121,25.0
GR06005,GRL006005,PO01552,POL001552,2026-07-14,OFF-043,75.0
GR06006,GRL006006,PO03819,POL003819,2026-06-19,UTI-122,7.5
GR06007,GRL006007,PO01852,POL001852,2026-06-02,MAN-045,250.0
GR06008,GRL006008,PO00850,POL000850,2026-07-18,FAC-024,5.0
GR06009,GRL006009,PO02192,POL002192,2026-02-16,PRO-159,25.0
GR06010,GRL006010,PO04896,POL004896,2026-03-24,MAR-071,12.5
GR06011,GRL006011,PO02141,POL002141,2026-05-21,MAR-028,2.5
GR06012,GRL006012,PO02056,POL002056,2026-02-26,FAC-064,0.25
GR06013,GRL006013,PO03334,POL003334,2026-04-20,FAC-071,0.5
GR06014,GRL006014,PO01519,POL001519,2026-03-16,FAC-106,125.0
GR06015,GRL006015,PO01020,POL001020,2026-03-24,IT -127,75.0
GR06016,GRL006016,PO01922,POL001922,2026-08-29,LOG-038,0.75
GR06017,GRL006017,PO01429,POL001429,2026-05-28,PRO-050,7.5
GR06018,GRL006018,PO02231,POL002231,2026-07-29,OFF-159,75.0
GR06019,GRL006019,PO01807,POL001807,2026-04-14,IT -108,62.5
GR06020,GRL006020,PO03133,POL003133,2026-06-28,IT -082,125.0
GR06021,GRL006021,PO03203,POL003203,2026-02-27,PRO-141,5.0
GR06022,GRL006022,PO02589,POL002589,2026-03-26,MAN-051,50.0
GR06023,GRL006023,PO02057,POL002057,2026-06-24,IT -091,50.0
GR06024,GRL006024,PO04555,POL004555,2026-07-23,MAR-020,15.0
GR06025,GRL006025,PO04834,POL004834,2026-02-21,FAC-007,125.0
GR06026,GRL006026,PO04278,POL004278,2026-04-05,MAR-040,1.25
GR06027,GRL006027,PO02209,POL002209,2026-03-26,FAC-160,0.5
GR06028,GRL006028,PO04431,POL004431,2026-05-07,IT -075,125.0
GR06029,GRL006029,PO04025,POL004025,2026-04-27,FAC-149,3.75
GR06030,GRL006030,PO03923,POL003923,2026-06-23,UTI-020,10.0
GR06031,GRL006031,PO04403,POL004403,2026-05-28,PRO-122,75.0
GR06032,GRL006032,PO01718,POL001718,2026-06-11,IT -154,10.0
GR06033,GRL006033,PO04632,POL004632,2026-07-27,MAR-062,0.5
GR06034,GRL006034,PO03507,POL003507,2026-03-17,LOG-044,25.0
GR06035,GRL006035,PO00876,POL000876,2026-07-22,UTI-137,5.0
GR06036,GRL006036,PO04365,POL004365,2026-03-12,PRO-113,375.0
GR06037,GRL006037,PO01476,POL001476,2026-03-22,OFF-057,50.0
GR06038,GRL006038,PO02500,POL002500,2026-08-08,LOG-124,250.0
GR06039,GRL006039,PO02960,POL002960,2026-06-25,PRO-146,3.75
GR06040,GRL006040,PO00924,POL000924,2026-07-14,PRO-030,62.5
GR06041,GRL006041,PO00577,POL000577,2026-05-17,OFF-150,5.0
GR06042,GRL006042,PO04415,POL004415,2026-08-10,UTI-158,375.0
GR06043,GRL006043,PO00280,POL000280,2026-04-10,UTI-105,25.0
GR06044,GRL006044,PO01147,POL001147,2026-06-05,FAC-065,125.0
GR06045,GRL006045,PO02632,POL002632,2026-06-04,LOG-017,37.5
GR06046,GRL006046,PO02364,POL002364,2026-01-28,LOG-054,0.5
GR06047,GRL006047,PO01681,POL001681,2026-05-29,IT -158,3.75
GR06048,GRL006048,PO02675,POL002675,2026-02-26,PRO-033,75.0
GR06049,GRL006049,PO02249,POL002249,2026-06-02,IT -159,5.0
GR06050,GRL006050,PO03089,POL003089,2026-05-26,LOG-153,12.5
GR06051,GRL006051,PO00929,POL000929,2026-08-04,PRO-092,7.5
GR06052,GRL006052,PO01424,POL001424,2026-04-19,FAC-110,10.0
GR06053,GRL006053,PO04671,POL004671,2026-05-02,MAR-005,125.0
GR06054,GRL006054,PO01722,POL001722,2026-08-21,IT -063,1.25
GR06055,GRL006055,PO01806,POL001806,2026-03-26,IT -106,75.0
GR06056,GRL006056,PO01591,POL001591,2026-04-26,IT -030,187.5
GR06057,GRL006057,PO00739,POL000739,2026-01-07,LOG-082,7.5
GR06058,GRL006058,PO01228,POL001228,2026-07-31,FAC-092,1.5
GR06059,GRL006059,PO01448,POL001448,2026-06-02,PRO-138,75.0
GR06060,GRL006060,PO00160,POL000160,2026-07-18,MAN-137,125.0
GR06061,GRL006061,PO03711,POL003711,2026-05-01,UTI-079,2.5
GR06062,GRL006062,PO04615,POL004615,2026-02-09,LOG-018,37.5
GR06063,GRL006063,PO03542,POL003542,2026-08-18,OFF-151,25.0
GR06064,GRL006064,PO00385,POL000385,2026-06-08,PRO-126,0.75
GR06065,GRL006065,PO01655,POL001655,2026-02-20,IT -023,50.0
GR06066,GRL006066,PO01264,POL001264,2026-01-14,IT -050,125.0
GR06067,GRL006067,PO03380,POL003380,2026-06-07,MAR-087,0.25
GR06068,GRL006068,PO00573,POL000573,2026-08-08,FAC-135,125.0
GR06069,GRL006069,PO04810,POL004810,2026-04-07,IT -159,3.75
GR06070,GRL006070,PO03400,POL003400,2026-05-23,LOG-087,250.0
GR06071,GRL006071,PO02460,POL002460,2026-02-10,OFF-019,50.0
GR06072,GRL006072,PO03934,POL003934,2026-05-12,PRO-088,37.5
GR06073,GRL006073,PO01380,POL001380,2026-09-19,FAC-078,5.0
GR06074,GRL006074,PO02537,POL002537,2026-03-24,IT -151,125.0
GR06075,GRL006075,PO01162,POL001162,2026-03-23,IT -040,250.0
GR06076,GRL006076,PO02978,POL002978,2026-04-02,MAN-015,375.0
GR06077,GRL006077,PO03631,POL003631,2026-07-10,PRO-106,25.0
GR06078,GRL006078,PO00822,POL000822,2026-09-05,IT -065,375.0
GR06079,GRL006079,PO02439,POL002439,2026-07-19,UTI-100,5.0
GR06080,GRL006080,PO00988,POL000988,2026-05-22,IT -038,1.5
GR06081,GRL006081,PO02826,POL002826,2026-03-25,UTI-026,0.5
GR06082,GRL006082,PO00510,POL000510,2026-03-29,UTI-124,2.5
GR06083,GRL006083,PO01041,POL001041,2026-03-31,IT -064,2.5
GR06084,GRL006084,PO02758,POL002758,2026-06-07,OFF-112,0.5
GR06085,GRL006085,PO04632,POL004632,2026-08-13,MAR-062,0.75
GR06086,GRL006086,PO01115,POL001115,2026-07-30,FAC-071,0.25
GR06087,GRL006087,PO04147,POL004147,2026-01-25,MAR-119,75.0
GR06088,GRL006088,PO02645,POL002645,2026-01-26,MAN-001,0.5
GR06089,GRL006089,PO02410,POL002410,2026-05-02,IT -004,1.5
GR06090,GRL006090,PO00211,POL000211,2026-05-12,OFF-033,50.0
GR06091,GRL006091,PO00290,POL000290,2026-06-16,IT -048,2.5
GR06092,GRL006092,PO04166,POL004166,2026-04-05,LOG-122,12.5
GR06093,GRL006093,PO02869,POL002869,2026-07-07,FAC-016,0.5
GR06094,GRL006094,PO03683,POL003683,2026-02-18,OFF-097,250.0
GR06095,GRL006095,PO01339,POL001339,2026-05-27,MAN-148,3.75
GR06096,GRL006096,PO03274,POL003274,2026-07-05,MAR-054,25.0
GR06097,GRL006097,PO04848,POL004848,2026-06-28,MAN-101,10.0
GR06098,GRL006098,PO04615,POL004615,2026-01-07,LOG-018,37.5
GR06099,GRL006099,PO01447,POL001447,2026-03-22,OFF-072,2.5
GR06100,GRL006100,PO00589,POL000589,2026-03-24,UTI-135,125.0
GR06101,GRL006101,PO02933,POL002933,2026-06-28,PRO-086,125.0
GR06102,GRL006102,PO01195,POL001195,2026-08-22,MAN-030,187.5
GR06103,GRL006103,PO01225,POL001225,2026-04-06,LOG-144,3.75
GR06104,GRL006104,PO00591,POL000591,2026-07-07,MAN-025,250.0
GR06105,GRL006105,PO01476,POL001476,2026-04-14,OFF-057,50.0
GR06106,GRL006106,PO02918,POL002918,2026-02-27,OFF-044,15.0
GR06107,GRL006107,PO03129,POL003129,2026-02-04,IT -069,5.0
GR06108,GRL006108,PO00084,POL000084,2026-07-09,OFF-074,7.5
GR06109,GRL006109,PO02995,POL002995,2026-02-20,OFF-132,5.0
GR06110,GRL006110,PO00915,POL000915,2026-07-14,FAC-123,250.0
GR06111,GRL006111,PO01804,POL001804,2026-08-15,OFF-040,125.0
GR06112,GRL006112,PO00932,POL000932,2026-02-10,PRO-132,0.25
GR06113,GRL006113,PO02012,POL002012,2026-05-21,FAC-089,5.0
GR06114,GRL006114,PO04810,POL004810,2026-04-28,IT -159,1.25
GR06115,GRL006115,PO03642,POL003642,2026-03-28,IT -045,37.5
GR06116,GRL006116,PO01650,POL001650,2026-02-28,LOG-077,1.25
GR06117,GRL006117,PO04009,POL004009,2026-03-20,FAC-063,5.0
GR06118,GRL006118,PO02543,POL002543,2026-08-22,MAR-014,5.0
GR06119,GRL006119,PO01959,POL001959,2026-05-07,FAC-140,50.0
GR06120,GRL006120,PO03717,POL003717,2026-04-12,LOG-007,5.0
GR06121,GRL006121,PO01575,POL001575,2026-02-28,PRO-020,125.0
GR06122,GRL006122,PO04985,POL004985,2026-07-12,MAN-148,1.0
GR06123,GRL006123,PO01386,POL001386,2026-08-10,MAR-146,5.0
GR06124,GRL006124,PO01141,POL001141,2026-05-27,IT -011,1.0
GR06125,GRL006125,PO01096,POL001096,2026-06-22,MAR-059,187.5
GR06126,GRL006126,PO00385,POL000385,2026-05-17,PRO-126,0.5
GR06127,GRL006127,PO04441,POL004441,2026-07-25,LOG-103,2.5
GR06128,GRL006128,PO00685,POL000685,2026-08-31,FAC-014,5.0
GR06129,GRL006129,PO02300,POL002300,2026-07-16,MAR-105,125.0
GR06130,GRL006130,PO03635,POL003635,2026-03-08,OFF-040,187.5
GR06131,GRL006131,PO04092,POL004092,2026-05-10,IT -106,7.5
GR06132,GRL006132,PO03158,POL003158,2026-05-06,PRO-010,250.0
GR06133,GRL006133,PO01509,POL001509,2026-08-02,IT -054,187.5
GR06134,GRL006134,PO04043,POL004043,2026-07-02,OFF-070,1.25
GR06135,GRL006135,PO03309,POL003309,2026-04-17,LOG-137,75.0
GR06136,GRL006136,PO04857,POL004857,2026-08-24,MAN-085,37.5
GR06137,GRL006137,PO00108,POL000108,2026-06-21,LOG-024,125.0
GR06138,GRL006138,PO04864,POL004864,2026-02-20,MAN-115,5.0
GR06139,GRL006139,PO03523,POL003523,2026-04-01,OFF-049,0.5
GR06140,GRL006140,PO00472,POL000472,2026-02-27,FAC-020,5.0
GR06141,GRL006141,PO00019,POL000019,2026-01-16,LOG-077,37.5
GR06142,GRL006142,PO01057,POL001057,2026-07-06,MAR-002,10.0
GR06143,GRL006143,PO02098,POL002098,2026-03-02,PRO-114,0.5
GR06144,GRL006144,PO03141,POL003141,2026-03-24,IT -107,62.5
GR06145,GRL006145,PO04243,POL004243,2026-09-01,MAR-003,5.0
GR06146,GRL006146,PO01734,POL001734,2026-07-25,PRO-155,0.75
GR06147,GRL006147,PO00727,POL000727,2026-03-12,PRO-092,5.0
GR06148,GRL006148,PO02362,POL002362,2026-04-23,IT -136,15.0
GR06149,GRL006149,PO03197,POL003197,2026-05-23,IT -082,5.0
GR06150,GRL006150,PO03909,POL003909,2026-08-23,UTI-060,15.0
GR06151,GRL006151,PO03691,POL003691,2026-07-02,MAR-118,0.5
GR06152,GRL006152,PO01283,POL001283,2026-08-12,UTI-041,5.0
GR06153,GRL006153,PO04298,POL004298,2026-06-09,OFF-093,37.5
GR06154,GRL006154,PO03878,POL003878,2026-07-14,PRO-096,125.0
GR06155,GRL006155,PO03060,POL003060,2026-03-31,MAN-084,0.5
GR06156,GRL006156,PO04814,POL004814,2026-03-11,UTI-103,62.5
GR06157,GRL006157,PO02757,POL002757,2026-02-01,PRO-130,50.0
GR06158,GRL006158,PO01723,POL001723,2026-04-04,FAC-136,5.0
GR06159,GRL006159,PO04355,POL004355,2026-05-01,OFF-118,0.25
GR06160,GRL006160,PO04704,POL004704,2026-06-13,OFF-153,1.0
GR06161,GRL006161,PO04824,POL004824,2026-03-15,MAR-052,187.5
GR06162,GRL006162,PO01363,POL001363,2026-06-12,MAR-089,5.0
GR06163,GRL006163,PO03901,POL003901,2026-04-07,FAC-020,62.5
GR06164,GRL006164,PO00403,POL000403,2026-06-23,OFF-078,62.5
GR06165,GRL006165,PO04341,POL004341,2026-04-01,MAN-095,1.25
GR06166,GRL006166,PO03487,POL003487,2026-08-08,IT -013,15.0
GR06167,GRL006167,PO04363,POL004363,2026-06-30,PRO-016,62.5
GR06168,GRL006168,PO01782,POL001782,2026-02-17,OFF-125,7.5
GR06169,GRL006169,PO02530,POL002530,2026-08-14,PRO-002,15.0
GR06170,GRL006170,PO01675,POL001675,2026-02-20,PRO-008,75.0
GR06171,GRL006171,PO02146,POL002146,2026-03-14,PRO-001,0.75
GR06172,GRL006172,PO03285,POL003285,2026-07-30,FAC-102,25.0
GR06173,GRL006173,PO03840,POL003840,2026-07-19,LOG-030,37.5
GR06174,GRL006174,PO00065,POL000065,2026-07-09,FAC-126,15.0
GR06175,GRL006175,PO03625,POL003625,2026-03-25,FAC-069,1.0
GR06176,GRL006176,PO04404,POL004404,2026-06-24,FAC-054,375.0
GR06177,GRL006177,PO01521,POL001521,2026-06-06,IT -040,75.0
GR06178,GRL006178,PO02623,POL002623,2026-05-09,OFF-004,2.5
GR06179,GRL006179,PO01745,POL001745,2026-08-13,MAN-114,125.0
GR06180,GRL006180,PO03765,POL003765,2026-02-18,PRO-089,0.75
GR06181,GRL006181,PO02222,POL002222,2026-07-05,UTI-052,1.5
GR06182,GRL006182,PO02858,POL002858,2026-03-12,IT -019,3.75
GR06183,GRL006183,PO00070,POL000070,2026-08-27,LOG-052,12.5
GR06184,GRL006184,PO00455,POL000455,2026-07-13,MAR-084,2.5
GR06185,GRL006185,PO02605,POL002605,2026-03-17,FAC-043,5.0
GR06186,GRL006186,PO00657,POL000657,2026-04-07,IT -025,10.0
GR06187,GRL006187,PO04089,POL004089,2026-04-22,OFF-023,375.0
GR06188,GRL006188,PO00416,POL000416,2026-05-18,LOG-055,12.5
GR06189,GRL006189,PO02891,POL002891,2026-02-15,MAN-123,125.0
GR06190,GRL006190,PO02832,POL002832,2026-06-03,MAR-015,125.0
GR06191,GRL006191,PO01314,POL001314,2026-05-03,PRO-137,0.25
GR06192,GRL006192,PO04138,POL004138,2026-02-07,IT -036,50.0
GR06193,GRL006193,PO02667,POL002667,2026-08-25,MAR-103,0.25
GR06194,GRL006194,PO01541,POL001541,2026-01-30,FAC-002,5.0
GR06195,GRL006195,PO02777,POL002777,2026-03-08,UTI-143,50.0
GR06196,GRL006196,PO02996,POL002996,2026-06-16,IT -160,25.0
GR06197,GRL006197,PO04940,POL004940,2026-08-19,MAR-009,15.0
GR06198,GRL006198,PO00483,POL000483,2026-06-02,MAN-126,187.5
GR06199,GRL006199,PO02640,POL002640,2026-06-10,FAC-009,1.5
GR06200,GRL006200,PO00525,POL000525,2026-05-07,UTI-024,15.0
GR06201,GRL006201,PO02510,POL002510,2026-03-03,MAN-127,1.0
GR06202,GRL006202,PO02200,POL002200,2026-06-30,UTI-143,1.0
GR06203,GRL006203,PO01160,POL001160,2026-03-17,FAC-018,7.5
GR06204,GRL006204,PO02098,POL002098,2026-03-05,PRO-114,0.75
GR06205,GRL006205,PO00776,POL000776,2026-01-21,IT -025,2.5
GR06206,GRL006206,PO03548,POL003548,2026-04-18,IT -112,15.0
GR06207,GRL006207,PO02782,POL002782,2026-04-07,IT -028,1.0
GR06208,GRL006208,PO03966,POL003966,2026-06-20,OFF-113,3.75
GR06209,GRL006209,PO03255,POL003255,2026-06-06,FAC-155,0.5
GR06210,GRL006210,PO03982,POL003982,2026-04-11,MAR-131,62.5
GR06211,GRL006211,PO04714,POL004714,2026-05-20,FAC-095,0.5
GR06212,GRL006212,PO03039,POL003039,2026-04-16,IT -098,12.5
GR06213,GRL006213,PO03361,POL003361,2026-06-01,MAN-119,50.0
GR06214,GRL006214,PO03295,POL003295,2026-08-15,UTI-002,1.25
GR06215,GRL006215,PO01600,POL001600,2026-03-16,FAC-158,1.25
GR06216,GRL006216,PO00378,POL000378,2026-04-12,UTI-106,75.0
GR06217,GRL006217,PO01149,POL001149,2026-02-27,UTI-068,15.0
GR06218,GRL006218,PO00745,POL000745,2026-03-02,LOG-030,37.5
GR06219,GRL006219,PO01014,POL001014,2026-03-22,MAN-035,1.25
GR06220,GRL006220,PO02853,POL002853,2026-04-26,IT -091,25.0
GR06221,GRL006221,PO02747,POL002747,2026-02-18,OFF-044,5.0
GR06222,GRL006222,PO03044,POL003044,2026-05-18,OFF-005,0.25
GR06223,GRL006223,PO00646,POL000646,2026-04-22,IT -039,187.5
GR06224,GRL006224,PO02558,POL002558,2026-08-07,MAR-090,2.5
GR06225,GRL006225,PO02587,POL002587,2026-04-09,MAR-059,25.0
GR06226,GRL006226,PO04002,POL004002,2026-07-01,PRO-121,1.5
GR06227,GRL006227,PO00054,POL000054,2026-01-16,IT -070,2.5
GR06228,GRL006228,PO03367,POL003367,2026-08-31,MAR-005,50.0
GR06229,GRL006229,PO01866,POL001866,2026-03-14,MAN-114,125.0
GR06230,GRL006230,PO01451,POL001451,2026-07-05,MAR-008,0.5
GR06231,GRL006231,PO00395,POL000395,2026-02-25,UTI-120,125.0
GR06232,GRL006232,PO02113,POL002113,2026-08-18,IT -130,7.5
GR06233,GRL006233,PO02460,POL002460,2026-01-19,OFF-019,50.0
GR06234,GRL006234,PO00473,POL000473,2026-05-12,IT -141,25.0
GR06235,GRL006235,PO03136,POL003136,2026-08-01,MAR-035,75.0
GR06236,GRL006236,PO02587,POL002587,2026-05-26,MAR-059,75.0
GR06237,GRL006237,PO02253,POL002253,2026-06-01,UTI-002,2.5
GR06238,GRL006238,PO01413,POL001413,2026-04-24,UTI-018,3.75
GR06239,GRL006239,PO01729,POL001729,2026-04-26,FAC-012,37.5
GR06240,GRL006240,PO03624,POL003624,2026-03-21,IT -083,10.0
GR06241,GRL006241,PO04653,POL004653,2026-07-21,MAN-042,375.0
GR06242,GRL006242,PO03579,POL003579,2026-02-10,MAR-034,0.75
GR06243,GRL006243,PO03134,POL003134,2026-03-08,LOG-149,1.0
GR06244,GRL006244,PO01411,POL001411,2026-08-12,PRO-141,0.75
GR06245,GRL006245,PO02431,POL002431,2026-07-18,IT -022,75.0
GR06246,GRL006246,PO00862,POL000862,2026-07-02,LOG-059,50.0
GR06247,GRL006247,PO00388,POL000388,2026-01-09,PRO-058,2.5
GR06248,GRL006248,PO02160,POL002160,2026-02-11,IT -044,2.5
GR06249,GRL006249,PO00385,POL000385,2026-06-16,PRO-126,0.5
GR06250,GRL006250,PO03906,POL003906,2026-03-06,LOG-098,10.0
GR06251,GRL006251,PO04434,POL004434,2026-04-13,IT -060,62.5
GR06252,GRL006252,PO00424,POL000424,2026-09-07,IT -086,37.5
GR06253,GRL006253,PO02180,POL002180,2026-03-14,IT -130,125.0
GR06254,GRL006254,PO01887,POL001887,2026-03-13,UTI-001,25.0
GR06255,GRL006255,PO01970,POL001970,2026-06-22,OFF-078,62.5
GR06256,GRL006256,PO04784,POL004784,2026-09-11,PRO-130,1.5
GR06257,GRL006257,PO00300,POL000300,2026-03-12,LOG-099,50.0
GR06258,GRL006258,PO02657,POL002657,2026-05-31,MAN-088,0.75
GR06259,GRL006259,PO02428,POL002428,2026-08-07,MAR-026,50.0
GR06260,GRL006260,PO04108,POL004108,2026-03-19,PRO-138,12.5
GR06261,GRL006261,PO00706,POL000706,2026-08-06,PRO-129,62.5
GR06262,GRL006262,PO00019,POL000019,2026-02-15,LOG-077,37.5
GR06263,GRL006263,PO02254,POL002254,2026-08-25,UTI-046,10.0
GR06264,GRL006264,PO00181,POL000181,2026-05-30,MAR-045,3.75
GR06265,GRL006265,PO00864,POL000864,2026-06-07,UTI-082,50.0
GR06266,GRL006266,PO04008,POL004008,2026-04-14,MAN-135,50.0
GR06267,GRL006267,PO03258,POL003258,2026-02-09,OFF-084,187.5
GR06268,GRL006268,PO03416,POL003416,2026-04-03,MAN-069,1.5
GR06269,GRL006269,PO00315,POL000315,2026-05-02,FAC-108,10.0
GR06270,GRL006270,PO03911,POL003911,2026-05-25,MAR-081,0.25
GR06271,GRL006271,PO00501,POL000501,2026-02-10,MAR-001,0.5
GR06272,GRL006272,PO01935,POL001935,2026-01-28,UTI-079,5.0
GR06273,GRL006273,PO04712,POL004712,2026-02-26,PRO-058,0.75
GR06274,GRL006274,PO02959,POL002959,2026-03-19,FAC-134,10.0
GR06275,GRL006275,PO00540,POL000540,2026-07-07,LOG-146,375.0
GR06276,GRL006276,PO03257,POL003257,2026-01-31,UTI-037,62.5
GR06277,GRL006277,PO04720,POL004720,2026-07-15,MAR-068,62.5
GR06278,GRL006278,PO03888,POL003888,2026-05-12,PRO-049,375.0
GR06279,GRL006279,PO01503,POL001503,2026-03-29,IT -118,5.0
GR06280,GRL006280,PO02037,POL002037,2026-06-12,PRO-086,187.5
GR06281,GRL006281,PO01378,POL001378,2026-07-04,MAR-151,0.25
GR06282,GRL006282,PO04756,POL004756,2026-03-10,MAR-105,0.75
GR06283,GRL006283,PO04316,POL004316,2026-04-11,LOG-140,10.0
GR06284,GRL006284,PO02094,POL002094,2026-05-22,LOG-147,5.0
GR06285,GRL006285,PO00646,POL000646,2026-05-19,IT -039,125.0
GR06286,GRL006286,PO01317,POL001317,2026-03-05,UTI-115,5.0
GR06287,GRL006287,PO03848,POL003848,2026-01-16,PRO-126,1.25
GR06288,GRL006288,PO02413,POL002413,2026-01-16,IT -092,1.0
GR06289,GRL006289,PO03542,POL003542,2026-07-06,OFF-151,12.5
GR06290,GRL006290,PO00580,POL000580,2026-02-28,LOG-103,0.25
GR06291,GRL006291,PO02571,POL002571,2026-02-28,PRO-109,2.5
GR06292,GRL006292,PO00374,POL000374,2026-07-05,LOG-042,375.0
GR06293,GRL006293,PO01110,POL001110,2026-01-09,OFF-143,125.0
GR06294,GRL006294,PO01266,POL001266,2026-04-26,LOG-010,0.5
GR06295,GRL006295,PO02975,POL002975,2026-08-03,LOG-003,25.0
GR06296,GRL006296,PO03752,POL003752,2026-08-20,MAN-054,1.5
GR06297,GRL006297,PO02514,POL002514,2026-03-20,PRO-070,1.25
GR06298,GRL006298,PO00113,POL000113,2026-03-19,UTI-154,62.5
GR06299,GRL006299,PO04912,POL004912,2026-07-11,IT -105,125.0
GR06300,GRL006300,PO03252,POL003252,2026-03-22,LOG-050,2.5
GR06301,GRL006301,PO02637,POL002637,2026-05-06,FAC-044,0.25
GR06302,GRL006302,PO03407,POL003407,2026-07-10,UTI-087,2.5
GR06303,GRL006303,PO04555,POL004555,2026-08-30,MAR-020,15.0
GR06304,GRL006304,PO01428,POL001428,2026-01-23,OFF-076,25.0
GR06305,GRL006305,PO01032,POL001032,2026-04-21,LOG-148,7.5
GR06306,GRL006306,PO04922,POL004922,2026-08-14,LOG-091,125.0
GR06307,GRL006307,PO04436,POL004436,2026-02-17,OFF-144,2.5
GR06308,GRL006308,PO02376,POL002376,2026-07-23,UTI-081,12.5
GR06309,GRL006309,PO03803,POL003803,2026-03-20,IT -014,15.0
GR06310,GRL006310,PO02838,POL002838,2026-07-17,LOG-052,25.0
GR06311,GRL006311,PO00644,POL000644,2026-02-24,IT -148,0.5
GR06312,GRL006312,PO01540,POL001540,2026-06-11,LOG-055,50.0
GR06313,GRL006313,PO02531,POL002531,2026-02-13,LOG-159,15.0
GR06314,GRL006314,PO04252,POL004252,2026-01-28,IT -160,75.0
GR06315,GRL006315,PO01770,POL001770,2026-07-23,MAN-076,1.0
GR06316,GRL006316,PO02951,POL002951,2026-09-06,PRO-005,1.0
GR06317,GRL006317,PO04141,POL004141,2026-01-22,MAN-033,125.0
GR06318,GRL006318,PO02762,POL002762,2026-03-10,MAR-068,125.0
GR06319,GRL006319,PO04057,POL004057,2026-04-04,OFF-126,25.0
GR06320,GRL006320,PO02787,POL002787,2026-05-25,IT -110,0.75
GR06321,GRL006321,PO04130,POL004130,2026-08-11,IT -085,10.0
GR06322,GRL006322,PO01100,POL001100,2026-07-23,PRO-019,62.5
GR06323,GRL006323,PO04381,POL004381,2026-04-10,MAR-138,62.5
GR06324,GRL006324,PO01296,POL001296,2026-04-26,MAR-133,25.0
GR06325,GRL006325,PO02803,POL002803,2026-08-05,UTI-146,187.5
GR06326,GRL006326,PO03755,POL003755,2026-03-01,LOG-148,1.5
GR06327,GRL006327,PO03915,POL003915,2026-02-26,FAC-049,62.5
GR06328,GRL006328,PO03474,POL003474,2026-05-02,FAC-080,5.0
GR06329,GRL006329,PO03657,POL003657,2026-07-07,OFF-050,62.5
GR06330,GRL006330,PO02041,POL002041,2026-06-27,PRO-152,15.0
GR06331,GRL006331,PO03604,POL003604,2026-08-20,MAN-092,37.5
GR06332,GRL006332,PO00762,POL000762,2026-01-29,LOG-035,1.0
GR06333,GRL006333,PO03085,POL003085,2026-04-26,IT -137,1.5
GR06334,GRL006334,PO02662,POL002662,2026-01-31,IT -035,3.75
GR06335,GRL006335,PO04511,POL004511,2026-03-07,LOG-107,0.5
GR06336,GRL006336,PO01681,POL001681,2026-06-04,IT -158,3.75
GR06337,GRL006337,PO02238,POL002238,2026-08-02,MAR-097,15.0
GR06338,GRL006338,PO03423,POL003423,2026-04-29,PRO-052,62.5
GR06339,GRL006339,PO03725,POL003725,2026-09-12,UTI-109,3.75
GR06340,GRL006340,PO03503,POL003503,2026-03-20,FAC-011,125.0
GR06341,GRL006341,PO03507,POL003507,2026-01-31,LOG-044,25.0
GR06342,GRL006342,PO01130,POL001130,2026-05-15,OFF-132,0.5
GR06343,GRL006343,PO04651,POL004651,2026-04-26,LOG-004,2.5
GR06344,GRL006344,PO00763,POL000763,2026-08-03,IT -062,2.5
GR06345,GRL006345,PO02515,POL002515,2026-06-04,OFF-144,187.5
GR06346,GRL006346,PO01366,POL001366,2026-08-10,MAR-026,7.5
GR06347,GRL006347,PO00753,POL000753,2026-05-03,OFF-075,1.5
GR06348,GRL006348,PO04552,POL004552,2026-04-02,PRO-056,37.5
GR06349,GRL006349,PO01744,POL001744,2026-06-23,IT -142,25.0
GR06350,GRL006350,PO04155,POL004155,2026-07-05,UTI-060,15.0
GR06351,GRL006351,PO01344,POL001344,2026-04-02,FAC-129,125.0
GR06352,GRL006352,PO02539,POL002539,2026-04-03,MAN-115,10.0
GR06353,GRL006353,PO01467,POL001467,2026-06-08,MAR-155,62.5
GR06354,GRL006354,PO02595,POL002595,2026-05-17,FAC-138,250.0
GR06355,GRL006355,PO00937,POL000937,2026-07-31,MAR-146,7.5
GR06356,GRL006356,PO00556,POL000556,2026-05-27,MAR-054,125.0
GR06357,GRL006357,PO04234,POL004234,2026-04-14,MAN-013,1.0
GR06358,GRL006358,PO02143,POL002143,2026-07-27,FAC-116,7.5
GR06359,GRL006359,PO00905,POL000905,2026-06-03,MAN-052,25.0
GR06360,GRL006360,PO00309,POL000309,2026-05-31,PRO-001,1.5
GR06361,GRL006361,PO04148,POL004148,2026-08-29,PRO-028,1.25
GR06362,GRL006362,PO04939,POL004939,2026-05-14,OFF-034,3.75
GR06363,GRL006363,PO04798,POL004798,2026-07-07,OFF-117,187.5
GR06364,GRL006364,PO03851,POL003851,2026-02-24,MAR-142,1.0
GR06365,GRL006365,PO01174,POL001174,2026-07-15,PRO-027,25.0
GR06366,GRL006366,PO04728,POL004728,2026-07-07,MAN-058,3.75
GR06367,GRL006367,PO01534,POL001534,2026-02-19,OFF-039,125.0
GR06368,GRL006368,PO02927,POL002927,2026-03-18,PRO-147,1.5
GR06369,GRL006369,PO04625,POL004625,2026-06-02,OFF-158,15.0
GR06370,GRL006370,PO02811,POL002811,2026-05-06,MAR-077,0.5
GR06371,GRL006371,PO00651,POL000651,2026-04-09,OFF-099,375.0
GR06372,GRL006372,PO02696,POL002696,2026-04-13,OFF-071,375.0
GR06373,GRL006373,PO03695,POL003695,2026-02-19,FAC-037,0.25
GR06374,GRL006374,PO01498,POL001498,2026-06-20,IT -052,1.5
GR06375,GRL006375,PO00017,POL000017,2026-01-24,MAR-136,2.5
GR06376,GRL006376,PO04565,POL004565,2026-05-11,LOG-073,2.5
GR06377,GRL006377,PO02241,POL002241,2026-07-14,OFF-103,12.5
GR06378,GRL006378,PO04143,POL004143,2026-01-16,PRO-077,25.0
GR06379,GRL006379,PO02252,POL002252,2026-06-16,FAC-118,1.5
GR06380,GRL006380,PO04625,POL004625,2026-04-25,OFF-158,10.0
GR06381,GRL006381,PO01839,POL001839,2026-05-02,LOG-046,25.0
GR06382,GRL006382,PO03589,POL003589,2026-03-05,UTI-137,5.0
GR06383,GRL006383,PO01970,POL001970,2026-06-22,OFF-078,125.0
GR06384,GRL006384,PO02925,POL002925,2026-08-12,LOG-056,3.75
GR06385,GRL006385,PO03628,POL003628,2026-05-22,PRO-083,15.0
GR06386,GRL006386,PO02299,POL002299,2026-03-02,MAR-057,1.0
GR06387,GRL006387,PO04836,POL004836,2026-01-05,PRO-031,25.0
GR06388,GRL006388,PO03233,POL003233,2026-05-19,OFF-010,25.0
GR06389,GRL006389,PO00060,POL000060,2026-05-25,OFF-083,15.0
GR06390,GRL006390,PO01235,POL001235,2026-06-19,LOG-033,3.75
GR06391,GRL006391,PO03179,POL003179,2026-09-07,PRO-035,7.5
GR06392,GRL006392,PO00250,POL000250,2026-01-14,OFF-103,250.0
GR06393,GRL006393,PO01324,POL001324,2026-04-06,IT -073,2.5
GR06394,GRL006394,PO04353,POL004353,2026-04-10,LOG-097,25.0
GR06395,GRL006395,PO03071,POL003071,2026-07-31,OFF-100,2.5
GR06396,GRL006396,PO02008,POL002008,2026-04-16,PRO-152,2.5
GR06397,GRL006397,PO02635,POL002635,2026-03-15,LOG-054,187.5
GR06398,GRL006398,PO04531,POL004531,2026-05-03,OFF-146,0.5
GR06399,GRL006399,PO03406,POL003406,2026-06-15,IT -028,2.5
GR06400,GRL006400,PO00076,POL000076,2026-07-03,MAR-058,25.0
GR06401,GRL006401,PO03163,POL003163,2026-08-08,MAR-066,125.0
GR06402,GRL006402,PO00470,POL000470,2026-03-21,IT -088,0.25
GR06403,GRL006403,PO03771,POL003771,2026-05-17,UTI-026,37.5
GR06404,GRL006404,PO01549,POL001549,2026-09-20,UTI-048,1.0
GR06405,GRL006405,PO04393,POL004393,2026-09-01,PRO-031,375.0
GR06406,GRL006406,PO02858,POL002858,2026-02-22,IT -019,2.5
GR06407,GRL006407,PO02012,POL002012,2026-05-03,FAC-089,5.0
GR06408,GRL006408,PO02135,POL002135,2026-04-05,PRO-133,7.5
GR06409,GRL006409,PO02301,POL002301,2026-03-05,IT -092,0.5
GR06410,GRL006410,PO01192,POL001192,2026-07-15,MAR-151,0.5
GR06411,GRL006411,PO00412,POL000412,2026-06-05,PRO-123,75.0
GR06412,GRL006412,PO03665,POL003665,2026-05-22,OFF-057,2.5
GR06413,GRL006413,PO02990,POL002990,2026-09-11,PRO-042,75.0
GR06414,GRL006414,PO01648,POL001648,2026-06-28,UTI-091,50.0
GR06415,GRL006415,PO03399,POL003399,2026-06-22,FAC-150,1.0
GR06416,GRL006416,PO04412,POL004412,2026-03-05,MAR-063,250.0
GR06417,GRL006417,PO01665,POL001665,2026-05-06,UTI-072,25.0
GR06418,GRL006418,PO04164,POL004164,2026-04-21,FAC-087,25.0
GR06419,GRL006419,PO00783,POL000783,2026-07-22,PRO-011,12.5
GR06420,GRL006420,PO00970,POL000970,2026-01-08,OFF-055,0.75
GR06421,GRL006421,PO00192,POL000192,2026-03-10,MAR-027,2.5
GR06422,GRL006422,PO01587,POL001587,2026-02-22,MAN-066,125.0
GR06423,GRL006423,PO04854,POL004854,2026-05-01,MAR-098,1.25
GR06424,GRL006424,PO04194,POL004194,2026-03-20,FAC-013,7.5
GR06425,GRL006425,PO04393,POL004393,2026-08-10,PRO-031,375.0
GR06426,GRL006426,PO01857,POL001857,2026-03-25,LOG-158,3.75
GR06427,GRL006427,PO00317,POL000317,2026-02-16,OFF-040,37.5
GR06428,GRL006428,PO02278,POL002278,2026-03-03,MAR-144,75.0
GR06429,GRL006429,PO03662,POL003662,2026-06-20,PRO-147,2.5
GR06430,GRL006430,PO03585,POL003585,2026-02-04,LOG-135,3.75
GR06431,GRL006431,PO01338,POL001338,2026-07-24,PRO-101,15.0
GR06432,GRL006432,PO02670,POL002670,2026-03-05,UTI-139,125.0
GR06433,GRL006433,PO00930,POL000930,2026-08-23,IT -031,37.5
GR06434,GRL006434,PO01178,POL001178,2026-02-10,FAC-100,75.0
GR06435,GRL006435,PO02926,POL002926,2026-08-01,MAR-075,0.25
GR06436,GRL006436,PO03947,POL003947,2026-05-15,PRO-051,1.25
GR06437,GRL006437,PO04442,POL004442,2026-09-05,MAN-119,1.0
GR06438,GRL006438,PO01116,POL001116,2026-02-11,IT -020,187.5
GR06439,GRL006439,PO03717,POL003717,2026-04-09,LOG-007,10.0
GR06440,GRL006440,PO04709,POL004709,2026-03-29,LOG-024,15.0
GR06441,GRL006441,PO01511,POL001511,2026-07-06,PRO-025,0.25
GR06442,GRL006442,PO03225,POL003225,2026-09-05,LOG-066,375.0
GR06443,GRL006443,PO00467,POL000467,2026-07-07,FAC-156,75.0
GR06444,GRL006444,PO02016,POL002016,2026-04-06,UTI-012,62.5
GR06445,GRL006445,PO03420,POL003420,2026-05-30,IT -027,25.0
GR06446,GRL006446,PO00366,POL000366,2026-03-01,OFF-092,375.0
GR06447,GRL006447,PO04244,POL004244,2026-03-12,OFF-103,0.25
GR06448,GRL006448,PO03289,POL003289,2026-03-13,LOG-037,187.5
GR06449,GRL006449,PO04247,POL004247,2026-06-06,IT -112,5.0
GR06450,GRL006450,PO00848,POL000848,2026-05-05,PRO-116,0.5
GR06451,GRL006451,PO04580,POL004580,2026-06-02,FAC-097,62.5
GR06452,GRL006452,PO04216,POL004216,2026-01-08,FAC-041,62.5
GR06453,GRL006453,PO01926,POL001926,2026-05-25,IT -100,12.5
GR06454,GRL006454,PO00535,POL000535,2026-02-13,UTI-035,75.0
GR06455,GRL006455,PO00292,POL000292,2026-03-04,MAR-099,75.0
GR06456,GRL006456,PO04488,POL004488,2026-07-13,MAR-120,5.0
GR06457,GRL006457,PO04699,POL004699,2026-06-02,IT -048,7.5
GR06458,GRL006458,PO04346,POL004346,2026-08-30,LOG-018,15.0
GR06459,GRL006459,PO01617,POL001617,2026-08-06,FAC-120,0.5
GR06460,GRL006460,PO01324,POL001324,2026-04-18,IT -073,2.5
GR06461,GRL006461,PO03925,POL003925,2026-03-10,OFF-055,0.5
GR06462,GRL006462,PO00796,POL000796,2026-08-18,OFF-007,375.0
GR06463,GRL006463,PO00629,POL000629,2026-08-26,OFF-004,2.5
GR06464,GRL006464,PO01556,POL001556,2026-08-09,FAC-137,0.5
GR06465,GRL006465,PO03508,POL003508,2026-04-12,MAR-032,2.5
GR06466,GRL006466,PO00851,POL000851,2026-06-23,OFF-078,0.25
GR06467,GRL006467,PO02945,POL002945,2026-04-24,PRO-007,5.0
GR06468,GRL006468,PO04352,POL004352,2026-08-01,IT -104,75.0
GR06469,GRL006469,PO04491,POL004491,2026-04-28,MAN-065,50.0
GR06470,GRL006470,PO00773,POL000773,2026-07-22,IT -127,25.0
GR06471,GRL006471,PO04130,POL004130,2026-06-29,IT -085,15.0
GR06472,GRL006472,PO00863,POL000863,2026-06-01,IT -147,375.0
GR06473,GRL006473,PO03706,POL003706,2026-03-06,LOG-158,0.75
GR06474,GRL006474,PO00028,POL000028,2026-07-07,MAN-023,62.5
GR06475,GRL006475,PO03839,POL003839,2026-03-20,LOG-035,375.0
GR06476,GRL006476,PO00473,POL000473,2026-06-02,IT -141,12.5
GR06477,GRL006477,PO03912,POL003912,2026-07-31,PRO-055,7.5
GR06478,GRL006478,PO04729,POL004729,2026-03-10,FAC-121,1.0
GR06479,GRL006479,PO02689,POL002689,2026-04-11,MAR-009,0.25
GR06480,GRL006480,PO03834,POL003834,2026-03-09,IT -099,12.5
GR06481,GRL006481,PO03741,POL003741,2026-05-13,OFF-077,37.5
GR06482,GRL006482,PO02419,POL002419,2026-02-18,OFF-133,0.5
GR06483,GRL006483,PO03138,POL003138,2026-07-23,MAN-014,62.5
GR06484,GRL006484,PO03256,POL003256,2026-04-02,PRO-005,0.5
GR06485,GRL006485,PO03024,POL003024,2026-02-05,UTI-114,3.75
GR06486,GRL006486,PO03089,POL003089,2026-04-09,LOG-153,12.5
GR06487,GRL006487,PO02540,POL002540,2026-03-26,FAC-152,75.0
GR06488,GRL006488,PO01802,POL001802,2026-02-21,MAN-068,2.5
GR06489,GRL006489,PO01637,POL001637,2026-06-06,PRO-159,0.75
GR06490,GRL006490,PO00461,POL000461,2026-08-22,FAC-041,25.0
GR06491,GRL006491,PO03401,POL003401,2026-05-16,IT -028,0.75
GR06492,GRL006492,PO02950,POL002950,2026-04-17,FAC-139,3.75
GR06493,GRL006493,PO02731,POL002731,2026-04-09,UTI-085,15.0
GR06494,GRL006494,PO03108,POL003108,2026-05-05,IT -064,7.5
GR06495,GRL006495,PO00451,POL000451,2026-01-17,MAR-026,125.0
GR06496,GRL006496,PO02683,POL002683,2026-07-17,MAN-091,2.5
GR06497,GRL006497,PO04440,POL004440,2026-06-04,OFF-028,5.0
GR06498,GRL006498,PO01187,POL001187,2026-07-28,PRO-086,125.0
GR06499,GRL006499,PO02019,POL002019,2026-07-28,MAR-147,1.5
GR06500,GRL006500,PO02066,POL002066,2026-05-27,FAC-123,50.0
GR06501,GRL006501,PO01949,POL001949,2026-03-08,FAC-035,125.0
GR06502,GRL006502,PO02124,POL002124,2026-06-14,MAN-017,0.5
GR06503,GRL006503,PO00784,POL000784,2026-08-22,MAR-079,125.0
GR06504,GRL006504,PO04809,POL004809,2026-08-27,FAC-018,5.0
GR06505,GRL006505,PO02091,POL002091,2026-04-11,UTI-011,1.5
GR06506,GRL006506,PO04249,POL004249,2026-01-20,FAC-071,15.0
GR06507,GRL006507,PO02013,POL002013,2026-03-22,UTI-045,0.5
GR06508,GRL006508,PO03653,POL003653,2026-07-15,IT -083,1.0
GR06509,GRL006509,PO03919,POL003919,2026-03-09,MAN-065,15.0
GR06510,GRL006510,PO00064,POL000064,2026-03-26,IT -124,25.0
GR06511,GRL006511,PO00115,POL000115,2026-03-29,OFF-036,5.0
GR06512,GRL006512,PO02604,POL002604,2026-03-21,FAC-126,5.0
GR06513,GRL006513,PO01994,POL001994,2026-05-05,LOG-079,12.5
GR06514,GRL006514,PO00985,POL000985,2026-04-18,FAC-122,2.5
GR06515,GRL006515,PO01743,POL001743,2026-02-24,IT -085,50.0
GR06516,GRL006516,PO04681,POL004681,2026-04-30,LOG-064,10.0
GR06517,GRL006517,PO02585,POL002585,2026-01-28,PRO-005,50.0
GR06518,GRL006518,PO02299,POL002299,2026-04-01,MAR-057,1.5
GR06519,GRL006519,PO00007,POL000007,2026-07-01,PRO-074,375.0
GR06520,GRL006520,PO02972,POL002972,2026-08-11,FAC-126,50.0
GR06521,GRL006521,PO02272,POL002272,2026-06-17,IT -019,2.5
GR06522,GRL006522,PO02372,POL002372,2026-05-25,IT -001,125.0
GR06523,GRL006523,PO00596,POL000596,2026-07-15,MAR-083,10.0
GR06524,GRL006524,PO01512,POL001512,2026-07-16,MAR-122,0.25
GR06525,GRL006525,PO02811,POL002811,2026-05-01,MAR-077,0.5
GR06526,GRL006526,PO04748,POL004748,2026-06-18,OFF-122,375.0
GR06527,GRL006527,PO02995,POL002995,2026-01-30,OFF-132,15.0
GR06528,GRL006528,PO00101,POL000101,2026-06-29,MAN-040,7.5
GR06529,GRL006529,PO01121,POL001121,2026-07-02,OFF-087,0.75
GR06530,GRL006530,PO00693,POL000693,2026-07-08,LOG-088,7.5
GR06531,GRL006531,PO02448,POL002448,2026-06-21,OFF-092,1.25
GR06532,GRL006532,PO01935,POL001935,2026-03-09,UTI-079,5.0
GR06533,GRL006533,PO00977,POL000977,2026-03-01,LOG-054,10.0
GR06534,GRL006534,PO01197,POL001197,2026-01-26,OFF-142,25.0
GR06535,GRL006535,PO01665,POL001665,2026-06-04,UTI-072,75.0
GR06536,GRL006536,PO01171,POL001171,2026-06-14,FAC-009,1.5
GR06537,GRL006537,PO04054,POL004054,2026-02-04,OFF-028,25.0
GR06538,GRL006538,PO03705,POL003705,2026-09-07,MAN-157,250.0
GR06539,GRL006539,PO01945,POL001945,2026-08-06,IT -007,3.75
GR06540,GRL006540,PO04058,POL004058,2026-05-13,OFF-150,2.5
GR06541,GRL006541,PO01693,POL001693,2026-05-12,UTI-056,0.25
GR06542,GRL006542,PO01462,POL001462,2026-07-29,UTI-005,1.5
GR06543,GRL006543,PO03559,POL003559,2026-04-23,UTI-074,0.5
GR06544,GRL006544,PO02613,POL002613,2026-06-17,PRO-129,1.5
GR06545,GRL006545,PO03528,POL003528,2026-03-15,LOG-091,0.25
GR06546,GRL006546,PO02399,POL002399,2026-08-04,LOG-126,1.0
GR06547,GRL006547,PO01108,POL001108,2026-06-30,IT -158,1.5
GR06548,GRL006548,PO01408,POL001408,2026-04-23,PRO-001,25.0
GR06549,GRL006549,PO04984,POL004984,2026-02-24,UTI-103,375.0
GR06550,GRL006550,PO01973,POL001973,2026-05-04,IT -133,75.0
GR06551,GRL006551,PO01463,POL001463,2026-07-11,UTI-098,25.0
GR06552,GRL006552,PO04454,POL004454,2026-09-15,MAR-026,375.0
GR06553,GRL006553,PO01643,POL001643,2026-07-02,FAC-135,187.5
GR06554,GRL006554,PO03875,POL003875,2026-06-24,IT -101,2.5
GR06555,GRL006555,PO04178,POL004178,2026-03-08,OFF-150,50.0
GR06556,GRL006556,PO01831,POL001831,2026-07-15,MAR-047,0.75
GR06557,GRL006557,PO00087,POL000087,2026-02-07,MAR-041,5.0
GR06558,GRL006558,PO04382,POL004382,2026-05-28,FAC-145,187.5
GR06559,GRL006559,PO04195,POL004195,2026-05-17,IT -102,37.5
GR06560,GRL006560,PO01778,POL001778,2026-08-16,LOG-019,0.25
GR06561,GRL006561,PO01898,POL001898,2026-05-07,IT -117,250.0
GR06562,GRL006562,PO04958,POL004958,2026-07-07,FAC-146,1.25
GR06563,GRL006563,PO02719,POL002719,2026-08-07,FAC-061,0.75
GR06564,GRL006564,PO00761,POL000761,2026-04-03,OFF-148,125.0
GR06565,GRL006565,PO00830,POL000830,2026-04-30,PRO-105,1.5
GR06566,GRL006566,PO03317,POL003317,2026-05-02,LOG-141,1.5
GR06567,GRL006567,PO00029,POL000029,2026-08-16,FAC-121,0.5
GR06568,GRL006568,PO04758,POL004758,2026-05-16,PRO-105,1.5
GR06569,GRL006569,PO01587,POL001587,2026-03-23,MAN-066,187.5
GR06570,GRL006570,PO04654,POL004654,2026-01-25,IT -102,125.0
GR06571,GRL006571,PO02647,POL002647,2026-05-06,PRO-050,25.0
GR06572,GRL006572,PO00625,POL000625,2026-07-30,LOG-009,37.5
GR06573,GRL006573,PO03981,POL003981,2026-03-04,OFF-019,15.0
GR06574,GRL006574,PO04598,POL004598,2026-07-03,MAN-100,50.0
GR06575,GRL006575,PO00930,POL000930,2026-08-21,IT -031,37.5
GR06576,GRL006576,PO02868,POL002868,2026-03-23,MAN-059,37.5
GR06577,GRL006577,PO00876,POL000876,2026-07-04,UTI-137,15.0
GR06578,GRL006578,PO00685,POL000685,2026-08-10,FAC-014,2.5
GR06579,GRL006579,PO03397,POL003397,2026-08-23,IT -120,0.5
GR06580,GRL006580,PO02507,POL002507,2026-04-09,UTI-096,25.0
GR06581,GRL006581,PO03576,POL003576,2026-06-08,OFF-098,10.0
GR06582,GRL006582,PO03105,POL003105,2026-03-06,IT -041,0.5
GR06583,GRL006583,PO01781,POL001781,2026-05-11,FAC-147,5.0
GR06584,GRL006584,PO04789,POL004789,2026-06-28,MAR-058,5.0
GR06585,GRL006585,PO02922,POL002922,2026-04-25,MAN-099,0.25
GR06586,GRL006586,PO04856,POL004856,2026-08-21,IT -143,1.5
GR06587,GRL006587,PO02110,POL002110,2026-06-05,FAC-137,50.0
GR06588,GRL006588,PO04120,POL004120,2026-08-05,PRO-123,3.75
GR06589,GRL006589,PO03475,POL003475,2026-04-21,IT -118,25.0
GR06590,GRL006590,PO01638,POL001638,2026-02-11,LOG-109,7.5
GR06591,GRL006591,PO04575,POL004575,2026-02-02,FAC-146,375.0
GR06592,GRL006592,PO04747,POL004747,2026-04-12,MAR-005,7.5
GR06593,GRL006593,PO02914,POL002914,2026-06-15,OFF-127,37.5
GR06594,GRL006594,PO03934,POL003934,2026-04-30,PRO-088,12.5
GR06595,GRL006595,PO04294,POL004294,2026-02-23,LOG-150,25.0
GR06596,GRL006596,PO01906,POL001906,2026-03-31,OFF-119,125.0
GR06597,GRL006597,PO03976,POL003976,2026-03-12,IT -065,3.75
GR06598,GRL006598,PO04093,POL004093,2026-06-10,PRO-065,12.5
GR06599,GRL006599,PO04879,POL004879,2026-03-17,MAN-080,10.0
GR06600,GRL006600,PO03476,POL003476,2026-05-30,FAC-119,25.0
GR06601,GRL006601,PO00259,POL000259,2026-03-02,FAC-084,0.75
GR06602,GRL006602,PO03725,POL003725,2026-08-23,UTI-109,2.5
GR06603,GRL006603,PO00268,POL000268,2026-06-10,MAR-004,5.0
GR06604,GRL006604,PO00415,POL000415,2026-06-05,UTI-040,375.0
GR06605,GRL006605,PO00932,POL000932,2026-02-03,PRO-132,0.5
GR06606,GRL006606,PO02760,POL002760,2026-06-13,OFF-067,3.75
GR06607,GRL006607,PO02516,POL002516,2026-03-19,IT -072,0.5
GR06608,GRL006608,PO03306,POL003306,2026-03-22,OFF-131,7.5
GR06609,GRL006609,PO04725,POL004725,2026-03-26,PRO-116,125.0
GR06610,GRL006610,PO01434,POL001434,2026-04-27,MAR-031,375.0
GR06611,GRL006611,PO03907,POL003907,2026-09-02,OFF-084,3.75
GR06612,GRL006612,PO01540,POL001540,2026-06-24,LOG-055,25.0
GR06613,GRL006613,PO03435,POL003435,2026-06-01,IT -138,0.75
GR06614,GRL006614,PO01323,POL001323,2026-07-09,FAC-070,12.5
GR06615,GRL006615,PO02176,POL002176,2026-05-09,MAN-158,2.5
GR06616,GRL006616,PO02422,POL002422,2026-04-18,LOG-063,62.5
GR06617,GRL006617,PO01065,POL001065,2026-07-25,MAN-039,0.5
GR06618,GRL006618,PO01714,POL001714,2026-07-19,UTI-123,50.0
GR06619,GRL006619,PO04906,POL004906,2026-01-26,UTI-079,0.25
GR06620,GRL006620,PO03466,POL003466,2026-02-21,FAC-007,5.0
GR06621,GRL006621,PO03515,POL003515,2026-06-08,PRO-080,125.0
GR06622,GRL006622,PO04497,POL004497,2026-02-03,MAN-044,2.5
GR06623,GRL006623,PO04838,POL004838,2026-03-07,PRO-046,25.0
GR06624,GRL006624,PO04178,POL004178,2026-02-28,OFF-150,50.0
GR06625,GRL006625,PO02152,POL002152,2026-02-06,MAN-160,187.5
GR06626,GRL006626,PO03269,POL003269,2026-03-16,LOG-016,7.5
GR06627,GRL006627,PO04644,POL004644,2026-02-16,OFF-092,1.5
GR06628,GRL006628,PO03506,POL003506,2026-03-20,PRO-023,0.5
GR06629,GRL006629,PO02105,POL002105,2026-08-04,FAC-127,3.75
GR06630,GRL006630,PO02684,POL002684,2026-09-17,IT -002,125.0
GR06631,GRL006631,PO02551,POL002551,2026-06-29,FAC-034,375.0
GR06632,GRL006632,PO03905,POL003905,2026-09-13,MAR-020,250.0
GR06633,GRL006633,PO00294,POL000294,2026-04-11,OFF-083,125.0
GR06634,GRL006634,PO01316,POL001316,2026-05-02,OFF-139,5.0
GR06635,GRL006635,PO03590,POL003590,2026-05-26,IT -109,0.25
GR06636,GRL006636,PO03255,POL003255,2026-05-14,FAC-155,1.0
GR06637,GRL006637,PO01106,POL001106,2026-06-05,MAN-141,0.5
GR06638,GRL006638,PO04868,POL004868,2026-08-23,PRO-078,37.5
GR06639,GRL006639,PO04203,POL004203,2026-02-24,MAN-018,1.5
GR06640,GRL006640,PO02931,POL002931,2026-04-05,IT -148,250.0
GR06641,GRL006641,PO04775,POL004775,2026-01-28,PRO-156,15.0
GR06642,GRL006642,PO03286,POL003286,2026-06-08,OFF-074,5.0
GR06643,GRL006643,PO02401,POL002401,2026-08-07,PRO-083,25.0
GR06644,GRL006644,PO00349,POL000349,2026-04-01,MAN-045,25.0
GR06645,GRL006645,PO01801,POL001801,2026-03-20,LOG-070,250.0
GR06646,GRL006646,PO03548,POL003548,2026-04-27,IT -112,15.0
GR06647,GRL006647,PO01513,POL001513,2026-04-12,PRO-050,25.0
GR06648,GRL006648,PO03127,POL003127,2026-01-15,FAC-007,7.5
GR06649,GRL006649,PO00126,POL000126,2026-04-23,PRO-083,62.5
GR06650,GRL006650,PO00713,POL000713,2026-06-12,FAC-046,3.75
GR06651,GRL006651,PO04908,POL004908,2026-05-16,FAC-120,1.5
GR06652,GRL006652,PO04171,POL004171,2026-02-25,FAC-038,187.5
GR06653,GRL006653,PO03490,POL003490,2026-06-29,IT -056,15.0
GR06654,GRL006654,PO03963,POL003963,2026-07-28,PRO-140,0.25
GR06655,GRL006655,PO02769,POL002769,2026-05-25,MAN-114,5.0
GR06656,GRL006656,PO01229,POL001229,2026-05-16,UTI-035,7.5
GR06657,GRL006657,PO04130,POL004130,2026-08-04,IT -085,5.0
GR06658,GRL006658,PO00987,POL000987,2026-02-09,MAR-049,1.0
GR06659,GRL006659,PO02712,POL002712,2026-08-20,UTI-158,1.0
GR06660,GRL006660,PO03132,POL003132,2026-09-04,PRO-129,37.5
GR06661,GRL006661,PO01182,POL001182,2026-03-08,PRO-076,1.25
GR06662,GRL006662,PO04640,POL004640,2026-03-30,FAC-113,1.0
GR06663,GRL006663,PO02621,POL002621,2026-02-23,FAC-079,3.75
GR06664,GRL006664,PO04367,POL004367,2026-03-26,PRO-032,375.0
GR06665,GRL006665,PO03831,POL003831,2026-04-17,LOG-098,5.0
GR06666,GRL006666,PO01039,POL001039,2026-04-14,PRO-004,0.5
GR06667,GRL006667,PO00832,POL000832,2026-03-30,OFF-154,1.0
GR06668,GRL006668,PO02630,POL002630,2026-08-06,IT -086,0.25
GR06669,GRL006669,PO02854,POL002854,2026-07-10,MAR-047,2.5
GR06670,GRL006670,PO03175,POL003175,2026-03-02,UTI-076,25.0
GR06671,GRL006671,PO02853,POL002853,2026-04-19,IT -091,25.0
GR06672,GRL006672,PO02834,POL002834,2026-06-23,IT -144,125.0
GR06673,GRL006673,PO02969,POL002969,2026-04-19,MAN-144,0.5
GR06674,GRL006674,PO00117,POL000117,2026-01-05,MAN-001,15.0
GR06675,GRL006675,PO04919,POL004919,2026-01-26,OFF-148,3.75
GR06676,GRL006676,PO02133,POL002133,2026-04-12,PRO-012,1.5
GR06677,GRL006677,PO02174,POL002174,2026-02-25,LOG-101,5.0
GR06678,GRL006678,PO04120,POL004120,2026-08-30,PRO-123,2.5
GR06679,GRL006679,PO00480,POL000480,2026-07-20,PRO-029,37.5
GR06680,GRL006680,PO04148,POL004148,2026-08-16,PRO-028,3.75
GR06681,GRL006681,PO03756,POL003756,2026-06-03,UTI-027,15.0
GR06682,GRL006682,PO02589,POL002589,2026-03-13,MAN-051,25.0
GR06683,GRL006683,PO02742,POL002742,2026-07-28,PRO-075,25.0
GR06684,GRL006684,PO03998,POL003998,2026-04-17,MAN-156,5.0
GR06685,GRL006685,PO00410,POL000410,2026-06-15,PRO-083,10.0
GR06686,GRL006686,PO01418,POL001418,2026-05-03,LOG-037,375.0
GR06687,GRL006687,PO04874,POL004874,2026-04-03,MAN-001,1.5
GR06688,GRL006688,PO00845,POL000845,2026-05-22,PRO-110,125.0
GR06689,GRL006689,PO01347,POL001347,2026-04-15,PRO-159,10.0
GR06690,GRL006690,PO00625,POL000625,2026-07-16,LOG-009,12.5
GR06691,GRL006691,PO01869,POL001869,2026-07-26,UTI-118,25.0
GR06692,GRL006692,PO02360,POL002360,2026-02-20,OFF-030,125.0
GR06693,GRL006693,PO02524,POL002524,2026-08-16,MAR-009,50.0
GR06694,GRL006694,PO02225,POL002225,2026-03-25,FAC-018,37.5
GR06695,GRL006695,PO01504,POL001504,2026-02-26,MAN-114,37.5
GR06696,GRL006696,PO02018,POL002018,2026-04-24,MAR-106,37.5
GR06697,GRL006697,PO01943,POL001943,2026-03-23,IT -096,250.0
GR06698,GRL006698,PO04327,POL004327,2026-01-23,OFF-056,1.5
GR06699,GRL006699,PO04782,POL004782,2026-06-11,UTI-013,25.0
GR06700,GRL006700,PO02265,POL002265,2026-03-30,IT -099,62.5
GR06701,GRL006701,PO02754,POL002754,2026-05-15,LOG-021,37.5
GR06702,GRL006702,PO00650,POL000650,2026-03-10,FAC-073,37.5
GR06703,GRL006703,PO04578,POL004578,2026-05-13,IT -079,12.5
GR06704,GRL006704,PO02133,POL002133,2026-04-12,PRO-012,0.5
GR06705,GRL006705,PO04340,POL004340,2026-02-24,IT -054,25.0
GR06706,GRL006706,PO01193,POL001193,2026-01-30,PRO-136,10.0
GR06707,GRL006707,PO02356,POL002356,2026-05-05,FAC-023,0.75
GR06708,GRL006708,PO00809,POL000809,2026-03-04,PRO-114,0.5
GR06709,GRL006709,PO00296,POL000296,2026-02-12,OFF-138,375.0
GR06710,GRL006710,PO04304,POL004304,2026-06-26,PRO-147,10.0
GR06711,GRL006711,PO01058,POL001058,2026-08-10,MAR-085,25.0
GR06712,GRL006712,PO03038,POL003038,2026-05-25,LOG-009,0.25
GR06713,GRL006713,PO01368,POL001368,2026-07-21,MAR-055,2.5
GR06714,GRL006714,PO04301,POL004301,2026-07-16,FAC-069,1.5
GR06715,GRL006715,PO04838,POL004838,2026-03-12,PRO-046,37.5
GR06716,GRL006716,PO03623,POL003623,2026-03-02,FAC-070,1.0
GR06717,GRL006717,PO02880,POL002880,2026-08-13,MAR-112,50.0
GR06718,GRL006718,PO03560,POL003560,2026-04-28,MAR-045,1.5
GR06719,GRL006719,PO00620,POL000620,2026-05-27,LOG-098,0.5
GR06720,GRL006720,PO03299,POL003299,2026-04-17,IT -127,250.0
GR06721,GRL006721,PO04399,POL004399,2026-08-04,OFF-019,1.25
GR06722,GRL006722,PO00463,POL000463,2026-04-12,FAC-152,12.5
GR06723,GRL006723,PO00751,POL000751,2026-05-23,UTI-084,125.0
GR06724,GRL006724,PO00592,POL000592,2026-05-21,PRO-015,3.75
GR06725,GRL006725,PO02966,POL002966,2026-05-30,PRO-056,75.0
GR06726,GRL006726,PO00575,POL000575,2026-06-27,PRO-127,10.0
GR06727,GRL006727,PO02652,POL002652,2026-05-01,FAC-093,12.5
GR06728,GRL006728,PO01552,POL001552,2026-07-24,OFF-043,25.0
GR06729,GRL006729,PO01226,POL001226,2026-08-19,PRO-132,375.0
GR06730,GRL006730,PO00158,POL000158,2026-05-24,PRO-031,5.0
GR06731,GRL006731,PO03902,POL003902,2026-08-12,LOG-054,187.5
GR06732,GRL006732,PO01247,POL001247,2026-05-24,OFF-145,187.5
GR06733,GRL006733,PO03907,POL003907,2026-08-30,OFF-084,1.25
GR06734,GRL006734,PO00987,POL000987,2026-01-18,MAR-049,1.0
GR06735,GRL006735,PO00729,POL000729,2026-08-18,PRO-028,25.0
GR06736,GRL006736,PO00049,POL000049,2026-08-21,IT -029,50.0
GR06737,GRL006737,PO01382,POL001382,2026-02-20,IT -047,15.0
GR06738,GRL006738,PO04470,POL004470,2026-06-04,FAC-062,10.0
GR06739,GRL006739,PO01500,POL001500,2026-05-12,PRO-065,3.75
GR06740,GRL006740,PO04290,POL004290,2026-06-27,UTI-038,2.5
GR06741,GRL006741,PO04136,POL004136,2026-03-23,LOG-084,375.0
GR06742,GRL006742,PO02363,POL002363,2026-03-25,IT -080,125.0
GR06743,GRL006743,PO03830,POL003830,2026-02-18,FAC-043,10.0
GR06744,GRL006744,PO00478,POL000478,2026-08-10,IT -157,250.0
GR06745,GRL006745,PO02816,POL002816,2026-07-26,MAR-047,10.0
GR06746,GRL006746,PO01197,POL001197,2026-02-08,OFF-142,12.5
GR06747,GRL006747,PO03268,POL003268,2026-03-24,MAR-075,1.5
GR06748,GRL006748,PO02432,POL002432,2026-08-11,LOG-052,50.0
GR06749,GRL006749,PO01735,POL001735,2026-07-13,PRO-040,75.0
GR06750,GRL006750,PO03649,POL003649,2026-05-26,UTI-124,1.25
GR06751,GRL006751,PO01394,POL001394,2026-04-16,FAC-060,25.0
GR06752,GRL006752,PO00508,POL000508,2026-03-14,MAN-091,0.5
GR06753,GRL006753,PO03505,POL003505,2026-05-26,FAC-031,5.0
GR06754,GRL006754,PO04554,POL004554,2026-03-10,PRO-047,125.0
GR06755,GRL006755,PO03456,POL003456,2026-04-09,UTI-139,1.0
GR06756,GRL006756,PO04341,POL004341,2026-04-20,MAN-095,3.75
GR06757,GRL006757,PO00934,POL000934,2026-03-16,FAC-107,10.0
GR06758,GRL006758,PO01618,POL001618,2026-05-22,OFF-124,2.5
GR06759,GRL006759,PO00515,POL000515,2026-03-15,LOG-065,25.0
GR06760,GRL006760,PO00929,POL000929,2026-06-22,PRO-092,7.5
GR06761,GRL006761,PO01690,POL001690,2026-05-30,MAN-088,1.5
GR06762,GRL006762,PO00212,POL000212,2026-06-28,LOG-151,37.5
GR06763,GRL006763,PO02677,POL002677,2026-05-13,UTI-098,250.0
GR06764,GRL006764,PO04553,POL004553,2026-06-09,IT -067,7.5
GR06765,GRL006765,PO03269,POL003269,2026-03-08,LOG-016,2.5
GR06766,GRL006766,PO04177,POL004177,2026-09-07,LOG-053,50.0
GR06767,GRL006767,PO01167,POL001167,2026-02-23,PRO-064,62.5
GR06768,GRL006768,PO04422,POL004422,2026-06-20,PRO-044,10.0
GR06769,GRL006769,PO00534,POL000534,2026-08-03,MAN-060,25.0
GR06770,GRL006770,PO02486,POL002486,2026-09-09,IT -103,125.0
GR06771,GRL006771,PO03337,POL003337,2026-05-12,UTI-144,375.0
GR06772,GRL006772,PO03127,POL003127,2026-01-15,FAC-007,7.5
GR06773,GRL006773,PO00555,POL000555,2026-08-28,PRO-038,1.5
GR06774,GRL006774,PO03218,POL003218,2026-02-24,OFF-054,0.5
GR06775,GRL006775,PO00632,POL000632,2026-08-21,IT -045,75.0
GR06776,GRL006776,PO04783,POL004783,2026-07-07,IT -156,3.75
GR06777,GRL006777,PO01619,POL001619,2026-05-06,FAC-094,25.0
GR06778,GRL006778,PO04842,POL004842,2026-05-01,OFF-037,0.5
GR06779,GRL006779,PO01916,POL001916,2026-06-19,MAR-052,125.0
GR06780,GRL006780,PO01320,POL001320,2026-03-30,PRO-045,50.0
GR06781,GRL006781,PO04886,POL004886,2026-02-15,LOG-078,125.0
GR06782,GRL006782,PO04395,POL004395,2026-06-28,IT -105,75.0
GR06783,GRL006783,PO03477,POL003477,2026-04-30,PRO-064,125.0
GR06784,GRL006784,PO02458,POL002458,2026-03-20,UTI-160,0.5
GR06785,GRL006785,PO00334,POL000334,2026-06-29,PRO-030,125.0
GR06786,GRL006786,PO01119,POL001119,2026-04-29,IT -051,62.5
GR06787,GRL006787,PO01299,POL001299,2026-06-30,PRO-115,125.0
GR06788,GRL006788,PO03793,POL003793,2026-04-04,PRO-010,0.75
GR06789,GRL006789,PO04444,POL004444,2026-04-11,UTI-159,250.0
GR06790,GRL006790,PO03246,POL003246,2026-02-13,FAC-084,15.0
GR06791,GRL006791,PO01419,POL001419,2026-03-05,MAN-018,3.75
GR06792,GRL006792,PO03058,POL003058,2026-07-25,MAN-075,3.75
GR06793,GRL006793,PO04622,POL004622,2026-03-01,UTI-112,7.5
GR06794,GRL006794,PO02460,POL002460,2026-02-21,OFF-019,75.0
GR06795,GRL006795,PO04016,POL004016,2026-03-26,MAN-099,2.5
GR06796,GRL006796,PO00121,POL000121,2026-01-27,MAN-050,5.0
GR06797,GRL006797,PO01988,POL001988,2026-04-29,FAC-046,25.0
GR06798,GRL006798,PO03937,POL003937,2026-08-17,MAR-086,0.5
GR06799,GRL006799,PO03129,POL003129,2026-02-09,IT -069,10.0
GR06800,GRL006800,PO02501,POL002501,2026-02-18,IT -050,10.0
GR06801,GRL006801,PO03424,POL003424,2026-08-01,LOG-137,0.5
GR06802,GRL006802,PO01907,POL001907,2026-07-20,OFF-101,1.5
GR06803,GRL006803,PO00666,POL000666,2026-07-21,LOG-147,15.0
GR06804,GRL006804,PO01901,POL001901,2026-02-23,MAR-102,1.25
GR06805,GRL006805,PO02257,POL002257,2026-04-10,IT -100,25.0
GR06806,GRL006806,PO02010,POL002010,2026-05-23,PRO-063,25.0
GR06807,GRL006807,PO03349,POL003349,2026-04-05,UTI-132,0.25
GR06808,GRL006808,PO02903,POL002903,2026-07-12,MAR-147,125.0
GR06809,GRL006809,PO04670,POL004670,2026-06-28,IT -132,187.5
GR06810,GRL006810,PO00240,POL000240,2026-04-19,MAN-029,75.0
GR06811,GRL006811,PO00932,POL000932,2026-02-14,PRO-132,0.25
GR06812,GRL006812,PO01874,POL001874,2026-05-03,PRO-127,10.0
GR06813,GRL006813,PO01140,POL001140,2026-07-08,MAN-040,0.25
GR06814,GRL006814,PO01332,POL001332,2026-03-24,PRO-157,7.5
GR06815,GRL006815,PO04462,POL004462,2026-04-13,FAC-128,125.0
GR06816,GRL006816,PO04943,POL004943,2026-03-01,MAN-130,50.0
GR06817,GRL006817,PO04895,POL004895,2026-06-26,IT -086,15.0
GR06818,GRL006818,PO00975,POL000975,2026-06-01,MAR-071,1.25
GR06819,GRL006819,PO02631,POL002631,2026-05-08,UTI-142,50.0
GR06820,GRL006820,PO04586,POL004586,2026-07-17,FAC-082,15.0
GR06821,GRL006821,PO01785,POL001785,2026-07-25,UTI-096,12.5
GR06822,GRL006822,PO01604,POL001604,2026-06-09,MAR-051,375.0
GR06823,GRL006823,PO03001,POL003001,2026-05-15,PRO-096,5.0
GR06824,GRL006824,PO00163,POL000163,2026-09-16,UTI-083,2.5
GR06825,GRL006825,PO01426,POL001426,2026-08-27,IT -074,0.75
GR06826,GRL006826,PO01489,POL001489,2026-01-20,UTI-085,7.5
GR06827,GRL006827,PO02364,POL002364,2026-01-25,LOG-054,0.75
GR06828,GRL006828,PO04944,POL004944,2026-07-25,UTI-150,0.25
GR06829,GRL006829,PO00910,POL000910,2026-06-14,IT -156,0.75
GR06830,GRL006830,PO01538,POL001538,2026-07-28,FAC-131,0.25
GR06831,GRL006831,PO01854,POL001854,2026-01-25,LOG-015,75.0
GR06832,GRL006832,PO00724,POL000724,2026-07-31,PRO-086,5.0
GR06833,GRL006833,PO03319,POL003319,2026-08-03,LOG-152,0.5
GR06834,GRL006834,PO03107,POL003107,2026-07-26,IT -052,62.5
GR06835,GRL006835,PO02306,POL002306,2026-02-26,OFF-057,125.0
GR06836,GRL006836,PO00507,POL000507,2026-07-26,MAN-035,12.5
GR06837,GRL006837,PO04321,POL004321,2026-03-02,LOG-056,0.75
GR06838,GRL006838,PO00868,POL000868,2026-05-17,UTI-093,50.0
GR06839,GRL006839,PO04319,POL004319,2026-07-24,OFF-024,15.0
GR06840,GRL006840,PO04770,POL004770,2026-04-30,FAC-069,250.0
GR06841,GRL006841,PO04409,POL004409,2026-03-26,PRO-118,0.25
GR06842,GRL006842,PO04241,POL004241,2026-05-13,MAR-001,0.75
GR06843,GRL006843,PO04574,POL004574,2026-08-03,IT -087,125.0
GR06844,GRL006844,PO03509,POL003509,2026-04-06,IT -013,375.0
GR06845,GRL006845,PO02599,POL002599,2026-05-26,LOG-038,75.0
GR06846,GRL006846,PO01517,POL001517,2026-08-10,MAR-082,75.0
GR06847,GRL006847,PO03931,POL003931,2026-03-13,IT -093,62.5
GR06848,GRL006848,PO03187,POL003187,2026-05-20,PRO-080,0.5
GR06849,GRL006849,PO04144,POL004144,2026-08-10,LOG-156,0.75
GR06850,GRL006850,PO00157,POL000157,2026-06-16,LOG-112,10.0
GR06851,GRL006851,PO04372,POL004372,2026-07-31,MAN-058,0.5
GR06852,GRL006852,PO04939,POL004939,2026-04-17,OFF-034,2.5
GR06853,GRL006853,PO03345,POL003345,2026-04-24,LOG-080,2.5
GR06854,GRL006854,PO01956,POL001956,2026-02-14,MAN-132,3.75
GR06855,GRL006855,PO04214,POL004214,2026-03-15,OFF-054,25.0
GR06856,GRL006856,PO00758,POL000758,2026-07-31,MAN-160,10.0
GR06857,GRL006857,PO01017,POL001017,2026-06-27,MAN-103,7.5
GR06858,GRL006858,PO04578,POL004578,2026-05-19,IT -079,12.5
GR06859,GRL006859,PO00704,POL000704,2026-02-19,PRO-015,375.0
GR06860,GRL006860,PO04105,POL004105,2026-09-10,IT -102,25.0
GR06861,GRL006861,PO04123,POL004123,2026-05-27,FAC-082,125.0
GR06862,GRL006862,PO03674,POL003674,2026-08-20,OFF-157,375.0
GR06863,GRL006863,PO01849,POL001849,2026-07-29,LOG-020,2.5
GR06864,GRL006864,PO02761,POL002761,2026-04-15,MAN-088,0.5
GR06865,GRL006865,PO01875,POL001875,2026-04-05,UTI-140,0.75
GR06866,GRL006866,PO03115,POL003115,2026-07-11,UTI-058,5.0
GR06867,GRL006867,PO02089,POL002089,2026-08-03,LOG-098,2.5
GR06868,GRL006868,PO00881,POL000881,2026-01-29,FAC-130,37.5
GR06869,GRL006869,PO04663,POL004663,2026-08-21,PRO-020,125.0
GR06870,GRL006870,PO02969,POL002969,2026-03-31,MAN-144,0.25
GR06871,GRL006871,PO03381,POL003381,2026-05-22,FAC-048,75.0
GR06872,GRL006872,PO03865,POL003865,2026-02-25,UTI-143,5.0
GR06873,GRL006873,PO03366,POL003366,2026-02-28,PRO-102,0.5
GR06874,GRL006874,PO04079,POL004079,2026-02-01,UTI-067,187.5
GR06875,GRL006875,PO02716,POL002716,2026-03-20,PRO-067,75.0
GR06876,GRL006876,PO03414,POL003414,2026-06-24,LOG-157,62.5
GR06877,GRL006877,PO04628,POL004628,2026-04-18,IT -144,75.0
GR06878,GRL006878,PO04718,POL004718,2026-06-02,PRO-140,0.25
GR06879,GRL006879,PO03227,POL003227,2026-04-20,FAC-115,10.0
GR06880,GRL006880,PO03522,POL003522,2026-04-22,UTI-100,0.75
GR06881,GRL006881,PO02929,POL002929,2026-02-27,OFF-079,3.75
GR06882,GRL006882,PO03018,POL003018,2026-01-15,MAN-060,187.5
GR06883,GRL006883,PO00467,POL000467,2026-07-07,FAC-156,75.0
GR06884,GRL006884,PO04765,POL004765,2026-02-08,MAR-133,5.0
GR06885,GRL006885,PO02848,POL002848,2026-05-13,UTI-002,0.5
GR06886,GRL006886,PO01187,POL001187,2026-07-28,PRO-086,125.0
GR06887,GRL006887,PO03799,POL003799,2026-05-24,FAC-060,187.5
GR06888,GRL006888,PO00265,POL000265,2026-04-03,MAN-055,37.5
GR06889,GRL006889,PO00610,POL000610,2026-04-03,FAC-002,1.0
GR06890,GRL006890,PO02663,POL002663,2026-05-28,MAN-139,62.5
GR06891,GRL006891,PO01244,POL001244,2026-03-03,MAN-025,7.5
GR06892,GRL006892,PO02011,POL002011,2026-03-02,UTI-123,375.0
GR06893,GRL006893,PO01871,POL001871,2026-08-15,UTI-091,1.0
GR06894,GRL006894,PO03282,POL003282,2026-06-12,OFF-048,2.5
GR06895,GRL006895,PO00115,POL000115,2026-02-03,OFF-036,5.0
GR06896,GRL006896,PO03527,POL003527,2026-02-02,UTI-108,10.0
GR06897,GRL006897,PO03254,POL003254,2026-02-12,OFF-018,0.25
GR06898,GRL006898,PO01959,POL001959,2026-04-30,FAC-140,50.0
GR06899,GRL006899,PO02227,POL002227,2026-07-11,MAN-152,1.25
GR06900,GRL006900,PO01525,POL001525,2026-06-21,UTI-093,0.25
GR06901,GRL006901,PO03560,POL003560,2026-04-08,MAR-045,1.0
GR06902,GRL006902,PO02560,POL002560,2026-08-20,IT -103,2.5
GR06903,GRL006903,PO02243,POL002243,2026-08-11,OFF-044,5.0
GR06904,GRL006904,PO02834,POL002834,2026-08-06,IT -144,62.5
GR06905,GRL006905,PO01725,POL001725,2026-04-04,OFF-126,50.0
GR06906,GRL006906,PO04800,POL004800,2026-08-28,UTI-039,375.0
GR06907,GRL006907,PO00797,POL000797,2026-06-18,OFF-129,0.5
GR06908,GRL006908,PO01910,POL001910,2026-03-19,PRO-022,0.25
GR06909,GRL006909,PO03646,POL003646,2026-05-16,OFF-078,2.5
GR06910,GRL006910,PO03009,POL003009,2026-06-11,UTI-133,2.5
GR06911,GRL006911,PO00335,POL000335,2026-05-14,UTI-052,10.0
GR06912,GRL006912,PO00404,POL000404,2026-03-01,MAN-072,125.0
GR06913,GRL006913,PO02360,POL002360,2026-02-28,OFF-030,250.0
GR06914,GRL006914,PO03371,POL003371,2026-09-01,UTI-083,1.0
GR06915,GRL006915,PO02911,POL002911,2026-03-27,IT -073,10.0
GR06916,GRL006916,PO02495,POL002495,2026-04-24,UTI-102,1.25
GR06917,GRL006917,PO01738,POL001738,2026-08-06,LOG-084,5.0
GR06918,GRL006918,PO04645,POL004645,2026-08-18,FAC-065,0.5
GR06919,GRL006919,PO04022,POL004022,2026-04-09,UTI-076,37.5
GR06920,GRL006920,PO01934,POL001934,2026-03-03,OFF-033,2.5
GR06921,GRL006921,PO04299,POL004299,2026-07-08,FAC-150,15.0
GR06922,GRL006922,PO01343,POL001343,2026-06-05,LOG-124,0.5
GR06923,GRL006923,PO02128,POL002128,2026-04-07,FAC-007,0.75
GR06924,GRL006924,PO04821,POL004821,2026-03-31,OFF-082,0.25
GR06925,GRL006925,PO01834,POL001834,2026-04-14,MAN-136,375.0
GR06926,GRL006926,PO00244,POL000244,2026-05-11,MAN-003,15.0
GR06927,GRL006927,PO04311,POL004311,2026-06-29,MAN-086,1.25
GR06928,GRL006928,PO04064,POL004064,2026-04-12,FAC-148,0.5
GR06929,GRL006929,PO00858,POL000858,2026-07-01,MAN-095,25.0
GR06930,GRL006930,PO00108,POL000108,2026-05-09,LOG-024,125.0
GR06931,GRL006931,PO01203,POL001203,2026-03-08,LOG-025,1.5
GR06932,GRL006932,PO03659,POL003659,2026-05-25,MAR-142,12.5
GR06933,GRL006933,PO04752,POL004752,2026-08-01,MAN-100,5.0
GR06934,GRL006934,PO02447,POL002447,2026-06-06,IT -073,12.5
GR06935,GRL006935,PO00374,POL000374,2026-06-19,LOG-042,250.0
GR06936,GRL006936,PO03651,POL003651,2026-06-06,IT -059,10.0
GR06937,GRL006937,PO02444,POL002444,2026-08-01,OFF-050,1.25
GR06938,GRL006938,PO00075,POL000075,2026-04-19,OFF-031,1.0
GR06939,GRL006939,PO02542,POL002542,2026-05-05,MAR-034,3.75
GR06940,GRL006940,PO04665,POL004665,2026-05-15,MAR-100,75.0
GR06941,GRL006941,PO04063,POL004063,2026-05-28,UTI-083,187.5
GR06942,GRL006942,PO03546,POL003546,2026-06-22,UTI-054,0.75
GR06943,GRL006943,PO04014,POL004014,2026-05-17,OFF-144,15.0
GR06944,GRL006944,PO00336,POL000336,2026-07-11,OFF-060,250.0
GR06945,GRL006945,PO01856,POL001856,2026-02-12,LOG-116,375.0
GR06946,GRL006946,PO02663,POL002663,2026-05-07,MAN-139,125.0
GR06947,GRL006947,PO01081,POL001081,2026-07-17,FAC-126,125.0
GR06948,GRL006948,PO00817,POL000817,2026-08-06,PRO-088,37.5
GR06949,GRL006949,PO03426,POL003426,2026-08-09,FAC-099,75.0
GR06950,GRL006950,PO04350,POL004350,2026-07-06,OFF-137,37.5
GR06951,GRL006951,PO00744,POL000744,2026-08-07,MAN-121,7.5
GR06952,GRL006952,PO04953,POL004953,2026-06-17,OFF-062,187.5
GR06953,GRL006953,PO00828,POL000828,2026-03-21,OFF-025,0.5
GR06954,GRL006954,PO02651,POL002651,2026-02-26,IT -059,2.5
GR06955,GRL006955,PO02452,POL002452,2026-02-26,MAN-035,1.25
GR06956,GRL006956,PO04030,POL004030,2026-07-19,MAR-126,187.5
GR06957,GRL006957,PO02424,POL002424,2026-05-27,MAN-054,125.0
GR06958,GRL006958,PO03343,POL003343,2026-06-26,IT -056,5.0
GR06959,GRL006959,PO03779,POL003779,2026-04-05,MAR-137,250.0
GR06960,GRL006960,PO03769,POL003769,2026-03-12,PRO-088,25.0
GR06961,GRL006961,PO03600,POL003600,2026-03-18,IT -087,0.25
GR06962,GRL006962,PO03308,POL003308,2026-07-27,FAC-040,5.0
GR06963,GRL006963,PO01558,POL001558,2026-03-01,LOG-097,0.5
GR06964,GRL006964,PO00957,POL000957,2026-03-18,PRO-159,1.25
GR06965,GRL006965,PO03097,POL003097,2026-02-20,UTI-140,7.5
GR06966,GRL006966,PO03440,POL003440,2026-04-12,MAN-001,2.5
GR06967,GRL006967,PO00499,POL000499,2026-06-05,UTI-039,25.0
GR06968,GRL006968,PO02718,POL002718,2026-05-09,OFF-071,15.0
GR06969,GRL006969,PO01841,POL001841,2026-02-07,PRO-047,0.25
GR06970,GRL006970,PO02836,POL002836,2026-09-09,OFF-143,3.75
GR06971,GRL006971,PO00599,POL000599,2026-05-02,LOG-091,125.0
GR06972,GRL006972,PO02493,POL002493,2026-06-07,MAR-117,37.5
GR06973,GRL006973,PO04957,POL004957,2026-05-19,MAR-094,2.5
GR06974,GRL006974,PO01860,POL001860,2026-08-27,MAN-122,375.0
GR06975,GRL006975,PO02957,POL002957,2026-03-28,OFF-058,75.0
GR06976,GRL006976,PO03938,POL003938,2026-05-22,IT -041,1.0
GR06977,GRL006977,PO03482,POL003482,2026-04-12,OFF-075,62.5
GR06978,GRL006978,PO03714,POL003714,2026-08-18,OFF-150,0.25
GR06979,GRL006979,PO00802,POL000802,2026-06-30,IT -143,5.0
GR06980,GRL006980,PO01172,POL001172,2026-02-23,OFF-060,375.0
GR06981,GRL006981,PO03435,POL003435,2026-06-18,IT -138,0.25
GR06982,GRL006982,PO00028,POL000028,2026-05-21,MAN-023,125.0
GR06983,GRL006983,PO04019,POL004019,2026-05-24,LOG-060,3.75
GR06984,GRL006984,PO00468,POL000468,2026-05-08,OFF-087,0.75
GR06985,GRL006985,PO04151,POL004151,2026-04-21,LOG-034,2.5
GR06986,GRL006986,PO00777,POL000777,2026-04-18,PRO-128,125.0
GR06987,GRL006987,PO04025,POL004025,2026-04-22,FAC-149,3.75
GR06988,GRL006988,PO04517,POL004517,2026-05-24,OFF-066,1.25
GR06989,GRL006989,PO02048,POL002048,2026-06-08,IT -068,15.0
GR06990,GRL006990,PO03524,POL003524,2026-05-06,MAN-105,1.25
GR06991,GRL006991,PO01842,POL001842,2026-03-07,PRO-082,1.5
GR06992,GRL006992,PO00919,POL000919,2026-05-02,MAN-100,0.75
GR06993,GRL006993,PO01701,POL001701,2026-03-30,OFF-104,250.0
GR06994,GRL006994,PO04819,POL004819,2026-05-24,OFF-037,15.0
GR06995,GRL006995,PO04805,POL004805,2026-07-14,PRO-146,1.25
GR06996,GRL006996,PO00037,POL000037,2026-07-07,PRO-156,1.25
GR06997,GRL006997,PO02671,POL002671,2026-06-24,MAR-026,7.5
GR06998,GRL006998,PO04897,POL004897,2026-08-12,MAN-075,5.0
GR06999,GRL006999,PO02908,POL002908,2026-02-15,PRO-077,2.5
GR07000,GRL007000,PO01112,POL001112,2026-02-07,FAC-007,10.0
GR07001,GRL007001,PO04773,POL004773,2026-07-18,PRO-037,50.0
GR07002,GRL007002,PO04014,POL004014,2026-04-25,OFF-144,10.0
GR07003,GRL007003,PO03285,POL003285,2026-06-14,FAC-102,12.5
GR07004,GRL007004,PO01963,POL001963,2026-08-02,LOG-112,2.5
GR07005,GRL007005,PO04583,POL004583,2026-04-12,FAC-032,7.5
GR07006,GRL007006,PO04231,POL004231,2026-04-25,IT -005,2.5
GR07007,GRL007007,PO00932,POL000932,2026-03-01,PRO-132,0.75
GR07008,GRL007008,PO00257,POL000257,2026-02-12,FAC-113,62.5
GR07009,GRL007009,PO03615,POL003615,2026-01-15,OFF-072,25.0
GR07010,GRL007010,PO00497,POL000497,2026-07-22,IT -055,2.5
GR07011,GRL007011,PO00828,POL000828,2026-04-14,OFF-025,0.5
GR07012,GRL007012,PO02855,POL002855,2026-08-26,IT -056,10.0
GR07013,GRL007013,PO02120,POL002120,2026-07-14,IT -063,25.0
GR07014,GRL007014,PO00389,POL000389,2026-06-24,MAR-055,50.0
GR07015,GRL007015,PO00335,POL000335,2026-05-17,UTI-052,10.0
GR07016,GRL007016,PO01356,POL001356,2026-04-06,LOG-015,12.5
GR07017,GRL007017,PO02265,POL002265,2026-05-07,IT -099,187.5
GR07018,GRL007018,PO03610,POL003610,2026-04-05,MAR-125,50.0
GR07019,GRL007019,PO02615,POL002615,2026-04-05,LOG-063,62.5
GR07020,GRL007020,PO03197,POL003197,2026-06-08,IT -082,7.5
GR07021,GRL007021,PO04173,POL004173,2026-05-29,FAC-005,2.5
GR07022,GRL007022,PO00189,POL000189,2026-07-29,UTI-158,1.5
GR07023,GRL007023,PO00220,POL000220,2026-07-22,MAN-060,125.0
GR07024,GRL007024,PO00685,POL000685,2026-07-29,FAC-014,5.0
GR07025,GRL007025,PO00647,POL000647,2026-02-19,MAR-137,187.5
GR07026,GRL007026,PO03647,POL003647,2026-09-21,PRO-086,25.0
GR07027,GRL007027,PO04668,POL004668,2026-04-21,UTI-080,1.0
GR07028,GRL007028,PO02554,POL002554,2026-07-13,FAC-146,0.25
GR07029,GRL007029,PO04024,POL004024,2026-02-26,PRO-097,5.0
GR07030,GRL007030,PO01749,POL001749,2026-02-09,IT -115,125.0
GR07031,GRL007031,PO01957,POL001957,2026-09-17,IT -019,50.0
GR07032,GRL007032,PO00438,POL000438,2026-05-25,UTI-100,0.75
GR07033,GRL007033,PO02754,POL002754,2026-05-26,LOG-021,25.0
GR07034,GRL007034,PO02334,POL002334,2026-06-21,IT -050,75.0
GR07035,GRL007035,PO02837,POL002837,2026-01-21,FAC-082,25.0
GR07036,GRL007036,PO01412,POL001412,2026-07-25,MAN-153,12.5
GR07037,GRL007037,PO03204,POL003204,2026-03-08,PRO-072,50.0
GR07038,GRL007038,PO01055,POL001055,2026-04-06,FAC-089,2.5
GR07039,GRL007039,PO04108,POL004108,2026-03-19,PRO-138,37.5
GR07040,GRL007040,PO01495,POL001495,2026-06-22,FAC-117,125.0
GR07041,GRL007041,PO00269,POL000269,2026-02-27,UTI-147,0.25
GR07042,GRL007042,PO04892,POL004892,2026-03-18,MAR-056,25.0
GR07043,GRL007043,PO03436,POL003436,2026-04-01,LOG-084,375.0
GR07044,GRL007044,PO03174,POL003174,2026-05-21,LOG-116,375.0
GR07045,GRL007045,PO00498,POL000498,2026-06-21,OFF-120,0.75
GR07046,GRL007046,PO01255,POL001255,2026-03-09,LOG-153,125.0
GR07047,GRL007047,PO00999,POL000999,2026-03-19,FAC-057,7.5
GR07048,GRL007048,PO04189,POL004189,2026-05-07,PRO-082,10.0
GR07049,GRL007049,PO00532,POL000532,2026-08-04,IT -023,62.5
GR07050,GRL007050,PO02047,POL002047,2026-06-29,FAC-059,0.5
GR07051,GRL007051,PO04053,POL004053,2026-05-07,PRO-155,1.5
GR07052,GRL007052,PO03172,POL003172,2026-07-28,UTI-058,0.25
GR07053,GRL007053,PO02125,POL002125,2026-03-06,UTI-003,0.25
GR07054,GRL007054,PO00107,POL000107,2026-05-02,IT -030,10.0
GR07055,GRL007055,PO04707,POL004707,2026-09-12,IT -145,1.0
GR07056,GRL007056,PO02454,POL002454,2026-06-05,PRO-159,0.5
GR07057,GRL007057,PO04534,POL004534,2026-03-25,FAC-002,125.0
GR07058,GRL007058,PO04354,POL004354,2026-06-28,LOG-039,12.5
GR07059,GRL007059,PO00071,POL000071,2026-05-17,IT -130,12.5
GR07060,GRL007060,PO02389,POL002389,2026-08-10,PRO-141,25.0
GR07061,GRL007061,PO02234,POL002234,2026-03-03,UTI-001,7.5
GR07062,GRL007062,PO04311,POL004311,2026-06-22,MAN-086,1.25
GR07063,GRL007063,PO03724,POL003724,2026-06-05,PRO-096,10.0
GR07064,GRL007064,PO01831,POL001831,2026-07-27,MAR-047,0.25
GR07065,GRL007065,PO00856,POL000856,2026-02-11,MAN-061,1.5
GR07066,GRL007066,PO00251,POL000251,2026-08-17,OFF-051,5.0
GR07067,GRL007067,PO00995,POL000995,2026-06-21,FAC-043,250.0
GR07068,GRL007068,PO02738,POL002738,2026-05-23,FAC-027,10.0
GR07069,GRL007069,PO04692,POL004692,2026-03-13,PRO-075,0.5
GR07070,GRL007070,PO01120,POL001120,2026-08-13,MAR-103,62.5
GR07071,GRL007071,PO03644,POL003644,2026-06-21,MAN-099,5.0
GR07072,GRL007072,PO01083,POL001083,2026-06-24,UTI-132,25.0
GR07073,GRL007073,PO04561,POL004561,2026-08-20,MAN-062,7.5
GR07074,GRL007074,PO02465,POL002465,2026-08-02,UTI-101,25.0
GR07075,GRL007075,PO03299,POL003299,2026-04-09,IT -127,375.0
GR07076,GRL007076,PO02256,POL002256,2026-02-21,OFF-078,15.0
GR07077,GRL007077,PO03418,POL003418,2026-05-06,IT -016,125.0
GR07078,GRL007078,PO00128,POL000128,2026-06-30,MAN-152,250.0
GR07079,GRL007079,PO01028,POL001028,2026-07-21,MAN-030,12.5
GR07080,GRL007080,PO04497,POL004497,2026-02-16,MAN-044,5.0
GR07081,GRL007081,PO02871,POL002871,2026-09-04,FAC-033,25.0
GR07082,GRL007082,PO04534,POL004534,2026-03-18,FAC-002,62.5
GR07083,GRL007083,PO00302,POL000302,2026-02-26,MAR-079,50.0
GR07084,GRL007084,PO01554,POL001554,2026-05-19,IT -117,0.5
GR07085,GRL007085,PO01848,POL001848,2026-03-22,FAC-114,1.25
GR07086,GRL007086,PO01892,POL001892,2026-07-11,OFF-112,62.5
GR07087,GRL007087,PO00505,POL000505,2026-07-28,IT -149,25.0
GR07088,GRL007088,PO01495,POL001495,2026-05-23,FAC-117,125.0
GR07089,GRL007089,PO03552,POL003552,2026-05-11,OFF-152,3.75
GR07090,GRL007090,PO04190,POL004190,2026-07-29,LOG-118,37.5
GR07091,GRL007091,PO04907,POL004907,2026-05-01,OFF-106,50.0
GR07092,GRL007092,PO03256,POL003256,2026-03-03,PRO-005,0.5
GR07093,GRL007093,PO02176,POL002176,2026-04-05,MAN-158,7.5
GR07094,GRL007094,PO01830,POL001830,2026-05-02,MAN-095,375.0
GR07095,GRL007095,PO04436,POL004436,2026-02-13,OFF-144,3.75
GR07096,GRL007096,PO02770,POL002770,2026-07-07,IT -119,25.0
GR07097,GRL007097,PO03120,POL003120,2026-08-23,LOG-052,3.75
GR07098,GRL007098,PO00593,POL000593,2026-03-26,OFF-012,50.0
GR07099,GRL007099,PO00636,POL000636,2026-01-21,PRO-058,50.0
GR07100,GRL007100,PO04360,POL004360,2026-01-11,MAN-090,0.75
GR07101,GRL007101,PO00705,POL000705,2026-03-27,IT -061,2.5
GR07102,GRL007102,PO00457,POL000457,2026-08-21,FAC-045,50.0
GR07103,GRL007103,PO03132,POL003132,2026-08-28,PRO-129,25.0
GR07104,GRL007104,PO04441,POL004441,2026-08-26,LOG-103,3.75
GR07105,GRL007105,PO02273,POL002273,2026-03-27,MAN-050,5.0
GR07106,GRL007106,PO03477,POL003477,2026-03-31,PRO-064,125.0
GR07107,GRL007107,PO04917,POL004917,2026-04-23,PRO-058,1.25
GR07108,GRL007108,PO00021,POL000021,2026-09-10,UTI-067,0.75
GR07109,GRL007109,PO02842,POL002842,2026-07-04,MAN-072,25.0
GR07110,GRL007110,PO01764,POL001764,2026-07-28,MAN-128,25.0
GR07111,GRL007111,PO04427,POL004427,2026-02-22,PRO-042,5.0
GR07112,GRL007112,PO00531,POL000531,2026-08-19,LOG-084,2.5
GR07113,GRL007113,PO02508,POL002508,2026-06-30,MAN-002,125.0
GR07114,GRL007114,PO01760,POL001760,2026-05-25,MAN-033,2.5
GR07115,GRL007115,PO01006,POL001006,2026-03-27,OFF-084,75.0
GR07116,GRL007116,PO04859,POL004859,2026-04-04,UTI-039,375.0
GR07117,GRL007117,PO00663,POL000663,2026-03-05,UTI-129,250.0
GR07118,GRL007118,PO00431,POL000431,2026-05-25,IT -087,7.5
GR07119,GRL007119,PO03116,POL003116,2026-08-28,FAC-124,0.5
GR07120,GRL007120,PO04228,POL004228,2026-03-02,MAR-074,25.0
GR07121,GRL007121,PO02974,POL002974,2026-03-15,MAR-020,12.5
GR07122,GRL007122,PO03562,POL003562,2026-07-07,PRO-014,0.25
GR07123,GRL007123,PO03317,POL003317,2026-03-19,LOG-141,1.5
GR07124,GRL007124,PO04466,POL004466,2026-06-29,OFF-154,50.0
GR07125,GRL007125,PO04331,POL004331,2026-03-21,MAR-028,7.5
GR07126,GRL007126,PO01924,POL001924,2026-05-12,FAC-021,5.0
GR07127,GRL007127,PO03320,POL003320,2026-06-02,LOG-045,75.0
GR07128,GRL007128,PO03371,POL003371,2026-09-03,UTI-083,1.0
GR07129,GRL007129,PO04618,POL004618,2026-06-01,OFF-149,12.5
GR07130,GRL007130,PO01678,POL001678,2026-07-19,IT -040,7.5
GR07131,GRL007131,PO04753,POL004753,2026-06-12,LOG-022,75.0
GR07132,GRL007132,PO02173,POL002173,2026-04-13,MAR-129,187.5
GR07133,GRL007133,PO03667,POL003667,2026-04-20,UTI-078,1.25
GR07134,GRL007134,PO03788,POL003788,2026-05-09,PRO-089,250.0
GR07135,GRL007135,PO01461,POL001461,2026-04-06,OFF-088,125.0
GR07136,GRL007136,PO00031,POL000031,2026-05-11,PRO-045,187.5
GR07137,GRL007137,PO02501,POL002501,2026-03-16,IT -050,15.0
GR07138,GRL007138,PO04679,POL004679,2026-07-02,MAN-003,5.0
GR07139,GRL007139,PO03055,POL003055,2026-03-31,PRO-001,187.5
GR07140,GRL007140,PO00085,POL000085,2026-02-01,UTI-006,75.0
GR07141,GRL007141,PO04012,POL004012,2026-04-17,UTI-033,5.0
GR07142,GRL007142,PO02486,POL002486,2026-07-31,IT -103,250.0
GR07143,GRL007143,PO00198,POL000198,2026-05-20,IT -092,12.5
GR07144,GRL007144,PO04108,POL004108,2026-02-03,PRO-138,37.5
GR07145,GRL007145,PO03287,POL003287,2026-03-14,OFF-002,1.5
GR07146,GRL007146,PO03616,POL003616,2026-05-21,IT -029,0.5
GR07147,GRL007147,PO04821,POL004821,2026-03-16,OFF-082,0.25
GR07148,GRL007148,PO04579,POL004579,2026-01-23,MAR-060,3.75
GR07149,GRL007149,PO01641,POL001641,2026-06-16,MAN-125,375.0
GR07150,GRL007150,PO00669,POL000669,2026-07-12,MAN-090,250.0
GR07151,GRL007151,PO03346,POL003346,2026-05-26,OFF-028,12.5
GR07152,GRL007152,PO02127,POL002127,2026-09-17,MAR-038,7.5
GR07153,GRL007153,PO03410,POL003410,2026-04-21,UTI-056,5.0
GR07154,GRL007154,PO04164,POL004164,2026-04-16,FAC-087,37.5
GR07155,GRL007155,PO02077,POL002077,2026-02-14,PRO-011,0.75
GR07156,GRL007156,PO02017,POL002017,2026-05-30,FAC-001,2.5
GR07157,GRL007157,PO00942,POL000942,2026-07-23,OFF-093,125.0
GR07158,GRL007158,PO02188,POL002188,2026-08-31,LOG-151,1.5
GR07159,GRL007159,PO02648,POL002648,2026-06-21,LOG-048,15.0
GR07160,GRL007160,PO02713,POL002713,2026-08-30,MAN-065,3.75
GR07161,GRL007161,PO00686,POL000686,2026-04-10,LOG-004,37.5
GR07162,GRL007162,PO02462,POL002462,2026-04-02,MAN-091,5.0
GR07163,GRL007163,PO00745,POL000745,2026-02-21,LOG-030,12.5
GR07164,GRL007164,PO01019,POL001019,2026-03-09,MAN-045,15.0
GR07165,GRL007165,PO02716,POL002716,2026-04-05,PRO-067,50.0
GR07166,GRL007166,PO03840,POL003840,2026-07-04,LOG-030,25.0
GR07167,GRL007167,PO02809,POL002809,2026-08-11,MAR-029,75.0
GR07168,GRL007168,PO04038,POL004038,2026-07-27,OFF-063,125.0
GR07169,GRL007169,PO01263,POL001263,2026-05-31,FAC-087,5.0
GR07170,GRL007170,PO02338,POL002338,2026-08-07,MAR-142,2.5
GR07171,GRL007171,PO04502,POL004502,2026-05-23,OFF-023,50.0
GR07172,GRL007172,PO02849,POL002849,2026-04-05,OFF-098,250.0
GR07173,GRL007173,PO02172,POL002172,2026-04-25,MAR-027,5.0
GR07174,GRL007174,PO01751,POL001751,2026-06-19,PRO-150,37.5
GR07175,GRL007175,PO04845,POL004845,2026-04-16,IT -012,15.0
GR07176,GRL007176,PO03944,POL003944,2026-03-19,MAN-144,5.0
GR07177,GRL007177,PO04646,POL004646,2026-03-19,FAC-082,2.5
GR07178,GRL007178,PO03872,POL003872,2026-07-23,FAC-132,15.0
GR07179,GRL007179,PO00913,POL000913,2026-08-01,LOG-010,10.0
GR07180,GRL007180,PO01492,POL001492,2026-04-06,IT -113,1.0
GR07181,GRL007181,PO03450,POL003450,2026-02-14,MAR-084,125.0
GR07182,GRL007182,PO02001,POL002001,2026-03-17,LOG-020,25.0
GR07183,GRL007183,PO04425,POL004425,2026-05-05,UTI-156,75.0
GR07184,GRL007184,PO00630,POL000630,2026-05-24,OFF-020,62.5
GR07185,GRL007185,PO01797,POL001797,2026-02-26,UTI-076,5.0
GR07186,GRL007186,PO00139,POL000139,2026-07-22,LOG-038,1.0
GR07187,GRL007187,PO01179,POL001179,2026-06-14,FAC-127,25.0
GR07188,GRL007188,PO00020,POL000020,2026-03-09,LOG-097,375.0
GR07189,GRL007189,PO04762,POL004762,2026-07-11,OFF-140,375.0
GR07190,GRL007190,PO02177,POL002177,2026-09-05,UTI-136,50.0
GR07191,GRL007191,PO00217,POL000217,2026-08-02,UTI-068,2.5
GR07192,GRL007192,PO00776,POL000776,2026-02-23,IT -025,7.5
GR07193,GRL007193,PO04385,POL004385,2026-01-31,FAC-011,1.0
GR07194,GRL007194,PO03934,POL003934,2026-06-12,PRO-088,37.5
GR07195,GRL007195,PO03048,POL003048,2026-03-13,MAR-069,2.5
GR07196,GRL007196,PO00416,POL000416,2026-06-05,LOG-055,37.5
GR07197,GRL007197,PO04007,POL004007,2026-05-25,IT -103,2.5
GR07198,GRL007198,PO04066,POL004066,2026-06-09,FAC-141,7.5
GR07199,GRL007199,PO01870,POL001870,2026-05-08,UTI-024,25.0
GR07200,GRL007200,PO04647,POL004647,2026-04-15,IT -097,62.5
GR07201,GRL007201,PO01744,POL001744,2026-07-17,IT -142,25.0
GR07202,GRL007202,PO02235,POL002235,2026-07-21,IT -124,10.0
GR07203,GRL007203,PO01040,POL001040,2026-08-06,MAR-022,375.0
GR07204,GRL007204,PO00003,POL000003,2026-04-11,PRO-134,2.5
GR07205,GRL007205,PO01058,POL001058,2026-09-04,MAR-085,12.5
GR07206,GRL007206,PO00956,POL000956,2026-04-07,UTI-126,0.5
GR07207,GRL007207,PO01611,POL001611,2026-05-14,PRO-107,2.5
GR07208,GRL007208,PO03222,POL003222,2026-05-11,IT -145,125.0
GR07209,GRL007209,PO04658,POL004658,2026-06-17,MAR-082,1.5
GR07210,GRL007210,PO02360,POL002360,2026-01-29,OFF-030,250.0
GR07211,GRL007211,PO03386,POL003386,2026-02-08,MAN-089,62.5
GR07212,GRL007212,PO02372,POL002372,2026-06-04,IT -001,125.0
GR07213,GRL007213,PO02273,POL002273,2026-05-06,MAN-050,5.0
GR07214,GRL007214,PO03827,POL003827,2026-07-01,LOG-068,25.0
GR07215,GRL007215,PO03951,POL003951,2026-04-27,FAC-109,1.0
GR07216,GRL007216,PO03361,POL003361,2026-06-08,MAN-119,75.0
GR07217,GRL007217,PO00355,POL000355,2026-06-05,UTI-012,2.5
GR07218,GRL007218,PO00351,POL000351,2026-07-13,IT -123,125.0
GR07219,GRL007219,PO01600,POL001600,2026-03-29,FAC-158,2.5
GR07220,GRL007220,PO03646,POL003646,2026-04-26,OFF-078,1.25
GR07221,GRL007221,PO01418,POL001418,2026-04-09,LOG-037,125.0
GR07222,GRL007222,PO00082,POL000082,2026-07-25,MAN-154,0.25
GR07223,GRL007223,PO01608,POL001608,2026-04-07,UTI-149,0.5
GR07224,GRL007224,PO04522,POL004522,2026-06-04,MAR-149,5.0
GR07225,GRL007225,PO02007,POL002007,2026-04-08,IT -050,2.5
GR07226,GRL007226,PO00996,POL000996,2026-03-27,IT -129,62.5
GR07227,GRL007227,PO00570,POL000570,2026-04-19,LOG-057,2.5
GR07228,GRL007228,PO01389,POL001389,2026-07-30,IT -087,75.0
GR07229,GRL007229,PO01497,POL001497,2026-05-01,IT -058,50.0
GR07230,GRL007230,PO04898,POL004898,2026-02-26,OFF-023,375.0
GR07231,GRL007231,PO04156,POL004156,2026-03-04,UTI-024,5.0
GR07232,GRL007232,PO04762,POL004762,2026-06-26,OFF-140,250.0
GR07233,GRL007233,PO01720,POL001720,2026-03-30,IT -104,10.0
GR07234,GRL007234,PO04234,POL004234,2026-04-10,MAN-013,0.5
GR07235,GRL007235,PO03675,POL003675,2026-06-06,OFF-082,1.25
GR07236,GRL007236,PO03778,POL003778,2026-02-28,UTI-107,2.5
GR07237,GRL007237,PO02490,POL002490,2026-04-03,OFF-153,7.5
GR07238,GRL007238,PO01636,POL001636,2026-06-17,MAN-137,10.0
GR07239,GRL007239,PO00263,POL000263,2026-07-17,UTI-121,25.0
GR07240,GRL007240,PO01037,POL001037,2026-03-01,LOG-149,37.5
GR07241,GRL007241,PO00686,POL000686,2026-03-07,LOG-004,37.5
GR07242,GRL007242,PO00299,POL000299,2026-06-01,OFF-122,15.0
GR07243,GRL007243,PO04884,POL004884,2026-08-09,FAC-029,7.5
GR07244,GRL007244,PO00671,POL000671,2026-04-30,OFF-078,3.75
GR07245,GRL007245,PO03460,POL003460,2026-03-26,MAN-149,12.5
GR07246,GRL007246,PO02212,POL002212,2026-06-21,PRO-055,5.0
GR07247,GRL007247,PO00614,POL000614,2026-08-12,MAR-006,10.0
GR07248,GRL007248,PO02926,POL002926,2026-07-26,MAR-075,0.75
GR07249,GRL007249,PO01419,POL001419,2026-03-27,MAN-018,3.75
GR07250,GRL007250,PO03541,POL003541,2026-03-01,OFF-127,2.5
GR07251,GRL007251,PO02726,POL002726,2026-02-18,MAN-048,0.25
GR07252,GRL007252,PO03776,POL003776,2026-03-17,PRO-109,3.75
GR07253,GRL007253,PO02179,POL002179,2026-09-05,LOG-132,187.5
GR07254,GRL007254,PO02641,POL002641,2026-07-21,MAN-142,187.5
GR07255,GRL007255,PO03490,POL003490,2026-07-23,IT -056,10.0
GR07256,GRL007256,PO03545,POL003545,2026-06-23,PRO-070,2.5
GR07257,GRL007257,PO04069,POL004069,2026-08-17,FAC-069,2.5
GR07258,GRL007258,PO04639,POL004639,2026-03-07,MAN-038,25.0
GR07259,GRL007259,PO00961,POL000961,2026-02-04,MAN-104,5.0
GR07260,GRL007260,PO02347,POL002347,2026-08-28,MAR-011,187.5
GR07261,GRL007261,PO00592,POL000592,2026-05-10,PRO-015,3.75
GR07262,GRL007262,PO03149,POL003149,2026-07-19,OFF-149,2.5
GR07263,GRL007263,PO02198,POL002198,2026-02-05,IT -046,25.0
GR07264,GRL007264,PO00068,POL000068,2026-07-21,IT -018,375.0
GR07265,GRL007265,PO01048,POL001048,2026-06-22,PRO-159,2.5
GR07266,GRL007266,PO01152,POL001152,2026-06-03,LOG-130,75.0
GR07267,GRL007267,PO00372,POL000372,2026-03-01,IT -068,10.0
GR07268,GRL007268,PO00161,POL000161,2026-08-07,OFF-147,62.5
GR07269,GRL007269,PO04701,POL004701,2026-05-31,OFF-109,375.0
GR07270,GRL007270,PO04374,POL004374,2026-08-03,IT -106,3.75
GR07271,GRL007271,PO04988,POL004988,2026-06-18,UTI-023,0.25
GR07272,GRL007272,PO00237,POL000237,2026-05-28,FAC-157,375.0
GR07273,GRL007273,PO03954,POL003954,2026-03-02,MAN-070,187.5
GR07274,GRL007274,PO04544,POL004544,2026-05-18,FAC-053,250.0
GR07275,GRL007275,PO01184,POL001184,2026-08-02,IT -122,187.5
GR07276,GRL007276,PO00777,POL000777,2026-05-17,PRO-128,125.0
GR07277,GRL007277,PO03987,POL003987,2026-03-13,LOG-013,2.5
GR07278,GRL007278,PO00930,POL000930,2026-08-18,IT -031,12.5
GR07279,GRL007279,PO03034,POL003034,2026-06-12,MAR-141,37.5
GR07280,GRL007280,PO00680,POL000680,2026-02-20,MAR-084,125.0
GR07281,GRL007281,PO02086,POL002086,2026-05-14,MAR-076,375.0
GR07282,GRL007282,PO00497,POL000497,2026-07-28,IT -055,1.25
GR07283,GRL007283,PO04104,POL004104,2026-05-08,IT -137,10.0
GR07284,GRL007284,PO00717,POL000717,2026-04-29,OFF-131,1.5
GR07285,GRL007285,PO04569,POL004569,2026-05-26,OFF-113,5.0
GR07286,GRL007286,PO04143,POL004143,2026-02-25,PRO-077,12.5
GR07287,GRL007287,PO03444,POL003444,2026-08-18,PRO-022,25.0
GR07288,GRL007288,PO01122,POL001122,2026-04-01,MAR-052,12.5
GR07289,GRL007289,PO04197,POL004197,2026-02-15,FAC-134,187.5
GR07290,GRL007290,PO04912,POL004912,2026-06-28,IT -105,250.0
GR07291,GRL007291,PO04137,POL004137,2026-06-01,FAC-030,5.0
GR07292,GRL007292,PO04371,POL004371,2026-07-27,FAC-049,1.5
GR07293,GRL007293,PO02740,POL002740,2026-07-23,FAC-160,0.25
GR07294,GRL007294,PO01676,POL001676,2026-03-15,OFF-019,75.0
GR07295,GRL007295,PO04603,POL004603,2026-06-14,PRO-025,7.5
GR07296,GRL007296,PO03013,POL003013,2026-02-14,OFF-156,37.5
GR07297,GRL007297,PO00335,POL000335,2026-04-28,UTI-052,15.0
GR07298,GRL007298,PO04927,POL004927,2026-02-08,OFF-089,375.0
GR07299,GRL007299,PO00530,POL000530,2026-06-18,UTI-073,2.5
GR07300,GRL007300,PO04725,POL004725,2026-03-30,PRO-116,187.5
GR07301,GRL007301,PO03376,POL003376,2026-08-04,LOG-143,15.0
GR07302,GRL007302,PO02382,POL002382,2026-07-22,UTI-129,1.0
GR07303,GRL007303,PO03802,POL003802,2026-07-04,PRO-047,1.0
GR07304,GRL007304,PO00173,POL000173,2026-08-18,IT -053,37.5
GR07305,GRL007305,PO01505,POL001505,2026-05-03,PRO-067,375.0
GR07306,GRL007306,PO00565,POL000565,2026-07-02,MAN-149,25.0
GR07307,GRL007307,PO00545,POL000545,2026-06-03,IT -060,2.5
GR07308,GRL007308,PO02910,POL002910,2026-06-12,FAC-003,10.0
GR07309,GRL007309,PO02626,POL002626,2026-02-21,OFF-130,0.25
GR07310,GRL007310,PO04439,POL004439,2026-07-20,IT -146,0.25
GR07311,GRL007311,PO01452,POL001452,2026-04-10,MAN-042,25.0
GR07312,GRL007312,PO04230,POL004230,2026-03-02,OFF-145,12.5
GR07313,GRL007313,PO02365,POL002365,2026-06-04,OFF-055,15.0
GR07314,GRL007314,PO00565,POL000565,2026-07-21,MAN-149,50.0
GR07315,GRL007315,PO00590,POL000590,2026-05-03,OFF-099,187.5
GR07316,GRL007316,PO01478,POL001478,2026-07-23,OFF-059,1.0
GR07317,GRL007317,PO01173,POL001173,2026-02-19,UTI-121,187.5
GR07318,GRL007318,PO02655,POL002655,2026-04-06,IT -068,25.0
GR07319,GRL007319,PO04898,POL004898,2026-02-17,OFF-023,125.0
GR07320,GRL007320,PO01288,POL001288,2026-05-20,FAC-113,125.0
GR07321,GRL007321,PO03303,POL003303,2026-06-23,LOG-041,0.75
GR07322,GRL007322,PO02095,POL002095,2026-04-20,PRO-155,10.0
GR07323,GRL007323,PO03370,POL003370,2026-08-31,IT -071,0.75
GR07324,GRL007324,PO00324,POL000324,2026-07-20,UTI-021,5.0
GR07325,GRL007325,PO00482,POL000482,2026-04-18,PRO-028,7.5
GR07326,GRL007326,PO02230,POL002230,2026-06-01,PRO-131,7.5
GR07327,GRL007327,PO03719,POL003719,2026-05-29,FAC-115,25.0
GR07328,GRL007328,PO03511,POL003511,2026-04-02,FAC-008,250.0
GR07329,GRL007329,PO04037,POL004037,2026-06-17,UTI-052,50.0
GR07330,GRL007330,PO01252,POL001252,2026-04-13,PRO-013,187.5
GR07331,GRL007331,PO02044,POL002044,2026-03-13,MAN-017,62.5
GR07332,GRL007332,PO02450,POL002450,2026-05-21,UTI-047,187.5
GR07333,GRL007333,PO02734,POL002734,2026-07-27,MAR-107,125.0
GR07334,GRL007334,PO00736,POL000736,2026-08-15,OFF-135,1.0
GR07335,GRL007335,PO01845,POL001845,2026-01-31,MAR-069,125.0
GR07336,GRL007336,PO04393,POL004393,2026-08-30,PRO-031,250.0
GR07337,GRL007337,PO04104,POL004104,2026-04-29,IT -137,10.0
GR07338,GRL007338,PO04071,POL004071,2026-05-17,MAR-090,2.5
GR07339,GRL007339,PO01579,POL001579,2026-01-19,LOG-119,0.5
GR07340,GRL007340,PO02187,POL002187,2026-05-03,PRO-080,1.0
GR07341,GRL007341,PO00565,POL000565,2026-06-28,MAN-149,75.0
GR07342,GRL007342,PO01848,POL001848,2026-02-16,FAC-114,3.75
GR07343,GRL007343,PO04228,POL004228,2026-04-08,MAR-074,37.5
GR07344,GRL007344,PO02203,POL002203,2026-02-28,PRO-106,1.5
GR07345,GRL007345,PO01854,POL001854,2026-02-22,LOG-015,25.0
GR07346,GRL007346,PO01941,POL001941,2026-03-20,OFF-112,37.5
GR07347,GRL007347,PO00909,POL000909,2026-05-05,UTI-091,1.25
GR07348,GRL007348,PO02810,POL002810,2026-02-10,OFF-123,5.0
GR07349,GRL007349,PO03240,POL003240,2026-07-08,IT -141,250.0
GR07350,GRL007350,PO01960,POL001960,2026-06-22,MAR-088,37.5
GR07351,GRL007351,PO03337,POL003337,2026-06-01,UTI-144,125.0
GR07352,GRL007352,PO04716,POL004716,2026-05-04,LOG-107,15.0
GR07353,GRL007353,PO03032,POL003032,2026-07-25,UTI-140,5.0
GR07354,GRL007354,PO02348,POL002348,2026-05-30,OFF-122,3.75
GR07355,GRL007355,PO04901,POL004901,2026-04-26,MAR-078,10.0
GR07356,GRL007356,PO02004,POL002004,2026-08-24,PRO-002,25.0
GR07357,GRL007357,PO03492,POL003492,2026-02-28,MAR-121,25.0
GR07358,GRL007358,PO03873,POL003873,2026-04-26,PRO-083,2.5
GR07359,GRL007359,PO03085,POL003085,2026-05-29,IT -137,1.0
GR07360,GRL007360,PO02421,POL002421,2026-07-24,MAR-094,5.0
GR07361,GRL007361,PO01855,POL001855,2026-02-24,OFF-022,50.0
GR07362,GRL007362,PO02971,POL002971,2026-03-06,MAR-038,0.25
GR07363,GRL007363,PO02147,POL002147,2026-06-30,IT -054,125.0
GR07364,GRL007364,PO03962,POL003962,2026-02-15,OFF-090,375.0
GR07365,GRL007365,PO01885,POL001885,2026-08-27,MAN-146,2.5
GR07366,GRL007366,PO00815,POL000815,2026-08-17,OFF-008,5.0
GR07367,GRL007367,PO01044,POL001044,2026-04-06,FAC-112,12.5
GR07368,GRL007368,PO03384,POL003384,2026-05-26,IT -070,5.0
GR07369,GRL007369,PO00002,POL000002,2026-06-02,OFF-045,2.5
GR07370,GRL007370,PO03883,POL003883,2026-06-12,IT -074,50.0
GR07371,GRL007371,PO03038,POL003038,2026-04-25,LOG-009,0.5
GR07372,GRL007372,PO00976,POL000976,2026-01-31,MAR-123,0.5
GR07373,GRL007373,PO01612,POL001612,2026-07-06,FAC-067,62.5
GR07374,GRL007374,PO03204,POL003204,2026-04-18,PRO-072,75.0
GR07375,GRL007375,PO04363,POL004363,2026-06-15,PRO-016,125.0
GR07376,GRL007376,PO04853,POL004853,2026-05-30,IT -132,125.0
GR07377,GRL007377,PO00145,POL000145,2026-06-27,FAC-145,187.5
GR07378,GRL007378,PO00672,POL000672,2026-03-19,MAN-159,7.5
GR07379,GRL007379,PO04055,POL004055,2026-03-10,MAR-006,7.5
GR07380,GRL007380,PO03549,POL003549,2026-04-08,LOG-135,5.0
GR07381,GRL007381,PO04984,POL004984,2026-03-14,UTI-103,375.0
GR07382,GRL007382,PO00509,POL000509,2026-03-25,UTI-142,5.0
GR07383,GRL007383,PO04751,POL004751,2026-01-22,OFF-145,2.5
GR07384,GRL007384,PO04927,POL004927,2026-02-20,OFF-089,250.0
GR07385,GRL007385,PO02459,POL002459,2026-07-22,IT -094,375.0
GR07386,GRL007386,PO00041,POL000041,2026-07-02,OFF-084,0.75
GR07387,GRL007387,PO02217,POL002217,2026-05-21,UTI-158,2.5
GR07388,GRL007388,PO00496,POL000496,2026-03-16,LOG-038,375.0
GR07389,GRL007389,PO00345,POL000345,2026-03-31,MAR-026,25.0
GR07390,GRL007390,PO02485,POL002485,2026-02-13,IT -034,62.5
GR07391,GRL007391,PO00448,POL000448,2026-07-22,MAN-067,37.5
GR07392,GRL007392,PO05000,POL005000,2026-06-02,MAR-113,15.0
GR07393,GRL007393,PO00278,POL000278,2026-05-24,UTI-049,0.5
GR07394,GRL007394,PO03271,POL003271,2026-03-09,PRO-030,37.5
GR07395,GRL007395,PO03438,POL003438,2026-03-07,IT -147,2.5
GR07396,GRL007396,PO04141,POL004141,2026-01-27,MAN-033,187.5
GR07397,GRL007397,PO00854,POL000854,2026-08-13,MAN-088,0.5
GR07398,GRL007398,PO04366,POL004366,2026-02-27,OFF-104,75.0
GR07399,GRL007399,PO01004,POL001004,2026-04-01,LOG-015,250.0
GR07400,GRL007400,PO02566,POL002566,2026-03-08,MAR-144,37.5
GR07401,GRL007401,PO04914,POL004914,2026-03-25,UTI-085,2.5
GR07402,GRL007402,PO02339,POL002339,2026-02-06,LOG-105,125.0
GR07403,GRL007403,PO00002,POL000002,2026-07-16,OFF-045,2.5
GR07404,GRL007404,PO00692,POL000692,2026-04-09,OFF-079,0.5
GR07405,GRL007405,PO02660,POL002660,2026-06-27,IT -037,0.5
GR07406,GRL007406,PO02724,POL002724,2026-07-09,IT -090,0.5
GR07407,GRL007407,PO01017,POL001017,2026-06-19,MAN-103,2.5
GR07408,GRL007408,PO02156,POL002156,2026-09-12,IT -157,75.0
GR07409,GRL007409,PO03129,POL003129,2026-02-01,IT -069,10.0
GR07410,GRL007410,PO02487,POL002487,2026-06-25,MAR-112,0.5
GR07411,GRL007411,PO00919,POL000919,2026-04-16,MAN-100,0.5
GR07412,GRL007412,PO01384,POL001384,2026-05-02,LOG-149,37.5
GR07413,GRL007413,PO04134,POL004134,2026-03-31,FAC-134,37.5
GR07414,GRL007414,PO02546,POL002546,2026-07-05,IT -036,250.0
GR07415,GRL007415,PO00864,POL000864,2026-07-05,UTI-082,50.0
GR07416,GRL007416,PO02167,POL002167,2026-05-18,FAC-082,3.75
GR07417,GRL007417,PO04834,POL004834,2026-02-14,FAC-007,187.5
GR07418,GRL007418,PO04466,POL004466,2026-06-02,OFF-154,75.0
GR07419,GRL007419,PO00512,POL000512,2026-07-24,MAN-105,50.0
GR07420,GRL007420,PO00453,POL000453,2026-07-05,MAN-124,125.0
GR07421,GRL007421,PO03638,POL003638,2026-01-24,IT -088,1.25
GR07422,GRL007422,PO02125,POL002125,2026-01-30,UTI-003,0.75
GR07423,GRL007423,PO01459,POL001459,2026-03-29,LOG-006,2.5
GR07424,GRL007424,PO03054,POL003054,2026-06-27,IT -160,0.5
GR07425,GRL007425,PO02150,POL002150,2026-03-29,OFF-130,0.75
GR07426,GRL007426,PO03716,POL003716,2026-05-01,IT -118,5.0
GR07427,GRL007427,PO00803,POL000803,2026-09-07,MAR-053,25.0
GR07428,GRL007428,PO00744,POL000744,2026-07-29,MAN-121,2.5
GR07429,GRL007429,PO03981,POL003981,2026-03-19,OFF-019,10.0
GR07430,GRL007430,PO01988,POL001988,2026-04-24,FAC-046,25.0
GR07431,GRL007431,PO02806,POL002806,2026-03-24,MAN-083,2.5
GR07432,GRL007432,PO01356,POL001356,2026-03-28,LOG-015,37.5
GR07433,GRL007433,PO02346,POL002346,2026-06-19,UTI-077,75.0
GR07434,GRL007434,PO03184,POL003184,2026-05-26,FAC-113,1.25
GR07435,GRL007435,PO00095,POL000095,2026-05-24,LOG-110,1.25
GR07436,GRL007436,PO03631,POL003631,2026-07-04,PRO-106,25.0
GR07437,GRL007437,PO00552,POL000552,2026-06-11,MAN-152,37.5
GR07438,GRL007438,PO02991,POL002991,2026-06-14,IT -015,75.0
GR07439,GRL007439,PO01164,POL001164,2026-03-08,PRO-070,0.75
GR07440,GRL007440,PO00205,POL000205,2026-06-19,IT -035,50.0
GR07441,GRL007441,PO01319,POL001319,2026-03-11,PRO-021,62.5
GR07442,GRL007442,PO00609,POL000609,2026-05-04,LOG-090,37.5
GR07443,GRL007443,PO01965,POL001965,2026-02-27,OFF-133,0.5
GR07444,GRL007444,PO03491,POL003491,2026-07-30,IT -089,2.5
GR07445,GRL007445,PO00785,POL000785,2026-06-16,MAR-039,12.5
GR07446,GRL007446,PO01676,POL001676,2026-02-13,OFF-019,50.0
GR07447,GRL007447,PO03652,POL003652,2026-06-26,FAC-144,1.5
GR07448,GRL007448,PO04525,POL004525,2026-03-15,FAC-104,2.5
GR07449,GRL007449,PO00997,POL000997,2026-07-12,PRO-067,0.25
GR07450,GRL007450,PO01588,POL001588,2026-02-03,PRO-108,10.0
GR07451,GRL007451,PO02686,POL002686,2026-05-15,PRO-068,37.5
GR07452,GRL007452,PO00394,POL000394,2026-08-21,IT -002,12.5
GR07453,GRL007453,PO01437,POL001437,2026-05-21,OFF-137,10.0
GR07454,GRL007454,PO01099,POL001099,2026-02-09,PRO-128,250.0
GR07455,GRL007455,PO04322,POL004322,2026-07-09,FAC-133,0.75
GR07456,GRL007456,PO00102,POL000102,2026-05-01,PRO-068,2.5
GR07457,GRL007457,PO00270,POL000270,2026-09-10,MAR-110,12.5
GR07458,GRL007458,PO02008,POL002008,2026-05-18,PRO-152,2.5
GR07459,GRL007459,PO03723,POL003723,2026-04-11,LOG-111,10.0
GR07460,GRL007460,PO00206,POL000206,2026-02-04,FAC-073,75.0
GR07461,GRL007461,PO00597,POL000597,2026-07-22,MAR-068,25.0
GR07462,GRL007462,PO04731,POL004731,2026-08-24,IT -159,250.0
GR07463,GRL007463,PO01727,POL001727,2026-08-08,MAN-133,3.75
GR07464,GRL007464,PO04509,POL004509,2026-05-11,IT -035,25.0
GR07465,GRL007465,PO04763,POL004763,2026-04-04,MAN-066,10.0
GR07466,GRL007466,PO04068,POL004068,2026-03-06,FAC-113,12.5
GR07467,GRL007467,PO00708,POL000708,2026-08-13,FAC-123,10.0
GR07468,GRL007468,PO02005,POL002005,2026-06-17,UTI-099,0.5
GR07469,GRL007469,PO03282,POL003282,2026-06-17,OFF-048,1.25
GR07470,GRL007470,PO04409,POL004409,2026-04-30,PRO-118,0.5
GR07471,GRL007471,PO03684,POL003684,2026-02-01,PRO-066,125.0
GR07472,GRL007472,PO01993,POL001993,2026-06-02,IT -048,187.5
GR07473,GRL007473,PO03469,POL003469,2026-06-18,MAR-038,75.0
GR07474,GRL007474,PO01595,POL001595,2026-07-15,FAC-043,3.75
GR07475,GRL007475,PO03474,POL003474,2026-05-13,FAC-080,10.0
GR07476,GRL007476,PO03664,POL003664,2026-04-11,MAR-009,5.0
GR07477,GRL007477,PO01121,POL001121,2026-06-22,OFF-087,0.75
GR07478,GRL007478,PO01468,POL001468,2026-08-03,IT -080,125.0
GR07479,GRL007479,PO00551,POL000551,2026-05-04,MAN-145,0.25
GR07480,GRL007480,PO02308,POL002308,2026-01-21,UTI-132,7.5
GR07481,GRL007481,PO03794,POL003794,2026-03-09,PRO-027,0.25
GR07482,GRL007482,PO04581,POL004581,2026-03-13,OFF-150,1.25
GR07483,GRL007483,PO03050,POL003050,2026-05-20,LOG-063,0.75
GR07484,GRL007484,PO00977,POL000977,2026-04-14,LOG-054,5.0
GR07485,GRL007485,PO04535,POL004535,2026-03-01,UTI-005,25.0
GR07486,GRL007486,PO01882,POL001882,2026-07-03,IT -014,125.0
GR07487,GRL007487,PO04867,POL004867,2026-04-09,FAC-003,25.0
GR07488,GRL007488,PO04149,POL004149,2026-04-06,PRO-111,75.0
GR07489,GRL007489,PO04667,POL004667,2026-08-04,MAN-133,2.5
GR07490,GRL007490,PO00968,POL000968,2026-08-07,IT -132,37.5
GR07491,GRL007491,PO02002,POL002002,2026-06-07,MAN-044,50.0
GR07492,GRL007492,PO04633,POL004633,2026-03-22,OFF-077,375.0
GR07493,GRL007493,PO04336,POL004336,2026-02-21,LOG-135,125.0
GR07494,GRL007494,PO02136,POL002136,2026-05-29,UTI-023,25.0
GR07495,GRL007495,PO01900,POL001900,2026-05-18,MAN-105,1.25
GR07496,GRL007496,PO02272,POL002272,2026-07-20,IT -019,7.5
GR07497,GRL007497,PO03863,POL003863,2026-05-21,UTI-135,37.5
GR07498,GRL007498,PO00098,POL000098,2026-07-15,PRO-049,25.0
GR07499,GRL007499,PO04711,POL004711,2026-06-04,MAR-106,187.5
GR07500,GRL007500,PO02778,POL002778,2026-06-13,IT -144,375.0
GR07501,GRL007501,PO01659,POL001659,2026-03-21,MAR-076,187.5
GR07502,GRL007502,PO01876,POL001876,2026-05-07,LOG-147,2.5
GR07503,GRL007503,PO00241,POL000241,2026-02-16,MAR-133,2.5
GR07504,GRL007504,PO01795,POL001795,2026-06-17,FAC-150,2.5
GR07505,GRL007505,PO01397,POL001397,2026-06-26,UTI-055,75.0
GR07506,GRL007506,PO01125,POL001125,2026-07-19,UTI-130,12.5
GR07507,GRL007507,PO03536,POL003536,2026-07-03,MAN-075,5.0
GR07508,GRL007508,PO04148,POL004148,2026-08-27,PRO-028,3.75
GR07509,GRL007509,PO04697,POL004697,2026-05-13,IT -062,25.0
GR07510,GRL007510,PO02360,POL002360,2026-02-18,OFF-030,375.0
GR07511,GRL007511,PO00301,POL000301,2026-05-30,MAN-031,125.0
GR07512,GRL007512,PO03037,POL003037,2026-03-20,LOG-021,250.0
GR07513,GRL007513,PO02525,POL002525,2026-03-10,LOG-136,0.25
GR07514,GRL007514,PO03117,POL003117,2026-05-22,PRO-155,25.0
GR07515,GRL007515,PO02583,POL002583,2026-03-06,MAR-070,50.0
GR07516,GRL007516,PO02122,POL002122,2026-05-29,MAN-119,3.75
GR07517,GRL007517,PO01226,POL001226,2026-07-23,PRO-132,375.0
GR07518,GRL007518,PO01578,POL001578,2026-05-16,MAR-022,10.0
GR07519,GRL007519,PO01173,POL001173,2026-01-25,UTI-121,62.5
GR07520,GRL007520,PO00873,POL000873,2026-01-20,LOG-149,125.0
GR07521,GRL007521,PO02382,POL002382,2026-08-25,UTI-129,1.0
GR07522,GRL007522,PO02975,POL002975,2026-08-11,LOG-003,50.0
GR07523,GRL007523,PO02925,POL002925,2026-08-04,LOG-056,1.25
GR07524,GRL007524,PO01438,POL001438,2026-03-03,MAN-099,25.0
GR07525,GRL007525,PO01743,POL001743,2026-04-07,IT -085,25.0
GR07526,GRL007526,PO04681,POL004681,2026-05-26,LOG-064,5.0
GR07527,GRL007527,PO01652,POL001652,2026-06-21,LOG-079,0.5
GR07528,GRL007528,PO00409,POL000409,2026-02-21,FAC-127,5.0
GR07529,GRL007529,PO01935,POL001935,2026-01-26,UTI-079,5.0
GR07530,GRL007530,PO03996,POL003996,2026-05-10,PRO-135,250.0
GR07531,GRL007531,PO03308,POL003308,2026-08-01,FAC-040,7.5
GR07532,GRL007532,PO04300,POL004300,2026-06-22,FAC-071,75.0
GR07533,GRL007533,PO03010,POL003010,2026-07-15,FAC-076,1.0
GR07534,GRL007534,PO02788,POL002788,2026-08-17,LOG-061,125.0
GR07535,GRL007535,PO00556,POL000556,2026-05-30,MAR-054,250.0
GR07536,GRL007536,PO04347,POL004347,2026-06-27,OFF-111,1.25
GR07537,GRL007537,PO03513,POL003513,2026-07-30,FAC-039,15.0
GR07538,GRL007538,PO04377,POL004377,2026-02-14,PRO-112,3.75
GR07539,GRL007539,PO03805,POL003805,2026-05-22,LOG-047,25.0
GR07540,GRL007540,PO01109,POL001109,2026-02-10,UTI-012,0.5
GR07541,GRL007541,PO04291,POL004291,2026-02-08,UTI-045,3.75
GR07542,GRL007542,PO04590,POL004590,2026-05-01,LOG-140,7.5
GR07543,GRL007543,PO01989,POL001989,2026-06-18,MAR-028,1.0
GR07544,GRL007544,PO01176,POL001176,2026-07-04,IT -052,10.0
GR07545,GRL007545,PO04119,POL004119,2026-05-07,LOG-087,0.5
GR07546,GRL007546,PO02403,POL002403,2026-01-27,MAR-132,1.0
GR07547,GRL007547,PO03076,POL003076,2026-07-22,PRO-088,75.0
GR07548,GRL007548,PO03309,POL003309,2026-05-16,LOG-137,25.0
GR07549,GRL007549,PO03839,POL003839,2026-02-13,LOG-035,125.0
GR07550,GRL007550,PO00532,POL000532,2026-07-20,IT -023,187.5
GR07551,GRL007551,PO00216,POL000216,2026-04-04,OFF-107,0.25
GR07552,GRL007552,PO02447,POL002447,2026-06-01,IT -073,12.5
GR07553,GRL007553,PO04277,POL004277,2026-02-13,PRO-077,25.0
GR07554,GRL007554,PO04991,POL004991,2026-08-06,FAC-020,0.25
GR07555,GRL007555,PO01132,POL001132,2026-04-28,MAN-014,1.0
GR07556,GRL007556,PO04716,POL004716,2026-04-01,LOG-107,10.0
GR07557,GRL007557,PO01864,POL001864,2026-06-16,MAN-040,0.5
GR07558,GRL007558,PO03662,POL003662,2026-06-04,PRO-147,3.75
GR07559,GRL007559,PO01502,POL001502,2026-06-28,IT -133,50.0
GR07560,GRL007560,PO01965,POL001965,2026-03-12,OFF-133,0.25
GR07561,GRL007561,PO03763,POL003763,2026-05-02,MAN-155,375.0
GR07562,GRL007562,PO01180,POL001180,2026-07-13,MAR-024,7.5
GR07563,GRL007563,PO02660,POL002660,2026-07-01,IT -037,0.5
GR07564,GRL007564,PO00874,POL000874,2026-02-28,MAN-137,75.0
GR07565,GRL007565,PO02961,POL002961,2026-06-27,LOG-063,25.0
GR07566,GRL007566,PO02919,POL002919,2026-06-29,MAR-075,15.0
GR07567,GRL007567,PO00574,POL000574,2026-04-12,PRO-135,375.0
GR07568,GRL007568,PO01920,POL001920,2026-01-17,IT -131,1.0
GR07569,GRL007569,PO02173,POL002173,2026-04-10,MAR-129,62.5
GR07570,GRL007570,PO02367,POL002367,2026-03-25,OFF-043,5.0
GR07571,GRL007571,PO04769,POL004769,2026-07-09,FAC-020,75.0
GR07572,GRL007572,PO03808,POL003808,2026-02-17,MAN-029,37.5
GR07573,GRL007573,PO04683,POL004683,2026-03-25,IT -045,1.25
GR07574,GRL007574,PO01484,POL001484,2026-04-05,PRO-020,25.0
GR07575,GRL007575,PO02432,POL002432,2026-08-04,LOG-052,25.0
GR07576,GRL007576,PO01060,POL001060,2026-08-25,FAC-106,5.0
GR07577,GRL007577,PO01912,POL001912,2026-07-11,UTI-041,0.5
GR07578,GRL007578,PO00409,POL000409,2026-02-22,FAC-127,15.0
GR07579,GRL007579,PO01327,POL001327,2026-06-20,PRO-043,375.0
GR07580,GRL007580,PO00061,POL000061,2026-07-23,UTI-009,0.5
GR07581,GRL007581,PO02827,POL002827,2026-03-07,MAR-140,62.5
GR07582,GRL007582,PO01964,POL001964,2026-04-16,OFF-033,187.5
GR07583,GRL007583,PO03229,POL003229,2026-03-28,MAR-108,50.0
GR07584,GRL007584,PO03869,POL003869,2026-03-02,IT -146,5.0
GR07585,GRL007585,PO01135,POL001135,2026-08-16,PRO-147,2.5
GR07586,GRL007586,PO03294,POL003294,2026-02-20,UTI-025,0.5
GR07587,GRL007587,PO03789,POL003789,2026-03-30,FAC-126,10.0
GR07588,GRL007588,PO02181,POL002181,2026-03-01,UTI-006,15.0
GR07589,GRL007589,PO02657,POL002657,2026-06-25,MAN-088,0.75
GR07590,GRL007590,PO02383,POL002383,2026-03-11,UTI-141,1.0
GR07591,GRL007591,PO01393,POL001393,2026-06-13,MAR-132,7.5
GR07592,GRL007592,PO02237,POL002237,2026-05-22,IT -082,125.0
GR07593,GRL007593,PO01102,POL001102,2026-03-02,OFF-044,62.5
GR07594,GRL007594,PO01815,POL001815,2026-04-17,OFF-136,37.5
GR07595,GRL007595,PO03589,POL003589,2026-01-27,UTI-137,5.0
GR07596,GRL007596,PO04423,POL004423,2026-04-13,MAR-084,1.0
GR07597,GRL007597,PO04211,POL004211,2026-09-08,IT -049,25.0
GR07598,GRL007598,PO03077,POL003077,2026-07-13,UTI-122,1.0
GR07599,GRL007599,PO01743,POL001743,2026-03-30,IT -085,25.0
GR07600,GRL007600,PO00194,POL000194,2026-02-28,IT -094,1.5
GR07601,GRL007601,PO00200,POL000200,2026-05-05,OFF-018,125.0
GR07602,GRL007602,PO01330,POL001330,2026-02-22,MAN-095,1.25
GR07603,GRL007603,PO02497,POL002497,2026-07-17,LOG-046,5.0
GR07604,GRL007604,PO02469,POL002469,2026-07-15,LOG-034,1.5
GR07605,GRL007605,PO02676,POL002676,2026-07-29,FAC-009,37.5
GR07606,GRL007606,PO02945,POL002945,2026-04-29,PRO-007,7.5
GR07607,GRL007607,PO02869,POL002869,2026-07-28,FAC-016,1.5
GR07608,GRL007608,PO01278,POL001278,2026-06-27,FAC-051,5.0
GR07609,GRL007609,PO03669,POL003669,2026-08-20,IT -025,75.0
GR07610,GRL007610,PO04836,POL004836,2026-02-06,PRO-031,25.0
GR07611,GRL007611,PO00247,POL000247,2026-02-15,IT -062,15.0
GR07612,GRL007612,PO01702,POL001702,2026-05-29,OFF-134,0.5
GR07613,GRL007613,PO03874,POL003874,2026-03-07,UTI-131,15.0
GR07614,GRL007614,PO03555,POL003555,2026-03-13,LOG-034,1.25
GR07615,GRL007615,PO02173,POL002173,2026-04-10,MAR-129,62.5
GR07616,GRL007616,PO01039,POL001039,2026-05-25,PRO-004,1.0
GR07617,GRL007617,PO02828,POL002828,2026-09-08,OFF-098,75.0
GR07618,GRL007618,PO03207,POL003207,2026-07-09,UTI-112,3.75
GR07619,GRL007619,PO00562,POL000562,2026-05-03,PRO-085,5.0
GR07620,GRL007620,PO01477,POL001477,2026-05-02,MAR-137,62.5
GR07621,GRL007621,PO01088,POL001088,2026-03-15,IT -042,125.0
GR07622,GRL007622,PO03886,POL003886,2026-02-05,UTI-093,375.0
GR07623,GRL007623,PO02444,POL002444,2026-07-28,OFF-050,2.5
GR07624,GRL007624,PO04161,POL004161,2026-02-07,PRO-129,0.75
GR07625,GRL007625,PO03679,POL003679,2026-03-22,IT -109,0.5
GR07626,GRL007626,PO02999,POL002999,2026-03-27,OFF-146,2.5
GR07627,GRL007627,PO02513,POL002513,2026-08-10,LOG-056,187.5
GR07628,GRL007628,PO01262,POL001262,2026-05-02,OFF-045,62.5
GR07629,GRL007629,PO03956,POL003956,2026-09-09,MAR-137,75.0
GR07630,GRL007630,PO03061,POL003061,2026-03-04,LOG-063,2.5
GR07631,GRL007631,PO00322,POL000322,2026-05-01,IT -151,3.75
GR07632,GRL007632,PO04491,POL004491,2026-03-19,MAN-065,25.0
GR07633,GRL007633,PO02038,POL002038,2026-05-15,MAR-090,25.0
GR07634,GRL007634,PO01993,POL001993,2026-07-26,IT -048,125.0
GR07635,GRL007635,PO01004,POL001004,2026-02-23,LOG-015,125.0
GR07636,GRL007636,PO00660,POL000660,2026-06-11,MAR-083,375.0
GR07637,GRL007637,PO00601,POL000601,2026-03-28,OFF-158,2.5
GR07638,GRL007638,PO04044,POL004044,2026-02-09,OFF-086,125.0
GR07639,GRL007639,PO01652,POL001652,2026-06-18,LOG-079,0.5
GR07640,GRL007640,PO01851,POL001851,2026-02-25,IT -028,0.25
GR07641,GRL007641,PO01724,POL001724,2026-03-01,LOG-008,25.0
GR07642,GRL007642,PO04115,POL004115,2026-03-12,MAN-056,50.0
GR07643,GRL007643,PO01566,POL001566,2026-05-06,FAC-090,15.0
GR07644,GRL007644,PO03552,POL003552,2026-05-22,OFF-152,2.5
GR07645,GRL007645,PO01424,POL001424,2026-05-25,FAC-110,10.0
GR07646,GRL007646,PO03614,POL003614,2026-06-22,LOG-043,1.5
GR07647,GRL007647,PO03066,POL003066,2026-07-20,UTI-157,0.5
GR07648,GRL007648,PO02018,POL002018,2026-04-22,MAR-106,12.5
GR07649,GRL007649,PO04911,POL004911,2026-02-26,FAC-124,2.5
GR07650,GRL007650,PO03089,POL003089,2026-05-16,LOG-153,12.5
GR07651,GRL007651,PO00291,POL000291,2026-05-16,IT -010,2.5
GR07652,GRL007652,PO01083,POL001083,2026-06-18,UTI-132,12.5
GR07653,GRL007653,PO01576,POL001576,2026-08-27,FAC-032,0.75
GR07654,GRL007654,PO03582,POL003582,2026-04-06,LOG-028,50.0
GR07655,GRL007655,PO02712,POL002712,2026-09-13,UTI-158,1.5
GR07656,GRL007656,PO02633,POL002633,2026-07-01,PRO-016,0.5
GR07657,GRL007657,PO04865,POL004865,2026-05-30,MAR-049,5.0
GR07658,GRL007658,PO01191,POL001191,2026-07-16,LOG-138,0.5
GR07659,GRL007659,PO03193,POL003193,2026-05-26,FAC-082,1.5
GR07660,GRL007660,PO03871,POL003871,2026-06-25,UTI-072,25.0
GR07661,GRL007661,PO03029,POL003029,2026-03-23,PRO-038,187.5
GR07662,GRL007662,PO04336,POL004336,2026-03-04,LOG-135,62.5
GR07663,GRL007663,PO04465,POL004465,2026-04-05,PRO-098,375.0
GR07664,GRL007664,PO03817,POL003817,2026-06-11,UTI-076,0.25
GR07665,GRL007665,PO00642,POL000642,2026-06-22,LOG-133,75.0
GR07666,GRL007666,PO04192,POL004192,2026-04-24,MAR-102,5.0
GR07667,GRL007667,PO03848,POL003848,2026-01-17,PRO-126,3.75
GR07668,GRL007668,PO04708,POL004708,2026-06-22,UTI-052,0.25
GR07669,GRL007669,PO03196,POL003196,2026-07-12,UTI-087,2.5
GR07670,GRL007670,PO02355,POL002355,2026-07-23,IT -057,3.75
GR07671,GRL007671,PO04909,POL004909,2026-07-11,MAR-143,1.5
GR07672,GRL007672,PO03491,POL003491,2026-08-08,IT -089,3.75
GR07673,GRL007673,PO00920,POL000920,2026-06-17,MAN-030,1.25
GR07674,GRL007674,PO01655,POL001655,2026-03-30,IT -023,75.0
GR07675,GRL007675,PO01839,POL001839,2026-05-08,LOG-046,37.5
GR07676,GRL007676,PO03624,POL003624,2026-02-27,IT -083,15.0
GR07677,GRL007677,PO01005,POL001005,2026-07-25,OFF-041,0.25
GR07678,GRL007678,PO02192,POL002192,2026-01-24,PRO-159,12.5
GR07679,GRL007679,PO00464,POL000464,2026-07-24,LOG-095,1.25
GR07680,GRL007680,PO00839,POL000839,2026-04-01,OFF-026,125.0
GR07681,GRL007681,PO00764,POL000764,2026-07-26,FAC-003,2.5
GR07682,GRL007682,PO02065,POL002065,2026-05-24,MAR-073,62.5
GR07683,GRL007683,PO04340,POL004340,2026-03-04,IT -054,12.5
GR07684,GRL007684,PO03329,POL003329,2026-02-03,PRO-045,75.0
GR07685,GRL007685,PO04032,POL004032,2026-07-17,PRO-066,0.5
GR07686,GRL007686,PO03368,POL003368,2026-06-06,PRO-036,37.5
GR07687,GRL007687,PO04797,POL004797,2026-06-03,IT -072,25.0
GR07688,GRL007688,PO00221,POL000221,2026-02-09,MAN-160,0.75
GR07689,GRL007689,PO03603,POL003603,2026-05-09,PRO-067,1.0
GR07690,GRL007690,PO03437,POL003437,2026-06-18,UTI-151,187.5
GR07691,GRL007691,PO04646,POL004646,2026-03-30,FAC-082,2.5
GR07692,GRL007692,PO03309,POL003309,2026-05-09,LOG-137,25.0
GR07693,GRL007693,PO00446,POL000446,2026-05-25,FAC-103,375.0
GR07694,GRL007694,PO00829,POL000829,2026-01-20,OFF-051,2.5
GR07695,GRL007695,PO00313,POL000313,2026-02-11,OFF-154,25.0
GR07696,GRL007696,PO04135,POL004135,2026-05-30,PRO-114,25.0
GR07697,GRL007697,PO01096,POL001096,2026-05-24,MAR-059,62.5
GR07698,GRL007698,PO00713,POL000713,2026-05-26,FAC-046,2.5
GR07699,GRL007699,PO00020,POL000020,2026-03-08,LOG-097,375.0
GR07700,GRL007700,PO00603,POL000603,2026-06-04,UTI-078,1.25
GR07701,GRL007701,PO04588,POL004588,2026-03-28,UTI-082,187.5
GR07702,GRL007702,PO01784,POL001784,2026-02-07,IT -140,250.0
GR07703,GRL007703,PO02196,POL002196,2026-05-24,PRO-074,7.5
GR07704,GRL007704,PO04312,POL004312,2026-08-02,UTI-007,1.0
GR07705,GRL007705,PO03358,POL003358,2026-07-12,PRO-018,15.0
GR07706,GRL007706,PO01731,POL001731,2026-05-11,IT -120,1.5
GR07707,GRL007707,PO04098,POL004098,2026-04-29,PRO-130,375.0
GR07708,GRL007708,PO03966,POL003966,2026-06-30,OFF-113,1.25
GR07709,GRL007709,PO02360,POL002360,2026-02-15,OFF-030,125.0
GR07710,GRL007710,PO04652,POL004652,2026-03-25,FAC-035,0.75
GR07711,GRL007711,PO02631,POL002631,2026-05-10,UTI-142,50.0
GR07712,GRL007712,PO00900,POL000900,2026-08-20,LOG-113,1.5
GR07713,GRL007713,PO00491,POL000491,2026-02-21,UTI-088,2.5
GR07714,GRL007714,PO00293,POL000293,2026-06-20,PRO-098,0.25
GR07715,GRL007715,PO02380,POL002380,2026-04-01,IT -007,50.0
GR07716,GRL007716,PO04786,POL004786,2026-06-13,IT -115,5.0
GR07717,GRL007717,PO04152,POL004152,2026-09-12,PRO-023,15.0
GR07718,GRL007718,PO02484,POL002484,2026-03-28,LOG-029,3.75
GR07719,GRL007719,PO04883,POL004883,2026-03-22,OFF-149,0.75
GR07720,GRL007720,PO01621,POL001621,2026-03-16,OFF-061,25.0
GR07721,GRL007721,PO00561,POL000561,2026-03-29,PRO-066,125.0
GR07722,GRL007722,PO02169,POL002169,2026-03-25,FAC-030,0.25
GR07723,GRL007723,PO01135,POL001135,2026-08-20,PRO-147,2.5
GR07724,GRL007724,PO01243,POL001243,2026-07-26,PRO-146,187.5
GR07725,GRL007725,PO02876,POL002876,2026-02-27,MAN-026,75.0
GR07726,GRL007726,PO02213,POL002213,2026-02-17,LOG-040,25.0
GR07727,GRL007727,PO04063,POL004063,2026-05-16,UTI-083,187.5
GR07728,GRL007728,PO01211,POL001211,2026-02-24,FAC-089,2.5
GR07729,GRL007729,PO00773,POL000773,2026-07-29,IT -127,50.0
GR07730,GRL007730,PO02696,POL002696,2026-04-16,OFF-071,125.0
GR07731,GRL007731,PO03448,POL003448,2026-05-12,IT -023,3.75
GR07732,GRL007732,PO00522,POL000522,2026-03-22,IT -054,1.0
GR07733,GRL007733,PO00202,POL000202,2026-07-10,OFF-027,15.0
GR07734,GRL007734,PO00467,POL000467,2026-08-20,FAC-156,50.0
GR07735,GRL007735,PO04929,POL004929,2026-04-11,PRO-140,1.5
GR07736,GRL007736,PO01811,POL001811,2026-07-04,MAR-130,187.5
GR07737,GRL007737,PO00680,POL000680,2026-03-20,MAR-084,187.5
GR07738,GRL007738,PO02806,POL002806,2026-04-11,MAN-083,2.5
GR07739,GRL007739,PO01874,POL001874,2026-05-27,PRO-127,10.0
GR07740,GRL007740,PO02489,POL002489,2026-03-06,MAN-085,0.5
GR07741,GRL007741,PO04022,POL004022,2026-04-11,UTI-076,37.5
GR07742,GRL007742,PO01846,POL001846,2026-05-13,PRO-053,125.0
GR07743,GRL007743,PO00635,POL000635,2026-05-20,PRO-117,1.25
GR07744,GRL007744,PO03841,POL003841,2026-07-09,IT -072,25.0
GR07745,GRL007745,PO03715,POL003715,2026-07-15,MAR-015,25.0
GR07746,GRL007746,PO01280,POL001280,2026-06-13,IT -141,0.25
GR07747,GRL007747,PO01868,POL001868,2026-08-22,MAR-056,0.5
GR07748,GRL007748,PO00210,POL000210,2026-06-24,IT -003,25.0
GR07749,GRL007749,PO02883,POL002883,2026-04-02,MAR-012,25.0
GR07750,GRL007750,PO00405,POL000405,2026-04-15,LOG-066,0.25
GR07751,GRL007751,PO04101,POL004101,2026-05-29,OFF-067,1.5
GR07752,GRL007752,PO03997,POL003997,2026-04-13,MAR-132,37.5
GR07753,GRL007753,PO02659,POL002659,2026-07-11,OFF-158,5.0
GR07754,GRL007754,PO02045,POL002045,2026-05-23,LOG-126,15.0
GR07755,GRL007755,PO01157,POL001157,2026-08-28,UTI-101,250.0
GR07756,GRL007756,PO00010,POL000010,2026-02-22,LOG-095,1.5
GR07757,GRL007757,PO03632,POL003632,2026-04-07,MAR-025,5.0
GR07758,GRL007758,PO00400,POL000400,2026-03-11,FAC-147,75.0
GR07759,GRL007759,PO00730,POL000730,2026-08-02,MAN-128,15.0
GR07760,GRL007760,PO01711,POL001711,2026-04-08,LOG-073,187.5
GR07761,GRL007761,PO02630,POL002630,2026-07-16,IT -086,0.25
GR07762,GRL007762,PO04316,POL004316,2026-04-02,LOG-140,15.0
GR07763,GRL007763,PO01558,POL001558,2026-02-26,LOG-097,0.5
GR07764,GRL007764,PO03215,POL003215,2026-04-23,LOG-140,1.25
GR07765,GRL007765,PO04656,POL004656,2026-04-28,MAR-148,50.0
GR07766,GRL007766,PO04193,POL004193,2026-02-10,MAR-039,75.0
GR07767,GRL007767,PO03660,POL003660,2026-06-14,IT -026,62.5
GR07768,GRL007768,PO00533,POL000533,2026-04-20,FAC-068,375.0
GR07769,GRL007769,PO03104,POL003104,2026-04-01,IT -007,2.5
GR07770,GRL007770,PO01942,POL001942,2026-07-17,IT -144,2.5
GR07771,GRL007771,PO02660,POL002660,2026-06-17,IT -037,1.5
GR07772,GRL007772,PO03212,POL003212,2026-08-23,LOG-104,5.0
GR07773,GRL007773,PO01145,POL001145,2026-05-09,FAC-035,0.5
GR07774,GRL007774,PO03815,POL003815,2026-08-13,FAC-067,15.0
GR07775,GRL007775,PO02020,POL002020,2026-02-26,MAN-110,5.0
GR07776,GRL007776,PO02991,POL002991,2026-06-12,IT -015,25.0
GR07777,GRL007777,PO00822,POL000822,2026-08-23,IT -065,250.0
GR07778,GRL007778,PO04337,POL004337,2026-07-11,LOG-145,10.0
GR07779,GRL007779,PO00522,POL000522,2026-03-18,IT -054,1.5
GR07780,GRL007780,PO03087,POL003087,2026-03-21,PRO-012,62.5
GR07781,GRL007781,PO00018,POL000018,2026-08-14,FAC-001,375.0
GR07782,GRL007782,PO02923,POL002923,2026-04-10,MAN-102,10.0
GR07783,GRL007783,PO03968,POL003968,2026-06-11,FAC-028,1.0
GR07784,GRL007784,PO01452,POL001452,2026-03-14,MAN-042,12.5
GR07785,GRL007785,PO01548,POL001548,2026-05-27,LOG-156,250.0
GR07786,GRL007786,PO03489,POL003489,2026-04-10,MAR-125,2.5
GR07787,GRL007787,PO03288,POL003288,2026-08-21,PRO-059,5.0
GR07788,GRL007788,PO00823,POL000823,2026-05-11,FAC-059,1.0
GR07789,GRL007789,PO03898,POL003898,2026-03-28,MAN-014,15.0
GR07790,GRL007790,PO00346,POL000346,2026-03-29,PRO-006,0.75
GR07791,GRL007791,PO00316,POL000316,2026-08-19,PRO-011,2.5
GR07792,GRL007792,PO01875,POL001875,2026-04-16,UTI-140,0.5
GR07793,GRL007793,PO00387,POL000387,2026-07-12,MAN-093,62.5
GR07794,GRL007794,PO04960,POL004960,2026-01-11,OFF-006,125.0
GR07795,GRL007795,PO02885,POL002885,2026-07-14,UTI-062,0.25
GR07796,GRL007796,PO03569,POL003569,2026-05-29,MAR-031,5.0
GR07797,GRL007797,PO00253,POL000253,2026-08-04,IT -086,37.5
GR07798,GRL007798,PO00537,POL000537,2026-02-15,LOG-062,0.25
GR07799,GRL007799,PO00987,POL000987,2026-02-22,MAR-049,1.5
GR07800,GRL007800,PO01492,POL001492,2026-04-09,IT -113,1.5
GR07801,GRL007801,PO00403,POL000403,2026-07-04,OFF-078,125.0
GR07802,GRL007802,PO03535,POL003535,2026-01-05,PRO-123,0.75
GR07803,GRL007803,PO00871,POL000871,2026-05-05,IT -051,250.0
GR07804,GRL007804,PO03829,POL003829,2026-02-18,MAR-155,15.0
GR07805,GRL007805,PO01477,POL001477,2026-05-04,MAR-137,187.5
GR07806,GRL007806,PO03560,POL003560,2026-05-05,MAR-045,1.5
GR07807,GRL007807,PO02683,POL002683,2026-07-10,MAN-091,2.5
GR07808,GRL007808,PO00112,POL000112,2026-08-16,UTI-133,25.0
GR07809,GRL007809,PO03580,POL003580,2026-06-07,OFF-107,3.75
GR07810,GRL007810,PO04801,POL004801,2026-03-11,MAN-134,0.75
GR07811,GRL007811,PO04565,POL004565,2026-05-11,LOG-073,3.75
GR07812,GRL007812,PO02883,POL002883,2026-03-28,MAR-012,12.5
GR07813,GRL007813,PO01102,POL001102,2026-01-22,OFF-044,187.5
GR07814,GRL007814,PO02015,POL002015,2026-02-25,MAN-016,1.5
GR07815,GRL007815,PO01483,POL001483,2026-04-10,LOG-013,1.0
GR07816,GRL007816,PO01734,POL001734,2026-06-22,PRO-155,0.5
GR07817,GRL007817,PO01261,POL001261,2026-08-15,PRO-015,0.5
GR07818,GRL007818,PO02786,POL002786,2026-03-10,IT -094,0.5
GR07819,GRL007819,PO03804,POL003804,2026-07-29,PRO-133,250.0
GR07820,GRL007820,PO01578,POL001578,2026-06-18,MAR-022,15.0
GR07821,GRL007821,PO01032,POL001032,2026-04-19,LOG-148,7.5
GR07822,GRL007822,PO02527,POL002527,2026-07-18,FAC-153,7.5
GR07823,GRL007823,PO02276,POL002276,2026-07-23,LOG-057,50.0
GR07824,GRL007824,PO04165,POL004165,2026-04-28,UTI-050,0.5
GR07825,GRL007825,PO04498,POL004498,2026-03-19,MAR-133,5.0
GR07826,GRL007826,PO00018,POL000018,2026-07-20,FAC-001,125.0
GR07827,GRL007827,PO04112,POL004112,2026-09-06,UTI-066,75.0
GR07828,GRL007828,PO04330,POL004330,2026-06-07,PRO-085,5.0
GR07829,GRL007829,PO04233,POL004233,2026-05-02,FAC-020,7.5
GR07830,GRL007830,PO04566,POL004566,2026-08-28,FAC-088,7.5
GR07831,GRL007831,PO02009,POL002009,2026-03-23,UTI-023,0.75
GR07832,GRL007832,PO00956,POL000956,2026-05-09,UTI-126,1.5
GR07833,GRL007833,PO04062,POL004062,2026-05-11,OFF-075,0.5
GR07834,GRL007834,PO00470,POL000470,2026-02-18,IT -088,0.75
GR07835,GRL007835,PO04180,POL004180,2026-06-02,UTI-080,5.0
GR07836,GRL007836,PO01001,POL001001,2026-05-10,OFF-059,250.0
GR07837,GRL007837,PO01076,POL001076,2026-05-12,MAN-142,25.0
GR07838,GRL007838,PO04775,POL004775,2026-02-22,PRO-156,15.0
GR07839,GRL007839,PO02822,POL002822,2026-08-12,MAN-046,125.0
GR07840,GRL007840,PO02392,POL002392,2026-07-30,UTI-112,1.0
GR07841,GRL007841,PO04439,POL004439,2026-07-10,IT -146,0.25
GR07842,GRL007842,PO04760,POL004760,2026-06-22,MAR-023,3.75
GR07843,GRL007843,PO03508,POL003508,2026-03-18,MAR-032,2.5
GR07844,GRL007844,PO04151,POL004151,2026-04-22,LOG-034,5.0
GR07845,GRL007845,PO01539,POL001539,2026-05-10,PRO-038,7.5
GR07846,GRL007846,PO00587,POL000587,2026-02-12,OFF-097,5.0
GR07847,GRL007847,PO04882,POL004882,2026-08-11,FAC-074,7.5
GR07848,GRL007848,PO04078,POL004078,2026-05-31,MAN-078,0.25
GR07849,GRL007849,PO01519,POL001519,2026-03-19,FAC-106,125.0
GR07850,GRL007850,PO02066,POL002066,2026-06-28,FAC-123,50.0
GR07851,GRL007851,PO01814,POL001814,2026-05-10,PRO-115,125.0
GR07852,GRL007852,PO03146,POL003146,2026-01-15,OFF-077,5.0
GR07853,GRL007853,PO01063,POL001063,2026-06-05,LOG-012,375.0
GR07854,GRL007854,PO03791,POL003791,2026-06-17,IT -080,2.5
GR07855,GRL007855,PO01468,POL001468,2026-07-31,IT -080,250.0
GR07856,GRL007856,PO01641,POL001641,2026-07-15,MAN-125,375.0
GR07857,GRL007857,PO03417,POL003417,2026-06-25,MAR-123,187.5
GR07858,GRL007858,PO03955,POL003955,2026-02-17,FAC-082,250.0
GR07859,GRL007859,PO03183,POL003183,2026-05-13,FAC-143,1.25
GR07860,GRL007860,PO00680,POL000680,2026-04-03,MAR-084,125.0
GR07861,GRL007861,PO03759,POL003759,2026-07-06,PRO-142,0.75
GR07862,GRL007862,PO02450,POL002450,2026-07-10,UTI-047,125.0
GR07863,GRL007863,PO01391,POL001391,2026-06-05,PRO-001,75.0
GR07864,GRL007864,PO02606,POL002606,2026-05-20,OFF-078,375.0
GR07865,GRL007865,PO01414,POL001414,2026-05-14,LOG-071,375.0
GR07866,GRL007866,PO04032,POL004032,2026-08-17,PRO-066,1.5
GR07867,GRL007867,PO00127,POL000127,2026-06-04,PRO-061,375.0
GR07868,GRL007868,PO01061,POL001061,2026-03-19,OFF-059,12.5
GR07869,GRL007869,PO04682,POL004682,2026-07-24,PRO-040,15.0
GR07870,GRL007870,PO03818,POL003818,2026-02-25,FAC-014,1.25
GR07871,GRL007871,PO04943,POL004943,2026-03-04,MAN-130,50.0
GR07872,GRL007872,PO02562,POL002562,2026-04-01,IT -076,250.0
GR07873,GRL007873,PO02561,POL002561,2026-05-10,UTI-144,5.0
GR07874,GRL007874,PO03422,POL003422,2026-02-11,PRO-116,15.0
GR07875,GRL007875,PO03848,POL003848,2026-02-08,PRO-126,1.25
GR07876,GRL007876,PO03939,POL003939,2026-05-09,OFF-146,25.0
GR07877,GRL007877,PO03145,POL003145,2026-07-05,IT -034,375.0
GR07878,GRL007878,PO00964,POL000964,2026-09-03,MAR-037,0.5
GR07879,GRL007879,PO03573,POL003573,2026-02-10,IT -142,2.5
GR07880,GRL007880,PO02632,POL002632,2026-05-29,LOG-017,12.5
GR07881,GRL007881,PO04437,POL004437,2026-03-14,OFF-130,37.5
GR07882,GRL007882,PO02456,POL002456,2026-06-22,OFF-025,0.5
GR07883,GRL007883,PO00541,POL000541,2026-04-10,PRO-024,5.0
GR07884,GRL007884,PO02373,POL002373,2026-03-29,IT -046,2.5
GR07885,GRL007885,PO00428,POL000428,2026-09-14,PRO-010,1.25
GR07886,GRL007886,PO02122,POL002122,2026-05-11,MAN-119,2.5
GR07887,GRL007887,PO03899,POL003899,2026-06-23,IT -150,0.75
GR07888,GRL007888,PO04523,POL004523,2026-07-04,IT -026,25.0
GR07889,GRL007889,PO01755,POL001755,2026-08-28,FAC-038,50.0
GR07890,GRL007890,PO01559,POL001559,2026-02-19,IT -007,187.5
GR07891,GRL007891,PO04159,POL004159,2026-03-01,IT -148,25.0
GR07892,GRL007892,PO04429,POL004429,2026-05-19,MAN-096,250.0
GR07893,GRL007893,PO00943,POL000943,2026-05-16,UTI-073,0.25
GR07894,GRL007894,PO01384,POL001384,2026-06-12,LOG-149,25.0
GR07895,GRL007895,PO03023,POL003023,2026-03-24,MAN-127,1.0
GR07896,GRL007896,PO00163,POL000163,2026-09-14,UTI-083,1.25
GR07897,GRL007897,PO04236,POL004236,2026-05-08,MAR-027,62.5
GR07898,GRL007898,PO01719,POL001719,2026-06-17,FAC-098,125.0
GR07899,GRL007899,PO03324,POL003324,2026-07-23,MAN-026,0.25
GR07900,GRL007900,PO01600,POL001600,2026-03-23,FAC-158,2.5
GR07901,GRL007901,PO03925,POL003925,2026-02-28,OFF-055,1.5
GR07902,GRL007902,PO03722,POL003722,2026-08-10,OFF-002,187.5
GR07903,GRL007903,PO02213,POL002213,2026-01-16,LOG-040,12.5
GR07904,GRL007904,PO00983,POL000983,2026-04-05,IT -042,0.75
GR07905,GRL007905,PO04802,POL004802,2026-08-01,LOG-031,5.0
GR07906,GRL007906,PO04838,POL004838,2026-03-23,PRO-046,25.0
GR07907,GRL007907,PO03938,POL003938,2026-05-09,IT -041,0.5
GR07908,GRL007908,PO01792,POL001792,2026-03-15,PRO-151,25.0
GR07909,GRL007909,PO04320,POL004320,2026-06-26,IT -117,50.0
GR07910,GRL007910,PO01493,POL001493,2026-06-19,OFF-061,5.0
GR07911,GRL007911,PO03929,POL003929,2026-07-16,MAR-049,125.0
GR07912,GRL007912,PO00829,POL000829,2026-02-12,OFF-051,7.5
GR07913,GRL007913,PO02682,POL002682,2026-05-17,MAR-091,0.75
GR07914,GRL007914,PO03243,POL003243,2026-04-28,FAC-083,5.0
GR07915,GRL007915,PO02517,POL002517,2026-07-27,OFF-093,1.5
GR07916,GRL007916,PO00767,POL000767,2026-08-31,LOG-144,1.5
GR07917,GRL007917,PO03469,POL003469,2026-06-13,MAR-038,75.0
GR07918,GRL007918,PO04500,POL004500,2026-02-18,IT -042,2.5
GR07919,GRL007919,PO04666,POL004666,2026-08-19,LOG-039,62.5
GR07920,GRL007920,PO03590,POL003590,2026-04-28,IT -109,0.5
GR07921,GRL007921,PO00152,POL000152,2026-08-07,OFF-092,75.0
GR07922,GRL007922,PO04148,POL004148,2026-08-08,PRO-028,1.25
GR07923,GRL007923,PO02826,POL002826,2026-04-07,UTI-026,0.75
GR07924,GRL007924,PO03514,POL003514,2026-07-07,PRO-105,375.0
GR07925,GRL007925,PO02234,POL002234,2026-03-05,UTI-001,7.5
GR07926,GRL007926,PO00777,POL000777,2026-04-09,PRO-128,187.5
GR07927,GRL007927,PO00148,POL000148,2026-08-20,MAR-013,0.5
GR07928,GRL007928,PO03311,POL003311,2026-09-09,LOG-017,0.5
GR07929,GRL007929,PO01707,POL001707,2026-06-04,IT -020,1.25
GR07930,GRL007930,PO03081,POL003081,2026-03-08,IT -125,10.0
GR07931,GRL007931,PO01519,POL001519,2026-03-14,FAC-106,125.0
GR07932,GRL007932,PO04880,POL004880,2026-02-25,MAN-144,375.0
GR07933,GRL007933,PO04927,POL004927,2026-02-27,OFF-089,375.0
GR07934,GRL007934,PO04512,POL004512,2026-02-19,MAN-056,0.5
GR07935,GRL007935,PO00900,POL000900,2026-07-23,LOG-113,1.5
GR07936,GRL007936,PO02057,POL002057,2026-07-10,IT -091,25.0
GR07937,GRL007937,PO02603,POL002603,2026-08-16,OFF-152,15.0
GR07938,GRL007938,PO04775,POL004775,2026-02-17,PRO-156,5.0
GR07939,GRL007939,PO03664,POL003664,2026-04-11,MAR-009,7.5
GR07940,GRL007940,PO03989,POL003989,2026-01-12,LOG-156,0.5
GR07941,GRL007941,PO04129,POL004129,2026-02-12,IT -078,2.5
GR07942,GRL007942,PO04610,POL004610,2026-07-02,FAC-095,250.0
GR07943,GRL007943,PO02148,POL002148,2026-03-12,OFF-019,5.0
GR07944,GRL007944,PO01459,POL001459,2026-03-13,LOG-006,5.0
GR07945,GRL007945,PO01565,POL001565,2026-03-18,OFF-111,0.5
GR07946,GRL007946,PO01921,POL001921,2026-02-11,IT -016,125.0
GR07947,GRL007947,PO01351,POL001351,2026-03-18,IT -054,10.0
GR07948,GRL007948,PO00673,POL000673,2026-04-17,OFF-034,3.75
GR07949,GRL007949,PO04163,POL004163,2026-07-28,LOG-018,12.5
GR07950,GRL007950,PO00818,POL000818,2026-03-25,MAR-071,125.0
GR07951,GRL007951,PO00677,POL000677,2026-02-10,IT -069,0.5
GR07952,GRL007952,PO02377,POL002377,2026-06-22,FAC-055,37.5
GR07953,GRL007953,PO01224,POL001224,2026-03-15,OFF-005,5.0
GR07954,GRL007954,PO04916,POL004916,2026-07-27,MAR-047,250.0
GR07955,GRL007955,PO02567,POL002567,2026-06-13,MAN-150,2.5
GR07956,GRL007956,PO01797,POL001797,2026-03-02,UTI-076,15.0
GR07957,GRL007957,PO00127,POL000127,2026-04-27,PRO-061,250.0
GR07958,GRL007958,PO01855,POL001855,2026-02-28,OFF-022,25.0
GR07959,GRL007959,PO03096,POL003096,2026-07-20,OFF-125,0.25
GR07960,GRL007960,PO00949,POL000949,2026-07-15,OFF-041,1.0
GR07961,GRL007961,PO02072,POL002072,2026-02-28,PRO-148,0.5
GR07962,GRL007962,PO00934,POL000934,2026-03-21,FAC-107,10.0
GR07963,GRL007963,PO01861,POL001861,2026-05-29,OFF-110,2.5
GR07964,GRL007964,PO02348,POL002348,2026-05-31,OFF-122,2.5
GR07965,GRL007965,PO04603,POL004603,2026-06-22,PRO-025,7.5
GR07966,GRL007966,PO04407,POL004407,2026-05-30,MAR-142,75.0
GR07967,GRL007967,PO01314,POL001314,2026-04-05,PRO-137,0.75
GR07968,GRL007968,PO03992,POL003992,2026-07-03,MAR-019,25.0
GR07969,GRL007969,PO00494,POL000494,2026-09-11,PRO-052,10.0
GR07970,GRL007970,PO04714,POL004714,2026-05-14,FAC-095,0.75
GR07971,GRL007971,PO02503,POL002503,2026-02-26,PRO-057,75.0
GR07972,GRL007972,PO03102,POL003102,2026-06-16,FAC-001,75.0
GR07973,GRL007973,PO00709,POL000709,2026-06-02,UTI-063,25.0
GR07974,GRL007974,PO02578,POL002578,2026-02-24,OFF-059,15.0
GR07975,GRL007975,PO02243,POL002243,2026-07-21,OFF-044,2.5
GR07976,GRL007976,PO01606,POL001606,2026-01-26,UTI-072,2.5
GR07977,GRL007977,PO01780,POL001780,2026-06-22,IT -151,7.5
GR07978,GRL007978,PO02876,POL002876,2026-02-19,MAN-026,50.0
GR07979,GRL007979,PO01398,POL001398,2026-04-03,IT -031,12.5
GR07980,GRL007980,PO00330,POL000330,2026-03-09,OFF-113,5.0
GR07981,GRL007981,PO02757,POL002757,2026-01-12,PRO-130,25.0
GR07982,GRL007982,PO01717,POL001717,2026-04-30,FAC-072,0.75
GR07983,GRL007983,PO00625,POL000625,2026-06-14,LOG-009,37.5
GR07984,GRL007984,PO00766,POL000766,2026-07-24,MAN-125,12.5
GR07985,GRL007985,PO00849,POL000849,2026-04-18,IT -045,1.5
GR07986,GRL007986,PO02743,POL002743,2026-05-01,MAR-017,125.0
GR07987,GRL007987,PO02826,POL002826,2026-02-16,UTI-026,0.75
GR07988,GRL007988,PO02303,POL002303,2026-03-13,LOG-013,0.25
GR07989,GRL007989,PO01721,POL001721,2026-04-13,MAN-030,10.0
GR07990,GRL007990,PO01085,POL001085,2026-05-02,MAN-147,37.5
GR07991,GRL007991,PO02045,POL002045,2026-06-15,LOG-126,5.0
GR07992,GRL007992,PO04510,POL004510,2026-06-07,MAN-154,1.25
GR07993,GRL007993,PO01308,POL001308,2026-05-28,LOG-120,25.0
GR07994,GRL007994,PO00797,POL000797,2026-05-28,OFF-129,0.25
GR07995,GRL007995,PO00859,POL000859,2026-07-18,MAR-036,1.0
GR07996,GRL007996,PO02230,POL002230,2026-04-26,PRO-131,5.0
GR07997,GRL007997,PO00812,POL000812,2026-07-15,IT -087,50.0
GR07998,GRL007998,PO00708,POL000708,2026-08-03,FAC-123,5.0
GR07999,GRL007999,PO03915,POL003915,2026-02-01,FAC-049,62.5
GR08000,GRL008000,PO00915,POL000915,2026-07-18,FAC-123,375.0
